,X,CH1,CH2
0,3.34e-05,0.052,0.2
1,3.3401999999999996e-05,0.052,0.2
2,3.3404e-05,0.052,0.2
3,3.3406e-05,0.036,0.2
4,3.3407999999999996e-05,0.052,0.2
5,3.341e-05,0.052,0.2
6,3.3412e-05,0.052,0.2
7,3.3413999999999996e-05,0.052,0.2
8,3.3416e-05,0.052,-0.2
9,3.3418e-05,0.052,0.2
10,3.342e-05,0.052,0.2
11,3.3422e-05,0.052,0.2
12,3.3424e-05,0.052,0.2
13,3.3426e-05,0.052,0.2
14,3.3428e-05,0.052,0.2
15,3.343e-05,0.052,0.2
16,3.3432e-05,0.052,0.2
17,3.3434e-05,0.052,0.2
18,3.3435999999999996e-05,0.052,0.2
19,3.3438e-05,0.052,0.2
20,3.344e-05,0.052,0.2
21,3.3441999999999996e-05,0.052,0.2
22,3.3444e-05,0.052,0.2
23,3.3446e-05,0.052,0.2
24,3.3447999999999996e-05,0.052,0.2
25,3.345e-05,0.052,0.2
26,3.3452e-05,0.052,0.2
27,3.3454e-05,0.052,0.2
28,3.3456e-05,0.052,-0.2
29,3.3458e-05,0.052,0.2
30,3.346e-05,0.052,0.2
31,3.3462e-05,0.052,0.2
32,3.3464e-05,0.052,0.2
33,3.3466e-05,0.052,0.2
34,3.3468e-05,0.052,0.2
35,3.3469999999999996e-05,0.052,0.2
36,3.3472e-05,0.052,0.2
37,3.3474e-05,0.052,0.2
38,3.3475999999999996e-05,0.052,0.2
39,3.3478e-05,0.052,0.2
40,3.348e-05,0.052,0.2
41,3.3481999999999996e-05,0.052,0.2
42,3.3484e-05,0.052,0.2
43,3.3486e-05,0.052,0.2
44,3.3488e-05,0.052,0.2
45,3.349e-05,0.052,0.2
46,3.3492e-05,0.052,0.2
47,3.3494e-05,0.052,0.2
48,3.3496e-05,0.052,0.2
49,3.3498e-05,0.052,0.2
50,3.35e-05,0.052,0.2
51,3.3502e-05,0.052,0.2
52,3.3503999999999996e-05,0.052,0.2
53,3.3506e-05,0.052,0.2
54,3.3508e-05,0.052,0.2
55,3.3509999999999996e-05,0.052,0.2
56,3.3512e-05,0.052,0.2
57,3.3514e-05,0.052,0.2
58,3.3515999999999996e-05,0.052,0.2
59,3.3518e-05,0.052,0.2
60,3.352e-05,0.052,0.2
61,3.3522e-05,0.052,0.2
62,3.3524e-05,0.052,0.2
63,3.3526e-05,0.052,0.2
64,3.3528e-05,0.052,0.2
65,3.353e-05,0.052,0.2
66,3.3532e-05,0.052,0.2
67,3.3534e-05,0.052,0.2
68,3.3536e-05,0.052,0.2
69,3.3537999999999996e-05,0.052,0.2
70,3.354e-05,0.052,0.2
71,3.3542e-05,0.052,0.2
72,3.3543999999999996e-05,0.052,0.2
73,3.3546e-05,0.052,0.2
74,3.3548e-05,0.052,0.2
75,3.3549999999999996e-05,0.052,0.2
76,3.3552e-05,0.052,0.2
77,3.3554e-05,0.052,0.2
78,3.3556e-05,0.06,0.2
79,3.3558e-05,0.052,0.2
80,3.356e-05,0.052,0.2
81,3.3562e-05,0.052,0.2
82,3.3564e-05,0.052,0.2
83,3.3566e-05,0.052,0.2
84,3.3568e-05,0.06,0.2
85,3.357e-05,0.052,0.2
86,3.3571999999999996e-05,0.052,0.2
87,3.3574e-05,0.052,0.2
88,3.3576e-05,0.052,0.2
89,3.3577999999999996e-05,0.052,0.2
90,3.358e-05,0.052,0.2
91,3.3582e-05,0.052,0.2
92,3.3583999999999996e-05,0.052,0.2
93,3.3586e-05,0.06,0.2
94,3.3588e-05,0.06,0.2
95,3.359e-05,0.052,0.2
96,3.3592e-05,0.06,0.2
97,3.3594e-05,0.06,0.2
98,3.3596e-05,0.06,0.2
99,3.3598e-05,0.052,0.2
100,3.36e-05,0.06,0.2
101,3.3602e-05,0.06,0.2
102,3.3604e-05,0.052,0.2
103,3.3605999999999996e-05,0.06,0.2
104,3.3608e-05,0.06,0.2
105,3.361e-05,0.06,0.2
106,3.3611999999999996e-05,0.06,0.2
107,3.3614e-05,0.052,0.2
108,3.3616e-05,0.052,0.2
109,3.3617999999999996e-05,0.06,0.2
110,3.362e-05,0.06,0.2
111,3.3622e-05,0.06,0.2
112,3.3624e-05,0.06,0.2
113,3.3626e-05,0.06,0.2
114,3.3628e-05,0.06,0.2
115,3.363e-05,0.06,0.2
116,3.3632e-05,0.06,0.2
117,3.3634e-05,0.06,0.2
118,3.3636e-05,0.06,0.2
119,3.3638e-05,0.06,0.2
120,3.3639999999999996e-05,0.06,-0.2
121,3.3642e-05,0.06,0.2
122,3.3644e-05,0.06,0.2
123,3.3645999999999996e-05,0.06,0.2
124,3.3648e-05,0.06,0.2
125,3.365e-05,0.06,0.2
126,3.3651999999999996e-05,0.06,0.2
127,3.3654e-05,0.06,0.2
128,3.3656e-05,0.06,-0.2
129,3.3658e-05,0.06,0.2
130,3.366e-05,0.06,0.2
131,3.3662e-05,0.06,0.2
132,3.3664e-05,0.06,0.2
133,3.3666e-05,0.06,0.2
134,3.3668e-05,0.06,0.2
135,3.367e-05,0.06,0.2
136,3.3672e-05,0.06,0.2
137,3.3673999999999996e-05,0.06,0.2
138,3.3676e-05,0.06,0.2
139,3.3678e-05,0.06,0.2
140,3.3679999999999996e-05,0.06,0.2
141,3.3682e-05,0.06,0.2
142,3.3684e-05,0.06,0.2
143,3.3685999999999996e-05,0.06,0.2
144,3.3688e-05,0.06,0.2
145,3.369e-05,0.06,0.2
146,3.3692e-05,0.06,0.2
147,3.3694e-05,0.06,0.2
148,3.3696e-05,0.06,0.2
149,3.3698e-05,0.06,0.2
150,3.37e-05,0.06,0.2
151,3.3702e-05,0.06,0.2
152,3.3704e-05,0.06,0.2
153,3.3706e-05,0.06,0.2
154,3.3707999999999996e-05,0.06,0.2
155,3.371e-05,0.06,0.2
156,3.3712e-05,0.06,0.2
157,3.3713999999999996e-05,0.06,0.2
158,3.3716e-05,0.06,0.2
159,3.3718e-05,0.06,0.2
160,3.3719999999999996e-05,0.06,-0.2
161,3.3722e-05,0.06,0.2
162,3.3724e-05,0.06,0.2
163,3.3726e-05,0.06,0.2
164,3.3728e-05,0.06,0.2
165,3.373e-05,0.06,0.2
166,3.3732e-05,0.06,0.2
167,3.3734e-05,0.06,0.2
168,3.3736e-05,0.06,0.2
169,3.3738e-05,0.06,0.2
170,3.374e-05,0.06,0.2
171,3.3741999999999996e-05,0.06,0.2
172,3.3744e-05,0.06,0.2
173,3.3746e-05,0.06,0.2
174,3.3747999999999996e-05,0.06,0.6
175,3.375e-05,0.06,0.2
176,3.3752e-05,0.06,-0.2
177,3.3753999999999996e-05,0.06,0.6
178,3.3756e-05,0.06,0.2
179,3.3758e-05,0.06,0.2
180,3.376e-05,0.06,0.2
181,3.3762e-05,0.06,0.2
182,3.3764e-05,0.06,0.2
183,3.3766e-05,0.06,0.2
184,3.3768e-05,0.06,0.2
185,3.377e-05,0.06,0.2
186,3.3772e-05,0.06,0.2
187,3.3774e-05,0.06,0.2
188,3.3775999999999996e-05,0.06,0.2
189,3.3778e-05,0.06,0.2
190,3.378e-05,0.06,0.2
191,3.3781999999999996e-05,0.06,0.2
192,3.3784e-05,0.06,0.2
193,3.3786e-05,0.06,0.2
194,3.3787999999999996e-05,0.06,0.6
195,3.379e-05,0.06,0.2
196,3.3792e-05,0.06,0.2
197,3.3794e-05,0.06,0.2
198,3.3796e-05,0.06,0.2
199,3.3798e-05,0.06,0.2
200,3.38e-05,0.06,0.2
201,3.3802e-05,0.06,0.2
202,3.3804e-05,0.06,0.2
203,3.3806e-05,0.06,0.2
204,3.3808e-05,0.06,0.2
205,3.3809999999999996e-05,0.06,0.2
206,3.3812e-05,0.06,0.2
207,3.3814e-05,0.06,0.2
208,3.3815999999999996e-05,0.06,0.2
209,3.3818e-05,0.06,0.2
210,3.382e-05,0.06,0.2
211,3.3821999999999996e-05,0.06,0.2
212,3.3824e-05,0.06,0.2
213,3.3826e-05,0.068,0.2
214,3.3828e-05,0.068,0.2
215,3.383e-05,0.06,0.2
216,3.3832e-05,0.06,0.2
217,3.3834e-05,0.06,0.2
218,3.3836e-05,0.068,0.2
219,3.3838e-05,0.06,0.2
220,3.384e-05,0.068,0.2
221,3.3842e-05,0.06,0.2
222,3.3843999999999996e-05,0.06,0.2
223,3.3846e-05,0.06,0.2
224,3.3848e-05,0.06,0.2
225,3.3849999999999996e-05,0.06,0.2
226,3.3852e-05,0.068,0.2
227,3.3854e-05,0.06,0.2
228,3.3855999999999996e-05,0.06,0.2
229,3.3858e-05,0.06,0.2
230,3.386e-05,0.068,0.2
231,3.3862e-05,0.068,0.2
232,3.3864e-05,0.068,0.2
233,3.3866e-05,0.068,0.2
234,3.3868e-05,0.068,0.2
235,3.387e-05,0.06,0.2
236,3.3872e-05,0.06,0.2
237,3.3874e-05,0.068,0.2
238,3.3876e-05,0.068,0.2
239,3.3877999999999996e-05,0.068,0.2
240,3.388e-05,0.068,0.2
241,3.3882e-05,0.068,0.2
242,3.3883999999999996e-05,0.068,0.2
243,3.3886e-05,0.06,0.2
244,3.3888e-05,0.068,0.2
245,3.3889999999999996e-05,0.068,0.2
246,3.3892e-05,0.068,0.2
247,3.3894e-05,0.068,0.2
248,3.3896e-05,0.068,0.2
249,3.3898e-05,0.068,0.2
250,3.39e-05,0.068,0.2
251,3.3902e-05,0.068,0.2
252,3.3904e-05,0.068,0.2
253,3.3906e-05,0.068,0.2
254,3.3908e-05,0.068,0.2
255,3.391e-05,0.068,0.2
256,3.3911999999999997e-05,0.068,0.2
257,3.3914e-05,0.068,0.2
258,3.3916e-05,0.068,0.2
259,3.3917999999999996e-05,0.068,0.2
260,3.392e-05,0.068,0.2
261,3.3922e-05,0.068,0.2
262,3.3923999999999996e-05,0.068,0.2
263,3.3926e-05,0.068,0.2
264,3.3928e-05,0.068,0.2
265,3.3929999999999995e-05,0.068,0.2
266,3.3932e-05,0.068,0.2
267,3.3934e-05,0.068,0.2
268,3.3936e-05,0.068,0.2
269,3.3938e-05,0.068,0.2
270,3.394e-05,0.068,0.2
271,3.3942e-05,0.068,0.2
272,3.3944e-05,0.068,0.2
273,3.3945999999999997e-05,0.068,0.2
274,3.3948e-05,0.068,0.2
275,3.395e-05,0.068,0.2
276,3.3951999999999996e-05,0.068,0.2
277,3.3954e-05,0.068,0.2
278,3.3956e-05,0.068,0.2
279,3.3957999999999996e-05,0.068,0.2
280,3.396e-05,0.068,0.2
281,3.3962e-05,0.068,0.2
282,3.3964e-05,0.068,0.2
283,3.3966e-05,0.068,0.2
284,3.3968e-05,0.068,0.2
285,3.397e-05,0.068,0.2
286,3.3972e-05,0.068,0.2
287,3.3974e-05,0.068,0.2
288,3.3976e-05,0.068,0.2
289,3.3978e-05,0.068,0.2
290,3.3979999999999997e-05,0.068,0.2
291,3.3982e-05,0.068,0.2
292,3.3984e-05,0.068,0.2
293,3.3985999999999996e-05,0.068,0.2
294,3.3988e-05,0.068,0.2
295,3.399e-05,0.068,0.2
296,3.3991999999999996e-05,0.068,0.2
297,3.3994e-05,0.068,0.2
298,3.3996e-05,0.068,0.2
299,3.3997999999999995e-05,0.068,0.2
300,3.4e-05,0.068,0.2
301,3.4002e-05,0.068,0.2
302,3.4004e-05,0.068,0.2
303,3.4006e-05,0.068,0.2
304,3.4008e-05,0.068,0.2
305,3.401e-05,0.068,0.2
306,3.4012e-05,0.068,0.2
307,3.4013999999999997e-05,0.068,0.2
308,3.4016e-05,0.068,0.2
309,3.4018e-05,0.068,0.2
310,3.4019999999999996e-05,0.068,0.2
311,3.4022e-05,0.068,0.2
312,3.4024e-05,0.068,0.2
313,3.4025999999999996e-05,0.068,0.2
314,3.4028e-05,0.076,0.6
315,3.403e-05,0.068,0.2
316,3.4032e-05,0.068,0.2
317,3.4034e-05,0.068,0.2
318,3.4036e-05,0.068,0.2
319,3.4038e-05,0.068,0.2
320,3.404e-05,0.068,0.2
321,3.4042e-05,0.068,0.2
322,3.4044e-05,0.068,0.2
323,3.4046e-05,0.068,0.2
324,3.4047999999999997e-05,0.068,0.2
325,3.405e-05,0.068,0.2
326,3.4052e-05,0.076,0.2
327,3.4053999999999996e-05,0.068,0.2
328,3.4056e-05,0.068,0.2
329,3.4058e-05,0.068,0.2
330,3.4059999999999996e-05,0.068,0.6
331,3.4062e-05,0.068,0.2
332,3.4064e-05,0.068,0.2
333,3.4065999999999995e-05,0.068,0.2
334,3.4068e-05,0.068,0.6
335,3.407e-05,0.068,0.2
336,3.4072e-05,0.068,0.2
337,3.4074e-05,0.068,0.2
338,3.4076e-05,0.068,0.2
339,3.4078e-05,0.068,0.2
340,3.408e-05,0.076,0.2
341,3.4081999999999997e-05,0.076,0.2
342,3.4084e-05,0.076,0.2
343,3.4086e-05,0.068,0.2
344,3.4087999999999996e-05,0.068,0.2
345,3.409e-05,0.068,0.2
346,3.4092e-05,0.076,0.2
347,3.4093999999999996e-05,0.068,0.2
348,3.4096e-05,0.068,0.2
349,3.4098e-05,0.068,0.2
350,3.41e-05,0.076,0.2
351,3.4102e-05,0.068,0.2
352,3.4104e-05,0.068,0.2
353,3.4106e-05,0.068,0.2
354,3.4108e-05,0.076,0.2
355,3.411e-05,0.068,0.2
356,3.4112e-05,0.068,0.2
357,3.4114e-05,0.068,0.2
358,3.4115999999999997e-05,0.076,0.2
359,3.4118e-05,0.068,0.2
360,3.412e-05,0.068,0.2
361,3.4121999999999996e-05,0.076,0.2
362,3.4124e-05,0.076,0.2
363,3.4126e-05,0.076,0.2
364,3.4127999999999996e-05,0.076,0.2
365,3.413e-05,0.076,0.2
366,3.4132e-05,0.076,0.2
367,3.4133999999999995e-05,0.076,0.2
368,3.4136e-05,0.068,0.2
369,3.4138e-05,0.076,0.2
370,3.414e-05,0.076,0.2
371,3.4142e-05,0.076,0.2
372,3.4144e-05,0.076,0.2
373,3.4146e-05,0.076,0.2
374,3.4148e-05,0.076,0.2
375,3.4149999999999997e-05,0.076,0.2
376,3.4152e-05,0.076,-0.2
377,3.4154e-05,0.076,0.6
378,3.4155999999999996e-05,0.076,0.2
379,3.4158e-05,0.076,0.2
380,3.416e-05,0.076,0.2
381,3.4161999999999996e-05,0.076,0.2
382,3.4164e-05,0.076,0.6
383,3.4166e-05,0.076,0.2
384,3.4168e-05,0.076,0.2
385,3.417e-05,0.076,0.2
386,3.4172e-05,0.076,0.2
387,3.4174e-05,0.076,0.2
388,3.4176e-05,0.076,0.2
389,3.4178e-05,0.076,0.2
390,3.418e-05,0.076,0.2
391,3.4182e-05,0.076,0.2
392,3.4184e-05,0.076,0.2
393,3.4186e-05,0.076,0.2
394,3.4188e-05,0.076,0.2
395,3.4189999999999996e-05,0.076,0.2
396,3.4192e-05,0.076,0.2
397,3.4194e-05,0.076,0.2
398,3.4195999999999996e-05,0.076,0.2
399,3.4198e-05,0.076,0.2
400,3.42e-05,0.076,0.2
401,3.4201999999999995e-05,0.076,0.2
402,3.4204e-05,0.076,0.2
403,3.4206e-05,0.076,0.2
404,3.4208e-05,0.076,0.2
405,3.421e-05,0.076,0.2
406,3.4212e-05,0.076,0.2
407,3.4214e-05,0.076,0.2
408,3.4216e-05,0.076,0.2
409,3.4218e-05,0.076,0.2
410,3.422e-05,0.076,0.2
411,3.4222e-05,0.076,0.2
412,3.4223999999999996e-05,0.076,0.2
413,3.4226e-05,0.076,0.2
414,3.4228e-05,0.076,0.6
415,3.4229999999999996e-05,0.076,0.2
416,3.4232e-05,0.076,0.2
417,3.4234e-05,0.076,0.2
418,3.4235999999999995e-05,0.076,0.2
419,3.4238e-05,0.076,0.2
420,3.424e-05,0.076,0.2
421,3.4242e-05,0.076,0.2
422,3.4244e-05,0.076,0.2
423,3.4246e-05,0.076,0.2
424,3.4248e-05,0.076,0.2
425,3.425e-05,0.076,0.2
426,3.4252e-05,0.076,0.2
427,3.4254e-05,0.076,0.2
428,3.4256e-05,0.076,0.2
429,3.4257999999999996e-05,0.076,0.6
430,3.426e-05,0.076,0.2
431,3.4262e-05,0.076,0.2
432,3.4263999999999996e-05,0.076,0.2
433,3.4266e-05,0.076,0.2
434,3.4268e-05,0.076,0.2
435,3.4269999999999995e-05,0.076,0.2
436,3.4272e-05,0.076,0.2
437,3.4274e-05,0.076,0.2
438,3.4276e-05,0.076,0.2
439,3.4278e-05,0.076,0.2
440,3.428e-05,0.076,0.2
441,3.4282e-05,0.076,0.2
442,3.4284e-05,0.076,0.2
443,3.4286e-05,0.076,0.2
444,3.4288e-05,0.076,0.2
445,3.429e-05,0.076,0.2
446,3.4291999999999996e-05,0.076,0.6
447,3.4294e-05,0.076,0.2
448,3.4296e-05,0.076,0.2
449,3.4297999999999996e-05,0.076,0.2
450,3.43e-05,0.076,0.2
451,3.4302e-05,0.076,0.2
452,3.4303999999999995e-05,0.076,0.2
453,3.4306e-05,0.084,0.2
454,3.4308e-05,0.076,0.6
455,3.431e-05,0.076,0.2
456,3.4312e-05,0.076,0.2
457,3.4314e-05,0.084,0.2
458,3.4316e-05,0.076,0.2
459,3.4318e-05,0.076,0.2
460,3.432e-05,0.076,0.2
461,3.4322e-05,0.076,0.2
462,3.4324e-05,0.076,0.2
463,3.4325999999999996e-05,0.076,0.2
464,3.4328e-05,0.084,0.2
465,3.433e-05,0.076,0.2
466,3.4331999999999996e-05,0.084,0.2
467,3.4334e-05,0.076,0.2
468,3.4336e-05,0.076,0.2
469,3.4337999999999995e-05,0.084,0.2
470,3.434e-05,0.084,0.2
471,3.4342e-05,0.076,0.2
472,3.4344e-05,0.076,0.2
473,3.4346e-05,0.076,0.2
474,3.4348e-05,0.084,0.2
475,3.435e-05,0.084,0.2
476,3.4352e-05,0.084,0.2
477,3.4354e-05,0.084,0.2
478,3.4356e-05,0.076,0.2
479,3.4358e-05,0.084,0.2
480,3.4359999999999996e-05,0.084,0.2
481,3.4362e-05,0.084,0.2
482,3.4364e-05,0.084,0.2
483,3.4365999999999996e-05,0.084,0.2
484,3.4368e-05,0.084,0.2
485,3.437e-05,0.084,0.2
486,3.4371999999999995e-05,0.084,0.6
487,3.4374e-05,0.084,0.2
488,3.4376e-05,0.084,0.2
489,3.4378e-05,0.084,0.2
490,3.438e-05,0.084,0.2
491,3.4382e-05,0.084,0.6
492,3.4384e-05,0.084,0.2
493,3.4386e-05,0.084,0.2
494,3.4388e-05,0.084,0.6
495,3.439e-05,0.084,0.2
496,3.4392e-05,0.084,0.2
497,3.4393999999999996e-05,0.084,0.2
498,3.4396e-05,0.084,0.6
499,3.4398e-05,0.084,0.2
500,3.4399999999999996e-05,0.084,0.2
501,3.4402e-05,0.084,0.2
502,3.4404e-05,0.084,0.6
503,3.4405999999999996e-05,0.084,0.2
504,3.4408e-05,0.084,0.2
505,3.441e-05,0.084,0.2
506,3.4412e-05,0.084,0.2
507,3.4414e-05,0.084,0.2
508,3.4416e-05,0.084,0.2
509,3.4418e-05,0.084,0.2
510,3.442e-05,0.084,0.2
511,3.4422e-05,0.084,0.2
512,3.4424e-05,0.084,0.2
513,3.4426e-05,0.084,0.2
514,3.4427999999999996e-05,0.084,0.6
515,3.443e-05,0.084,0.2
516,3.4432e-05,0.084,0.2
517,3.4433999999999996e-05,0.084,0.2
518,3.4436e-05,0.084,0.2
519,3.4438e-05,0.084,0.2
520,3.4439999999999996e-05,0.084,0.2
521,3.4442e-05,0.084,0.2
522,3.4444e-05,0.084,0.2
523,3.4446e-05,0.084,0.2
524,3.4448e-05,0.084,0.2
525,3.445e-05,0.084,0.2
526,3.4452e-05,0.084,0.2
527,3.4454e-05,0.084,0.2
528,3.4456e-05,0.084,0.2
529,3.4458e-05,0.084,0.2
530,3.446e-05,0.084,0.6
531,3.4461999999999996e-05,0.084,0.2
532,3.4464e-05,0.084,0.2
533,3.4466e-05,0.084,0.2
534,3.4467999999999996e-05,0.084,0.2
535,3.447e-05,0.084,0.2
536,3.4472e-05,0.084,0.2
537,3.4473999999999996e-05,0.084,0.2
538,3.4476e-05,0.084,0.6
539,3.4478e-05,0.084,0.2
540,3.448e-05,0.084,0.2
541,3.4482e-05,0.084,0.2
542,3.4484e-05,0.084,0.2
543,3.4486e-05,0.084,0.2
544,3.4488e-05,0.084,0.2
545,3.449e-05,0.084,0.2
546,3.4492e-05,0.084,0.2
547,3.4494e-05,0.084,0.2
548,3.4495999999999996e-05,0.084,0.2
549,3.4498e-05,0.084,0.2
550,3.45e-05,0.084,0.6
551,3.4501999999999996e-05,0.084,0.2
552,3.4504e-05,0.084,0.2
553,3.4506e-05,0.084,0.2
554,3.4507999999999996e-05,0.084,0.6
555,3.451e-05,0.084,0.2
556,3.4512e-05,0.084,0.2
557,3.4514e-05,0.084,0.2
558,3.4516e-05,0.084,0.2
559,3.4518e-05,0.084,0.6
560,3.452e-05,0.084,0.2
561,3.4522e-05,0.084,0.2
562,3.4524e-05,0.084,0.2
563,3.4526e-05,0.084,0.2
564,3.4528e-05,0.084,0.2
565,3.4529999999999996e-05,0.084,0.2
566,3.4532e-05,0.084,0.6
567,3.4534e-05,0.084,0.2
568,3.4535999999999996e-05,0.084,0.2
569,3.4538e-05,0.084,0.2
570,3.454e-05,0.084,0.2
571,3.4541999999999996e-05,0.084,0.2
572,3.4544e-05,0.084,0.2
573,3.4546e-05,0.084,0.2
574,3.4548e-05,0.084,0.6
575,3.455e-05,0.084,0.2
576,3.4552e-05,0.084,0.2
577,3.4554e-05,0.092,0.6
578,3.4556e-05,0.084,0.2
579,3.4558e-05,0.084,0.6
580,3.456e-05,0.084,0.2
581,3.4562e-05,0.084,0.2
582,3.4563999999999996e-05,0.084,0.6
583,3.4566e-05,0.092,0.2
584,3.4568e-05,0.084,0.2
585,3.4569999999999996e-05,0.092,0.2
586,3.4572e-05,0.092,0.2
587,3.4574e-05,0.084,0.2
588,3.4575999999999996e-05,0.084,0.2
589,3.4578e-05,0.092,0.6
590,3.458e-05,0.084,0.2
591,3.4582e-05,0.092,0.2
592,3.4584e-05,0.084,0.2
593,3.4586e-05,0.092,0.2
594,3.4588e-05,0.092,0.6
595,3.459e-05,0.092,0.2
596,3.4592e-05,0.092,0.2
597,3.4594e-05,0.092,0.2
598,3.4596e-05,0.092,0.2
599,3.4597999999999996e-05,0.084,0.2
600,3.46e-05,0.092,0.2
601,3.4602e-05,0.092,0.2
602,3.4603999999999996e-05,0.092,0.2
603,3.4606e-05,0.092,0.6
604,3.4608e-05,0.092,0.2
605,3.4609999999999996e-05,0.092,0.2
606,3.4612e-05,0.092,0.2
607,3.4614e-05,0.092,0.2
608,3.4616e-05,0.084,0.2
609,3.4618e-05,0.084,0.2
610,3.462e-05,0.092,0.2
611,3.4622e-05,0.092,0.2
612,3.4624e-05,0.092,0.2
613,3.4626e-05,0.092,0.2
614,3.4628e-05,0.092,0.2
615,3.463e-05,0.092,0.2
616,3.4631999999999996e-05,0.092,0.2
617,3.4634e-05,0.092,0.2
618,3.4636e-05,0.092,0.6
619,3.4637999999999996e-05,0.084,0.2
620,3.464e-05,0.092,0.2
621,3.4642e-05,0.092,0.6
622,3.4643999999999996e-05,0.092,0.6
623,3.4646e-05,0.092,0.2
624,3.4648e-05,0.092,0.2
625,3.465e-05,0.092,0.2
626,3.4652e-05,0.092,0.6
627,3.4654e-05,0.092,0.2
628,3.4656e-05,0.092,0.2
629,3.4658e-05,0.092,0.2
630,3.466e-05,0.092,0.2
631,3.4662e-05,0.092,0.2
632,3.4664e-05,0.092,0.2
633,3.4665999999999996e-05,0.092,0.2
634,3.4668e-05,0.092,0.6
635,3.467e-05,0.092,0.2
636,3.4671999999999996e-05,0.092,0.2
637,3.4674e-05,0.092,0.2
638,3.4676e-05,0.092,0.2
639,3.4677999999999996e-05,0.092,0.2
640,3.468e-05,0.092,0.2
641,3.4682e-05,0.092,0.2
642,3.4684e-05,0.092,0.2
643,3.4686e-05,0.092,0.2
644,3.4688e-05,0.092,0.2
645,3.469e-05,0.092,0.2
646,3.4692e-05,0.092,0.6
647,3.4694e-05,0.092,0.2
648,3.4696e-05,0.092,0.2
649,3.4698e-05,0.092,0.2
650,3.4699999999999996e-05,0.092,0.2
651,3.4702e-05,0.092,0.6
652,3.4704e-05,0.092,0.2
653,3.4705999999999996e-05,0.092,0.2
654,3.4708e-05,0.092,0.6
655,3.471e-05,0.092,0.2
656,3.4711999999999996e-05,0.092,0.2
657,3.4714e-05,0.092,0.2
658,3.4716e-05,0.092,0.2
659,3.4718e-05,0.092,0.2
660,3.472e-05,0.092,0.2
661,3.4722e-05,0.092,0.2
662,3.4724e-05,0.092,0.2
663,3.4726e-05,0.092,0.2
664,3.4728e-05,0.092,0.2
665,3.473e-05,0.092,0.2
666,3.4732e-05,0.092,0.6
667,3.4733999999999996e-05,0.092,0.2
668,3.4736e-05,0.092,0.2
669,3.4738e-05,0.092,0.2
670,3.4739999999999996e-05,0.092,0.2
671,3.4742e-05,0.092,0.2
672,3.4744e-05,0.092,0.2
673,3.4745999999999996e-05,0.092,0.2
674,3.4748e-05,0.092,0.2
675,3.475e-05,0.092,0.2
676,3.4752e-05,0.092,0.2
677,3.4754e-05,0.092,0.2
678,3.4756e-05,0.092,0.2
679,3.4758e-05,0.092,0.6
680,3.476e-05,0.092,0.2
681,3.4762e-05,0.092,0.2
682,3.4764e-05,0.092,0.2
683,3.4766e-05,0.092,0.2
684,3.4767999999999996e-05,0.092,0.2
685,3.477e-05,0.092,0.2
686,3.4772e-05,0.092,0.2
687,3.4773999999999996e-05,0.1,0.2
688,3.4776e-05,0.092,0.2
689,3.4778e-05,0.092,0.2
690,3.4779999999999996e-05,0.092,0.2
691,3.4782e-05,0.092,0.2
692,3.4784e-05,0.092,0.2
693,3.4786e-05,0.092,0.2
694,3.4788e-05,0.1,0.6
695,3.479e-05,0.092,0.2
696,3.4792e-05,0.092,0.2
697,3.4794e-05,0.1,0.2
698,3.4796e-05,0.092,0.2
699,3.4798e-05,0.1,0.6
700,3.48e-05,0.092,0.2
701,3.4801999999999996e-05,0.092,0.6
702,3.4804e-05,0.1,0.6
703,3.4806e-05,0.1,0.2
704,3.4807999999999996e-05,0.1,0.2
705,3.481e-05,0.092,0.2
706,3.4812e-05,0.1,0.6
707,3.4813999999999996e-05,0.092,0.6
708,3.4816e-05,0.092,0.2
709,3.4818e-05,0.092,0.6
710,3.482e-05,0.1,0.2
711,3.4822e-05,0.092,0.2
712,3.4824e-05,0.092,0.2
713,3.4826e-05,0.1,0.2
714,3.4828e-05,0.1,0.6
715,3.483e-05,0.1,0.6
716,3.4832e-05,0.092,0.2
717,3.4834e-05,0.1,0.2
718,3.4835999999999996e-05,0.1,0.6
719,3.4838e-05,0.1,0.2
720,3.484e-05,0.092,0.2
721,3.4841999999999996e-05,0.092,0.2
722,3.4844e-05,0.1,0.6
723,3.4846e-05,0.1,0.6
724,3.4847999999999996e-05,0.1,0.2
725,3.485e-05,0.1,0.2
726,3.4852e-05,0.1,0.6
727,3.4854e-05,0.1,0.6
728,3.4856e-05,0.1,0.2
729,3.4858e-05,0.092,0.6
730,3.486e-05,0.1,0.2
731,3.4862e-05,0.1,0.6
732,3.4864e-05,0.1,0.2
733,3.4866e-05,0.1,0.6
734,3.4868e-05,0.1,0.6
735,3.4869999999999996e-05,0.1,0.2
736,3.4872e-05,0.1,0.2
737,3.4874e-05,0.1,0.2
738,3.4875999999999996e-05,0.1,0.6
739,3.4878e-05,0.1,0.6
740,3.488e-05,0.1,0.2
741,3.4881999999999996e-05,0.1,0.2
742,3.4884e-05,0.1,0.6
743,3.4886e-05,0.1,0.2
744,3.4888e-05,0.1,0.2
745,3.489e-05,0.1,0.2
746,3.4892e-05,0.1,0.6
747,3.4894e-05,0.1,0.2
748,3.4896e-05,0.1,0.2
749,3.4898e-05,0.1,0.2
750,3.49e-05,0.1,0.2
751,3.4902e-05,0.1,0.6
752,3.4903999999999996e-05,0.1,0.2
753,3.4906e-05,0.1,0.2
754,3.4908e-05,0.1,0.6
755,3.4909999999999996e-05,0.1,0.2
756,3.4912e-05,0.1,0.2
757,3.4914e-05,0.1,0.6
758,3.4915999999999996e-05,0.1,0.2
759,3.4918e-05,0.1,0.6
760,3.492e-05,0.1,0.2
761,3.4922e-05,0.1,0.2
762,3.4924e-05,0.1,0.2
763,3.4926e-05,0.1,0.2
764,3.4928e-05,0.1,0.2
765,3.493e-05,0.1,0.2
766,3.4932e-05,0.1,0.6
767,3.4934e-05,0.1,0.6
768,3.4936e-05,0.1,0.2
769,3.4937999999999997e-05,0.1,0.2
770,3.494e-05,0.1,0.2
771,3.4942e-05,0.1,0.6
772,3.4943999999999996e-05,0.1,0.2
773,3.4946e-05,0.1,0.2
774,3.4948e-05,0.1,0.6
775,3.4949999999999996e-05,0.1,0.2
776,3.4952e-05,0.1,0.2
777,3.4954e-05,0.1,0.6
778,3.4955999999999995e-05,0.1,0.2
779,3.4958e-05,0.1,0.2
780,3.496e-05,0.1,0.2
781,3.4962e-05,0.1,0.2
782,3.4964e-05,0.1,0.6
783,3.4966e-05,0.1,0.2
784,3.4968e-05,0.1,0.2
785,3.497e-05,0.1,0.2
786,3.4971999999999997e-05,0.1,0.2
787,3.4974e-05,0.1,0.6
788,3.4976e-05,0.1,0.2
789,3.4977999999999996e-05,0.1,0.6
790,3.498e-05,0.1,0.6
791,3.4982e-05,0.1,0.2
792,3.4983999999999996e-05,0.1,0.2
793,3.4986e-05,0.1,0.2
794,3.4988e-05,0.1,0.6
795,3.499e-05,0.1,0.2
796,3.4992e-05,0.1,0.2
797,3.4994e-05,0.1,0.2
798,3.4996e-05,0.1,0.2
799,3.4998e-05,0.1,0.2
800,3.5e-05,0.1,0.2
801,3.5002e-05,0.1,0.2
802,3.5004e-05,0.108,0.6
803,3.5005999999999997e-05,0.1,0.2
804,3.5008e-05,0.1,0.2
805,3.501e-05,0.1,0.2
806,3.5011999999999996e-05,0.1,0.6
807,3.5014e-05,0.1,0.2
808,3.5016e-05,0.1,0.2
809,3.5017999999999996e-05,0.1,0.2
810,3.502e-05,0.108,0.2
811,3.5022e-05,0.1,0.2
812,3.5023999999999995e-05,0.1,0.2
813,3.5026e-05,0.1,0.2
814,3.5028e-05,0.1,0.6
815,3.503e-05,0.108,0.2
816,3.5032e-05,0.1,0.2
817,3.5034e-05,0.108,0.2
818,3.5036e-05,0.108,0.2
819,3.5038e-05,0.108,0.6
820,3.5039999999999997e-05,0.108,0.2
821,3.5042e-05,0.108,0.2
822,3.5044e-05,0.108,0.2
823,3.5045999999999996e-05,0.108,0.2
824,3.5048e-05,0.108,0.2
825,3.505e-05,0.108,0.2
826,3.5051999999999996e-05,0.108,0.6
827,3.5054e-05,0.108,0.2
828,3.5056e-05,0.1,0.2
829,3.5058e-05,0.108,0.6
830,3.506e-05,0.108,0.6
831,3.5062e-05,0.108,0.2
832,3.5064e-05,0.1,0.2
833,3.5066e-05,0.108,0.2
834,3.5068e-05,0.108,0.6
835,3.507e-05,0.108,0.2
836,3.5072e-05,0.1,0.2
837,3.5073999999999997e-05,0.108,0.6
838,3.5076e-05,0.108,0.6
839,3.5078e-05,0.108,0.6
840,3.5079999999999996e-05,0.108,0.2
841,3.5082e-05,0.108,0.2
842,3.5084e-05,0.108,0.6
843,3.5085999999999996e-05,0.108,0.2
844,3.5088e-05,0.108,0.2
845,3.509e-05,0.108,0.2
846,3.5091999999999995e-05,0.108,0.6
847,3.5094e-05,0.108,0.6
848,3.5096e-05,0.108,0.2
849,3.5098e-05,0.108,0.2
850,3.51e-05,0.108,0.2
851,3.5102e-05,0.108,0.6
852,3.5104e-05,0.108,0.2
853,3.5106e-05,0.108,0.2
854,3.5107999999999997e-05,0.108,0.6
855,3.511e-05,0.108,0.2
856,3.5112e-05,0.108,0.2
857,3.5113999999999996e-05,0.108,0.6
858,3.5116e-05,0.108,0.2
859,3.5118e-05,0.108,0.2
860,3.5119999999999996e-05,0.108,0.2
861,3.5122e-05,0.108,0.2
862,3.5124e-05,0.108,0.2
863,3.5126e-05,0.108,0.2
864,3.5128e-05,0.108,0.2
865,3.513e-05,0.108,0.2
866,3.5132e-05,0.108,0.6
867,3.5134e-05,0.108,0.6
868,3.5136e-05,0.108,0.2
869,3.5138e-05,0.108,0.2
870,3.514e-05,0.108,0.2
871,3.5141999999999997e-05,0.108,0.2
872,3.5144e-05,0.108,0.2
873,3.5146e-05,0.108,0.2
874,3.5147999999999996e-05,0.108,0.6
875,3.515e-05,0.108,0.2
876,3.5152e-05,0.108,0.2
877,3.5153999999999996e-05,0.108,0.6
878,3.5156e-05,0.108,0.6
879,3.5158e-05,0.108,0.6
880,3.5159999999999995e-05,0.108,0.2
881,3.5162e-05,0.108,0.2
882,3.5164e-05,0.108,0.6
883,3.5166e-05,0.108,0.6
884,3.5168e-05,0.108,0.2
885,3.517e-05,0.108,0.6
886,3.5172e-05,0.108,0.6
887,3.5174e-05,0.108,0.6
888,3.5175999999999997e-05,0.108,0.2
889,3.5178e-05,0.108,0.6
890,3.518e-05,0.108,0.2
891,3.5181999999999996e-05,0.108,0.6
892,3.5184e-05,0.108,0.2
893,3.5186e-05,0.108,0.2
894,3.5187999999999996e-05,0.108,0.6
895,3.519e-05,0.108,0.2
896,3.5192e-05,0.108,0.2
897,3.5194e-05,0.108,0.2
898,3.5196e-05,0.108,0.2
899,3.5198e-05,0.108,0.6
900,3.52e-05,0.108,0.2
901,3.5202e-05,0.108,0.6
902,3.5204e-05,0.108,0.6
903,3.5206e-05,0.108,0.6
904,3.5208e-05,0.108,0.2
905,3.521e-05,0.108,0.6
906,3.5212e-05,0.108,0.6
907,3.5214e-05,0.108,0.2
908,3.5215999999999996e-05,0.108,0.2
909,3.5218e-05,0.108,0.6
910,3.522e-05,0.108,0.2
911,3.5221999999999996e-05,0.116,0.6
912,3.5224e-05,0.108,0.2
913,3.5226e-05,0.108,0.2
914,3.5227999999999995e-05,0.108,0.6
915,3.523e-05,0.108,0.2
916,3.5232e-05,0.108,0.2
917,3.5234e-05,0.108,0.6
918,3.5236e-05,0.108,0.6
919,3.5238e-05,0.108,0.6
920,3.524e-05,0.108,0.2
921,3.5242e-05,0.108,0.6
922,3.5244e-05,0.116,0.6
923,3.5246e-05,0.108,0.6
924,3.5248e-05,0.108,0.2
925,3.5249999999999996e-05,0.108,0.6
926,3.5252e-05,0.116,0.6
927,3.5254e-05,0.108,0.6
928,3.5255999999999996e-05,0.108,0.2
929,3.5258e-05,0.108,0.2
930,3.526e-05,0.116,0.6
931,3.5262e-05,0.108,0.6
932,3.5264e-05,0.108,0.2
933,3.5266e-05,0.116,0.6
934,3.5268e-05,0.116,0.6
935,3.527e-05,0.108,0.2
936,3.5272e-05,0.108,0.2
937,3.5274e-05,0.116,0.2
938,3.5276e-05,0.116,0.6
939,3.5278e-05,0.116,0.6
940,3.528e-05,0.116,0.2
941,3.5282e-05,0.116,0.6
942,3.5283999999999996e-05,0.116,0.2
943,3.5286e-05,0.116,0.6
944,3.5288e-05,0.116,0.2
945,3.5289999999999996e-05,0.116,0.2
946,3.5292e-05,0.116,0.6
947,3.5294e-05,0.116,0.6
948,3.5295999999999995e-05,0.116,0.2
949,3.5298e-05,0.116,0.6
950,3.53e-05,0.116,0.6
951,3.5302e-05,0.116,0.6
952,3.5304e-05,0.116,0.2
953,3.5306e-05,0.116,0.2
954,3.5308e-05,0.116,0.2
955,3.531e-05,0.116,0.2
956,3.5312e-05,0.116,0.2
957,3.5314e-05,0.116,0.6
958,3.5316e-05,0.116,0.2
959,3.5317999999999996e-05,0.116,0.6
960,3.532e-05,0.116,0.2
961,3.5322e-05,0.116,0.6
962,3.5323999999999996e-05,0.116,0.6
963,3.5326e-05,0.116,0.6
964,3.5328e-05,0.116,0.2
965,3.533e-05,0.116,0.2
966,3.5332e-05,0.116,0.6
967,3.5334e-05,0.116,0.6
968,3.5336e-05,0.116,0.2
969,3.5338e-05,0.116,0.6
970,3.534e-05,0.116,0.2
971,3.5342e-05,0.116,0.6
972,3.5344e-05,0.116,0.2
973,3.5346e-05,0.116,0.2
974,3.5348e-05,0.116,0.6
975,3.535e-05,0.116,0.2
976,3.5351999999999996e-05,0.116,0.2
977,3.5354e-05,0.116,0.6
978,3.5356e-05,0.116,0.2
979,3.5357999999999996e-05,0.116,0.6
980,3.536e-05,0.116,0.2
981,3.5362e-05,0.116,0.2
982,3.5363999999999995e-05,0.116,0.6
983,3.5366e-05,0.116,0.2
984,3.5368e-05,0.116,0.2
985,3.537e-05,0.116,0.2
986,3.5372e-05,0.116,0.6
987,3.5374e-05,0.116,0.6
988,3.5376e-05,0.116,0.2
989,3.5378e-05,0.116,0.6
990,3.538e-05,0.116,0.6
991,3.5382e-05,0.116,0.6
992,3.5384e-05,0.116,0.2
993,3.5385999999999996e-05,0.116,0.2
994,3.5388e-05,0.116,0.6
995,3.539e-05,0.116,0.2
996,3.5391999999999996e-05,0.116,0.2
997,3.5394e-05,0.116,0.6
998,3.5396e-05,0.116,0.2
999,3.5398e-05,0.116,0.6
1000,3.54e-05,0.116,0.2
1001,3.5402e-05,0.116,0.2
1002,3.5404e-05,0.116,0.6
1003,3.5406e-05,0.116,0.6
1004,3.5408e-05,0.116,0.2
1005,3.541e-05,0.116,0.6
1006,3.5412e-05,0.116,0.6
1007,3.5414e-05,0.116,0.6
1008,3.5416e-05,0.116,0.2
1009,3.5418e-05,0.116,0.2
1010,3.5419999999999996e-05,0.124,0.6
1011,3.5422e-05,0.116,0.6
1012,3.5424e-05,0.116,0.2
1013,3.5425999999999996e-05,0.116,0.6
1014,3.5428e-05,0.116,0.6
1015,3.543e-05,0.116,0.2
1016,3.5431999999999996e-05,0.116,0.2
1017,3.5434e-05,0.116,0.6
1018,3.5436e-05,0.116,0.6
1019,3.5438e-05,0.116,0.6
1020,3.544e-05,0.116,0.2
1021,3.5442e-05,0.116,0.6
1022,3.5444e-05,0.116,0.2
1023,3.5446e-05,0.116,0.2
1024,3.5448e-05,0.116,0.2
1025,3.545e-05,0.116,0.2
1026,3.5452e-05,0.116,0.6
1027,3.5453999999999996e-05,0.116,0.6
1028,3.5456e-05,0.116,0.2
1029,3.5458e-05,0.116,0.6
1030,3.5459999999999996e-05,0.116,0.6
1031,3.5462e-05,0.124,0.6
1032,3.5464e-05,0.116,0.2
1033,3.5466e-05,0.124,0.2
1034,3.5468e-05,0.124,0.6
1035,3.547e-05,0.124,0.6
1036,3.5472e-05,0.116,0.2
1037,3.5474e-05,0.116,0.2
1038,3.5476e-05,0.124,0.6
1039,3.5478e-05,0.124,0.6
1040,3.548e-05,0.116,0.2
1041,3.5482e-05,0.116,0.6
1042,3.5484e-05,0.116,0.6
1043,3.5486e-05,0.124,0.2
1044,3.5487999999999996e-05,0.124,0.2
1045,3.549e-05,0.124,0.6
1046,3.5492e-05,0.124,0.6
1047,3.5493999999999996e-05,0.124,0.2
1048,3.5496e-05,0.124,0.2
1049,3.5498e-05,0.116,0.2
1050,3.5499999999999996e-05,0.124,0.2
1051,3.5502e-05,0.124,0.6
1052,3.5504e-05,0.124,0.2
1053,3.5506e-05,0.124,0.6
1054,3.5508e-05,0.124,0.6
1055,3.551e-05,0.124,0.2
1056,3.5512e-05,0.124,0.2
1057,3.5514e-05,0.116,0.2
1058,3.5516e-05,0.124,0.6
1059,3.5518e-05,0.124,0.6
1060,3.552e-05,0.124,0.2
1061,3.5521999999999996e-05,0.124,0.6
1062,3.5524e-05,0.124,0.2
1063,3.5526e-05,0.124,0.6
1064,3.5527999999999996e-05,0.124,0.2
1065,3.553e-05,0.124,0.2
1066,3.5532e-05,0.124,0.6
1067,3.5534e-05,0.124,0.6
1068,3.5536e-05,0.124,0.2
1069,3.5538e-05,0.124,0.6
1070,3.554e-05,0.124,0.2
1071,3.5542e-05,0.124,0.6
1072,3.5544e-05,0.124,0.2
1073,3.5546e-05,0.124,0.2
1074,3.5548e-05,0.124,0.6
1075,3.555e-05,0.124,0.6
1076,3.5552e-05,0.124,0.2
1077,3.5554e-05,0.124,0.2
1078,3.5555999999999996e-05,0.124,0.6
1079,3.5558e-05,0.124,0.6
1080,3.556e-05,0.124,0.2
1081,3.5561999999999996e-05,0.124,0.6
1082,3.5564e-05,0.124,0.2
1083,3.5566e-05,0.124,0.6
1084,3.5567999999999996e-05,0.124,0.2
1085,3.557e-05,0.124,0.6
1086,3.5572e-05,0.124,0.6
1087,3.5574e-05,0.124,0.6
1088,3.5576e-05,0.124,0.2
1089,3.5578e-05,0.124,0.2
1090,3.558e-05,0.124,0.2
1091,3.5582e-05,0.124,0.2
1092,3.5584e-05,0.124,0.2
1093,3.5586e-05,0.124,0.2
1094,3.5588e-05,0.124,0.6
1095,3.5589999999999996e-05,0.124,0.2
1096,3.5592e-05,0.124,0.2
1097,3.5594e-05,0.124,0.6
1098,3.5595999999999996e-05,0.124,0.6
1099,3.5598e-05,0.124,0.2
1100,3.56e-05,0.124,0.2
1101,3.5602e-05,0.124,0.6
1102,3.5604e-05,0.124,0.6
1103,3.5606e-05,0.124,0.6
1104,3.5608e-05,0.124,0.2
1105,3.561e-05,0.124,0.2
1106,3.5612e-05,0.124,0.6
1107,3.5614e-05,0.124,0.6
1108,3.5616e-05,0.124,0.2
1109,3.5618e-05,0.124,0.6
1110,3.562e-05,0.124,0.6
1111,3.5622e-05,0.124,0.6
1112,3.5623999999999996e-05,0.124,0.2
1113,3.5626e-05,0.124,0.2
1114,3.5628e-05,0.124,0.6
1115,3.5629999999999996e-05,0.124,0.6
1116,3.5632e-05,0.124,0.2
1117,3.5634e-05,0.124,0.6
1118,3.5635999999999996e-05,0.124,0.2
1119,3.5638e-05,0.124,0.6
1120,3.564e-05,0.124,0.2
1121,3.5642e-05,0.124,0.6
1122,3.5644e-05,0.124,0.2
1123,3.5646e-05,0.124,0.2
1124,3.5648e-05,0.124,0.2
1125,3.565e-05,0.124,0.2
1126,3.5652e-05,0.124,0.6
1127,3.5654e-05,0.124,0.2
1128,3.5656e-05,0.124,0.2
1129,3.5657999999999996e-05,0.124,0.2
1130,3.566e-05,0.124,0.2
1131,3.5662e-05,0.124,0.6
1132,3.5663999999999996e-05,0.124,0.2
1133,3.5666e-05,0.124,0.6
1134,3.5668e-05,0.124,0.6
1135,3.567e-05,0.124,0.6
1136,3.5672e-05,0.124,0.2
1137,3.5674e-05,0.124,0.2
1138,3.5676e-05,0.132,0.6
1139,3.5678e-05,0.132,0.6
1140,3.568e-05,0.124,0.2
1141,3.5682e-05,0.124,0.6
1142,3.5684e-05,0.124,0.6
1143,3.5686e-05,0.132,0.6
1144,3.5688e-05,0.124,0.2
1145,3.569e-05,0.124,0.2
1146,3.5691999999999996e-05,0.124,0.6
1147,3.5694e-05,0.124,0.6
1148,3.5696e-05,0.124,0.2
1149,3.5697999999999996e-05,0.132,0.6
1150,3.57e-05,0.124,0.2
1151,3.5702e-05,0.132,0.6
1152,3.5703999999999996e-05,0.132,0.2
1153,3.5706e-05,0.132,0.6
1154,3.5708e-05,0.124,0.6
1155,3.571e-05,0.124,0.2
1156,3.5712e-05,0.132,0.2
1157,3.5714e-05,0.132,0.6
1158,3.5716e-05,0.132,0.6
1159,3.5718e-05,0.132,0.6
1160,3.572e-05,0.124,0.2
1161,3.5722e-05,0.132,0.6
1162,3.5724e-05,0.132,0.2
1163,3.5725999999999996e-05,0.132,0.6
1164,3.5728e-05,0.124,0.2
1165,3.573e-05,0.132,0.6
1166,3.5731999999999996e-05,0.132,0.6
1167,3.5734e-05,0.132,0.6
1168,3.5736e-05,0.132,0.2
1169,3.5738e-05,0.132,0.6
1170,3.574e-05,0.132,0.2
1171,3.5742e-05,0.132,0.6
1172,3.5744e-05,0.132,0.2
1173,3.5746e-05,0.132,0.6
1174,3.5748e-05,0.132,0.6
1175,3.575e-05,0.132,0.6
1176,3.5752e-05,0.132,0.2
1177,3.5754e-05,0.132,0.6
1178,3.5756e-05,0.132,0.2
1179,3.5758e-05,0.132,0.6
1180,3.5759999999999996e-05,0.132,0.2
1181,3.5762e-05,0.132,0.2
1182,3.5764e-05,0.132,0.6
1183,3.5765999999999996e-05,0.132,0.2
1184,3.5768e-05,0.132,0.2
1185,3.577e-05,0.132,0.6
1186,3.5771999999999996e-05,0.132,0.6
1187,3.5774e-05,0.132,0.6
1188,3.5776e-05,0.132,0.2
1189,3.5778e-05,0.132,0.6
1190,3.578e-05,0.132,0.6
1191,3.5782e-05,0.132,0.6
1192,3.5784e-05,0.132,0.2
1193,3.5786e-05,0.132,0.2
1194,3.5788e-05,0.132,0.6
1195,3.579e-05,0.132,0.6
1196,3.5792e-05,0.132,0.2
1197,3.5793999999999996e-05,0.132,0.6
1198,3.5796e-05,0.132,0.6
1199,3.5798e-05,0.132,0.6
1200,3.5799999999999996e-05,0.132,0.2
1201,3.5802e-05,0.132,0.6
1202,3.5804e-05,0.132,0.6
1203,3.5806e-05,0.132,0.6
1204,3.5808e-05,0.132,0.2
1205,3.581e-05,0.132,0.6
1206,3.5812e-05,0.132,0.6
1207,3.5814e-05,0.132,0.2
1208,3.5816e-05,0.132,0.2
1209,3.5818e-05,0.132,0.6
1210,3.582e-05,0.132,0.6
1211,3.5822e-05,0.132,0.6
1212,3.5824e-05,0.132,0.2
1213,3.5826e-05,0.132,0.6
1214,3.5827999999999996e-05,0.132,0.6
1215,3.583e-05,0.132,0.2
1216,3.5832e-05,0.132,0.2
1217,3.5833999999999996e-05,0.132,0.6
1218,3.5836e-05,0.132,0.6
1219,3.5838e-05,0.132,0.6
1220,3.5839999999999996e-05,0.132,0.2
1221,3.5842e-05,0.132,0.6
1222,3.5844e-05,0.132,0.6
1223,3.5845999999999995e-05,0.132,0.6
1224,3.5848e-05,0.132,0.2
1225,3.585e-05,0.132,0.2
1226,3.5852e-05,0.132,0.6
1227,3.5854e-05,0.132,0.6
1228,3.5856e-05,0.132,0.2
1229,3.5858e-05,0.132,0.6
1230,3.586e-05,0.132,0.6
1231,3.5861999999999996e-05,0.132,0.6
1232,3.5864e-05,0.132,0.2
1233,3.5866e-05,0.132,0.2
1234,3.5867999999999996e-05,0.132,0.6
1235,3.587e-05,0.132,0.6
1236,3.5872e-05,0.132,0.2
1237,3.5873999999999996e-05,0.132,0.6
1238,3.5876e-05,0.132,0.6
1239,3.5878e-05,0.132,0.6
1240,3.588e-05,0.132,0.2
1241,3.5882e-05,0.132,0.2
1242,3.5884e-05,0.132,0.6
1243,3.5886e-05,0.132,0.6
1244,3.5888e-05,0.14,0.2
1245,3.589e-05,0.14,0.6
1246,3.5892e-05,0.132,0.6
1247,3.5894e-05,0.14,0.6
1248,3.5895999999999996e-05,0.132,0.2
1249,3.5898e-05,0.132,0.6
1250,3.59e-05,0.14,0.6
1251,3.5901999999999996e-05,0.132,0.6
1252,3.5904e-05,0.14,0.2
1253,3.5906e-05,0.132,0.6
1254,3.5907999999999996e-05,0.14,0.6
1255,3.591e-05,0.14,0.6
1256,3.5912e-05,0.132,0.2
1257,3.5913999999999995e-05,0.14,0.6
1258,3.5916e-05,0.14,0.6
1259,3.5918e-05,0.14,0.6
1260,3.592e-05,0.132,0.2
1261,3.5922e-05,0.14,0.6
1262,3.5924e-05,0.132,0.6
1263,3.5926e-05,0.14,0.6
1264,3.5928e-05,0.132,0.2
1265,3.5929999999999997e-05,0.14,0.2
1266,3.5932e-05,0.14,0.6
1267,3.5934e-05,0.14,0.6
1268,3.5935999999999996e-05,0.132,0.2
1269,3.5938e-05,0.14,0.6
1270,3.594e-05,0.14,0.6
1271,3.5941999999999996e-05,0.14,0.6
1272,3.5944e-05,0.132,0.2
1273,3.5946e-05,0.14,0.2
1274,3.5948e-05,0.14,0.6
1275,3.595e-05,0.14,0.2
1276,3.5952e-05,0.14,0.2
1277,3.5954e-05,0.14,0.6
1278,3.5956e-05,0.14,0.6
1279,3.5958e-05,0.14,0.6
1280,3.596e-05,0.14,0.2
1281,3.5962e-05,0.14,0.6
1282,3.5963999999999997e-05,0.14,0.6
1283,3.5966e-05,0.14,0.6
1284,3.5968e-05,0.14,0.2
1285,3.5969999999999996e-05,0.14,0.6
1286,3.5972e-05,0.14,0.6
1287,3.5974e-05,0.14,0.6
1288,3.5975999999999996e-05,0.14,0.2
1289,3.5978e-05,0.14,0.6
1290,3.598e-05,0.14,0.6
1291,3.5981999999999995e-05,0.14,0.6
1292,3.5984e-05,0.14,0.2
1293,3.5986e-05,0.14,0.6
1294,3.5988e-05,0.14,0.6
1295,3.599e-05,0.14,0.6
1296,3.5992e-05,0.14,0.2
1297,3.5994e-05,0.14,0.6
1298,3.5996e-05,0.14,0.6
1299,3.5997999999999997e-05,0.14,0.6
1300,3.6e-05,0.14,0.2
1301,3.6002e-05,0.14,0.6
1302,3.6003999999999996e-05,0.14,0.6
1303,3.6006e-05,0.14,0.2
1304,3.6008e-05,0.14,0.2
1305,3.6009999999999996e-05,0.14,0.6
1306,3.6012e-05,0.14,0.6
1307,3.6014e-05,0.14,0.6
1308,3.6016e-05,0.14,0.2
1309,3.6018e-05,0.14,0.6
1310,3.602e-05,0.14,0.6
1311,3.6022e-05,0.14,0.6
1312,3.6024e-05,0.14,0.2
1313,3.6026e-05,0.14,0.6
1314,3.6028e-05,0.14,0.6
1315,3.603e-05,0.14,0.2
1316,3.6031999999999997e-05,0.14,0.2
1317,3.6034e-05,0.14,0.6
1318,3.6036e-05,0.14,0.6
1319,3.6037999999999996e-05,0.14,0.6
1320,3.604e-05,0.14,0.2
1321,3.6042e-05,0.14,0.6
1322,3.6043999999999996e-05,0.14,0.6
1323,3.6046e-05,0.14,0.2
1324,3.6048e-05,0.14,0.2
1325,3.6049999999999995e-05,0.14,0.6
1326,3.6052e-05,0.14,0.6
1327,3.6054e-05,0.14,0.6
1328,3.6056e-05,0.14,0.2
1329,3.6058e-05,0.14,0.6
1330,3.606e-05,0.14,0.6
1331,3.6062e-05,0.14,0.6
1332,3.6064e-05,0.14,0.2
1333,3.6065999999999997e-05,0.148,0.6
1334,3.6068e-05,0.14,0.6
1335,3.607e-05,0.14,0.6
1336,3.6071999999999996e-05,0.14,0.2
1337,3.6074e-05,0.14,0.6
1338,3.6076e-05,0.148,0.6
1339,3.6077999999999996e-05,0.14,0.6
1340,3.608e-05,0.14,0.2
1341,3.6082e-05,0.14,0.6
1342,3.6084e-05,0.14,0.6
1343,3.6086e-05,0.148,0.6
1344,3.6088e-05,0.14,0.2
1345,3.609e-05,0.14,0.2
1346,3.6092e-05,0.14,0.6
1347,3.6094e-05,0.148,0.6
1348,3.6096e-05,0.148,0.2
1349,3.6098e-05,0.14,0.6
1350,3.6099999999999997e-05,0.14,0.6
1351,3.6102e-05,0.148,0.6
1352,3.6104e-05,0.148,0.2
1353,3.6105999999999996e-05,0.14,0.6
1354,3.6108e-05,0.148,0.6
1355,3.611e-05,0.148,0.2
1356,3.6111999999999996e-05,0.14,0.2
1357,3.6114e-05,0.148,0.6
1358,3.6116e-05,0.148,0.6
1359,3.6117999999999995e-05,0.148,0.6
1360,3.612e-05,0.148,0.2
1361,3.6122e-05,0.148,0.6
1362,3.6124e-05,0.148,0.6
1363,3.6126e-05,0.148,0.6
1364,3.6128e-05,0.14,0.2
1365,3.613e-05,0.148,0.2
1366,3.6132e-05,0.148,0.6
1367,3.6133999999999997e-05,0.148,0.6
1368,3.6136e-05,0.148,0.2
1369,3.6138e-05,0.148,0.6
1370,3.6139999999999996e-05,0.148,0.6
1371,3.6142e-05,0.148,0.6
1372,3.6144e-05,0.14,0.2
1373,3.6145999999999996e-05,0.148,0.6
1374,3.6148e-05,0.148,0.6
1375,3.615e-05,0.148,0.6
1376,3.6152e-05,0.148,0.2
1377,3.6154e-05,0.148,0.6
1378,3.6156e-05,0.148,0.2
1379,3.6158e-05,0.148,0.6
1380,3.616e-05,0.148,0.6
1381,3.6162e-05,0.148,0.6
1382,3.6164e-05,0.148,0.6
1383,3.6166e-05,0.148,0.6
1384,3.6167999999999997e-05,0.148,0.2
1385,3.617e-05,0.148,0.6
1386,3.6172e-05,0.148,0.6
1387,3.6173999999999996e-05,0.148,0.6
1388,3.6176e-05,0.148,0.2
1389,3.6178e-05,0.148,0.6
1390,3.6179999999999996e-05,0.148,0.6
1391,3.6182e-05,0.148,0.6
1392,3.6184e-05,0.148,0.2
1393,3.6185999999999995e-05,0.148,0.6
1394,3.6188e-05,0.148,0.6
1395,3.619e-05,0.148,0.6
1396,3.6192e-05,0.148,0.2
1397,3.6194e-05,0.148,0.6
1398,3.6196e-05,0.148,0.6
1399,3.6198e-05,0.148,0.6
1400,3.62e-05,0.148,0.2
1401,3.6201999999999997e-05,0.148,0.6
1402,3.6204e-05,0.148,0.6
1403,3.6206e-05,0.148,0.6
1404,3.6207999999999996e-05,0.148,0.2
1405,3.621e-05,0.148,0.6
1406,3.6212e-05,0.148,0.6
1407,3.6213999999999996e-05,0.148,0.6
1408,3.6216e-05,0.148,0.2
1409,3.6218e-05,0.148,0.6
1410,3.622e-05,0.148,0.6
1411,3.6222e-05,0.148,0.6
1412,3.6224e-05,0.148,0.2
1413,3.6226e-05,0.148,0.6
1414,3.6228e-05,0.148,0.6
1415,3.623e-05,0.148,0.2
1416,3.6232e-05,0.148,0.2
1417,3.6234e-05,0.148,0.6
1418,3.6236e-05,0.148,0.6
1419,3.6238e-05,0.148,0.6
1420,3.624e-05,0.148,0.2
1421,3.6241999999999996e-05,0.148,0.6
1422,3.6244e-05,0.148,0.6
1423,3.6246e-05,0.148,0.6
1424,3.6247999999999996e-05,0.148,0.2
1425,3.625e-05,0.148,0.6
1426,3.6252e-05,0.148,0.6
1427,3.6253999999999995e-05,0.148,0.6
1428,3.6256e-05,0.148,0.2
1429,3.6258e-05,0.148,0.6
1430,3.626e-05,0.148,0.6
1431,3.6262e-05,0.148,0.6
1432,3.6264e-05,0.148,0.2
1433,3.6266e-05,0.148,0.6
1434,3.6268e-05,0.148,0.6
1435,3.627e-05,0.148,0.6
1436,3.6272e-05,0.148,0.6
1437,3.6274e-05,0.148,0.6
1438,3.6275999999999996e-05,0.148,0.6
1439,3.6278e-05,0.148,0.6
1440,3.628e-05,0.148,0.2
1441,3.6281999999999996e-05,0.148,0.6
1442,3.6284e-05,0.148,0.6
1443,3.6286e-05,0.148,0.6
1444,3.6288e-05,0.148,0.2
1445,3.629e-05,0.148,0.6
1446,3.6292e-05,0.148,0.6
1447,3.6294e-05,0.148,0.6
1448,3.6296e-05,0.148,0.2
1449,3.6298e-05,0.148,0.6
1450,3.63e-05,0.148,0.6
1451,3.6302e-05,0.156,0.6
1452,3.6304e-05,0.148,0.2
1453,3.6306e-05,0.148,0.6
1454,3.6308e-05,0.156,0.6
1455,3.6309999999999996e-05,0.156,0.6
1456,3.6312e-05,0.148,0.2
1457,3.6314e-05,0.156,0.6
1458,3.6315999999999996e-05,0.156,0.6
1459,3.6318e-05,0.156,0.6
1460,3.632e-05,0.156,0.2
1461,3.6321999999999995e-05,0.148,0.6
1462,3.6324e-05,0.156,0.6
1463,3.6326e-05,0.156,0.6
1464,3.6328e-05,0.148,0.2
1465,3.633e-05,0.156,0.6
1466,3.6332e-05,0.148,0.6
1467,3.6334e-05,0.156,0.6
1468,3.6336e-05,0.156,0.2
1469,3.6338e-05,0.156,0.6
1470,3.634e-05,0.156,0.6
1471,3.6342e-05,0.156,0.6
1472,3.6343999999999996e-05,0.148,0.2
1473,3.6346e-05,0.156,0.6
1474,3.6348e-05,0.156,0.6
1475,3.6349999999999996e-05,0.156,0.6
1476,3.6352e-05,0.156,0.2
1477,3.6354e-05,0.156,0.6
1478,3.6356e-05,0.148,0.6
1479,3.6358e-05,0.156,0.6
1480,3.636e-05,0.156,0.2
1481,3.6362e-05,0.156,0.6
1482,3.6364e-05,0.156,0.6
1483,3.6366e-05,0.156,0.6
1484,3.6368e-05,0.156,0.2
1485,3.637e-05,0.156,0.6
1486,3.6372e-05,0.156,0.6
1487,3.6374e-05,0.156,0.6
1488,3.6376e-05,0.156,0.2
1489,3.6377999999999996e-05,0.156,0.6
1490,3.638e-05,0.156,0.6
1491,3.6382e-05,0.156,0.6
1492,3.6383999999999996e-05,0.156,0.2
1493,3.6386e-05,0.156,0.6
1494,3.6388e-05,0.156,0.6
1495,3.6389999999999995e-05,0.156,0.6
1496,3.6392e-05,0.156,0.2
1497,3.6394e-05,0.156,0.6
1498,3.6396e-05,0.156,0.6
1499,3.6398e-05,0.156,0.6
1500,3.64e-05,0.156,0.2
1501,3.6402e-05,0.156,0.6
1502,3.6404e-05,0.156,0.6
1503,3.6406e-05,0.156,0.6
1504,3.6408e-05,0.156,0.2
1505,3.641e-05,0.156,0.6
1506,3.6411999999999996e-05,0.156,0.6
1507,3.6414e-05,0.156,0.6
1508,3.6416e-05,0.156,0.2
1509,3.6417999999999996e-05,0.156,0.6
1510,3.642e-05,0.156,0.6
1511,3.6422e-05,0.156,0.6
1512,3.6424e-05,0.156,0.2
1513,3.6426e-05,0.156,0.6
1514,3.6428e-05,0.156,0.6
1515,3.643e-05,0.156,0.6
1516,3.6432e-05,0.156,0.2
1517,3.6434e-05,0.156,0.6
1518,3.6436e-05,0.156,0.6
1519,3.6438e-05,0.156,0.6
1520,3.644e-05,0.156,0.2
1521,3.6442e-05,0.156,0.6
1522,3.6444e-05,0.156,0.6
1523,3.6445999999999996e-05,0.156,0.6
1524,3.6448e-05,0.156,0.2
1525,3.645e-05,0.156,0.6
1526,3.6451999999999996e-05,0.156,0.6
1527,3.6454e-05,0.156,0.6
1528,3.6456e-05,0.156,0.2
1529,3.6457999999999996e-05,0.156,0.6
1530,3.646e-05,0.156,0.6
1531,3.6462e-05,0.156,0.6
1532,3.6464e-05,0.156,0.2
1533,3.6466e-05,0.156,0.6
1534,3.6468e-05,0.156,0.6
1535,3.647e-05,0.156,0.6
1536,3.6472e-05,0.156,0.2
1537,3.6474e-05,0.156,0.6
1538,3.6476e-05,0.156,0.6
1539,3.6478e-05,0.156,0.6
1540,3.6479999999999996e-05,0.156,0.2
1541,3.6482e-05,0.156,0.6
1542,3.6484e-05,0.156,0.6
1543,3.6485999999999996e-05,0.156,0.6
1544,3.6488e-05,0.156,0.2
1545,3.649e-05,0.156,0.6
1546,3.6492e-05,0.156,0.6
1547,3.6494e-05,0.156,0.6
1548,3.6496e-05,0.156,0.2
1549,3.6498e-05,0.156,0.6
1550,3.65e-05,0.156,0.6
1551,3.6502e-05,0.164,0.6
1552,3.6504e-05,0.156,0.2
1553,3.6506e-05,0.164,0.6
1554,3.6508e-05,0.156,0.6
1555,3.651e-05,0.156,0.6
1556,3.6512e-05,0.164,0.2
1557,3.6513999999999996e-05,0.164,0.6
1558,3.6516e-05,0.156,0.6
1559,3.6518e-05,0.164,0.6
1560,3.6519999999999996e-05,0.156,0.2
1561,3.6522e-05,0.164,0.6
1562,3.6524e-05,0.156,0.6
1563,3.6525999999999996e-05,0.156,0.6
1564,3.6528e-05,0.156,0.2
1565,3.653e-05,0.164,0.6
1566,3.6532e-05,0.156,0.6
1567,3.6534e-05,0.164,0.6
1568,3.6536e-05,0.156,0.2
1569,3.6538e-05,0.156,0.6
1570,3.654e-05,0.164,0.6
1571,3.6542e-05,0.164,0.6
1572,3.6544e-05,0.156,0.2
1573,3.6546e-05,0.156,0.6
1574,3.6547999999999996e-05,0.164,0.6
1575,3.655e-05,0.164,0.6
1576,3.6552e-05,0.164,0.2
1577,3.6553999999999996e-05,0.164,0.6
1578,3.6556e-05,0.164,0.2
1579,3.6558e-05,0.164,0.6
1580,3.656e-05,0.164,0.2
1581,3.6562e-05,0.164,0.6
1582,3.6564e-05,0.164,0.6
1583,3.6566e-05,0.164,0.6
1584,3.6568e-05,0.164,0.6
1585,3.657e-05,0.164,0.6
1586,3.6572e-05,0.164,0.6
1587,3.6574e-05,0.164,0.6
1588,3.6576e-05,0.156,0.2
1589,3.6578e-05,0.164,0.6
1590,3.658e-05,0.164,0.6
1591,3.6581999999999996e-05,0.164,0.6
1592,3.6584e-05,0.164,0.2
1593,3.6586e-05,0.164,0.6
1594,3.6587999999999996e-05,0.164,0.6
1595,3.659e-05,0.164,0.6
1596,3.6592e-05,0.164,0.2
1597,3.6593999999999996e-05,0.164,0.6
1598,3.6596e-05,0.164,0.6
1599,3.6598e-05,0.164,0.6
1600,3.66e-05,0.164,0.2
1601,3.6602e-05,0.164,0.6
1602,3.6604e-05,0.164,0.6
1603,3.6606e-05,0.164,0.6
1604,3.6608e-05,0.164,0.6
1605,3.661e-05,0.164,0.6
1606,3.6612e-05,0.164,0.6
1607,3.6614e-05,0.164,0.6
1608,3.6615999999999996e-05,0.164,0.2
1609,3.6618e-05,0.164,0.6
1610,3.662e-05,0.164,0.6
1611,3.6621999999999996e-05,0.164,0.6
1612,3.6624e-05,0.164,0.2
1613,3.6626e-05,0.164,0.6
1614,3.6628e-05,0.164,0.6
1615,3.663e-05,0.164,0.6
1616,3.6632e-05,0.164,0.2
1617,3.6634e-05,0.164,0.6
1618,3.6636e-05,0.164,0.6
1619,3.6638e-05,0.164,0.6
1620,3.664e-05,0.164,0.2
1621,3.6642e-05,0.164,0.6
1622,3.6644e-05,0.164,0.6
1623,3.6646e-05,0.164,0.6
1624,3.6648e-05,0.164,0.2
1625,3.6649999999999996e-05,0.164,0.2
1626,3.6652e-05,0.164,0.6
1627,3.6654e-05,0.164,0.6
1628,3.6655999999999996e-05,0.164,0.2
1629,3.6658e-05,0.164,0.6
1630,3.666e-05,0.164,0.6
1631,3.6661999999999996e-05,0.164,0.6
1632,3.6664e-05,0.164,0.2
1633,3.6666e-05,0.164,0.6
1634,3.6668e-05,0.164,0.6
1635,3.667e-05,0.164,0.6
1636,3.6672e-05,0.164,0.6
1637,3.6674e-05,0.164,0.6
1638,3.6676e-05,0.164,0.6
1639,3.6678e-05,0.164,0.6
1640,3.668e-05,0.164,0.2
1641,3.6682e-05,0.164,0.6
1642,3.6683999999999996e-05,0.164,0.6
1643,3.6686e-05,0.164,0.6
1644,3.6688e-05,0.164,0.2
1645,3.6689999999999996e-05,0.172,0.6
1646,3.6692e-05,0.164,0.6
1647,3.6694e-05,0.172,0.6
1648,3.6696e-05,0.164,0.2
1649,3.6698e-05,0.164,0.6
1650,3.67e-05,0.164,0.6
1651,3.6702e-05,0.164,0.6
1652,3.6704e-05,0.164,0.2
1653,3.6706e-05,0.164,0.6
1654,3.6708e-05,0.164,0.6
1655,3.671e-05,0.172,0.6
1656,3.6712e-05,0.164,0.2
1657,3.6714e-05,0.164,0.6
1658,3.6716e-05,0.172,0.6
1659,3.6717999999999996e-05,0.164,0.6
1660,3.672e-05,0.164,0.2
1661,3.6722e-05,0.172,0.6
1662,3.6723999999999996e-05,0.164,0.6
1663,3.6726e-05,0.172,0.6
1664,3.6728e-05,0.172,0.2
1665,3.6729999999999996e-05,0.164,0.6
1666,3.6732e-05,0.172,0.6
1667,3.6734e-05,0.172,0.6
1668,3.6736e-05,0.172,0.2
1669,3.6738e-05,0.164,0.6
1670,3.674e-05,0.164,0.6
1671,3.6742e-05,0.172,0.6
1672,3.6744e-05,0.172,0.2
1673,3.6746e-05,0.172,0.6
1674,3.6748e-05,0.172,0.6
1675,3.675e-05,0.172,0.6
1676,3.6751999999999996e-05,0.164,0.2
1677,3.6754e-05,0.172,0.6
1678,3.6756e-05,0.172,0.6
1679,3.6757999999999996e-05,0.172,0.6
1680,3.676e-05,0.172,0.2
1681,3.6762e-05,0.172,0.6
1682,3.6764e-05,0.172,0.6
1683,3.6766e-05,0.172,0.6
1684,3.6768e-05,0.172,0.2
1685,3.677e-05,0.172,0.6
1686,3.6772e-05,0.172,0.6
1687,3.6774e-05,0.172,0.6
1688,3.6776e-05,0.172,0.2
1689,3.6778e-05,0.172,0.6
1690,3.678e-05,0.172,0.6
1691,3.6782e-05,0.172,0.6
1692,3.6784e-05,0.172,0.2
1693,3.6785999999999996e-05,0.172,0.6
1694,3.6788e-05,0.172,0.6
1695,3.679e-05,0.172,0.6
1696,3.6791999999999996e-05,0.172,0.2
1697,3.6794e-05,0.172,0.6
1698,3.6796e-05,0.172,0.6
1699,3.6797999999999996e-05,0.172,0.6
1700,3.68e-05,0.172,0.2
1701,3.6802e-05,0.172,0.6
1702,3.6804e-05,0.172,0.6
1703,3.6806e-05,0.172,0.6
1704,3.6808e-05,0.172,0.6
1705,3.681e-05,0.172,0.6
1706,3.6812e-05,0.172,0.6
1707,3.6814e-05,0.172,0.6
1708,3.6816e-05,0.172,0.2
1709,3.6818e-05,0.172,0.6
1710,3.6819999999999996e-05,0.172,0.6
1711,3.6822e-05,0.172,0.6
1712,3.6824e-05,0.172,0.2
1713,3.6825999999999996e-05,0.172,0.6
1714,3.6828e-05,0.172,0.6
1715,3.683e-05,0.172,0.6
1716,3.6832e-05,0.172,0.6
1717,3.6834e-05,0.172,0.6
1718,3.6836e-05,0.172,0.6
1719,3.6838e-05,0.172,0.6
1720,3.684e-05,0.172,0.2
1721,3.6842e-05,0.172,0.6
1722,3.6844e-05,0.172,0.6
1723,3.6846e-05,0.172,0.6
1724,3.6848e-05,0.172,0.2
1725,3.685e-05,0.172,0.6
1726,3.6852e-05,0.172,0.6
1727,3.6853999999999996e-05,0.172,0.6
1728,3.6856e-05,0.172,0.2
1729,3.6858e-05,0.172,0.6
1730,3.6859999999999996e-05,0.172,0.6
1731,3.6862e-05,0.172,0.6
1732,3.6864e-05,0.172,0.2
1733,3.6865999999999996e-05,0.172,0.6
1734,3.6868e-05,0.172,0.6
1735,3.687e-05,0.172,0.6
1736,3.6872e-05,0.172,0.2
1737,3.6874e-05,0.172,0.6
1738,3.6876e-05,0.172,0.6
1739,3.6878e-05,0.172,0.6
1740,3.688e-05,0.172,0.2
1741,3.6882e-05,0.172,0.6
1742,3.6884e-05,0.172,0.6
1743,3.6886e-05,0.172,0.6
1744,3.6887999999999996e-05,0.172,0.2
1745,3.689e-05,0.18,0.6
1746,3.6892e-05,0.172,0.6
1747,3.6893999999999996e-05,0.18,0.6
1748,3.6896e-05,0.172,0.2
1749,3.6898e-05,0.172,0.6
1750,3.69e-05,0.172,0.6
1751,3.6902e-05,0.18,0.6
1752,3.6904e-05,0.172,0.2
1753,3.6906e-05,0.172,0.6
1754,3.6908e-05,0.172,0.6
1755,3.691e-05,0.18,0.6
1756,3.6912e-05,0.172,0.2
1757,3.6914e-05,0.172,0.6
1758,3.6916e-05,0.172,0.6
1759,3.6918e-05,0.18,0.6
1760,3.692e-05,0.172,0.2
1761,3.6921999999999996e-05,0.18,0.6
1762,3.6924e-05,0.172,0.6
1763,3.6926e-05,0.18,0.6
1764,3.6927999999999996e-05,0.172,0.6
1765,3.693e-05,0.18,0.6
1766,3.6932e-05,0.172,0.6
1767,3.6933999999999996e-05,0.18,0.6
1768,3.6936e-05,0.172,0.2
1769,3.6938e-05,0.172,0.6
1770,3.694e-05,0.18,0.6
1771,3.6942e-05,0.18,0.6
1772,3.6944e-05,0.18,0.2
1773,3.6946e-05,0.18,0.6
1774,3.6948e-05,0.172,0.6
1775,3.695e-05,0.18,0.6
1776,3.6952e-05,0.18,0.2
1777,3.6954e-05,0.18,0.6
1778,3.6955999999999997e-05,0.18,0.2
1779,3.6958e-05,0.18,0.6
1780,3.696e-05,0.18,0.6
1781,3.6961999999999996e-05,0.18,0.6
1782,3.6964e-05,0.18,0.6
1783,3.6966e-05,0.18,0.6
1784,3.6968e-05,0.18,0.6
1785,3.697e-05,0.18,0.6
1786,3.6972e-05,0.18,0.6
1787,3.6974e-05,0.18,0.6
1788,3.6976e-05,0.18,0.2
1789,3.6978e-05,0.18,0.6
1790,3.698e-05,0.18,0.6
1791,3.6982e-05,0.18,0.6
1792,3.6984e-05,0.172,0.2
1793,3.6986e-05,0.18,0.6
1794,3.6988e-05,0.18,0.6
1795,3.6989999999999997e-05,0.18,0.6
1796,3.6992e-05,0.18,0.2
1797,3.6994e-05,0.18,0.6
1798,3.6995999999999996e-05,0.18,0.6
1799,3.6998e-05,0.18,0.6
1800,3.7e-05,0.18,0.2
1801,3.7001999999999996e-05,0.18,0.6
1802,3.7004e-05,0.18,0.6
1803,3.7006e-05,0.18,0.6
1804,3.7007999999999995e-05,0.18,0.2
1805,3.701e-05,0.18,0.6
1806,3.7012e-05,0.18,0.6
1807,3.7014e-05,0.18,0.6
1808,3.7016e-05,0.18,0.2
1809,3.7018e-05,0.18,0.6
1810,3.702e-05,0.18,0.6
1811,3.7022e-05,0.18,0.6
1812,3.7023999999999997e-05,0.18,0.2
1813,3.7026e-05,0.18,0.6
1814,3.7028e-05,0.18,0.6
1815,3.7029999999999996e-05,0.18,0.6
1816,3.7032e-05,0.18,0.6
1817,3.7034e-05,0.18,0.6
1818,3.7036e-05,0.18,0.6
1819,3.7038e-05,0.18,0.6
1820,3.704e-05,0.18,0.2
1821,3.7042e-05,0.18,0.6
1822,3.7044e-05,0.18,0.6
1823,3.7046e-05,0.18,0.6
1824,3.7048e-05,0.18,0.6
1825,3.705e-05,0.18,0.6
1826,3.7052e-05,0.18,0.6
1827,3.7054e-05,0.18,0.6
1828,3.7056e-05,0.18,0.6
1829,3.7057999999999997e-05,0.18,0.6
1830,3.706e-05,0.18,0.6
1831,3.7062e-05,0.18,0.6
1832,3.7063999999999996e-05,0.18,0.2
1833,3.7066e-05,0.18,0.6
1834,3.7068e-05,0.18,0.6
1835,3.7069999999999996e-05,0.18,0.6
1836,3.7072e-05,0.18,0.2
1837,3.7074e-05,0.18,0.6
1838,3.7075999999999995e-05,0.18,0.6
1839,3.7078e-05,0.188,0.6
1840,3.708e-05,0.18,0.2
1841,3.7082e-05,0.18,0.6
1842,3.7084e-05,0.18,0.6
1843,3.7086e-05,0.18,0.6
1844,3.7088e-05,0.18,0.6
1845,3.709e-05,0.18,0.6
1846,3.7091999999999997e-05,0.18,0.6
1847,3.7094e-05,0.18,0.6
1848,3.7096e-05,0.18,0.2
1849,3.7097999999999996e-05,0.18,0.6
1850,3.71e-05,0.18,0.6
1851,3.7102e-05,0.18,0.6
1852,3.7103999999999996e-05,0.18,0.2
1853,3.7106e-05,0.18,0.6
1854,3.7108e-05,0.18,0.6
1855,3.711e-05,0.188,0.6
1856,3.7112e-05,0.18,0.2
1857,3.7114e-05,0.18,0.6
1858,3.7116e-05,0.18,0.6
1859,3.7118e-05,0.188,0.6
1860,3.712e-05,0.188,0.2
1861,3.7122e-05,0.188,0.6
1862,3.7124e-05,0.18,0.6
1863,3.7125999999999997e-05,0.188,0.6
1864,3.7128e-05,0.188,0.6
1865,3.713e-05,0.188,0.6
1866,3.7131999999999996e-05,0.18,0.6
1867,3.7134e-05,0.188,0.6
1868,3.7136e-05,0.18,0.6
1869,3.7137999999999996e-05,0.18,0.6
1870,3.714e-05,0.188,0.6
1871,3.7142e-05,0.188,0.6
1872,3.7143999999999995e-05,0.188,0.2
1873,3.7146e-05,0.188,0.6
1874,3.7148e-05,0.188,0.6
1875,3.715e-05,0.188,0.6
1876,3.7152e-05,0.18,0.2
1877,3.7154e-05,0.188,0.6
1878,3.7156e-05,0.188,0.6
1879,3.7158e-05,0.188,0.6
1880,3.7159999999999997e-05,0.188,0.6
1881,3.7162e-05,0.188,0.6
1882,3.7164e-05,0.188,0.6
1883,3.7165999999999996e-05,0.188,0.6
1884,3.7168e-05,0.188,0.6
1885,3.717e-05,0.188,0.6
1886,3.7171999999999996e-05,0.188,0.6
1887,3.7174e-05,0.188,0.6
1888,3.7176e-05,0.188,0.2
1889,3.7178e-05,0.188,0.6
1890,3.718e-05,0.188,0.6
1891,3.7182e-05,0.188,0.6
1892,3.7184e-05,0.188,0.2
1893,3.7186e-05,0.188,0.6
1894,3.7188e-05,0.188,0.6
1895,3.719e-05,0.188,0.6
1896,3.7192e-05,0.188,0.6
1897,3.7193999999999997e-05,0.188,0.6
1898,3.7196e-05,0.188,0.6
1899,3.7198e-05,0.188,0.6
1900,3.7199999999999996e-05,0.188,0.2
1901,3.7202e-05,0.188,0.6
1902,3.7204e-05,0.188,0.6
1903,3.7205999999999996e-05,0.188,0.6
1904,3.7208e-05,0.188,0.6
1905,3.721e-05,0.188,0.6
1906,3.7211999999999995e-05,0.188,0.6
1907,3.7214e-05,0.188,0.6
1908,3.7216e-05,0.188,0.2
1909,3.7218e-05,0.188,0.6
1910,3.722e-05,0.188,0.6
1911,3.7222e-05,0.188,0.6
1912,3.7224e-05,0.188,0.6
1913,3.7226e-05,0.188,0.6
1914,3.7227999999999997e-05,0.188,0.6
1915,3.723e-05,0.188,0.6
1916,3.7232e-05,0.188,0.2
1917,3.7233999999999996e-05,0.188,0.6
1918,3.7236e-05,0.188,0.6
1919,3.7238e-05,0.188,0.6
1920,3.724e-05,0.188,0.2
1921,3.7242e-05,0.188,0.6
1922,3.7244e-05,0.188,0.6
1923,3.7246e-05,0.188,0.6
1924,3.7248e-05,0.188,0.6
1925,3.725e-05,0.188,0.6
1926,3.7252e-05,0.188,0.6
1927,3.7254e-05,0.188,0.6
1928,3.7256e-05,0.188,0.2
1929,3.7258e-05,0.188,0.6
1930,3.726e-05,0.188,0.6
1931,3.7262e-05,0.188,0.6
1932,3.7264e-05,0.188,0.2
1933,3.7266e-05,0.188,0.6
1934,3.7267999999999996e-05,0.188,0.6
1935,3.727e-05,0.188,0.6
1936,3.7272e-05,0.188,0.6
1937,3.7273999999999996e-05,0.188,0.6
1938,3.7276e-05,0.188,0.6
1939,3.7278e-05,0.188,0.6
1940,3.7279999999999995e-05,0.188,0.2
1941,3.7282e-05,0.188,0.6
1942,3.7284e-05,0.188,0.6
1943,3.7286e-05,0.188,0.6
1944,3.7288e-05,0.188,0.6
1945,3.729e-05,0.188,0.6
1946,3.7292e-05,0.188,0.6
1947,3.7294e-05,0.188,0.6
1948,3.7296e-05,0.188,0.2
1949,3.7298e-05,0.188,0.6
1950,3.73e-05,0.188,0.6
1951,3.7301999999999996e-05,0.196,0.6
1952,3.7304e-05,0.188,0.6
1953,3.7306e-05,0.188,0.6
1954,3.7308e-05,0.188,0.6
1955,3.731e-05,0.188,0.6
1956,3.7312e-05,0.188,0.6
1957,3.7314e-05,0.188,0.6
1958,3.7316e-05,0.188,0.6
1959,3.7318e-05,0.196,0.6
1960,3.732e-05,0.188,0.2
1961,3.7322e-05,0.188,0.6
1962,3.7324e-05,0.188,0.6
1963,3.7326e-05,0.196,0.6
1964,3.7328e-05,0.188,0.6
1965,3.733e-05,0.188,0.6
1966,3.7332e-05,0.188,0.6
1967,3.7334e-05,0.196,0.6
1968,3.7335999999999996e-05,0.188,0.2
1969,3.7338e-05,0.188,0.6
1970,3.734e-05,0.188,0.6
1971,3.7341999999999996e-05,0.196,0.6
1972,3.7344e-05,0.196,0.2
1973,3.7346e-05,0.196,0.6
1974,3.7347999999999995e-05,0.196,0.6
1975,3.735e-05,0.196,0.6
1976,3.7352e-05,0.196,0.2
1977,3.7354e-05,0.196,1.0
1978,3.7356e-05,0.196,0.6
1979,3.7358e-05,0.196,0.6
1980,3.736e-05,0.196,0.6
1981,3.7362e-05,0.196,0.6
1982,3.7364e-05,0.188,0.6
1983,3.7366e-05,0.196,0.6
1984,3.7368e-05,0.196,0.6
1985,3.7369999999999996e-05,0.196,0.6
1986,3.7372e-05,0.196,0.6
1987,3.7374e-05,0.196,0.6
1988,3.7376e-05,0.196,0.2
1989,3.7378e-05,0.196,0.6
1990,3.738e-05,0.196,0.6
1991,3.7382e-05,0.196,0.6
1992,3.7384e-05,0.196,0.2
1993,3.7386e-05,0.196,0.6
1994,3.7388e-05,0.196,0.6
1995,3.739e-05,0.196,0.6
1996,3.7392e-05,0.196,0.6
1997,3.7394e-05,0.196,0.6
1998,3.7396e-05,0.196,0.6
1999,3.7398e-05,0.196,0.6
2000,3.74e-05,0.196,0.2
2001,3.7402e-05,0.196,0.6
2002,3.7403999999999996e-05,0.196,0.6
2003,3.7406e-05,0.196,0.6
2004,3.7408e-05,0.196,0.6
2005,3.7409999999999996e-05,0.196,0.6
2006,3.7412e-05,0.196,0.6
2007,3.7414e-05,0.196,0.6
2008,3.7415999999999995e-05,0.196,0.2
2009,3.7418e-05,0.196,0.6
2010,3.742e-05,0.196,0.6
2011,3.7422e-05,0.196,0.6
2012,3.7424e-05,0.196,0.2
2013,3.7426e-05,0.196,0.6
2014,3.7428e-05,0.196,0.6
2015,3.743e-05,0.196,0.6
2016,3.7432e-05,0.196,0.6
2017,3.7434e-05,0.196,0.6
2018,3.7436e-05,0.196,0.6
2019,3.7437999999999996e-05,0.196,0.6
2020,3.744e-05,0.196,0.6
2021,3.7442e-05,0.196,0.6
2022,3.7444e-05,0.196,0.6
2023,3.7446e-05,0.196,0.6
2024,3.7448e-05,0.196,0.6
2025,3.745e-05,0.196,0.6
2026,3.7452e-05,0.196,0.6
2027,3.7454e-05,0.196,0.6
2028,3.7456e-05,0.196,0.2
2029,3.7458e-05,0.196,0.6
2030,3.746e-05,0.196,0.6
2031,3.7462e-05,0.204,0.6
2032,3.7464e-05,0.196,0.2
2033,3.7466e-05,0.196,0.6
2034,3.7468e-05,0.196,0.6
2035,3.747e-05,0.196,0.6
2036,3.7471999999999996e-05,0.196,0.6
2037,3.7474e-05,0.196,0.6
2038,3.7476e-05,0.196,0.6
2039,3.7477999999999996e-05,0.196,0.6
2040,3.748e-05,0.196,0.6
2041,3.7482e-05,0.196,0.6
2042,3.7483999999999996e-05,0.196,0.6
2043,3.7486e-05,0.204,0.6
2044,3.7488e-05,0.196,0.2
2045,3.749e-05,0.196,0.6
2046,3.7492e-05,0.196,0.6
2047,3.7494e-05,0.204,0.6
2048,3.7496e-05,0.196,0.6
2049,3.7498e-05,0.196,0.6
2050,3.75e-05,0.196,0.6
2051,3.7502e-05,0.204,0.6
2052,3.7504e-05,0.196,0.6
2053,3.7505999999999996e-05,0.196,0.6
2054,3.7508e-05,0.196,0.6
2055,3.751e-05,0.196,0.6
2056,3.7512e-05,0.196,0.6
2057,3.7514e-05,0.196,0.6
2058,3.7516e-05,0.196,0.6
2059,3.7518e-05,0.196,0.6
2060,3.752e-05,0.196,0.6
2061,3.7522e-05,0.196,0.6
2062,3.7524e-05,0.196,0.6
2063,3.7526e-05,0.204,0.6
2064,3.7528e-05,0.204,0.6
2065,3.753e-05,0.204,0.6
2066,3.7532e-05,0.196,0.6
2067,3.7534e-05,0.204,0.6
2068,3.7536e-05,0.196,0.6
2069,3.7538e-05,0.196,0.6
2070,3.7539999999999996e-05,0.196,0.6
2071,3.7542e-05,0.204,0.6
2072,3.7544e-05,0.204,0.6
2073,3.7545999999999996e-05,0.204,0.6
2074,3.7548e-05,0.196,0.6
2075,3.755e-05,0.204,0.6
2076,3.7551999999999996e-05,0.204,0.6
2077,3.7554e-05,0.204,0.6
2078,3.7556e-05,0.204,0.6
2079,3.7558e-05,0.204,0.6
2080,3.756e-05,0.196,0.2
2081,3.7562e-05,0.204,0.6
2082,3.7564e-05,0.196,0.6
2083,3.7566e-05,0.204,0.6
2084,3.7568e-05,0.204,0.6
2085,3.757e-05,0.204,0.6
2086,3.7572e-05,0.196,0.6
2087,3.7573999999999996e-05,0.204,0.6
2088,3.7576e-05,0.204,0.6
2089,3.7578e-05,0.204,0.6
2090,3.758e-05,0.204,0.6
2091,3.7582e-05,0.204,0.6
2092,3.7584e-05,0.204,0.2
2093,3.7586e-05,0.204,0.6
2094,3.7588e-05,0.204,0.6
2095,3.759e-05,0.204,0.6
2096,3.7592e-05,0.204,0.6
2097,3.7594e-05,0.204,0.6
2098,3.7596e-05,0.204,0.6
2099,3.7598e-05,0.204,0.6
2100,3.76e-05,0.204,0.6
2101,3.7602e-05,0.204,0.6
2102,3.7604e-05,0.204,0.6
2103,3.7606e-05,0.204,0.6
2104,3.7607999999999996e-05,0.204,0.6
2105,3.761e-05,0.204,0.6
2106,3.7612e-05,0.204,0.6
2107,3.7613999999999996e-05,0.204,0.6
2108,3.7616e-05,0.204,0.2
2109,3.7618e-05,0.204,0.6
2110,3.7619999999999996e-05,0.204,0.6
2111,3.7622e-05,0.204,0.6
2112,3.7624e-05,0.204,0.6
2113,3.7625999999999995e-05,0.204,0.6
2114,3.7628e-05,0.204,0.6
2115,3.763e-05,0.204,0.6
2116,3.7632e-05,0.204,0.6
2117,3.7634e-05,0.204,0.6
2118,3.7636e-05,0.204,0.6
2119,3.7638e-05,0.204,0.6
2120,3.764e-05,0.204,0.2
2121,3.7641999999999996e-05,0.204,0.6
2122,3.7644e-05,0.204,0.6
2123,3.7646e-05,0.204,0.6
2124,3.7648e-05,0.204,0.6
2125,3.765e-05,0.204,0.6
2126,3.7652e-05,0.204,0.6
2127,3.7654e-05,0.204,0.6
2128,3.7656e-05,0.204,0.2
2129,3.7658e-05,0.204,0.6
2130,3.766e-05,0.204,0.6
2131,3.7662e-05,0.204,0.6
2132,3.7664e-05,0.204,0.2
2133,3.7666e-05,0.204,0.6
2134,3.7668e-05,0.204,0.6
2135,3.767e-05,0.212,0.6
2136,3.7672e-05,0.204,0.2
2137,3.7674e-05,0.204,0.6
2138,3.7675999999999996e-05,0.204,0.6
2139,3.7678e-05,0.212,0.6
2140,3.768e-05,0.204,0.6
2141,3.7681999999999996e-05,0.204,0.6
2142,3.7684e-05,0.204,0.6
2143,3.7686e-05,0.212,0.6
2144,3.7687999999999996e-05,0.204,0.6
2145,3.769e-05,0.204,0.6
2146,3.7692e-05,0.204,0.6
2147,3.7693999999999995e-05,0.212,0.6
2148,3.7696e-05,0.204,0.6
2149,3.7698e-05,0.204,0.6
2150,3.77e-05,0.204,0.6
2151,3.7702e-05,0.212,0.6
2152,3.7704e-05,0.204,0.2
2153,3.7706e-05,0.204,0.6
2154,3.7708e-05,0.212,0.6
2155,3.7709999999999996e-05,0.212,0.6
2156,3.7712e-05,0.204,0.6
2157,3.7714e-05,0.212,0.6
2158,3.7716e-05,0.204,0.6
2159,3.7718e-05,0.212,0.6
2160,3.772e-05,0.204,0.6
2161,3.7722e-05,0.212,0.6
2162,3.7724e-05,0.204,0.6
2163,3.7726e-05,0.212,0.6
2164,3.7728e-05,0.204,0.6
2165,3.773e-05,0.212,0.6
2166,3.7732e-05,0.204,0.6
2167,3.7734e-05,0.212,0.6
2168,3.7736e-05,0.212,0.6
2169,3.7738e-05,0.212,0.6
2170,3.774e-05,0.212,0.6
2171,3.7742e-05,0.212,0.6
2172,3.7743999999999996e-05,0.212,0.2
2173,3.7746e-05,0.212,0.6
2174,3.7748e-05,0.204,0.6
2175,3.7749999999999996e-05,0.212,0.6
2176,3.7752e-05,0.212,0.2
2177,3.7754e-05,0.212,0.6
2178,3.7755999999999996e-05,0.212,0.6
2179,3.7758e-05,0.212,0.6
2180,3.776e-05,0.212,0.6
2181,3.7761999999999995e-05,0.212,0.6
2182,3.7764e-05,0.212,0.6
2183,3.7766e-05,0.212,0.6
2184,3.7768e-05,0.204,0.6
2185,3.777e-05,0.212,0.6
2186,3.7772e-05,0.212,0.6
2187,3.7774e-05,0.212,0.6
2188,3.7776e-05,0.212,0.6
2189,3.7777999999999996e-05,0.212,0.6
2190,3.778e-05,0.212,0.6
2191,3.7782e-05,0.212,0.6
2192,3.7783999999999996e-05,0.212,0.6
2193,3.7786e-05,0.212,0.6
2194,3.7788e-05,0.212,0.6
2195,3.779e-05,0.212,0.6
2196,3.7792e-05,0.212,0.6
2197,3.7794e-05,0.212,0.6
2198,3.7796e-05,0.212,0.6
2199,3.7798e-05,0.212,0.6
2200,3.78e-05,0.212,0.2
2201,3.7802e-05,0.212,0.6
2202,3.7804e-05,0.212,0.6
2203,3.7806e-05,0.212,0.6
2204,3.7808e-05,0.212,0.6
2205,3.781e-05,0.212,0.6
2206,3.7811999999999996e-05,0.212,0.6
2207,3.7814e-05,0.212,0.6
2208,3.7816e-05,0.212,0.6
2209,3.7817999999999996e-05,0.212,0.6
2210,3.782e-05,0.212,0.6
2211,3.7822e-05,0.212,0.6
2212,3.7823999999999996e-05,0.212,0.6
2213,3.7826e-05,0.212,0.6
2214,3.7828e-05,0.212,0.6
2215,3.7829999999999995e-05,0.212,0.6
2216,3.7832e-05,0.212,0.6
2217,3.7834e-05,0.212,0.6
2218,3.7836e-05,0.212,0.6
2219,3.7838e-05,0.212,0.6
2220,3.784e-05,0.212,0.6
2221,3.7842e-05,0.212,0.6
2222,3.7844e-05,0.212,0.6
2223,3.7845999999999996e-05,0.22,0.6
2224,3.7848e-05,0.212,0.6
2225,3.785e-05,0.212,0.6
2226,3.7851999999999996e-05,0.212,0.6
2227,3.7854e-05,0.212,0.6
2228,3.7856e-05,0.212,0.6
2229,3.7858e-05,0.212,0.6
2230,3.786e-05,0.212,0.6
2231,3.7862e-05,0.212,0.6
2232,3.7864e-05,0.212,0.6
2233,3.7866e-05,0.212,0.6
2234,3.7868e-05,0.212,0.6
2235,3.787e-05,0.22,0.6
2236,3.7872e-05,0.212,0.6
2237,3.7874e-05,0.212,0.6
2238,3.7876e-05,0.212,0.6
2239,3.7878e-05,0.22,0.6
2240,3.7879999999999996e-05,0.212,0.6
2241,3.7882e-05,0.212,0.6
2242,3.7884e-05,0.212,0.6
2243,3.7885999999999996e-05,0.22,0.6
2244,3.7888e-05,0.212,0.6
2245,3.789e-05,0.212,0.6
2246,3.7891999999999996e-05,0.212,0.6
2247,3.7894e-05,0.22,0.6
2248,3.7896e-05,0.212,0.6
2249,3.7897999999999995e-05,0.22,0.6
2250,3.79e-05,0.212,0.6
2251,3.7902e-05,0.22,0.6
2252,3.7904e-05,0.212,0.6
2253,3.7906e-05,0.212,0.6
2254,3.7908e-05,0.22,0.6
2255,3.791e-05,0.22,0.6
2256,3.7912e-05,0.212,0.6
2257,3.7913999999999996e-05,0.22,0.6
2258,3.7916e-05,0.212,0.6
2259,3.7918e-05,0.22,0.6
2260,3.7919999999999996e-05,0.22,0.6
2261,3.7922e-05,0.22,0.6
2262,3.7924e-05,0.212,0.6
2263,3.7926e-05,0.22,0.6
2264,3.7928e-05,0.212,0.6
2265,3.793e-05,0.212,0.6
2266,3.7932e-05,0.212,0.6
2267,3.7934e-05,0.22,0.6
2268,3.7936e-05,0.22,0.6
2269,3.7938e-05,0.22,0.6
2270,3.794e-05,0.212,0.6
2271,3.7942e-05,0.22,0.6
2272,3.7944e-05,0.212,0.2
2273,3.7946e-05,0.22,0.6
2274,3.7947999999999996e-05,0.22,1.0
2275,3.795e-05,0.22,0.6
2276,3.7952e-05,0.22,0.6
2277,3.7953999999999996e-05,0.22,0.6
2278,3.7956e-05,0.22,0.6
2279,3.7958e-05,0.22,0.6
2280,3.7959999999999996e-05,0.22,0.6
2281,3.7962e-05,0.22,0.6
2282,3.7964e-05,0.22,0.6
2283,3.7965999999999995e-05,0.22,0.6
2284,3.7968e-05,0.22,0.6
2285,3.797e-05,0.22,0.6
2286,3.7972e-05,0.22,0.6
2287,3.7974e-05,0.22,0.6
2288,3.7976e-05,0.22,0.2
2289,3.7978e-05,0.22,0.6
2290,3.798e-05,0.22,0.6
2291,3.7981999999999997e-05,0.22,0.6
2292,3.7984e-05,0.22,0.6
2293,3.7986e-05,0.22,0.6
2294,3.7987999999999996e-05,0.22,0.6
2295,3.799e-05,0.22,0.6
2296,3.7992e-05,0.212,0.6
2297,3.7994e-05,0.22,0.6
2298,3.7996e-05,0.22,0.6
2299,3.7998e-05,0.22,0.6
2300,3.8e-05,0.22,0.6
2301,3.8002e-05,0.22,0.6
2302,3.8004e-05,0.22,0.6
2303,3.8006e-05,0.22,0.6
2304,3.8008e-05,0.22,0.6
2305,3.801e-05,0.22,0.6
2306,3.8012e-05,0.22,0.6
2307,3.8014e-05,0.22,0.6
2308,3.8015999999999997e-05,0.22,0.6
2309,3.8018e-05,0.22,0.6
2310,3.802e-05,0.22,0.6
2311,3.8021999999999996e-05,0.22,0.6
2312,3.8024e-05,0.22,0.6
2313,3.8026e-05,0.22,0.6
2314,3.8027999999999996e-05,0.22,0.6
2315,3.803e-05,0.22,0.6
2316,3.8032e-05,0.22,0.6
2317,3.8033999999999995e-05,0.22,0.6
2318,3.8036e-05,0.22,0.6
2319,3.8038e-05,0.22,0.6
2320,3.804e-05,0.22,0.6
2321,3.8042e-05,0.22,0.6
2322,3.8044e-05,0.22,0.6
2323,3.8046e-05,0.22,0.6
2324,3.8048e-05,0.22,0.6
2325,3.8049999999999997e-05,0.22,0.6
2326,3.8052e-05,0.22,0.6
2327,3.8054e-05,0.22,0.6
2328,3.8055999999999996e-05,0.22,0.6
2329,3.8058e-05,0.22,0.6
2330,3.806e-05,0.22,0.6
2331,3.8062e-05,0.22,0.6
2332,3.8064e-05,0.22,0.6
2333,3.8066e-05,0.22,0.6
2334,3.8068e-05,0.22,0.6
2335,3.807e-05,0.236,0.6
2336,3.8072e-05,0.22,0.6
2337,3.8074e-05,0.22,0.6
2338,3.8076e-05,0.22,0.6
2339,3.8078e-05,0.22,0.6
2340,3.808e-05,0.22,0.6
2341,3.8082e-05,0.22,0.6
2342,3.8083999999999997e-05,0.22,0.6
2343,3.8086e-05,0.22,0.6
2344,3.8088e-05,0.22,0.6
2345,3.8089999999999996e-05,0.236,0.6
2346,3.8092e-05,0.22,1.0
2347,3.8094e-05,0.236,0.6
2348,3.8095999999999996e-05,0.22,0.6
2349,3.8098e-05,0.22,0.6
2350,3.81e-05,0.22,0.6
2351,3.8101999999999995e-05,0.236,0.6
2352,3.8104e-05,0.22,0.6
2353,3.8106e-05,0.236,0.6
2354,3.8108e-05,0.236,0.6
2355,3.811e-05,0.236,0.6
2356,3.8112e-05,0.22,0.6
2357,3.8114e-05,0.22,0.6
2358,3.8116e-05,0.236,0.6
2359,3.8117999999999997e-05,0.236,0.6
2360,3.812e-05,0.236,0.6
2361,3.8122e-05,0.236,0.6
2362,3.8123999999999996e-05,0.22,0.6
2363,3.8126e-05,0.236,0.6
2364,3.8128e-05,0.22,0.6
2365,3.813e-05,0.236,0.6
2366,3.8132e-05,0.22,1.0
2367,3.8134e-05,0.236,0.6
2368,3.8136e-05,0.236,0.6
2369,3.8138e-05,0.236,0.6
2370,3.814e-05,0.236,0.6
2371,3.8142e-05,0.236,0.6
2372,3.8144e-05,0.236,0.6
2373,3.8146e-05,0.236,0.6
2374,3.8148e-05,0.22,0.6
2375,3.815e-05,0.236,0.6
2376,3.8151999999999997e-05,0.236,0.2
2377,3.8154e-05,0.236,1.0
2378,3.8156e-05,0.236,0.6
2379,3.8157999999999996e-05,0.236,0.6
2380,3.816e-05,0.236,0.6
2381,3.8162e-05,0.236,0.6
2382,3.8163999999999996e-05,0.22,0.6
2383,3.8166e-05,0.236,0.6
2384,3.8168e-05,0.236,0.6
2385,3.8169999999999995e-05,0.236,0.6
2386,3.8172e-05,0.236,0.6
2387,3.8174e-05,0.236,0.6
2388,3.8176e-05,0.236,0.2
2389,3.8178e-05,0.236,0.6
2390,3.818e-05,0.236,0.6
2391,3.8182e-05,0.236,0.6
2392,3.8184e-05,0.236,0.6
2393,3.8185999999999997e-05,0.236,0.6
2394,3.8188e-05,0.236,0.6
2395,3.819e-05,0.236,0.6
2396,3.8191999999999996e-05,0.236,0.6
2397,3.8194e-05,0.236,0.6
2398,3.8196e-05,0.236,0.6
2399,3.8198e-05,0.236,0.6
2400,3.82e-05,0.236,0.6
2401,3.8202e-05,0.236,0.6
2402,3.8204e-05,0.236,0.6
2403,3.8206e-05,0.236,0.6
2404,3.8208e-05,0.236,0.6
2405,3.821e-05,0.236,0.6
2406,3.8212e-05,0.236,0.6
2407,3.8214e-05,0.236,0.6
2408,3.8216e-05,0.236,0.6
2409,3.8218e-05,0.236,0.6
2410,3.8219999999999997e-05,0.236,0.6
2411,3.8222e-05,0.236,1.0
2412,3.8224e-05,0.236,0.6
2413,3.8225999999999996e-05,0.236,0.6
2414,3.8228e-05,0.236,0.6
2415,3.823e-05,0.236,0.6
2416,3.8231999999999996e-05,0.236,0.6
2417,3.8234e-05,0.236,0.6
2418,3.8236e-05,0.236,0.6
2419,3.8237999999999995e-05,0.236,0.6
2420,3.824e-05,0.236,0.6
2421,3.8242e-05,0.236,0.6
2422,3.8244e-05,0.236,0.6
2423,3.8246e-05,0.244,0.6
2424,3.8248e-05,0.236,0.6
2425,3.825e-05,0.236,0.6
2426,3.8252e-05,0.236,0.6
2427,3.8253999999999997e-05,0.244,0.6
2428,3.8256e-05,0.236,0.6
2429,3.8258e-05,0.236,0.6
2430,3.8259999999999996e-05,0.236,0.6
2431,3.8262e-05,0.244,0.6
2432,3.8264e-05,0.236,0.6
2433,3.8266e-05,0.236,0.6
2434,3.8268e-05,0.236,1.0
2435,3.827e-05,0.236,0.6
2436,3.8272e-05,0.236,0.6
2437,3.8274e-05,0.236,0.6
2438,3.8276e-05,0.236,0.6
2439,3.8278e-05,0.244,0.6
2440,3.828e-05,0.244,0.6
2441,3.8282e-05,0.236,0.6
2442,3.8284e-05,0.236,0.6
2443,3.8286e-05,0.244,0.6
2444,3.8288e-05,0.236,0.6
2445,3.829e-05,0.244,0.6
2446,3.8292e-05,0.236,0.6
2447,3.8293999999999996e-05,0.244,0.6
2448,3.8296e-05,0.236,0.6
2449,3.8298e-05,0.244,0.6
2450,3.8299999999999996e-05,0.244,0.6
2451,3.8302e-05,0.244,0.6
2452,3.8304e-05,0.236,0.6
2453,3.8305999999999995e-05,0.236,0.6
2454,3.8308e-05,0.236,1.0
2455,3.831e-05,0.244,0.6
2456,3.8312e-05,0.244,0.6
2457,3.8314e-05,0.244,0.6
2458,3.8316e-05,0.236,0.6
2459,3.8318e-05,0.244,0.6
2460,3.832e-05,0.244,0.6
2461,3.8322e-05,0.244,0.6
2462,3.8324e-05,0.236,0.6
2463,3.8326e-05,0.244,0.6
2464,3.8327999999999996e-05,0.236,0.6
2465,3.833e-05,0.244,0.6
2466,3.8332e-05,0.244,0.6
2467,3.8334e-05,0.244,0.6
2468,3.8336e-05,0.244,0.6
2469,3.8338e-05,0.244,0.6
2470,3.834e-05,0.244,0.6
2471,3.8342e-05,0.244,0.6
2472,3.8344e-05,0.244,0.6
2473,3.8346e-05,0.244,0.6
2474,3.8348e-05,0.244,0.6
2475,3.835e-05,0.244,0.6
2476,3.8352e-05,0.244,0.6
2477,3.8354e-05,0.244,0.6
2478,3.8356e-05,0.236,0.6
2479,3.8358e-05,0.244,0.6
2480,3.836e-05,0.244,0.6
2481,3.8361999999999996e-05,0.244,0.6
2482,3.8364e-05,0.244,0.6
2483,3.8366e-05,0.244,0.6
2484,3.8367999999999996e-05,0.244,0.6
2485,3.837e-05,0.244,0.6
2486,3.8372e-05,0.244,0.6
2487,3.8373999999999995e-05,0.244,0.6
2488,3.8376e-05,0.244,0.6
2489,3.8378e-05,0.244,0.6
2490,3.838e-05,0.244,0.6
2491,3.8382e-05,0.244,0.6
2492,3.8384e-05,0.244,0.6
2493,3.8386e-05,0.244,0.6
2494,3.8388e-05,0.244,0.6
2495,3.839e-05,0.244,0.6
2496,3.8392e-05,0.244,0.6
2497,3.8394e-05,0.244,0.6
2498,3.8395999999999996e-05,0.244,0.6
2499,3.8398e-05,0.244,0.6
2500,3.84e-05,0.244,0.6
2501,3.8402e-05,0.244,0.6
2502,3.8404e-05,0.244,0.6
2503,3.8406e-05,0.244,0.6
2504,3.8408e-05,0.244,0.6
2505,3.841e-05,0.244,0.6
2506,3.8412e-05,0.244,0.6
2507,3.8414e-05,0.244,0.6
2508,3.8416e-05,0.244,0.6
2509,3.8418e-05,0.244,0.6
2510,3.842e-05,0.244,0.6
2511,3.8422e-05,0.252,0.6
2512,3.8424e-05,0.244,0.6
2513,3.8426e-05,0.244,0.6
2514,3.8428e-05,0.244,0.6
2515,3.8429999999999996e-05,0.252,0.6
2516,3.8432e-05,0.244,0.6
2517,3.8434e-05,0.244,0.6
2518,3.8435999999999996e-05,0.244,0.6
2519,3.8438e-05,0.252,0.6
2520,3.844e-05,0.244,0.6
2521,3.8441999999999995e-05,0.244,0.6
2522,3.8444e-05,0.244,0.6
2523,3.8446e-05,0.244,0.6
2524,3.8448e-05,0.244,0.6
2525,3.845e-05,0.244,0.6
2526,3.8452e-05,0.244,0.6
2527,3.8454e-05,0.252,0.6
2528,3.8456e-05,0.244,0.6
2529,3.8458e-05,0.244,0.6
2530,3.846e-05,0.244,0.6
2531,3.8462e-05,0.244,0.6
2532,3.8463999999999996e-05,0.244,0.6
2533,3.8466e-05,0.244,0.6
2534,3.8468e-05,0.244,0.6
2535,3.847e-05,0.252,0.6
2536,3.8472e-05,0.244,0.6
2537,3.8474e-05,0.244,0.6
2538,3.8476e-05,0.244,0.6
2539,3.8478e-05,0.244,0.6
2540,3.848e-05,0.244,0.6
2541,3.8482e-05,0.244,0.6
2542,3.8484e-05,0.244,0.6
2543,3.8486e-05,0.252,0.6
2544,3.8488e-05,0.244,0.6
2545,3.849e-05,0.252,0.6
2546,3.8492e-05,0.244,0.6
2547,3.8494e-05,0.252,0.6
2548,3.8496e-05,0.244,0.2
2549,3.8497999999999996e-05,0.252,0.6
2550,3.85e-05,0.244,0.6
2551,3.8502e-05,0.252,1.0
2552,3.8503999999999996e-05,0.244,0.6
2553,3.8506e-05,0.252,0.6
2554,3.8508e-05,0.244,1.0
2555,3.8509999999999996e-05,0.252,0.6
2556,3.8512e-05,0.244,0.6
2557,3.8514e-05,0.252,0.6
2558,3.8516e-05,0.244,0.6
2559,3.8518e-05,0.252,0.6
2560,3.852e-05,0.244,0.6
2561,3.8522e-05,0.252,0.6
2562,3.8524e-05,0.252,0.6
2563,3.8526e-05,0.252,0.6
2564,3.8528e-05,0.244,0.6
2565,3.853e-05,0.252,0.6
2566,3.8531999999999996e-05,0.252,1.0
2567,3.8534e-05,0.252,0.6
2568,3.8536e-05,0.252,0.6
2569,3.8538e-05,0.252,0.6
2570,3.854e-05,0.252,0.6
2571,3.8542e-05,0.252,0.6
2572,3.8544e-05,0.252,0.6
2573,3.8546e-05,0.252,0.6
2574,3.8548e-05,0.252,1.0
2575,3.855e-05,0.252,0.6
2576,3.8552e-05,0.252,0.2
2577,3.8554e-05,0.252,1.0
2578,3.8556e-05,0.252,0.6
2579,3.8558e-05,0.252,1.0
2580,3.856e-05,0.252,0.6
2581,3.8562e-05,0.252,0.6
2582,3.8564e-05,0.252,0.6
2583,3.8565999999999996e-05,0.252,0.6
2584,3.8568e-05,0.252,0.6
2585,3.857e-05,0.252,0.6
2586,3.8571999999999996e-05,0.252,0.6
2587,3.8574e-05,0.252,1.0
2588,3.8576e-05,0.252,0.6
2589,3.8577999999999996e-05,0.252,0.6
2590,3.858e-05,0.252,0.6
2591,3.8582e-05,0.252,0.6
2592,3.8584e-05,0.252,0.6
2593,3.8586e-05,0.252,0.6
2594,3.8588e-05,0.252,0.6
2595,3.859e-05,0.252,0.6
2596,3.8592e-05,0.252,0.6
2597,3.8594e-05,0.252,0.6
2598,3.8596e-05,0.252,0.6
2599,3.8598e-05,0.252,0.6
2600,3.8599999999999996e-05,0.252,0.6
2601,3.8602e-05,0.252,0.6
2602,3.8604e-05,0.252,0.6
2603,3.8606e-05,0.252,0.6
2604,3.8608e-05,0.252,0.6
2605,3.861e-05,0.252,0.6
2606,3.8612e-05,0.252,0.6
2607,3.8614e-05,0.252,0.6
2608,3.8616e-05,0.252,0.6
2609,3.8618e-05,0.252,0.6
2610,3.862e-05,0.252,0.6
2611,3.8622e-05,0.26,0.6
2612,3.8624e-05,0.252,0.6
2613,3.8626e-05,0.252,0.6
2614,3.8628e-05,0.252,0.6
2615,3.863e-05,0.26,0.6
2616,3.8632e-05,0.252,0.6
2617,3.8633999999999996e-05,0.252,0.6
2618,3.8636e-05,0.252,0.6
2619,3.8638e-05,0.252,0.6
2620,3.8639999999999996e-05,0.252,0.6
2621,3.8642e-05,0.252,1.0
2622,3.8644e-05,0.252,0.6
2623,3.8645999999999996e-05,0.252,0.6
2624,3.8648e-05,0.252,0.6
2625,3.865e-05,0.252,0.6
2626,3.8652e-05,0.252,0.6
2627,3.8654e-05,0.26,0.6
2628,3.8656e-05,0.252,0.6
2629,3.8658e-05,0.252,0.6
2630,3.866e-05,0.252,0.6
2631,3.8662e-05,0.26,0.6
2632,3.8664e-05,0.252,0.6
2633,3.8666e-05,0.252,0.6
2634,3.8667999999999996e-05,0.252,1.0
2635,3.867e-05,0.26,0.6
2636,3.8672e-05,0.252,0.6
2637,3.8674e-05,0.252,0.6
2638,3.8676e-05,0.252,0.6
2639,3.8678e-05,0.26,0.6
2640,3.868e-05,0.252,0.6
2641,3.8682e-05,0.252,0.6
2642,3.8684e-05,0.252,0.6
2643,3.8686e-05,0.26,0.6
2644,3.8688e-05,0.26,0.6
2645,3.869e-05,0.252,0.6
2646,3.8692e-05,0.252,0.6
2647,3.8694e-05,0.26,0.6
2648,3.8696e-05,0.252,0.6
2649,3.8698e-05,0.26,0.6
2650,3.87e-05,0.26,0.6
2651,3.8701999999999996e-05,0.26,0.6
2652,3.8704e-05,0.252,0.6
2653,3.8706e-05,0.26,0.6
2654,3.8707999999999996e-05,0.26,1.0
2655,3.871e-05,0.26,0.6
2656,3.8712e-05,0.26,0.6
2657,3.8713999999999996e-05,0.26,0.6
2658,3.8716e-05,0.26,0.6
2659,3.8718e-05,0.26,0.6
2660,3.872e-05,0.26,0.6
2661,3.8722e-05,0.26,0.6
2662,3.8724e-05,0.26,0.6
2663,3.8726e-05,0.26,0.6
2664,3.8728e-05,0.26,0.6
2665,3.873e-05,0.26,0.6
2666,3.8732e-05,0.26,0.6
2667,3.8734e-05,0.26,0.6
2668,3.8735999999999996e-05,0.26,0.6
2669,3.8738e-05,0.26,0.6
2670,3.874e-05,0.26,0.6
2671,3.8742e-05,0.26,0.6
2672,3.8744e-05,0.26,0.6
2673,3.8746e-05,0.26,0.6
2674,3.8748e-05,0.26,0.6
2675,3.875e-05,0.26,0.6
2676,3.8752e-05,0.26,0.6
2677,3.8754e-05,0.26,0.6
2678,3.8756e-05,0.26,0.6
2679,3.8758e-05,0.26,0.6
2680,3.876e-05,0.26,0.6
2681,3.8762e-05,0.26,0.6
2682,3.8764e-05,0.26,0.6
2683,3.8766e-05,0.26,0.6
2684,3.8768e-05,0.26,0.6
2685,3.8769999999999996e-05,0.26,0.6
2686,3.8772e-05,0.26,0.6
2687,3.8774e-05,0.26,0.6
2688,3.8775999999999996e-05,0.26,0.6
2689,3.8778e-05,0.26,0.6
2690,3.878e-05,0.26,0.6
2691,3.8781999999999996e-05,0.26,0.6
2692,3.8784e-05,0.26,0.6
2693,3.8786e-05,0.26,0.6
2694,3.8787999999999995e-05,0.26,1.0
2695,3.879e-05,0.26,0.6
2696,3.8792e-05,0.26,0.6
2697,3.8794e-05,0.26,0.6
2698,3.8796e-05,0.26,0.6
2699,3.8798e-05,0.26,0.6
2700,3.88e-05,0.26,0.6
2701,3.8802e-05,0.26,0.6
2702,3.8803999999999996e-05,0.26,0.6
2703,3.8806e-05,0.268,0.6
2704,3.8808e-05,0.26,0.6
2705,3.881e-05,0.26,0.6
2706,3.8812e-05,0.26,0.6
2707,3.8814e-05,0.268,0.6
2708,3.8816e-05,0.26,0.6
2709,3.8818e-05,0.26,0.6
2710,3.882e-05,0.26,0.6
2711,3.8822e-05,0.26,0.6
2712,3.8824e-05,0.26,0.6
2713,3.8826e-05,0.26,0.6
2714,3.8828e-05,0.26,1.0
2715,3.883e-05,0.268,0.6
2716,3.8832e-05,0.26,0.6
2717,3.8834e-05,0.26,0.6
2718,3.8836e-05,0.26,0.6
2719,3.8837999999999996e-05,0.268,0.6
2720,3.884e-05,0.26,0.6
2721,3.8842e-05,0.26,0.6
2722,3.8843999999999996e-05,0.26,0.6
2723,3.8846e-05,0.268,0.6
2724,3.8848e-05,0.26,0.6
2725,3.8849999999999996e-05,0.26,0.6
2726,3.8852e-05,0.26,1.0
2727,3.8854e-05,0.268,0.6
2728,3.8855999999999995e-05,0.26,0.6
2729,3.8858e-05,0.26,0.6
2730,3.886e-05,0.26,0.6
2731,3.8862e-05,0.268,0.6
2732,3.8864e-05,0.268,0.6
2733,3.8866e-05,0.26,0.6
2734,3.8868e-05,0.26,1.0
2735,3.887e-05,0.268,0.6
2736,3.8871999999999996e-05,0.268,0.6
2737,3.8874e-05,0.26,0.6
2738,3.8876e-05,0.26,0.6
2739,3.8878e-05,0.268,0.6
2740,3.888e-05,0.26,0.6
2741,3.8882e-05,0.26,0.6
2742,3.8884e-05,0.26,1.0
2743,3.8886e-05,0.268,0.6
2744,3.8888e-05,0.268,0.6
2745,3.889e-05,0.268,0.6
2746,3.8892e-05,0.26,0.6
2747,3.8894e-05,0.268,0.6
2748,3.8896e-05,0.268,0.6
2749,3.8898e-05,0.268,0.6
2750,3.89e-05,0.26,0.6
2751,3.8902e-05,0.268,0.6
2752,3.8904e-05,0.26,0.6
2753,3.8905999999999996e-05,0.268,0.6
2754,3.8908e-05,0.26,1.0
2755,3.891e-05,0.268,0.6
2756,3.8911999999999996e-05,0.268,0.6
2757,3.8914e-05,0.268,0.6
2758,3.8916e-05,0.268,0.6
2759,3.8917999999999996e-05,0.268,0.6
2760,3.892e-05,0.268,0.6
2761,3.8922e-05,0.268,0.6
2762,3.8923999999999995e-05,0.26,1.0
2763,3.8926e-05,0.268,0.6
2764,3.8928e-05,0.268,0.6
2765,3.893e-05,0.268,0.6
2766,3.8932e-05,0.268,0.6
2767,3.8934e-05,0.268,0.6
2768,3.8936e-05,0.268,0.6
2769,3.8938e-05,0.268,0.6
2770,3.8939999999999996e-05,0.268,0.6
2771,3.8942e-05,0.268,0.6
2772,3.8944e-05,0.268,0.6
2773,3.8945999999999996e-05,0.268,0.6
2774,3.8948e-05,0.268,1.0
2775,3.895e-05,0.268,0.6
2776,3.8952e-05,0.268,0.6
2777,3.8954e-05,0.268,1.0
2778,3.8956e-05,0.268,0.6
2779,3.8958e-05,0.268,1.0
2780,3.896e-05,0.268,0.6
2781,3.8962e-05,0.268,0.6
2782,3.8964e-05,0.268,1.0
2783,3.8966e-05,0.268,0.6
2784,3.8968e-05,0.268,0.6
2785,3.897e-05,0.268,0.6
2786,3.8972e-05,0.268,0.6
2787,3.8973999999999996e-05,0.268,1.0
2788,3.8976e-05,0.268,0.6
2789,3.8978e-05,0.268,0.6
2790,3.8979999999999996e-05,0.268,0.6
2791,3.8982e-05,0.268,0.6
2792,3.8984e-05,0.268,0.6
2793,3.8985999999999996e-05,0.268,0.6
2794,3.8988e-05,0.268,0.6
2795,3.899e-05,0.268,0.6
2796,3.8991999999999995e-05,0.268,0.6
2797,3.8994e-05,0.268,0.6
2798,3.8996e-05,0.268,0.6
2799,3.8998e-05,0.268,0.6
2800,3.9e-05,0.268,0.6
2801,3.9002e-05,0.268,0.6
2802,3.9004e-05,0.268,1.0
2803,3.9006e-05,0.276,0.6
2804,3.9007999999999997e-05,0.268,0.6
2805,3.901e-05,0.268,0.6
2806,3.9012e-05,0.268,0.6
2807,3.9013999999999996e-05,0.276,0.6
2808,3.9016e-05,0.268,0.6
2809,3.9018e-05,0.268,0.6
2810,3.902e-05,0.268,1.0
2811,3.9022e-05,0.276,0.6
2812,3.9024e-05,0.268,0.6
2813,3.9026e-05,0.268,0.6
2814,3.9028e-05,0.268,0.6
2815,3.903e-05,0.276,0.6
2816,3.9032e-05,0.268,0.6
2817,3.9034e-05,0.268,0.6
2818,3.9036e-05,0.268,1.0
2819,3.9038e-05,0.268,0.6
2820,3.904e-05,0.268,0.6
2821,3.9041999999999997e-05,0.268,0.6
2822,3.9044e-05,0.268,0.6
2823,3.9046e-05,0.276,0.6
2824,3.9047999999999996e-05,0.268,0.6
2825,3.905e-05,0.268,0.6
2826,3.9052e-05,0.268,1.0
2827,3.9053999999999996e-05,0.276,1.0
2828,3.9056e-05,0.268,0.6
2829,3.9058e-05,0.268,0.6
2830,3.9059999999999995e-05,0.268,0.6
2831,3.9062e-05,0.276,0.6
2832,3.9064e-05,0.268,0.6
2833,3.9066e-05,0.276,0.6
2834,3.9068e-05,0.268,1.0
2835,3.907e-05,0.276,0.6
2836,3.9072e-05,0.268,0.6
2837,3.9074e-05,0.276,1.0
2838,3.9075999999999997e-05,0.268,0.6
2839,3.9078e-05,0.276,1.0
2840,3.908e-05,0.276,0.6
2841,3.9081999999999996e-05,0.276,0.6
2842,3.9084e-05,0.268,0.6
2843,3.9086e-05,0.276,0.6
2844,3.9088e-05,0.276,0.6
2845,3.909e-05,0.276,0.6
2846,3.9092e-05,0.268,1.0
2847,3.9094e-05,0.276,0.6
2848,3.9096e-05,0.276,0.6
2849,3.9098e-05,0.276,0.6
2850,3.91e-05,0.276,0.6
2851,3.9102e-05,0.276,0.6
2852,3.9104e-05,0.268,0.6
2853,3.9106e-05,0.276,0.6
2854,3.9108e-05,0.276,1.0
2855,3.9109999999999997e-05,0.276,0.6
2856,3.9112e-05,0.276,0.6
2857,3.9114e-05,0.276,0.6
2858,3.9115999999999996e-05,0.276,1.0
2859,3.9118e-05,0.276,1.0
2860,3.912e-05,0.276,0.6
2861,3.9121999999999996e-05,0.276,1.0
2862,3.9124e-05,0.268,0.6
2863,3.9126e-05,0.276,0.6
2864,3.9127999999999995e-05,0.276,0.6
2865,3.913e-05,0.276,0.6
2866,3.9132e-05,0.276,1.0
2867,3.9134e-05,0.276,0.6
2868,3.9136e-05,0.276,0.6
2869,3.9138e-05,0.276,0.6
2870,3.914e-05,0.276,0.6
2871,3.9142e-05,0.276,0.6
2872,3.9143999999999997e-05,0.276,0.6
2873,3.9146e-05,0.276,0.6
2874,3.9148e-05,0.276,1.0
2875,3.9149999999999996e-05,0.276,0.6
2876,3.9152e-05,0.276,0.6
2877,3.9154e-05,0.276,1.0
2878,3.9156e-05,0.276,0.6
2879,3.9158e-05,0.276,0.6
2880,3.916e-05,0.276,0.6
2881,3.9162e-05,0.276,0.6
2882,3.9164e-05,0.276,1.0
2883,3.9166e-05,0.276,0.6
2884,3.9168e-05,0.276,0.6
2885,3.917e-05,0.276,0.6
2886,3.9172e-05,0.276,1.0
2887,3.9174e-05,0.276,1.0
2888,3.9176e-05,0.276,0.6
2889,3.9177999999999997e-05,0.276,1.0
2890,3.918e-05,0.276,0.6
2891,3.9182e-05,0.276,1.0
2892,3.9183999999999996e-05,0.276,0.6
2893,3.9186e-05,0.276,1.0
2894,3.9188e-05,0.276,1.0
2895,3.9189999999999996e-05,0.284,0.6
2896,3.9192e-05,0.276,0.6
2897,3.9194e-05,0.276,0.6
2898,3.9195999999999995e-05,0.276,1.0
2899,3.9198e-05,0.276,0.6
2900,3.92e-05,0.276,0.6
2901,3.9202e-05,0.276,0.6
2902,3.9204e-05,0.276,0.6
2903,3.9206e-05,0.284,1.0
2904,3.9208e-05,0.276,0.6
2905,3.921e-05,0.276,0.6
2906,3.9211999999999997e-05,0.276,1.0
2907,3.9214e-05,0.284,1.0
2908,3.9216e-05,0.276,0.6
2909,3.9217999999999996e-05,0.276,0.6
2910,3.922e-05,0.276,0.6
2911,3.9222e-05,0.284,0.6
2912,3.9224e-05,0.276,0.6
2913,3.9226e-05,0.276,0.6
2914,3.9228e-05,0.276,1.0
2915,3.923e-05,0.284,0.6
2916,3.9232e-05,0.276,0.6
2917,3.9234e-05,0.276,0.6
2918,3.9236e-05,0.276,0.6
2919,3.9238e-05,0.284,1.0
2920,3.924e-05,0.276,0.6
2921,3.9242e-05,0.276,0.6
2922,3.9244e-05,0.276,0.6
2923,3.9245999999999997e-05,0.284,0.6
2924,3.9248e-05,0.276,0.6
2925,3.925e-05,0.284,0.6
2926,3.9251999999999996e-05,0.276,1.0
2927,3.9254e-05,0.284,0.6
2928,3.9256e-05,0.276,0.6
2929,3.9257999999999996e-05,0.284,1.0
2930,3.926e-05,0.276,0.6
2931,3.9262e-05,0.284,1.0
2932,3.9263999999999995e-05,0.276,0.6
2933,3.9266e-05,0.284,0.6
2934,3.9268e-05,0.284,1.0
2935,3.927e-05,0.284,0.6
2936,3.9272e-05,0.276,0.6
2937,3.9274e-05,0.284,0.6
2938,3.9276e-05,0.276,0.6
2939,3.9278e-05,0.284,1.0
2940,3.928e-05,0.284,0.6
2941,3.9282e-05,0.284,1.0
2942,3.9284e-05,0.276,0.6
2943,3.9285999999999996e-05,0.284,0.6
2944,3.9288e-05,0.276,0.6
2945,3.929e-05,0.284,0.6
2946,3.9292e-05,0.284,1.0
2947,3.9294e-05,0.284,1.0
2948,3.9296e-05,0.284,0.6
2949,3.9298e-05,0.284,1.0
2950,3.93e-05,0.284,0.6
2951,3.9302e-05,0.284,1.0
2952,3.9304e-05,0.284,0.6
2953,3.9306e-05,0.284,0.6
2954,3.9308e-05,0.284,1.0
2955,3.931e-05,0.284,0.6
2956,3.9312e-05,0.276,1.0
2957,3.9314e-05,0.284,1.0
2958,3.9316e-05,0.284,0.6
2959,3.9318e-05,0.284,0.6
2960,3.9319999999999996e-05,0.284,0.6
2961,3.9322e-05,0.284,0.6
2962,3.9324e-05,0.284,0.6
2963,3.9325999999999996e-05,0.284,0.6
2964,3.9328e-05,0.284,0.6
2965,3.933e-05,0.284,0.6
2966,3.9331999999999995e-05,0.284,1.0
2967,3.9334e-05,0.284,1.0
2968,3.9336e-05,0.284,0.6
2969,3.9338e-05,0.284,0.6
2970,3.934e-05,0.284,0.6
2971,3.9342e-05,0.284,1.0
2972,3.9344e-05,0.284,0.6
2973,3.9346e-05,0.284,0.6
2974,3.9348e-05,0.276,1.0
2975,3.935e-05,0.284,0.6
2976,3.9352e-05,0.284,0.6
2977,3.9353999999999996e-05,0.284,1.0
2978,3.9356e-05,0.284,0.6
2979,3.9358e-05,0.284,1.0
2980,3.936e-05,0.284,0.6
2981,3.9362e-05,0.284,0.6
2982,3.9364e-05,0.284,1.0
2983,3.9366e-05,0.292,0.6
2984,3.9368e-05,0.284,0.6
2985,3.937e-05,0.284,0.6
2986,3.9372e-05,0.284,1.0
2987,3.9374e-05,0.284,1.0
2988,3.9376e-05,0.284,0.6
2989,3.9378e-05,0.284,1.0
2990,3.938e-05,0.284,1.0
2991,3.9382e-05,0.284,0.6
2992,3.9384e-05,0.284,0.6
2993,3.9386e-05,0.284,0.6
2994,3.9387999999999996e-05,0.284,1.0
2995,3.939e-05,0.292,1.0
2996,3.9392e-05,0.284,0.6
2997,3.9393999999999996e-05,0.284,1.0
2998,3.9396e-05,0.284,0.6
2999,3.9398e-05,0.284,1.0
3000,3.9399999999999995e-05,0.284,0.6
3001,3.9402e-05,0.284,0.6
3002,3.9404e-05,0.284,0.6
3003,3.9406e-05,0.292,0.6
3004,3.9408e-05,0.284,0.6
3005,3.941e-05,0.292,0.6
3006,3.9412e-05,0.284,1.0
3007,3.9414e-05,0.292,0.6
3008,3.9416e-05,0.284,0.6
3009,3.9418e-05,0.284,1.0
3010,3.942e-05,0.284,1.0
3011,3.9421999999999996e-05,0.292,1.0
3012,3.9424e-05,0.284,0.6
3013,3.9426e-05,0.284,0.6
3014,3.9428e-05,0.284,1.0
3015,3.943e-05,0.292,0.6
3016,3.9432e-05,0.284,0.6
3017,3.9434e-05,0.284,0.6
3018,3.9436e-05,0.284,1.0
3019,3.9438e-05,0.292,1.0
3020,3.944e-05,0.284,0.6
3021,3.9442e-05,0.284,1.0
3022,3.9444e-05,0.284,0.6
3023,3.9446e-05,0.292,0.6
3024,3.9448e-05,0.284,0.6
3025,3.945e-05,0.292,0.6
3026,3.9452e-05,0.284,0.6
3027,3.9454e-05,0.284,0.6
3028,3.9455999999999996e-05,0.276,0.6
3029,3.9458e-05,0.268,0.6
3030,3.946e-05,0.252,0.6
3031,3.9461999999999996e-05,0.236,0.6
3032,3.9464e-05,0.212,0.2
3033,3.9466e-05,0.204,0.6
3034,3.9467999999999995e-05,0.204,0.6
3035,3.947e-05,0.212,0.6
3036,3.9472e-05,0.212,0.6
3037,3.9474e-05,0.236,0.6
3038,3.9476e-05,0.244,0.6
3039,3.9478e-05,0.26,0.6
3040,3.948e-05,0.26,0.6
3041,3.9482e-05,0.26,0.6
3042,3.9484e-05,0.268,1.0
3043,3.9486e-05,0.268,1.0
3044,3.9488e-05,0.268,0.6
3045,3.9489999999999996e-05,0.268,0.6
3046,3.9492e-05,0.268,1.0
3047,3.9494e-05,0.268,0.6
3048,3.9496e-05,0.268,0.6
3049,3.9498e-05,0.268,0.6
3050,3.95e-05,0.268,0.6
3051,3.9502e-05,0.276,1.0
3052,3.9504e-05,0.276,0.6
3053,3.9506e-05,0.276,0.6
3054,3.9508e-05,0.276,1.0
3055,3.951e-05,0.276,0.6
3056,3.9512e-05,0.268,0.6
3057,3.9514e-05,0.276,0.6
3058,3.9516e-05,0.276,1.0
3059,3.9518e-05,0.276,1.0
3060,3.952e-05,0.276,0.6
3061,3.9522e-05,0.276,1.0
3062,3.9523999999999996e-05,0.276,0.6
3063,3.9526e-05,0.284,1.0
3064,3.9528e-05,0.276,0.6
3065,3.9529999999999996e-05,0.276,0.6
3066,3.9532e-05,0.276,1.0
3067,3.9534e-05,0.284,0.6
3068,3.9535999999999996e-05,0.276,0.6
3069,3.9538e-05,0.276,1.0
3070,3.954e-05,0.276,0.6
3071,3.9542e-05,0.284,1.0
3072,3.9544e-05,0.276,0.6
3073,3.9546e-05,0.284,0.6
3074,3.9548e-05,0.276,1.0
3075,3.955e-05,0.284,0.6
3076,3.9552e-05,0.284,0.6
3077,3.9554e-05,0.276,0.6
3078,3.9556e-05,0.276,0.6
3079,3.9557999999999996e-05,0.284,0.6
3080,3.956e-05,0.284,0.6
3081,3.9562e-05,0.284,0.6
3082,3.9564e-05,0.284,1.0
3083,3.9566e-05,0.284,0.6
3084,3.9568e-05,0.284,0.6
3085,3.957e-05,0.284,1.0
3086,3.9572e-05,0.284,1.0
3087,3.9574e-05,0.284,1.0
3088,3.9576e-05,0.284,0.6
3089,3.9578e-05,0.284,0.6
3090,3.958e-05,0.284,1.0
3091,3.9582e-05,0.284,0.6
3092,3.9584e-05,0.284,0.6
3093,3.9586e-05,0.284,1.0
3094,3.9588e-05,0.284,1.0
3095,3.959e-05,0.292,0.6
3096,3.9591999999999996e-05,0.284,0.6
3097,3.9594e-05,0.284,0.6
3098,3.9596e-05,0.284,1.0
3099,3.9597999999999996e-05,0.292,1.0
3100,3.96e-05,0.284,0.6
3101,3.9602e-05,0.284,1.0
3102,3.9603999999999996e-05,0.284,0.6
3103,3.9606e-05,0.292,1.0
3104,3.9608e-05,0.284,0.6
3105,3.961e-05,0.292,0.6
3106,3.9612e-05,0.284,1.0
3107,3.9614e-05,0.292,1.0
3108,3.9616e-05,0.284,0.6
3109,3.9618e-05,0.292,1.0
3110,3.962e-05,0.284,1.0
3111,3.9622e-05,0.292,1.0
3112,3.9624e-05,0.284,0.6
3113,3.9625999999999996e-05,0.292,0.6
3114,3.9628e-05,0.284,1.0
3115,3.963e-05,0.292,0.6
3116,3.9632e-05,0.284,0.6
3117,3.9634e-05,0.292,1.0
3118,3.9636e-05,0.284,1.0
3119,3.9638e-05,0.292,1.0
3120,3.964e-05,0.292,0.6
3121,3.9642e-05,0.292,1.0
3122,3.9644e-05,0.292,1.0
3123,3.9646e-05,0.292,1.0
3124,3.9648e-05,0.292,0.6
3125,3.965e-05,0.292,1.0
3126,3.9652e-05,0.292,1.0
3127,3.9654e-05,0.292,1.0
3128,3.9656e-05,0.292,0.6
3129,3.9658e-05,0.292,1.0
3130,3.9659999999999996e-05,0.292,1.0
3131,3.9662e-05,0.292,1.0
3132,3.9664e-05,0.292,0.6
3133,3.9665999999999996e-05,0.292,1.0
3134,3.9668e-05,0.292,1.0
3135,3.967e-05,0.292,1.0
3136,3.9671999999999996e-05,0.292,0.6
3137,3.9674e-05,0.292,1.0
3138,3.9676e-05,0.292,1.0
3139,3.9678e-05,0.292,1.0
3140,3.968e-05,0.292,0.6
3141,3.9682e-05,0.292,1.0
3142,3.9684e-05,0.284,1.0
3143,3.9686e-05,0.292,1.0
3144,3.9688e-05,0.292,1.0
3145,3.969e-05,0.292,1.4
3146,3.9692e-05,0.284,1.4
3147,3.9693999999999996e-05,0.292,1.4
3148,3.9696e-05,0.292,1.4
3149,3.9698e-05,0.292,1.8
3150,3.97e-05,0.284,1.8
3151,3.9702e-05,0.292,1.8
3152,3.9704e-05,0.292,1.8
3153,3.9706e-05,0.292,2.2
3154,3.9708e-05,0.284,2.2
3155,3.971e-05,0.292,2.2
3156,3.9712e-05,0.284,2.2
3157,3.9714e-05,0.284,2.6
3158,3.9716e-05,0.284,2.6
3159,3.9718e-05,0.292,2.6
3160,3.972e-05,0.284,2.6
3161,3.9722e-05,0.292,3.0
3162,3.9724e-05,0.292,3.0
3163,3.9726e-05,0.292,3.0
3164,3.9727999999999996e-05,0.284,3.0
3165,3.973e-05,0.292,3.4
3166,3.9732e-05,0.284,3.4
3167,3.9733999999999996e-05,0.292,3.8
3168,3.9736e-05,0.284,3.4
3169,3.9738e-05,0.284,3.8
3170,3.9739999999999996e-05,0.292,3.8
3171,3.9742e-05,0.292,4.2
3172,3.9744e-05,0.292,4.2
3173,3.9746e-05,0.292,4.2
3174,3.9748e-05,0.292,4.6
3175,3.975e-05,0.292,4.6
3176,3.9752e-05,0.292,4.6
3177,3.9754e-05,0.284,5.0
3178,3.9756e-05,0.292,5.0
3179,3.9758e-05,0.292,5.8
3180,3.976e-05,0.284,5.8
3181,3.9761999999999996e-05,0.292,5.8
3182,3.9764e-05,0.284,6.2
3183,3.9766e-05,0.292,6.2
3184,3.9768e-05,0.284,6.2
3185,3.977e-05,0.284,6.6
3186,3.9772e-05,0.284,7.0
3187,3.9774e-05,0.292,7.0
3188,3.9776e-05,0.284,7.0
3189,3.9778e-05,0.284,7.8
3190,3.978e-05,0.284,8.2
3191,3.9782e-05,0.284,8.6
3192,3.9784e-05,0.276,8.6
3193,3.9786e-05,0.276,9.4
3194,3.9788e-05,0.268,10.2
3195,3.979e-05,0.268,11.0
3196,3.9792e-05,0.26,12.2
3197,3.9794e-05,0.26,13.4
3198,3.9795999999999996e-05,0.252,14.6
3199,3.9798e-05,0.244,16.2
3200,3.98e-05,0.236,17.8
3201,3.9801999999999996e-05,0.22,20.2
3202,3.9804e-05,0.204,22.2
3203,3.9806e-05,0.188,25.0
3204,3.9807999999999996e-05,0.18,27.8
3205,3.981e-05,0.156,31.4
3206,3.9812e-05,0.14,34.6
3207,3.9814e-05,0.124,38.2
3208,3.9816e-05,0.084,40.2
3209,3.9818e-05,0.012,41.8
3210,3.982e-05,-0.276,42.6
3211,3.9822e-05,-0.58,43.0
3212,3.9824e-05,-0.764,43.0
3213,3.9826e-05,-0.86,42.6
3214,3.9828e-05,-0.86,42.6
3215,3.9829999999999996e-05,-0.86,42.2
3216,3.9832e-05,-0.86,42.2
3217,3.9834e-05,-0.804,41.8
3218,3.9836e-05,-0.724,41.8
3219,3.9838e-05,-0.652,41.8
3220,3.984e-05,-0.54,41.8
3221,3.9842e-05,-0.436,41.8
3222,3.9844e-05,-0.332,42.2
3223,3.9846e-05,-0.244,42.2
3224,3.9848e-05,-0.156,42.6
3225,3.985e-05,-0.084,43.0
3226,3.9852e-05,-0.044,43.8
3227,3.9854e-05,-0.028,44.6
3228,3.9856e-05,-0.028,45.4
3229,3.9858e-05,-0.06,45.8
3230,3.986e-05,-0.092,46.6
3231,3.9862e-05,-0.14,46.6
3232,3.9863999999999996e-05,-0.164,47.0
3233,3.9866e-05,-0.164,47.8
3234,3.9868e-05,-0.14,47.8
3235,3.9869999999999996e-05,-0.108,48.2
3236,3.9872e-05,-0.076,48.6
3237,3.9874e-05,-0.052,49.0
3238,3.9875999999999996e-05,-0.044,49.8
3239,3.9878e-05,-0.052,50.2
3240,3.988e-05,-0.076,51.0
3241,3.9882e-05,-0.1,51.0
3242,3.9884e-05,-0.124,51.0
3243,3.9886e-05,-0.148,51.4
3244,3.9888e-05,-0.14,51.4
3245,3.989e-05,-0.116,51.4
3246,3.9892e-05,-0.092,51.4
3247,3.9894e-05,-0.076,51.8
3248,3.9896e-05,-0.06,52.2
3249,3.9897999999999996e-05,-0.06,52.2
3250,3.99e-05,-0.068,52.2
3251,3.9902e-05,-0.092,52.6
3252,3.9904e-05,-0.108,52.6
3253,3.9906e-05,-0.124,52.6
3254,3.9908e-05,-0.124,52.2
3255,3.991e-05,-0.124,52.2
3256,3.9912e-05,-0.108,52.2
3257,3.9914e-05,-0.092,51.8
3258,3.9916e-05,-0.076,51.8
3259,3.9918e-05,-0.068,51.8
3260,3.992e-05,-0.068,51.8
3261,3.9922e-05,-0.084,51.4
3262,3.9924e-05,-0.092,51.0
3263,3.9926e-05,-0.108,51.0
3264,3.9928e-05,-0.108,50.6
3265,3.993e-05,-0.116,50.2
3266,3.9931999999999996e-05,-0.1,49.8
3267,3.9934e-05,-0.1,49.4
3268,3.9936e-05,-0.084,49.0
3269,3.9937999999999996e-05,-0.076,48.6
3270,3.994e-05,-0.068,48.2
3271,3.9942e-05,-0.076,47.8
3272,3.9943999999999996e-05,-0.092,45.8
3273,3.9946e-05,-0.108,41.0
3274,3.9948e-05,-0.268,36.6
3275,3.995e-05,-0.86,32.6
3276,3.9952e-05,-0.86,28.6
3277,3.9954e-05,-0.588,23.0
3278,3.9956e-05,0.1,18.6
3279,3.9958e-05,0.132,15.8
3280,3.996e-05,-0.18,14.2
3281,3.9962e-05,-0.188,12.2
3282,3.9964e-05,0.052,10.6
3283,3.9965999999999996e-05,0.124,9.4
3284,3.9968e-05,0.092,8.6
3285,3.997e-05,0.14,8.6
3286,3.9972e-05,0.204,8.2
3287,3.9974e-05,0.212,8.2
3288,3.9976e-05,0.196,8.2
3289,3.9978e-05,0.212,8.6
3290,3.998e-05,0.236,9.4
3291,3.9982e-05,0.244,9.8
3292,3.9984e-05,0.236,10.6
3293,3.9986e-05,0.22,12.6
3294,3.9988e-05,0.212,14.2
3295,3.999e-05,0.204,16.2
3296,3.9992e-05,0.172,19.0
3297,3.9994e-05,0.14,21.4
3298,3.9996e-05,0.108,25.0
3299,3.9998e-05,0.068,28.6
3300,3.9999999999999996e-05,0.012,32.6
3301,4.0002e-05,-0.036,36.6
3302,4.0004e-05,-0.084,39.8
3303,4.0005999999999996e-05,-0.14,43.4
3304,4.0008e-05,-0.18,46.6
3305,4.001e-05,-0.228,49.0
3306,4.0011999999999996e-05,-0.252,50.2
3307,4.0014e-05,-0.3,50.2
3308,4.0016e-05,-0.364,49.8
3309,4.0017999999999995e-05,-0.468,48.6
3310,4.002e-05,-0.452,47.0
3311,4.0022e-05,-0.34,45.8
3312,4.0024e-05,-0.148,45.0
3313,4.0026e-05,0.036,45.0
3314,4.0028e-05,0.164,45.4
3315,4.003e-05,0.204,43.0
3316,4.0032e-05,0.148,39.4
3317,4.0033999999999997e-05,-0.42,42.6
3318,4.0036e-05,-0.86,38.6
3319,4.0038e-05,0.26,33.0
3320,4.004e-05,0.38,34.2
3321,4.0042e-05,-0.572,31.8
3322,4.0044e-05,-0.156,28.2
3323,4.0046e-05,0.204,27.8
3324,4.0048e-05,-0.212,26.6
3325,4.005e-05,-0.06,25.0
3326,4.0052e-05,0.068,24.6
3327,4.0054e-05,-0.036,23.8
3328,4.0056e-05,0.068,23.0
3329,4.0058e-05,0.052,23.0
3330,4.006e-05,0.004,22.6
3331,4.0062e-05,0.068,22.6
3332,4.0064e-05,0.068,23.0
3333,4.0066e-05,0.036,23.8
3334,4.0067999999999997e-05,0.06,24.2
3335,4.007e-05,0.06,25.0
3336,4.0072e-05,0.028,25.8
3337,4.0073999999999996e-05,0.028,26.6
3338,4.0076e-05,0.02,27.8
3339,4.0078e-05,-0.004,28.6
3340,4.0079999999999996e-05,-0.004,30.2
3341,4.0082e-05,-0.028,31.4
3342,4.0084e-05,-0.036,32.6
3343,4.0085999999999995e-05,-0.052,33.4
3344,4.0088e-05,-0.068,34.6
3345,4.009e-05,-0.076,35.8
3346,4.0092e-05,-0.084,36.2
3347,4.0094e-05,-0.108,37.0
3348,4.0096e-05,-0.108,37.4
3349,4.0098e-05,-0.116,37.8
3350,4.01e-05,-0.124,37.8
3351,4.0101999999999997e-05,-0.14,37.8
3352,4.0104e-05,-0.14,37.4
3353,4.0106e-05,-0.124,37.0
3354,4.0108e-05,-0.116,37.0
3355,4.011e-05,-0.124,36.6
3356,4.0112e-05,-0.116,35.8
3357,4.0114e-05,-0.108,34.6
3358,4.0116e-05,-0.1,34.2
3359,4.0118e-05,-0.092,33.4
3360,4.012e-05,-0.092,32.6
3361,4.0122e-05,-0.076,31.8
3362,4.0124e-05,-0.068,31.4
3363,4.0126e-05,-0.068,31.0
3364,4.0128e-05,-0.052,30.2
3365,4.013e-05,-0.044,30.2
3366,4.0132e-05,-0.036,29.0
3367,4.0134e-05,-0.036,29.0
3368,4.0135999999999997e-05,-0.028,29.0
3369,4.0138e-05,-0.028,28.6
3370,4.014e-05,-0.02,28.6
3371,4.0141999999999996e-05,-0.028,28.6
3372,4.0144e-05,-0.02,28.6
3373,4.0146e-05,-0.02,29.0
3374,4.0147999999999996e-05,-0.02,29.0
3375,4.015e-05,-0.02,29.8
3376,4.0152e-05,-0.028,29.8
3377,4.0153999999999995e-05,-0.028,30.2
3378,4.0156e-05,-0.028,30.6
3379,4.0158e-05,-0.036,31.0
3380,4.016e-05,-0.036,31.4
3381,4.0162e-05,-0.044,31.8
3382,4.0164e-05,-0.044,31.8
3383,4.0166e-05,-0.06,32.2
3384,4.0168e-05,-0.06,32.6
3385,4.0169999999999997e-05,-0.06,33.0
3386,4.0172e-05,-0.06,33.0
3387,4.0174e-05,-0.076,33.4
3388,4.0175999999999996e-05,-0.076,33.4
3389,4.0178e-05,-0.076,33.4
3390,4.018e-05,-0.076,33.8
3391,4.0182e-05,-0.084,33.4
3392,4.0184e-05,-0.076,33.4
3393,4.0186e-05,-0.076,33.4
3394,4.0188e-05,-0.076,33.4
3395,4.019e-05,-0.076,33.0
3396,4.0192e-05,-0.076,33.0
3397,4.0194e-05,-0.076,32.6
3398,4.0196e-05,-0.068,32.6
3399,4.0198e-05,-0.068,32.2
3400,4.02e-05,-0.06,32.2
3401,4.0202e-05,-0.06,31.8
3402,4.0203999999999997e-05,-0.052,31.8
3403,4.0206e-05,-0.06,31.4
3404,4.0208e-05,-0.052,31.4
3405,4.0209999999999996e-05,-0.052,31.4
3406,4.0212e-05,-0.044,31.0
3407,4.0214e-05,-0.052,31.0
3408,4.0215999999999996e-05,-0.044,31.0
3409,4.0218e-05,-0.044,30.6
3410,4.022e-05,-0.044,31.0
3411,4.0221999999999995e-05,-0.044,31.0
3412,4.0224e-05,-0.044,31.0
3413,4.0226e-05,-0.044,31.0
3414,4.0228e-05,-0.036,31.0
3415,4.023e-05,-0.044,31.0
3416,4.0232e-05,-0.044,31.0
3417,4.0234e-05,-0.044,31.4
3418,4.0236e-05,-0.044,31.4
3419,4.0237999999999997e-05,-0.052,31.4
3420,4.024e-05,-0.044,31.4
3421,4.0242e-05,-0.044,31.8
3422,4.0243999999999996e-05,-0.044,31.8
3423,4.0246e-05,-0.052,31.8
3424,4.0248e-05,-0.052,32.2
3425,4.025e-05,-0.052,32.2
3426,4.0252e-05,-0.052,32.2
3427,4.0254e-05,-0.06,32.2
3428,4.0256e-05,-0.06,32.2
3429,4.0258e-05,-0.06,32.2
3430,4.026e-05,-0.06,32.2
3431,4.0262e-05,-0.06,32.2
3432,4.0264e-05,-0.06,32.2
3433,4.0266e-05,-0.06,32.2
3434,4.0268e-05,-0.052,32.2
3435,4.027e-05,-0.06,32.2
3436,4.0271999999999997e-05,-0.052,32.2
3437,4.0274e-05,-0.052,32.2
3438,4.0276e-05,-0.052,32.2
3439,4.0277999999999996e-05,-0.052,31.8
3440,4.028e-05,-0.052,31.8
3441,4.0282e-05,-0.052,31.8
3442,4.0283999999999996e-05,-0.052,31.8
3443,4.0286e-05,-0.052,31.8
3444,4.0288e-05,-0.052,31.4
3445,4.0289999999999995e-05,-0.044,31.4
3446,4.0292e-05,-0.044,31.4
3447,4.0294e-05,-0.052,31.4
3448,4.0296e-05,-0.044,31.4
3449,4.0298e-05,-0.044,31.4
3450,4.03e-05,-0.044,31.4
3451,4.0302e-05,-0.044,31.4
3452,4.0304e-05,-0.044,31.4
3453,4.0306e-05,-0.044,31.4
3454,4.0308e-05,-0.044,31.4
3455,4.031e-05,-0.044,31.4
3456,4.0311999999999996e-05,-0.044,31.4
3457,4.0314e-05,-0.044,31.4
3458,4.0316e-05,-0.044,31.4
3459,4.0318e-05,-0.044,31.4
3460,4.032e-05,-0.044,31.4
3461,4.0322e-05,-0.044,31.8
3462,4.0324e-05,-0.044,31.8
3463,4.0326e-05,-0.052,31.8
3464,4.0328e-05,-0.044,31.8
3465,4.033e-05,-0.052,31.8
3466,4.0332e-05,-0.044,31.8
3467,4.0334e-05,-0.052,31.8
3468,4.0336e-05,-0.052,31.8
3469,4.0338e-05,-0.052,31.8
3470,4.034e-05,-0.052,31.8
3471,4.0342e-05,-0.052,31.8
3472,4.0344e-05,-0.052,31.8
3473,4.0345999999999996e-05,-0.052,31.8
3474,4.0348e-05,-0.044,31.8
3475,4.035e-05,-0.052,31.8
3476,4.0351999999999996e-05,-0.044,31.8
3477,4.0354e-05,-0.052,31.8
3478,4.0356e-05,-0.044,31.8
3479,4.0357999999999995e-05,-0.052,31.8
3480,4.036e-05,-0.044,31.8
3481,4.0362e-05,-0.044,31.4
3482,4.0364e-05,-0.044,31.4
3483,4.0366e-05,-0.052,31.8
3484,4.0368e-05,-0.044,31.4
3485,4.037e-05,-0.044,31.4
3486,4.0372e-05,-0.044,31.4
3487,4.0374e-05,-0.044,31.4
3488,4.0376e-05,-0.044,31.4
3489,4.0378e-05,-0.044,31.4
3490,4.0379999999999996e-05,-0.044,31.4
3491,4.0382e-05,-0.044,31.4
3492,4.0384e-05,-0.044,31.4
3493,4.0386e-05,-0.044,31.4
3494,4.0388e-05,-0.044,31.4
3495,4.039e-05,-0.044,31.4
3496,4.0392e-05,-0.044,31.4
3497,4.0394e-05,-0.044,31.4
3498,4.0396e-05,-0.044,31.4
3499,4.0398e-05,-0.044,31.4
3500,4.04e-05,-0.044,31.4
3501,4.0402e-05,-0.044,31.4
3502,4.0404e-05,-0.044,31.8
3503,4.0406e-05,-0.044,31.4
3504,4.0408e-05,-0.044,31.8
3505,4.041e-05,-0.044,31.4
3506,4.0412e-05,-0.044,31.8
3507,4.0413999999999996e-05,-0.052,31.8
3508,4.0416e-05,-0.044,31.8
3509,4.0418e-05,-0.044,31.4
3510,4.0419999999999996e-05,-0.044,31.8
3511,4.0422e-05,-0.044,31.4
3512,4.0424e-05,-0.044,31.4
3513,4.0425999999999995e-05,-0.044,31.4
3514,4.0428e-05,-0.044,31.8
3515,4.043e-05,-0.052,31.4
3516,4.0432e-05,-0.044,31.4
3517,4.0434e-05,-0.044,31.8
3518,4.0436e-05,-0.044,31.8
3519,4.0438e-05,-0.044,31.4
3520,4.044e-05,-0.044,31.4
3521,4.0442e-05,-0.044,31.4
3522,4.0444e-05,-0.044,31.4
3523,4.0446e-05,-0.044,31.4
3524,4.0447999999999996e-05,-0.044,31.4
3525,4.045e-05,-0.044,31.8
3526,4.0452e-05,-0.044,31.4
3527,4.0454e-05,-0.044,31.4
3528,4.0456e-05,-0.044,31.4
3529,4.0458e-05,-0.044,31.4
3530,4.046e-05,-0.044,31.4
3531,4.0462e-05,-0.044,31.4
3532,4.0464e-05,-0.044,31.4
3533,4.0466e-05,-0.044,31.4
3534,4.0468e-05,-0.044,31.4
3535,4.047e-05,-0.044,31.4
3536,4.0472e-05,-0.044,31.4
3537,4.0474e-05,-0.044,31.4
3538,4.0476e-05,-0.044,31.4
3539,4.0478e-05,-0.044,31.4
3540,4.048e-05,-0.044,31.4
3541,4.0481999999999996e-05,-0.044,31.4
3542,4.0484e-05,-0.044,31.4
3543,4.0486e-05,-0.044,31.4
3544,4.0487999999999996e-05,-0.044,31.4
3545,4.049e-05,-0.044,31.4
3546,4.0492e-05,-0.044,31.4
3547,4.0493999999999995e-05,-0.044,31.8
3548,4.0496e-05,-0.044,31.8
3549,4.0498e-05,-0.044,31.8
3550,4.05e-05,-0.044,31.4
3551,4.0502e-05,-0.044,31.4
3552,4.0504e-05,-0.044,31.4
3553,4.0506e-05,-0.044,31.4
3554,4.0508e-05,-0.044,31.4
3555,4.051e-05,-0.044,31.8
3556,4.0512e-05,-0.044,31.4
3557,4.0514e-05,-0.044,31.4
3558,4.0515999999999996e-05,-0.044,31.4
3559,4.0518e-05,-0.044,31.4
3560,4.052e-05,-0.044,31.4
3561,4.0522e-05,-0.044,31.4
3562,4.0524e-05,-0.044,31.4
3563,4.0526e-05,-0.044,31.4
3564,4.0528e-05,-0.036,31.4
3565,4.053e-05,-0.044,31.4
3566,4.0532e-05,-0.044,31.4
3567,4.0534e-05,-0.044,31.4
3568,4.0536e-05,-0.044,31.4
3569,4.0538e-05,-0.036,31.4
3570,4.054e-05,-0.036,31.4
3571,4.0542e-05,-0.044,31.4
3572,4.0544e-05,-0.044,31.4
3573,4.0546e-05,-0.044,31.4
3574,4.0548e-05,-0.036,31.4
3575,4.0549999999999996e-05,-0.044,31.4
3576,4.0552e-05,-0.044,31.4
3577,4.0554e-05,-0.036,31.4
3578,4.0555999999999996e-05,-0.036,31.8
3579,4.0558e-05,-0.044,31.4
3580,4.056e-05,-0.036,31.4
3581,4.0561999999999996e-05,-0.044,31.4
3582,4.0564e-05,-0.036,31.4
3583,4.0566e-05,-0.044,31.4
3584,4.0568e-05,-0.036,31.4
3585,4.057e-05,-0.036,31.4
3586,4.0572e-05,-0.036,31.4
3587,4.0574e-05,-0.036,31.4
3588,4.0576e-05,-0.036,31.4
3589,4.0578e-05,-0.036,31.4
3590,4.058e-05,-0.036,31.4
3591,4.0582e-05,-0.036,31.4
3592,4.0583999999999996e-05,-0.036,31.4
3593,4.0586e-05,-0.036,31.4
3594,4.0588e-05,-0.036,31.4
3595,4.059e-05,-0.044,31.4
3596,4.0592e-05,-0.036,31.4
3597,4.0594e-05,-0.036,31.4
3598,4.0596e-05,-0.036,31.4
3599,4.0598e-05,-0.036,31.4
3600,4.06e-05,-0.036,31.4
3601,4.0602e-05,-0.036,31.4
3602,4.0604e-05,-0.036,31.4
3603,4.0606e-05,-0.044,31.4
3604,4.0608e-05,-0.036,31.4
3605,4.061e-05,-0.036,31.4
3606,4.0612e-05,-0.036,31.4
3607,4.0614e-05,-0.036,31.4
3608,4.0616e-05,-0.036,31.4
3609,4.0617999999999996e-05,-0.036,31.4
3610,4.062e-05,-0.036,31.4
3611,4.0622e-05,-0.036,31.4
3612,4.0623999999999996e-05,-0.036,31.4
3613,4.0626e-05,-0.036,31.4
3614,4.0628e-05,-0.036,31.4
3615,4.0629999999999996e-05,-0.036,31.4
3616,4.0632e-05,-0.036,31.4
3617,4.0634e-05,-0.036,31.4
3618,4.0636e-05,-0.036,31.4
3619,4.0638e-05,-0.036,31.4
3620,4.064e-05,-0.036,31.4
3621,4.0642e-05,-0.036,31.4
3622,4.0644e-05,-0.036,31.4
3623,4.0646e-05,-0.036,31.4
3624,4.0648e-05,-0.036,31.4
3625,4.065e-05,-0.036,31.4
3626,4.0651999999999996e-05,-0.036,31.4
3627,4.0654e-05,-0.044,31.4
3628,4.0656e-05,-0.036,31.4
3629,4.0658e-05,-0.036,31.4
3630,4.066e-05,-0.036,31.4
3631,4.0662e-05,-0.036,31.4
3632,4.0664e-05,-0.036,31.4
3633,4.0666e-05,-0.036,31.4
3634,4.0668e-05,-0.036,31.4
3635,4.067e-05,-0.036,31.4
3636,4.0672e-05,-0.036,31.4
3637,4.0674e-05,-0.036,31.4
3638,4.0676e-05,-0.036,31.4
3639,4.0678e-05,-0.036,31.4
3640,4.068e-05,-0.036,31.4
3641,4.0682e-05,-0.036,31.4
3642,4.0684e-05,-0.036,31.4
3643,4.0685999999999996e-05,-0.044,31.4
3644,4.0688e-05,-0.036,31.4
3645,4.069e-05,-0.036,31.4
3646,4.0691999999999996e-05,-0.036,31.4
3647,4.0694e-05,-0.036,31.4
3648,4.0696e-05,-0.036,31.4
3649,4.0697999999999996e-05,-0.036,31.4
3650,4.07e-05,-0.036,31.4
3651,4.0702e-05,-0.036,31.4
3652,4.0704e-05,-0.036,31.4
3653,4.0706e-05,-0.036,31.4
3654,4.0708e-05,-0.036,31.4
3655,4.071e-05,-0.036,31.4
3656,4.0712e-05,-0.036,31.4
3657,4.0714e-05,-0.036,31.4
3658,4.0716e-05,-0.036,31.4
3659,4.0718e-05,-0.036,31.4
3660,4.0719999999999996e-05,-0.036,31.4
3661,4.0722e-05,-0.036,31.4
3662,4.0724e-05,-0.036,31.4
3663,4.0726e-05,-0.036,31.4
3664,4.0728e-05,-0.036,31.4
3665,4.073e-05,-0.036,31.4
3666,4.0732e-05,-0.036,31.4
3667,4.0734e-05,-0.036,31.4
3668,4.0736e-05,-0.036,31.4
3669,4.0738e-05,-0.036,31.4
3670,4.074e-05,-0.036,31.4
3671,4.0742e-05,-0.036,31.4
3672,4.0744e-05,-0.036,31.4
3673,4.0746e-05,-0.036,31.4
3674,4.0748e-05,-0.028,31.4
3675,4.075e-05,-0.036,31.4
3676,4.0752e-05,-0.036,31.4
3677,4.0753999999999996e-05,-0.036,31.4
3678,4.0756e-05,-0.036,31.4
3679,4.0758e-05,-0.036,31.4
3680,4.0759999999999996e-05,-0.036,31.4
3681,4.0762e-05,-0.036,31.4
3682,4.0764e-05,-0.036,31.4
3683,4.0765999999999996e-05,-0.036,31.4
3684,4.0768e-05,-0.036,31.4
3685,4.077e-05,-0.036,31.4
3686,4.0772e-05,-0.036,31.4
3687,4.0774e-05,-0.036,31.4
3688,4.0776e-05,-0.036,31.4
3689,4.0778e-05,-0.036,31.4
3690,4.078e-05,-0.036,31.4
3691,4.0782e-05,-0.036,31.4
3692,4.0784e-05,-0.036,31.4
3693,4.0786e-05,-0.036,31.4
3694,4.0787999999999996e-05,-0.028,31.4
3695,4.079e-05,-0.036,31.4
3696,4.0792e-05,-0.036,31.4
3697,4.0794e-05,-0.036,31.4
3698,4.0796e-05,-0.036,31.4
3699,4.0798e-05,-0.036,31.4
3700,4.08e-05,-0.036,31.4
3701,4.0802e-05,-0.036,31.4
3702,4.0804e-05,-0.028,31.4
3703,4.0806e-05,-0.036,31.4
3704,4.0808e-05,-0.036,31.4
3705,4.081e-05,-0.036,31.4
3706,4.0812e-05,-0.028,31.4
3707,4.0814e-05,-0.036,31.4
3708,4.0816e-05,-0.036,31.4
3709,4.0818e-05,-0.036,31.4
3710,4.082e-05,-0.036,31.4
3711,4.0821999999999996e-05,-0.036,31.4
3712,4.0824e-05,-0.036,31.4
3713,4.0826e-05,-0.036,31.4
3714,4.0827999999999996e-05,-0.028,31.4
3715,4.083e-05,-0.036,31.4
3716,4.0832e-05,-0.028,31.4
3717,4.0833999999999996e-05,-0.028,31.4
3718,4.0836e-05,-0.028,31.4
3719,4.0838e-05,-0.036,31.4
3720,4.084e-05,-0.028,31.4
3721,4.0842e-05,-0.036,31.4
3722,4.0844e-05,-0.028,31.4
3723,4.0846e-05,-0.036,31.4
3724,4.0848e-05,-0.028,31.4
3725,4.085e-05,-0.036,31.4
3726,4.0852e-05,-0.028,31.4
3727,4.0854e-05,-0.036,31.4
3728,4.0855999999999996e-05,-0.028,31.4
3729,4.0858e-05,-0.028,31.4
3730,4.086e-05,-0.028,31.4
3731,4.0862e-05,-0.036,31.4
3732,4.0864e-05,-0.028,31.4
3733,4.0866e-05,-0.028,31.4
3734,4.0868e-05,-0.028,31.4
3735,4.087e-05,-0.036,31.4
3736,4.0872e-05,-0.036,31.4
3737,4.0874e-05,-0.028,31.4
3738,4.0876e-05,-0.028,31.4
3739,4.0878e-05,-0.036,31.4
3740,4.088e-05,-0.028,31.4
3741,4.0882e-05,-0.028,31.4
3742,4.0884e-05,-0.028,31.4
3743,4.0886e-05,-0.036,31.4
3744,4.0888e-05,-0.028,31.4
3745,4.0889999999999996e-05,-0.028,31.4
3746,4.0892e-05,-0.028,31.4
3747,4.0894e-05,-0.036,31.4
3748,4.0895999999999996e-05,-0.028,31.4
3749,4.0898e-05,-0.028,31.4
3750,4.09e-05,-0.028,31.4
3751,4.0901999999999996e-05,-0.028,31.4
3752,4.0904e-05,-0.028,31.4
3753,4.0906e-05,-0.028,31.4
3754,4.0908e-05,-0.028,31.4
3755,4.091e-05,-0.036,31.4
3756,4.0912e-05,-0.028,31.4
3757,4.0914e-05,-0.028,31.4
3758,4.0916e-05,-0.028,31.4
3759,4.0918e-05,-0.028,31.4
3760,4.092e-05,-0.028,31.4
3761,4.0922e-05,-0.028,31.4
3762,4.0923999999999996e-05,-0.028,31.4
3763,4.0926e-05,-0.028,31.4
3764,4.0928e-05,-0.028,31.4
3765,4.093e-05,-0.028,31.4
3766,4.0932e-05,-0.028,31.4
3767,4.0934e-05,-0.028,31.4
3768,4.0936e-05,-0.028,31.4
3769,4.0938e-05,-0.028,31.4
3770,4.094e-05,-0.028,31.4
3771,4.0942e-05,-0.028,31.4
3772,4.0944e-05,-0.028,31.4
3773,4.0946e-05,-0.028,31.4
3774,4.0948e-05,-0.028,31.4
3775,4.095e-05,-0.028,31.4
3776,4.0952e-05,-0.028,31.4
3777,4.0954e-05,-0.028,31.4
3778,4.0956e-05,-0.028,31.4
3779,4.0957999999999996e-05,-0.028,31.4
3780,4.096e-05,-0.028,31.4
3781,4.0962e-05,-0.028,31.4
3782,4.0963999999999996e-05,-0.028,31.4
3783,4.0966e-05,-0.028,31.4
3784,4.0968e-05,-0.028,31.4
3785,4.0969999999999996e-05,-0.028,31.4
3786,4.0972e-05,-0.028,31.4
3787,4.0974e-05,-0.028,31.4
3788,4.0976e-05,-0.028,31.4
3789,4.0978e-05,-0.028,31.4
3790,4.098e-05,-0.028,31.4
3791,4.0982e-05,-0.028,31.4
3792,4.0984e-05,-0.028,31.4
3793,4.0986e-05,-0.028,31.4
3794,4.0988e-05,-0.028,31.4
3795,4.099e-05,-0.028,31.4
3796,4.0991999999999996e-05,-0.028,31.4
3797,4.0994e-05,-0.028,31.4
3798,4.0996e-05,-0.028,31.4
3799,4.0998e-05,-0.028,31.4
3800,4.1e-05,-0.028,31.4
3801,4.1002e-05,-0.028,31.4
3802,4.1004e-05,-0.028,31.4
3803,4.1006e-05,-0.028,31.4
3804,4.1008e-05,-0.028,31.4
3805,4.101e-05,-0.028,31.4
3806,4.1012e-05,-0.028,31.4
3807,4.1014e-05,-0.028,31.4
3808,4.1016e-05,-0.028,31.4
3809,4.1018e-05,-0.028,31.4
3810,4.102e-05,-0.028,31.4
3811,4.1022e-05,-0.028,31.4
3812,4.1024e-05,-0.028,31.4
3813,4.1025999999999996e-05,-0.028,31.4
3814,4.1028e-05,-0.028,31.4
3815,4.103e-05,-0.028,31.4
3816,4.1031999999999996e-05,-0.028,31.4
3817,4.1034e-05,-0.028,31.4
3818,4.1036e-05,-0.02,31.4
3819,4.1037999999999996e-05,-0.028,31.4
3820,4.104e-05,-0.028,31.4
3821,4.1042e-05,-0.028,31.4
3822,4.1043999999999995e-05,-0.028,31.4
3823,4.1046e-05,-0.028,31.4
3824,4.1048e-05,-0.028,31.4
3825,4.105e-05,-0.028,31.4
3826,4.1052e-05,-0.028,31.4
3827,4.1054e-05,-0.028,31.4
3828,4.1056e-05,-0.028,31.4
3829,4.1058e-05,-0.028,31.4
3830,4.106e-05,-0.028,31.4
3831,4.1062e-05,-0.028,31.4
3832,4.1064e-05,-0.028,31.4
3833,4.1066e-05,-0.028,31.4
3834,4.1068e-05,-0.028,31.4
3835,4.107e-05,-0.028,31.4
3836,4.1072e-05,-0.028,31.4
3837,4.1074e-05,-0.028,31.4
3838,4.1076e-05,-0.028,31.4
3839,4.1078e-05,-0.028,31.4
3840,4.108e-05,-0.028,31.4
3841,4.1082e-05,-0.028,31.4
3842,4.1084e-05,-0.028,31.4
3843,4.1086e-05,-0.028,31.4
3844,4.1088e-05,-0.028,31.4
3845,4.109e-05,-0.028,31.4
3846,4.1092e-05,-0.02,31.4
3847,4.1093999999999997e-05,-0.028,31.4
3848,4.1096e-05,-0.028,31.4
3849,4.1098e-05,-0.028,31.4
3850,4.1099999999999996e-05,-0.028,31.4
3851,4.1102e-05,-0.028,31.4
3852,4.1104e-05,-0.028,31.4
3853,4.1105999999999996e-05,-0.028,31.4
3854,4.1108e-05,-0.028,31.4
3855,4.111e-05,-0.028,31.4
3856,4.1111999999999995e-05,-0.028,31.4
3857,4.1114e-05,-0.028,31.4
3858,4.1116e-05,-0.02,31.4
3859,4.1118e-05,-0.028,31.4
3860,4.112e-05,-0.028,31.4
3861,4.1122e-05,-0.028,31.4
3862,4.1124e-05,-0.028,31.4
3863,4.1126e-05,-0.028,31.4
3864,4.1128e-05,-0.028,31.4
3865,4.113e-05,-0.02,31.4
3866,4.1132e-05,-0.02,31.4
3867,4.1134e-05,-0.028,31.4
3868,4.1136e-05,-0.028,31.4
3869,4.1138e-05,-0.028,31.4
3870,4.114e-05,-0.02,31.4
3871,4.1142e-05,-0.028,31.4
3872,4.1144e-05,-0.02,31.4
3873,4.1146e-05,-0.028,31.4
3874,4.1148e-05,-0.02,31.4
3875,4.115e-05,-0.028,31.4
3876,4.1152e-05,-0.028,31.4
3877,4.1154e-05,-0.028,31.4
3878,4.1156e-05,-0.028,31.4
3879,4.1158e-05,-0.028,31.4
3880,4.116e-05,-0.028,31.4
3881,4.1161999999999997e-05,-0.028,31.4
3882,4.1164e-05,-0.02,31.4
3883,4.1166e-05,-0.028,31.4
3884,4.1167999999999996e-05,-0.02,31.4
3885,4.117e-05,-0.028,31.4
3886,4.1172e-05,-0.02,31.4
3887,4.1173999999999996e-05,-0.028,31.4
3888,4.1176e-05,-0.028,31.4
3889,4.1178e-05,-0.028,31.4
3890,4.1179999999999995e-05,-0.02,31.4
3891,4.1182e-05,-0.028,31.4
3892,4.1184e-05,-0.028,31.4
3893,4.1185999999999995e-05,-0.028,31.4
3894,4.1188e-05,-0.02,31.4
3895,4.119e-05,-0.028,31.4
3896,4.1192e-05,-0.02,31.4
3897,4.1194e-05,-0.028,31.4
3898,4.1196e-05,-0.02,31.4
3899,4.1198e-05,-0.028,31.4
3900,4.12e-05,-0.02,31.4
3901,4.1202e-05,-0.02,31.4
3902,4.1204e-05,-0.028,31.4
3903,4.1206e-05,-0.028,31.4
3904,4.1208e-05,-0.02,31.4
3905,4.121e-05,-0.02,31.4
3906,4.1212e-05,-0.02,31.4
3907,4.1214e-05,-0.028,31.4
3908,4.1216e-05,-0.02,31.4
3909,4.1218e-05,-0.02,31.4
3910,4.122e-05,-0.02,31.4
3911,4.1222e-05,-0.028,31.4
3912,4.1224e-05,-0.02,31.4
3913,4.1226e-05,-0.028,31.4
3914,4.1228e-05,-0.02,31.4
3915,4.1229999999999997e-05,-0.028,31.4
3916,4.1232e-05,-0.02,31.4
3917,4.1234e-05,-0.02,31.4
3918,4.1235999999999996e-05,-0.02,31.4
3919,4.1238e-05,-0.028,31.4
3920,4.124e-05,-0.02,31.4
3921,4.1241999999999996e-05,-0.02,31.4
3922,4.1244e-05,-0.02,31.4
3923,4.1246e-05,-0.028,31.4
3924,4.1247999999999995e-05,-0.02,31.4
3925,4.125e-05,-0.028,31.4
3926,4.1252e-05,-0.02,31.4
3927,4.1253999999999995e-05,-0.02,31.4
3928,4.1256e-05,-0.02,31.4
3929,4.1258e-05,-0.02,31.4
3930,4.126e-05,-0.02,31.4
3931,4.1262e-05,-0.028,31.4
3932,4.1264e-05,-0.02,31.4
3933,4.1266e-05,-0.02,31.4
3934,4.1268e-05,-0.02,31.4
3935,4.127e-05,-0.028,31.4
3936,4.1272e-05,-0.02,31.4
3937,4.1274e-05,-0.02,31.4
3938,4.1276e-05,-0.02,31.4
3939,4.1278e-05,-0.02,31.4
3940,4.128e-05,-0.02,31.4
3941,4.1282e-05,-0.02,31.4
3942,4.1284e-05,-0.02,31.4
3943,4.1286e-05,-0.02,31.4
3944,4.1288e-05,-0.02,31.4
3945,4.129e-05,-0.02,31.4
3946,4.1292e-05,-0.02,31.4
3947,4.1294e-05,-0.02,31.4
3948,4.1296e-05,-0.02,31.4
3949,4.1297999999999997e-05,-0.02,31.4
3950,4.13e-05,-0.02,31.4
3951,4.1302e-05,-0.02,31.4
3952,4.1303999999999996e-05,-0.02,31.4
3953,4.1306e-05,-0.02,31.4
3954,4.1308e-05,-0.02,31.4
3955,4.1309999999999996e-05,-0.028,31.4
3956,4.1312e-05,-0.02,31.4
3957,4.1314e-05,-0.02,31.4
3958,4.1315999999999995e-05,-0.02,31.4
3959,4.1318e-05,-0.02,31.4
3960,4.132e-05,-0.02,31.4
3961,4.1321999999999995e-05,-0.02,31.4
3962,4.1324e-05,-0.02,31.4
3963,4.1326e-05,-0.02,31.4
3964,4.1328e-05,-0.02,31.4
3965,4.133e-05,-0.02,31.4
3966,4.1332000000000003e-05,-0.02,31.4
3967,4.1334e-05,-0.02,31.4
3968,4.1336e-05,-0.02,31.4
3969,4.1338e-05,-0.02,31.4
3970,4.134e-05,-0.02,31.4
3971,4.1342e-05,-0.02,31.4
3972,4.1344e-05,-0.02,31.4
3973,4.1346e-05,-0.02,31.4
3974,4.1348e-05,-0.02,31.4
3975,4.135e-05,-0.02,31.4
3976,4.1352e-05,-0.02,31.4
3977,4.1354e-05,-0.02,31.4
3978,4.1356e-05,-0.02,31.4
3979,4.1358e-05,-0.02,31.4
3980,4.136e-05,-0.02,31.4
3981,4.1362e-05,-0.02,31.4
3982,4.1364e-05,-0.02,31.4
3983,4.1366e-05,-0.02,31.4
3984,4.1368e-05,-0.02,31.4
3985,4.137e-05,-0.02,31.4
3986,4.1371999999999996e-05,-0.02,31.4
3987,4.1374e-05,-0.02,31.4
3988,4.1376e-05,-0.02,31.4
3989,4.1377999999999996e-05,-0.02,31.4
3990,4.138e-05,-0.02,31.4
3991,4.1382e-05,-0.02,31.4
3992,4.1383999999999995e-05,-0.02,31.4
3993,4.1386e-05,-0.02,31.4
3994,4.1388e-05,-0.02,31.4
3995,4.1389999999999995e-05,-0.02,31.4
3996,4.1392e-05,-0.02,31.4
3997,4.1394e-05,-0.02,31.4
3998,4.1396e-05,-0.02,31.4
3999,4.1398e-05,-0.02,31.4
4000,4.1400000000000003e-05,-0.02,31.4
4001,4.1402e-05,-0.02,31.4
4002,4.1404e-05,-0.02,31.4
4003,4.1406e-05,-0.02,31.4
4004,4.1408e-05,-0.02,31.4
4005,4.141e-05,-0.02,31.4
4006,4.1412e-05,-0.02,31.4
4007,4.1414e-05,-0.02,31.4
4008,4.1416e-05,-0.02,31.4
4009,4.1418e-05,-0.02,31.4
4010,4.142e-05,-0.02,31.4
4011,4.1422e-05,-0.02,31.4
4012,4.1424e-05,-0.02,31.4
4013,4.1426e-05,-0.02,31.4
4014,4.1428e-05,-0.02,31.4
4015,4.143e-05,-0.02,31.4
4016,4.1432e-05,-0.02,31.4
4017,4.1434e-05,-0.02,31.4
4018,4.1436e-05,-0.02,31.4
4019,4.1438e-05,-0.02,31.4
4020,4.1439999999999996e-05,-0.02,31.4
4021,4.1442e-05,-0.02,31.4
4022,4.1444e-05,-0.02,31.4
4023,4.1445999999999996e-05,-0.02,31.4
4024,4.1448e-05,-0.02,31.4
4025,4.145e-05,-0.02,31.4
4026,4.1451999999999995e-05,-0.02,31.4
4027,4.1454e-05,-0.02,31.4
4028,4.1456e-05,-0.02,31.4
4029,4.1457999999999995e-05,-0.02,31.4
4030,4.146e-05,-0.02,31.4
4031,4.1462e-05,-0.02,31.4
4032,4.1464e-05,-0.02,31.4
4033,4.1466e-05,-0.02,31.4
4034,4.1468e-05,-0.02,31.4
4035,4.147e-05,-0.02,31.8
4036,4.1472e-05,-0.02,31.4
4037,4.1474e-05,-0.02,31.4
4038,4.1476e-05,-0.02,31.4
4039,4.1478e-05,-0.02,31.4
4040,4.148e-05,-0.02,31.4
4041,4.1482e-05,-0.02,31.4
4042,4.1484e-05,-0.012,31.4
4043,4.1486e-05,-0.02,31.4
4044,4.1488e-05,-0.012,31.4
4045,4.149e-05,-0.02,31.4
4046,4.1492e-05,-0.02,31.4
4047,4.1494e-05,-0.02,31.4
4048,4.1496e-05,-0.02,31.4
4049,4.1498e-05,-0.02,31.4
4050,4.15e-05,-0.012,31.4
4051,4.1502e-05,-0.02,31.8
4052,4.1504e-05,-0.012,31.4
4053,4.1506e-05,-0.012,31.4
4054,4.1507999999999996e-05,-0.012,31.4
4055,4.151e-05,-0.02,31.4
4056,4.1512e-05,-0.02,31.4
4057,4.1513999999999996e-05,-0.02,31.4
4058,4.1516e-05,-0.012,31.4
4059,4.1518e-05,-0.02,31.4
4060,4.1519999999999995e-05,-0.02,31.4
4061,4.1522e-05,-0.02,31.4
4062,4.1524e-05,-0.012,31.4
4063,4.1525999999999995e-05,-0.02,31.4
4064,4.1528e-05,-0.012,31.4
4065,4.153e-05,-0.02,31.4
4066,4.1532e-05,-0.012,31.4
4067,4.1534e-05,-0.02,31.4
4068,4.1536e-05,-0.02,31.4
4069,4.1538e-05,-0.012,31.4
4070,4.154e-05,-0.012,31.4
4071,4.1542e-05,-0.02,31.4
4072,4.1544e-05,-0.02,31.4
4073,4.1546e-05,-0.012,31.4
4074,4.1548e-05,-0.012,31.4
4075,4.155e-05,-0.02,31.4
4076,4.1552e-05,-0.012,31.4
4077,4.1554e-05,-0.012,31.4
4078,4.1556e-05,-0.012,31.4
4079,4.1558e-05,-0.02,31.4
4080,4.156e-05,-0.02,31.4
4081,4.1562e-05,-0.02,31.4
4082,4.1564e-05,-0.012,31.4
4083,4.1566e-05,-0.02,31.4
4084,4.1568e-05,-0.012,31.4
4085,4.157e-05,-0.02,31.4
4086,4.1572e-05,-0.012,31.4
4087,4.1574e-05,-0.02,31.4
4088,4.1575999999999996e-05,-0.012,31.4
4089,4.1578e-05,-0.02,31.4
4090,4.158e-05,-0.012,31.4
4091,4.1581999999999996e-05,-0.02,31.4
4092,4.1584e-05,-0.02,31.4
4093,4.1586e-05,-0.012,31.4
4094,4.1587999999999996e-05,-0.012,31.4
4095,4.159e-05,-0.02,31.4
4096,4.1592e-05,-0.012,31.4
4097,4.1593999999999995e-05,-0.012,31.4
4098,4.1596e-05,-0.012,31.4
4099,4.1598e-05,-0.02,31.4
4100,4.16e-05,-0.012,31.4
4101,4.1602e-05,-0.012,31.4
4102,4.1604e-05,-0.012,31.4
4103,4.1606e-05,-0.02,31.4
4104,4.1608e-05,-0.012,31.4
4105,4.161e-05,-0.02,31.4
4106,4.1612e-05,-0.012,31.4
4107,4.1614e-05,-0.02,31.4
4108,4.1616e-05,-0.012,31.4
4109,4.1618e-05,-0.012,31.4
4110,4.162e-05,-0.012,31.4
4111,4.1622e-05,-0.02,31.4
4112,4.1624e-05,-0.012,31.4
4113,4.1626e-05,-0.012,31.4
4114,4.1628e-05,-0.012,31.4
4115,4.163e-05,-0.012,31.4
4116,4.1632e-05,-0.012,31.4
4117,4.1634e-05,-0.012,31.4
4118,4.1636e-05,-0.012,31.4
4119,4.1638e-05,-0.012,31.4
4120,4.164e-05,-0.02,31.4
4121,4.1642e-05,-0.012,31.4
4122,4.1643999999999996e-05,-0.012,31.4
4123,4.1646e-05,-0.012,31.4
4124,4.1648e-05,-0.012,31.4
4125,4.1649999999999996e-05,-0.012,31.4
4126,4.1652e-05,-0.012,31.4
4127,4.1654e-05,-0.012,31.4
4128,4.1655999999999996e-05,-0.012,31.4
4129,4.1658e-05,-0.012,31.4
4130,4.166e-05,-0.012,31.4
4131,4.1661999999999995e-05,-0.012,31.4
4132,4.1664e-05,-0.012,31.4
4133,4.1666e-05,-0.012,31.4
4134,4.1668e-05,-0.012,31.4
4135,4.167e-05,-0.012,31.4
4136,4.1672e-05,-0.012,31.4
4137,4.1674e-05,-0.012,31.4
4138,4.1676e-05,-0.012,31.4
4139,4.1678e-05,-0.012,31.4
4140,4.168e-05,-0.012,31.4
4141,4.1682e-05,-0.02,31.4
4142,4.1684e-05,-0.012,31.4
4143,4.1686e-05,-0.012,31.4
4144,4.1688e-05,-0.012,31.4
4145,4.169e-05,-0.012,31.4
4146,4.1692e-05,-0.012,31.4
4147,4.1694e-05,-0.012,31.4
4148,4.1696e-05,-0.012,31.4
4149,4.1698e-05,-0.012,31.4
4150,4.17e-05,-0.012,31.4
4151,4.1702e-05,-0.012,31.4
4152,4.1704e-05,-0.012,31.4
4153,4.1706e-05,-0.012,31.4
4154,4.1708e-05,-0.012,31.4
4155,4.171e-05,-0.012,31.4
4156,4.1711999999999996e-05,-0.012,31.4
4157,4.1714e-05,-0.012,31.4
4158,4.1716e-05,-0.012,31.4
4159,4.1717999999999996e-05,-0.012,31.4
4160,4.172e-05,-0.012,31.4
4161,4.1722e-05,-0.012,31.4
4162,4.1723999999999996e-05,-0.012,31.4
4163,4.1726e-05,-0.012,31.4
4164,4.1728e-05,-0.012,31.4
4165,4.1729999999999995e-05,-0.012,31.4
4166,4.1732e-05,-0.012,31.4
4167,4.1734e-05,-0.012,31.4
4168,4.1736e-05,-0.012,31.4
4169,4.1738e-05,-0.012,31.4
4170,4.174e-05,-0.012,31.4
4171,4.1742e-05,-0.012,31.4
4172,4.1744e-05,-0.012,31.4
4173,4.1746e-05,-0.012,31.4
4174,4.1748e-05,-0.012,31.4
4175,4.175e-05,-0.012,31.4
4176,4.1752e-05,-0.012,31.4
4177,4.1754e-05,-0.012,31.4
4178,4.1756e-05,-0.012,31.8
4179,4.1758e-05,-0.012,31.4
4180,4.176e-05,-0.012,31.4
4181,4.1762e-05,-0.012,31.4
4182,4.1764e-05,-0.012,31.4
4183,4.1766e-05,-0.012,31.4
4184,4.1768e-05,-0.012,31.4
4185,4.177e-05,-0.012,31.4
4186,4.1772e-05,-0.012,31.4
4187,4.1774e-05,-0.012,31.4
4188,4.1776e-05,-0.012,31.4
4189,4.1778e-05,-0.012,31.4
4190,4.1779999999999996e-05,-0.012,31.4
4191,4.1782e-05,-0.012,31.4
4192,4.1784e-05,-0.012,31.4
4193,4.1785999999999996e-05,-0.012,31.4
4194,4.1788e-05,-0.012,31.4
4195,4.179e-05,-0.012,31.4
4196,4.1791999999999996e-05,-0.012,31.4
4197,4.1794e-05,-0.012,31.4
4198,4.1796e-05,-0.012,31.4
4199,4.1797999999999995e-05,-0.012,31.4
4200,4.18e-05,-0.012,31.4
4201,4.1802e-05,-0.012,31.4
4202,4.1804e-05,-0.012,31.4
4203,4.1806e-05,-0.012,31.4
4204,4.1808e-05,-0.012,31.4
4205,4.181e-05,-0.012,31.4
4206,4.1812e-05,-0.012,31.4
4207,4.1814e-05,-0.012,31.4
4208,4.1816e-05,-0.012,31.4
4209,4.1818e-05,-0.012,31.4
4210,4.182e-05,-0.012,31.4
4211,4.1822e-05,-0.012,31.4
4212,4.1824e-05,-0.012,31.4
4213,4.1826e-05,-0.012,31.4
4214,4.1828e-05,-0.012,31.4
4215,4.183e-05,-0.012,31.4
4216,4.1832e-05,-0.012,31.4
4217,4.1834e-05,-0.012,31.4
4218,4.1836e-05,-0.012,31.4
4219,4.1838e-05,-0.012,31.4
4220,4.184e-05,-0.012,31.4
4221,4.1842e-05,-0.012,31.4
4222,4.1844e-05,-0.012,31.4
4223,4.1846e-05,-0.012,31.4
4224,4.1847999999999996e-05,-0.012,31.4
4225,4.185e-05,-0.012,31.4
4226,4.1852e-05,-0.012,31.4
4227,4.1853999999999996e-05,-0.012,31.4
4228,4.1856e-05,-0.012,31.4
4229,4.1858e-05,-0.012,31.4
4230,4.1859999999999996e-05,-0.012,31.4
4231,4.1862e-05,-0.012,31.4
4232,4.1864e-05,-0.012,31.4
4233,4.1865999999999995e-05,-0.012,31.4
4234,4.1868e-05,-0.012,31.4
4235,4.187e-05,-0.012,31.4
4236,4.1872e-05,-0.012,31.4
4237,4.1874e-05,-0.012,31.4
4238,4.1876e-05,-0.012,31.4
4239,4.1878e-05,-0.012,31.4
4240,4.188e-05,-0.012,31.4
4241,4.1882e-05,-0.012,31.4
4242,4.1884e-05,-0.012,31.4
4243,4.1886e-05,-0.012,31.4
4244,4.1888e-05,-0.012,31.4
4245,4.189e-05,-0.012,31.4
4246,4.1892e-05,-0.004,31.4
4247,4.1894e-05,-0.012,31.4
4248,4.1896e-05,-0.012,31.4
4249,4.1898e-05,-0.012,31.4
4250,4.19e-05,-0.012,31.4
4251,4.1902e-05,-0.012,31.4
4252,4.1904e-05,-0.012,31.4
4253,4.1906e-05,-0.012,31.8
4254,4.1908e-05,-0.012,31.4
4255,4.191e-05,-0.012,31.4
4256,4.1912e-05,-0.012,31.4
4257,4.1914e-05,-0.012,31.4
4258,4.1915999999999996e-05,-0.012,31.4
4259,4.1918e-05,-0.012,31.4
4260,4.192e-05,-0.012,31.4
4261,4.1921999999999996e-05,-0.004,31.4
4262,4.1924e-05,-0.012,31.4
4263,4.1926e-05,-0.012,31.4
4264,4.1927999999999996e-05,-0.012,31.4
4265,4.193e-05,-0.012,31.4
4266,4.1932e-05,-0.004,31.4
4267,4.1933999999999995e-05,-0.012,31.4
4268,4.1936e-05,-0.012,31.4
4269,4.1938e-05,-0.012,31.4
4270,4.194e-05,-0.004,31.4
4271,4.1942e-05,-0.012,31.4
4272,4.1944e-05,-0.012,31.4
4273,4.1946e-05,-0.012,31.4
4274,4.1948e-05,-0.004,31.4
4275,4.195e-05,-0.012,31.4
4276,4.1952e-05,-0.012,31.4
4277,4.1954e-05,-0.012,31.4
4278,4.1956e-05,-0.004,31.4
4279,4.1958e-05,-0.012,31.4
4280,4.196e-05,-0.004,31.4
4281,4.1962e-05,-0.012,31.4
4282,4.1964e-05,-0.004,31.4
4283,4.1966e-05,-0.012,31.4
4284,4.1968e-05,-0.012,31.4
4285,4.197e-05,-0.012,31.4
4286,4.1972e-05,-0.004,31.4
4287,4.1974e-05,-0.012,31.4
4288,4.1976e-05,-0.012,31.4
4289,4.1978e-05,-0.012,31.4
4290,4.198e-05,-0.012,31.4
4291,4.1982e-05,-0.012,31.4
4292,4.1983999999999996e-05,-0.012,31.4
4293,4.1986e-05,-0.012,31.4
4294,4.1988e-05,-0.012,31.4
4295,4.1989999999999996e-05,-0.012,31.4
4296,4.1992e-05,-0.004,31.4
4297,4.1994e-05,-0.012,31.4
4298,4.1995999999999996e-05,-0.004,31.8
4299,4.1998e-05,-0.012,31.4
4300,4.2e-05,-0.012,31.4
4301,4.2001999999999995e-05,-0.012,31.4
4302,4.2004e-05,-0.004,31.4
4303,4.2006e-05,-0.012,31.4
4304,4.2008e-05,-0.012,31.4
4305,4.201e-05,-0.012,31.4
4306,4.2012e-05,-0.004,31.4
4307,4.2014e-05,-0.012,31.4
4308,4.2016e-05,-0.012,31.4
4309,4.2018e-05,-0.012,31.4
4310,4.202e-05,-0.012,31.4
4311,4.2022e-05,-0.012,31.4
4312,4.2024e-05,-0.004,31.4
4313,4.2026e-05,-0.012,31.4
4314,4.2028e-05,-0.004,31.4
4315,4.203e-05,-0.012,31.4
4316,4.2032e-05,-0.004,31.4
4317,4.2034e-05,-0.012,31.4
4318,4.2036e-05,-0.004,31.4
4319,4.2038e-05,-0.004,31.4
4320,4.204e-05,-0.004,31.4
4321,4.2042e-05,-0.012,31.4
4322,4.2044e-05,-0.004,31.4
4323,4.2046e-05,-0.012,31.4
4324,4.2048e-05,-0.004,31.4
4325,4.205e-05,-0.012,31.4
4326,4.2051999999999997e-05,-0.004,31.4
4327,4.2054e-05,-0.012,31.4
4328,4.2056e-05,-0.004,31.4
4329,4.2057999999999996e-05,-0.004,31.4
4330,4.206e-05,-0.004,31.4
4331,4.2062e-05,-0.012,31.4
4332,4.2063999999999996e-05,-0.004,31.4
4333,4.2066e-05,-0.012,31.4
4334,4.2068e-05,-0.004,31.4
4335,4.2069999999999995e-05,-0.012,31.4
4336,4.2072e-05,-0.004,31.4
4337,4.2074e-05,-0.004,31.4
4338,4.2076e-05,-0.004,31.4
4339,4.2078e-05,-0.004,31.4
4340,4.208e-05,-0.004,31.4
4341,4.2082e-05,-0.004,31.4
4342,4.2084e-05,-0.004,31.4
4343,4.2086e-05,-0.012,31.4
4344,4.2088e-05,-0.004,31.4
4345,4.209e-05,-0.004,31.4
4346,4.2092e-05,-0.004,31.4
4347,4.2094e-05,-0.004,31.4
4348,4.2096e-05,-0.004,31.4
4349,4.2098e-05,-0.012,31.4
4350,4.21e-05,-0.004,31.4
4351,4.2102e-05,-0.012,31.4
4352,4.2104e-05,-0.004,31.4
4353,4.2106e-05,-0.012,31.4
4354,4.2108e-05,-0.004,31.4
4355,4.211e-05,-0.012,31.8
4356,4.2112e-05,-0.004,31.4
4357,4.2114e-05,-0.004,31.4
4358,4.2116e-05,-0.004,31.4
4359,4.2118e-05,-0.004,31.4
4360,4.2119999999999997e-05,-0.004,31.4
4361,4.2122e-05,-0.004,31.4
4362,4.2124e-05,-0.004,31.4
4363,4.2125999999999996e-05,-0.012,31.4
4364,4.2128e-05,-0.004,31.4
4365,4.213e-05,-0.004,31.4
4366,4.2131999999999996e-05,-0.004,31.4
4367,4.2134e-05,-0.012,31.4
4368,4.2136e-05,-0.004,31.4
4369,4.2137999999999995e-05,-0.004,31.4
4370,4.214e-05,-0.004,31.4
4371,4.2142e-05,-0.004,31.4
4372,4.2144e-05,-0.004,31.4
4373,4.2146e-05,-0.004,31.4
4374,4.2148e-05,-0.004,31.4
4375,4.215e-05,-0.004,31.4
4376,4.2152e-05,-0.004,31.4
4377,4.2154e-05,-0.004,31.4
4378,4.2156e-05,-0.004,31.8
4379,4.2158e-05,-0.004,31.4
4380,4.216e-05,-0.004,31.4
4381,4.2162e-05,-0.004,31.4
4382,4.2164e-05,-0.004,31.4
4383,4.2166e-05,-0.004,31.4
4384,4.2168e-05,-0.004,31.4
4385,4.217e-05,-0.004,31.4
4386,4.2172e-05,-0.004,31.4
4387,4.2174e-05,-0.004,31.4
4388,4.2176e-05,-0.004,31.4
4389,4.2178e-05,-0.004,31.4
4390,4.218e-05,-0.004,31.4
4391,4.2182e-05,-0.004,31.4
4392,4.2184e-05,-0.004,31.4
4393,4.2186e-05,-0.004,31.4
4394,4.2187999999999997e-05,-0.004,31.4
4395,4.219e-05,-0.004,31.8
4396,4.2192e-05,-0.004,31.4
4397,4.2193999999999996e-05,-0.004,31.4
4398,4.2196e-05,-0.004,31.4
4399,4.2198e-05,-0.004,31.4
4400,4.2199999999999996e-05,-0.004,31.4
4401,4.2202e-05,-0.004,31.4
4402,4.2204e-05,-0.004,31.4
4403,4.2205999999999995e-05,-0.004,31.4
4404,4.2208e-05,-0.004,31.4
4405,4.221e-05,-0.004,31.4
4406,4.2212e-05,-0.004,31.4
4407,4.2214e-05,-0.004,31.4
4408,4.2216e-05,-0.004,31.4
4409,4.2218e-05,-0.004,31.4
4410,4.222e-05,-0.004,31.4
4411,4.2222e-05,-0.004,31.4
4412,4.2224e-05,-0.004,31.4
4413,4.2226e-05,-0.004,31.4
4414,4.2228e-05,-0.004,31.4
4415,4.223e-05,-0.004,31.4
4416,4.2232e-05,-0.004,31.4
4417,4.2234e-05,-0.004,31.4
4418,4.2236e-05,-0.004,31.4
4419,4.2238e-05,-0.004,31.4
4420,4.224e-05,-0.004,31.4
4421,4.2242e-05,-0.004,31.4
4422,4.2244e-05,-0.004,31.8
4423,4.2246e-05,-0.004,31.4
4424,4.2248e-05,-0.004,31.4
4425,4.225e-05,-0.004,31.4
4426,4.2252e-05,-0.004,31.4
4427,4.2254e-05,-0.004,31.4
4428,4.2255999999999997e-05,-0.004,31.4
4429,4.2258e-05,-0.004,31.4
4430,4.226e-05,-0.004,31.4
4431,4.2261999999999996e-05,-0.004,31.4
4432,4.2264e-05,-0.004,31.4
4433,4.2266e-05,-0.004,31.4
4434,4.2267999999999996e-05,-0.004,31.4
4435,4.227e-05,-0.004,31.4
4436,4.2272e-05,-0.004,31.4
4437,4.2273999999999995e-05,-0.004,31.4
4438,4.2276e-05,-0.004,31.4
4439,4.2278e-05,-0.004,31.4
4440,4.228e-05,-0.004,31.4
4441,4.2282e-05,-0.004,31.4
4442,4.2284e-05,-0.004,31.4
4443,4.2286e-05,-0.004,31.8
4444,4.2288e-05,-0.004,31.4
4445,4.229e-05,-0.004,31.4
4446,4.2292e-05,-0.004,31.4
4447,4.2294e-05,-0.004,31.4
4448,4.2296e-05,-0.004,31.4
4449,4.2298e-05,-0.004,31.4
4450,4.23e-05,-0.004,31.4
4451,4.2302e-05,-0.004,31.4
4452,4.2304e-05,-0.004,31.4
4453,4.2306e-05,-0.004,31.4
4454,4.2308e-05,-0.004,31.4
4455,4.231e-05,-0.004,31.4
4456,4.2312e-05,-0.004,31.4
4457,4.2314e-05,-0.004,31.4
4458,4.2316e-05,-0.004,31.4
4459,4.2318e-05,-0.004,31.4
4460,4.232e-05,-0.004,31.4
4461,4.2322e-05,-0.004,31.4
4462,4.2323999999999997e-05,-0.004,31.4
4463,4.2326e-05,-0.004,31.4
4464,4.2328e-05,-0.004,31.4
4465,4.2329999999999996e-05,-0.004,31.4
4466,4.2332e-05,-0.004,31.4
4467,4.2334e-05,-0.004,31.4
4468,4.2335999999999996e-05,-0.004,31.4
4469,4.2338e-05,-0.004,31.4
4470,4.234e-05,-0.004,31.4
4471,4.2341999999999995e-05,-0.004,31.4
4472,4.2344e-05,-0.004,31.4
4473,4.2346e-05,-0.004,31.4
4474,4.2348e-05,-0.004,31.4
4475,4.235e-05,-0.004,31.4
4476,4.2352e-05,-0.004,31.4
4477,4.2354e-05,-0.004,31.4
4478,4.2356e-05,-0.004,31.4
4479,4.2358000000000003e-05,-0.004,31.4
4480,4.236e-05,-0.004,31.4
4481,4.2362e-05,-0.004,31.4
4482,4.2364e-05,-0.004,31.4
4483,4.2366e-05,-0.004,31.4
4484,4.2368e-05,-0.004,31.4
4485,4.237e-05,-0.004,31.4
4486,4.2372e-05,-0.004,31.4
4487,4.2374e-05,-0.004,31.4
4488,4.2376e-05,-0.004,31.4
4489,4.2378e-05,-0.004,31.4
4490,4.238e-05,-0.004,31.4
4491,4.2382e-05,-0.004,31.4
4492,4.2384e-05,-0.004,31.4
4493,4.2386e-05,-0.004,31.4
4494,4.2388e-05,-0.004,31.4
4495,4.239e-05,-0.004,31.4
4496,4.2392e-05,-0.004,31.4
4497,4.2394e-05,-0.004,31.4
4498,4.2396e-05,-0.004,31.4
4499,4.2397999999999996e-05,-0.004,31.4
4500,4.24e-05,-0.004,31.4
4501,4.2402e-05,-0.004,31.4
4502,4.2403999999999996e-05,-0.004,31.4
4503,4.2406e-05,-0.004,31.4
4504,4.2408e-05,-0.004,31.4
4505,4.2409999999999995e-05,-0.004,31.4
4506,4.2412e-05,-0.004,31.4
4507,4.2414e-05,-0.004,31.8
4508,4.2415999999999995e-05,-0.004,31.4
4509,4.2418e-05,-0.004,31.4
4510,4.242e-05,-0.004,31.4
4511,4.2422e-05,-0.004,31.4
4512,4.2424e-05,-0.004,31.4
4513,4.2426000000000003e-05,-0.004,31.4
4514,4.2428e-05,0.004,31.4
4515,4.243e-05,-0.004,31.4
4516,4.2432e-05,-0.004,31.4
4517,4.2434e-05,-0.004,31.4
4518,4.2436e-05,-0.004,31.4
4519,4.2438e-05,-0.004,31.4
4520,4.244e-05,-0.004,31.4
4521,4.2442e-05,-0.004,31.4
4522,4.2444e-05,-0.004,31.4
4523,4.2446e-05,-0.004,31.4
4524,4.2448e-05,0.004,31.4
4525,4.245e-05,-0.004,31.4
4526,4.2452e-05,-0.004,31.4
4527,4.2454e-05,-0.004,31.4
4528,4.2456e-05,-0.004,31.4
4529,4.2458e-05,-0.004,31.4
4530,4.246e-05,-0.004,31.4
4531,4.2462e-05,-0.004,31.4
4532,4.2464e-05,-0.004,31.4
4533,4.2465999999999996e-05,-0.004,31.4
4534,4.2468e-05,0.004,31.4
4535,4.247e-05,-0.004,31.8
4536,4.2471999999999996e-05,-0.004,31.4
4537,4.2474e-05,-0.004,31.4
4538,4.2476e-05,-0.004,31.4
4539,4.2477999999999995e-05,-0.004,31.4
4540,4.248e-05,-0.004,31.4
4541,4.2482e-05,0.004,31.4
4542,4.2483999999999995e-05,0.004,31.4
4543,4.2486e-05,-0.004,31.4
4544,4.2488e-05,-0.004,31.4
4545,4.249e-05,-0.004,31.4
4546,4.2492e-05,0.004,31.4
4547,4.2494000000000003e-05,-0.004,31.4
4548,4.2496e-05,-0.004,31.4
4549,4.2498e-05,-0.004,31.4
4550,4.25e-05,-0.004,31.4
4551,4.2502e-05,-0.004,31.4
4552,4.2504e-05,-0.004,31.4
4553,4.2506e-05,-0.004,31.4
4554,4.2508e-05,0.004,31.4
4555,4.251e-05,-0.004,31.8
4556,4.2512e-05,-0.004,31.4
4557,4.2514e-05,-0.004,31.4
4558,4.2516e-05,0.004,31.4
4559,4.2518e-05,-0.004,31.4
4560,4.252e-05,-0.004,31.4
4561,4.2522e-05,-0.004,31.4
4562,4.2524e-05,0.004,31.4
4563,4.2526e-05,-0.004,31.4
4564,4.2528e-05,0.004,31.4
4565,4.253e-05,-0.004,31.4
4566,4.2532e-05,0.004,31.4
4567,4.2533999999999996e-05,-0.004,31.4
4568,4.2536e-05,0.004,31.4
4569,4.2538e-05,0.004,31.4
4570,4.2539999999999996e-05,0.004,31.4
4571,4.2542e-05,0.004,31.4
4572,4.2544e-05,-0.004,31.4
4573,4.2545999999999995e-05,-0.004,31.4
4574,4.2548e-05,0.004,31.4
4575,4.255e-05,-0.004,31.4
4576,4.2551999999999995e-05,0.004,31.4
4577,4.2554e-05,0.004,31.4
4578,4.2556e-05,-0.004,31.4
4579,4.2558e-05,0.004,31.4
4580,4.256e-05,0.004,31.4
4581,4.2562000000000003e-05,-0.004,31.4
4582,4.2564e-05,0.004,31.4
4583,4.2566e-05,-0.004,31.4
4584,4.2568e-05,-0.004,31.4
4585,4.257e-05,0.004,31.4
4586,4.2572e-05,0.004,31.4
4587,4.2574e-05,-0.004,31.4
4588,4.2576e-05,-0.004,31.4
4589,4.2578e-05,0.004,31.4
4590,4.258e-05,0.004,31.4
4591,4.2582e-05,-0.004,31.4
4592,4.2584e-05,0.004,31.4
4593,4.2586e-05,-0.004,31.4
4594,4.2588e-05,0.004,31.4
4595,4.259e-05,-0.004,31.4
4596,4.2592e-05,0.004,31.4
4597,4.2594e-05,0.004,31.4
4598,4.2596e-05,0.004,31.4
4599,4.2598e-05,-0.004,31.4
4600,4.26e-05,0.004,31.4
4601,4.2601999999999996e-05,0.004,31.4
4602,4.2604e-05,0.004,31.4
4603,4.2606e-05,-0.004,31.4
4604,4.2607999999999996e-05,0.004,31.4
4605,4.261e-05,-0.004,31.4
4606,4.2612e-05,0.004,31.4
4607,4.2613999999999996e-05,-0.004,31.4
4608,4.2616e-05,0.004,31.4
4609,4.2618e-05,0.004,31.4
4610,4.2619999999999995e-05,0.004,31.4
4611,4.2622e-05,-0.004,31.4
4612,4.2624e-05,0.004,31.4
4613,4.2626e-05,0.004,31.4
4614,4.2628e-05,0.004,31.4
4615,4.2630000000000004e-05,-0.004,31.4
4616,4.2632e-05,-0.004,31.4
4617,4.2634e-05,0.004,31.4
4618,4.2636e-05,0.004,31.4
4619,4.2638e-05,-0.004,31.4
4620,4.264e-05,0.004,31.4
4621,4.2642e-05,0.004,31.4
4622,4.2644e-05,0.004,31.4
4623,4.2646e-05,0.004,31.4
4624,4.2648e-05,0.004,31.4
4625,4.265e-05,0.004,31.4
4626,4.2652e-05,0.004,31.4
4627,4.2654e-05,0.004,31.4
4628,4.2656e-05,0.004,31.4
4629,4.2658e-05,0.004,31.4
4630,4.266e-05,0.004,31.4
4631,4.2662e-05,-0.004,31.4
4632,4.2664e-05,0.004,31.4
4633,4.2666e-05,0.004,31.4
4634,4.2668e-05,0.004,31.4
4635,4.2669999999999996e-05,0.004,31.8
4636,4.2672e-05,0.004,31.4
4637,4.2674e-05,0.004,31.4
4638,4.2675999999999996e-05,0.004,31.4
4639,4.2678e-05,-0.004,31.4
4640,4.268e-05,0.004,31.4
4641,4.2681999999999996e-05,0.004,31.4
4642,4.2684e-05,0.004,31.4
4643,4.2686e-05,0.004,31.4
4644,4.2687999999999995e-05,0.004,31.4
4645,4.269e-05,0.004,31.4
4646,4.2692e-05,0.004,31.4
4647,4.2694e-05,-0.004,31.4
4648,4.2696e-05,0.004,31.4
4649,4.2698e-05,0.004,31.4
4650,4.27e-05,0.004,31.4
4651,4.2702e-05,0.004,31.4
4652,4.2704e-05,0.004,31.4
4653,4.2706e-05,0.004,31.4
4654,4.2708e-05,0.004,31.4
4655,4.271e-05,0.004,31.4
4656,4.2712e-05,0.004,31.4
4657,4.2714e-05,0.004,31.4
4658,4.2716e-05,0.004,31.4
4659,4.2718e-05,0.004,31.4
4660,4.272e-05,0.004,31.4
4661,4.2722e-05,0.004,31.4
4662,4.2724e-05,0.004,31.4
4663,4.2726e-05,0.004,31.4
4664,4.2728e-05,0.004,31.4
4665,4.273e-05,0.004,31.4
4666,4.2732e-05,0.004,31.4
4667,4.2734e-05,0.004,31.4
4668,4.2736e-05,0.004,31.4
4669,4.2737999999999996e-05,0.004,31.4
4670,4.274e-05,0.004,31.4
4671,4.2742e-05,0.004,31.4
4672,4.2743999999999996e-05,0.004,31.4
4673,4.2746e-05,0.004,31.4
4674,4.2748e-05,0.004,31.4
4675,4.2749999999999996e-05,0.004,31.4
4676,4.2752e-05,0.004,31.4
4677,4.2754e-05,0.004,31.4
4678,4.2755999999999995e-05,0.004,31.4
4679,4.2758e-05,0.004,31.4
4680,4.276e-05,0.004,31.4
4681,4.2762e-05,0.004,31.4
4682,4.2764e-05,0.004,31.4
4683,4.2766e-05,0.004,31.4
4684,4.2768e-05,0.004,31.4
4685,4.277e-05,0.004,31.4
4686,4.2772e-05,0.004,31.4
4687,4.2774e-05,0.004,31.4
4688,4.2776e-05,0.004,31.4
4689,4.2778e-05,0.004,31.4
4690,4.278e-05,0.004,31.4
4691,4.2782e-05,0.004,31.4
4692,4.2784e-05,0.004,31.4
4693,4.2786e-05,0.004,31.4
4694,4.2788e-05,0.004,31.4
4695,4.279e-05,0.004,31.4
4696,4.2792e-05,0.004,31.4
4697,4.2794e-05,0.004,31.4
4698,4.2796e-05,0.004,31.8
4699,4.2798e-05,0.004,31.4
4700,4.28e-05,0.004,31.4
4701,4.2802e-05,0.004,31.4
4702,4.2804e-05,0.004,31.4
4703,4.2805999999999996e-05,0.004,31.4
4704,4.2808e-05,0.004,31.4
4705,4.281e-05,0.004,31.4
4706,4.2811999999999996e-05,0.004,31.4
4707,4.2814e-05,0.004,31.4
4708,4.2816e-05,0.004,31.4
4709,4.2817999999999996e-05,0.004,31.4
4710,4.282e-05,0.004,31.4
4711,4.2822e-05,0.004,31.4
4712,4.2823999999999995e-05,0.004,31.4
4713,4.2826e-05,0.004,31.4
4714,4.2828e-05,0.004,31.4
4715,4.283e-05,0.004,31.4
4716,4.2832e-05,0.004,31.4
4717,4.2834e-05,0.004,31.4
4718,4.2836e-05,0.004,31.4
4719,4.2838e-05,0.004,31.4
4720,4.284e-05,0.004,31.4
4721,4.2842e-05,0.004,31.4
4722,4.2844e-05,0.004,31.4
4723,4.2846e-05,0.004,31.4
4724,4.2848e-05,0.004,31.4
4725,4.285e-05,0.004,31.4
4726,4.2852e-05,0.004,31.4
4727,4.2854e-05,0.004,31.4
4728,4.2856e-05,0.004,31.4
4729,4.2858e-05,0.004,31.4
4730,4.286e-05,0.004,31.4
4731,4.2862e-05,0.004,31.4
4732,4.2864e-05,0.004,31.4
4733,4.2866e-05,0.004,31.4
4734,4.2868e-05,0.004,31.4
4735,4.287e-05,0.004,31.4
4736,4.2872e-05,0.004,31.4
4737,4.2873999999999996e-05,0.004,31.4
4738,4.2876e-05,0.004,31.4
4739,4.2878e-05,0.004,31.4
4740,4.2879999999999996e-05,0.004,31.4
4741,4.2882e-05,0.004,31.4
4742,4.2884e-05,0.004,31.8
4743,4.2885999999999996e-05,0.004,31.4
4744,4.2888e-05,0.004,31.4
4745,4.289e-05,0.004,31.4
4746,4.2891999999999995e-05,0.004,31.4
4747,4.2894e-05,0.004,31.4
4748,4.2896e-05,0.004,31.4
4749,4.2898e-05,0.004,31.4
4750,4.29e-05,0.004,31.4
4751,4.2902e-05,0.004,31.4
4752,4.2904e-05,0.004,31.4
4753,4.2906e-05,0.004,31.4
4754,4.2908e-05,0.004,31.4
4755,4.291e-05,0.004,31.4
4756,4.2912e-05,0.004,31.4
4757,4.2914e-05,0.004,31.4
4758,4.2916e-05,0.004,31.4
4759,4.2918e-05,0.004,31.4
4760,4.292e-05,0.004,31.4
4761,4.2922e-05,0.004,31.4
4762,4.2924e-05,0.004,31.4
4763,4.2926e-05,0.004,31.4
4764,4.2928e-05,0.004,31.4
4765,4.293e-05,0.004,31.8
4766,4.2932e-05,0.004,31.4
4767,4.2934e-05,0.004,31.8
4768,4.2936e-05,0.004,31.4
4769,4.2938e-05,0.004,31.4
4770,4.294e-05,0.004,31.4
4771,4.2941999999999996e-05,0.004,31.4
4772,4.2944e-05,0.004,31.4
4773,4.2946e-05,0.004,31.4
4774,4.2947999999999996e-05,0.004,31.4
4775,4.295e-05,0.004,31.4
4776,4.2952e-05,0.004,31.4
4777,4.2953999999999996e-05,0.004,31.4
4778,4.2956e-05,0.004,31.4
4779,4.2958e-05,0.004,31.4
4780,4.2959999999999995e-05,0.004,31.4
4781,4.2962e-05,0.004,31.4
4782,4.2964e-05,0.004,31.4
4783,4.2966e-05,0.004,31.8
4784,4.2968e-05,0.004,31.4
4785,4.297e-05,0.004,31.4
4786,4.2972e-05,0.004,31.4
4787,4.2974e-05,0.004,31.4
4788,4.2976e-05,0.004,31.4
4789,4.2978e-05,0.004,31.4
4790,4.298e-05,0.004,31.4
4791,4.2982e-05,0.004,31.4
4792,4.2984e-05,0.004,31.4
4793,4.2986e-05,0.004,31.4
4794,4.2988e-05,0.004,31.4
4795,4.299e-05,0.004,31.4
4796,4.2992e-05,0.004,31.4
4797,4.2994e-05,0.004,31.4
4798,4.2996e-05,0.004,31.4
4799,4.2998e-05,0.004,31.4
4800,4.3e-05,0.004,31.4
4801,4.3002e-05,0.004,31.4
4802,4.3004e-05,0.004,31.4
4803,4.3006e-05,0.004,31.8
4804,4.3008e-05,0.004,31.4
4805,4.3009999999999996e-05,0.004,31.4
4806,4.3012e-05,0.004,31.4
4807,4.3014e-05,0.004,31.4
4808,4.3015999999999996e-05,0.004,31.4
4809,4.3018e-05,0.004,31.4
4810,4.302e-05,0.004,31.4
4811,4.3021999999999996e-05,0.004,31.4
4812,4.3024e-05,0.004,31.4
4813,4.3026e-05,0.004,31.4
4814,4.3027999999999995e-05,0.004,31.4
4815,4.303e-05,0.004,31.4
4816,4.3032e-05,0.004,31.4
4817,4.3034e-05,0.004,31.4
4818,4.3036e-05,0.004,31.4
4819,4.3038e-05,0.004,31.8
4820,4.304e-05,0.004,31.4
4821,4.3042e-05,0.004,31.4
4822,4.3044e-05,0.012,31.4
4823,4.3046e-05,0.004,31.4
4824,4.3048e-05,0.004,31.4
4825,4.305e-05,0.004,31.4
4826,4.3052e-05,0.004,31.4
4827,4.3054e-05,0.004,31.4
4828,4.3056e-05,0.004,31.4
4829,4.3058e-05,0.004,31.4
4830,4.306e-05,0.004,31.8
4831,4.3062e-05,0.004,31.4
4832,4.3064e-05,0.004,31.4
4833,4.3066e-05,0.004,31.4
4834,4.3068e-05,0.004,31.4
4835,4.307e-05,0.004,31.8
4836,4.3072e-05,0.004,31.4
4837,4.3074e-05,0.004,31.4
4838,4.3076e-05,0.004,31.4
4839,4.3077999999999997e-05,0.004,31.4
4840,4.308e-05,0.004,31.4
4841,4.3082e-05,0.004,31.4
4842,4.3083999999999996e-05,0.012,31.4
4843,4.3086e-05,0.004,31.4
4844,4.3088e-05,0.004,31.4
4845,4.3089999999999996e-05,0.004,31.4
4846,4.3092e-05,0.004,31.4
4847,4.3094e-05,0.004,31.8
4848,4.3095999999999995e-05,0.004,31.4
4849,4.3098e-05,0.004,31.4
4850,4.31e-05,0.004,31.4
4851,4.3102e-05,0.004,31.4
4852,4.3104e-05,0.004,31.4
4853,4.3106e-05,0.004,31.4
4854,4.3108e-05,0.012,31.4
4855,4.311e-05,0.004,31.4
4856,4.3112e-05,0.004,31.4
4857,4.3114e-05,0.004,31.4
4858,4.3116e-05,0.004,31.4
4859,4.3118e-05,0.004,31.4
4860,4.312e-05,0.004,31.4
4861,4.3122e-05,0.012,31.4
4862,4.3124e-05,0.012,31.4
4863,4.3126e-05,0.004,31.4
4864,4.3128e-05,0.004,31.4
4865,4.313e-05,0.004,31.4
4866,4.3132e-05,0.004,31.4
4867,4.3134e-05,0.004,31.4
4868,4.3136e-05,0.004,31.4
4869,4.3138e-05,0.004,31.4
4870,4.314e-05,0.012,31.4
4871,4.3142e-05,0.004,31.4
4872,4.3144e-05,0.004,31.4
4873,4.3145999999999997e-05,0.012,31.4
4874,4.3148e-05,0.004,31.4
4875,4.315e-05,0.004,31.4
4876,4.3151999999999996e-05,0.004,31.4
4877,4.3154e-05,0.004,31.4
4878,4.3156e-05,0.012,31.4
4879,4.3157999999999996e-05,0.004,31.4
4880,4.316e-05,0.004,31.4
4881,4.3162e-05,0.004,31.4
4882,4.3163999999999995e-05,0.012,31.4
4883,4.3166e-05,0.004,31.4
4884,4.3168e-05,0.004,31.4
4885,4.317e-05,0.004,31.4
4886,4.3172e-05,0.012,31.4
4887,4.3174e-05,0.004,31.4
4888,4.3176e-05,0.004,31.4
4889,4.3178e-05,0.012,31.4
4890,4.318e-05,0.004,31.4
4891,4.3182e-05,0.004,31.4
4892,4.3184e-05,0.004,31.4
4893,4.3186e-05,0.004,31.4
4894,4.3188e-05,0.012,31.8
4895,4.319e-05,0.004,31.4
4896,4.3192e-05,0.004,31.4
4897,4.3194e-05,0.004,31.4
4898,4.3196e-05,0.012,31.4
4899,4.3198e-05,0.004,31.4
4900,4.32e-05,0.004,31.4
4901,4.3202e-05,0.012,31.4
4902,4.3204e-05,0.004,31.4
4903,4.3206e-05,0.004,31.4
4904,4.3208e-05,0.012,31.4
4905,4.321e-05,0.004,31.4
4906,4.3212e-05,0.012,31.4
4907,4.3213999999999997e-05,0.004,31.4
4908,4.3216e-05,0.004,31.4
4909,4.3218e-05,0.004,31.4
4910,4.3219999999999996e-05,0.012,31.4
4911,4.3222e-05,0.004,31.4
4912,4.3224e-05,0.004,31.4
4913,4.3225999999999996e-05,0.012,31.4
4914,4.3228e-05,0.012,31.4
4915,4.323e-05,0.004,31.4
4916,4.3231999999999995e-05,0.012,31.4
4917,4.3234e-05,0.004,31.4
4918,4.3236e-05,0.012,31.4
4919,4.3238e-05,0.004,31.4
4920,4.324e-05,0.004,31.4
4921,4.3242e-05,0.012,31.4
4922,4.3244e-05,0.012,31.4
4923,4.3246e-05,0.004,31.8
4924,4.3248e-05,0.004,31.4
4925,4.325e-05,0.004,31.4
4926,4.3252e-05,0.012,31.4
4927,4.3254e-05,0.012,31.4
4928,4.3256e-05,0.004,31.4
4929,4.3258e-05,0.004,31.4
4930,4.326e-05,0.012,31.4
4931,4.3262e-05,0.004,31.4
4932,4.3264e-05,0.012,31.4
4933,4.3266e-05,0.012,31.4
4934,4.3268e-05,0.012,31.4
4935,4.327e-05,0.012,31.4
4936,4.3272e-05,0.012,31.4
4937,4.3274e-05,0.012,31.4
4938,4.3276e-05,0.012,31.4
4939,4.3278e-05,0.004,31.4
4940,4.328e-05,0.012,31.4
4941,4.3281999999999997e-05,0.012,31.8
4942,4.3284e-05,0.012,31.8
4943,4.3286e-05,0.012,31.4
4944,4.3287999999999996e-05,0.012,31.4
4945,4.329e-05,0.012,31.4
4946,4.3292e-05,0.012,31.4
4947,4.3293999999999996e-05,0.004,31.4
4948,4.3296e-05,0.012,31.4
4949,4.3298e-05,0.012,31.4
4950,4.3299999999999995e-05,0.012,31.4
4951,4.3302e-05,0.004,31.4
4952,4.3304e-05,0.012,31.4
4953,4.3306e-05,0.004,31.4
4954,4.3308e-05,0.012,31.4
4955,4.331e-05,0.004,31.8
4956,4.3312e-05,0.012,31.4
4957,4.3314e-05,0.012,31.4
4958,4.3316e-05,0.012,31.4
4959,4.3318e-05,0.004,31.4
4960,4.332e-05,0.012,31.4
4961,4.3322e-05,0.012,31.4
4962,4.3324e-05,0.012,31.4
4963,4.3326e-05,0.004,31.4
4964,4.3328e-05,0.012,31.4
4965,4.333e-05,0.012,31.4
4966,4.3332e-05,0.012,31.4
4967,4.3334e-05,0.012,31.4
4968,4.3336e-05,0.012,31.4
4969,4.3338e-05,0.012,31.4
4970,4.334e-05,0.012,31.4
4971,4.3342e-05,0.012,31.4
4972,4.3344e-05,0.012,31.4
4973,4.3346e-05,0.012,31.4
4974,4.3348e-05,0.012,31.4
4975,4.3349999999999997e-05,0.004,31.4
4976,4.3352e-05,0.004,31.4
4977,4.3354e-05,0.012,31.4
4978,4.3355999999999996e-05,0.012,31.8
4979,4.3358e-05,0.012,31.4
4980,4.336e-05,0.012,31.4
4981,4.3361999999999996e-05,0.004,31.4
4982,4.3364e-05,0.012,31.4
4983,4.3366e-05,0.012,31.4
4984,4.3367999999999995e-05,0.012,31.8
4985,4.337e-05,0.012,31.4
4986,4.3372e-05,0.012,31.4
4987,4.3374e-05,0.012,31.4
4988,4.3376e-05,0.012,31.4
4989,4.3378e-05,0.012,31.4
4990,4.338e-05,0.012,31.4
4991,4.3382e-05,0.012,31.4
4992,4.3384000000000003e-05,0.012,31.4
4993,4.3386e-05,0.012,31.4
4994,4.3388e-05,0.012,31.8
4995,4.339e-05,0.004,31.4
4996,4.3392e-05,0.012,31.4
4997,4.3394e-05,0.012,31.4
4998,4.3396e-05,0.012,31.4
4999,4.3398e-05,0.012,31.4
5000,4.34e-05,0.012,31.4
5001,4.3402e-05,0.012,31.4
5002,4.3404e-05,0.012,31.4
5003,4.3406e-05,0.012,31.8
5004,4.3408e-05,0.012,31.4
5005,4.341e-05,0.012,31.4
5006,4.3412e-05,0.012,31.4
5007,4.3414e-05,0.012,31.4
5008,4.3416e-05,0.012,31.4
5009,4.3418e-05,0.012,31.4
5010,4.342e-05,0.012,31.8
5011,4.3422e-05,0.004,31.4
5012,4.3423999999999996e-05,0.012,31.4
5013,4.3426e-05,0.012,31.8
5014,4.3428e-05,0.012,31.4
5015,4.3429999999999996e-05,0.012,31.4
5016,4.3432e-05,0.012,31.4
5017,4.3434e-05,0.012,31.4
5018,4.3435999999999995e-05,0.012,31.4
5019,4.3438e-05,0.004,31.4
5020,4.344e-05,0.012,31.4
5021,4.3442e-05,0.012,31.4
5022,4.3444e-05,0.012,31.4
5023,4.3446e-05,0.012,31.4
5024,4.3448e-05,0.012,31.4
5025,4.345e-05,0.012,31.4
5026,4.3452000000000003e-05,0.012,31.4
5027,4.3454e-05,0.012,31.4
5028,4.3456e-05,0.012,31.4
5029,4.3458e-05,0.012,31.4
5030,4.346e-05,0.012,31.4
5031,4.3462e-05,0.012,31.4
5032,4.3464e-05,0.012,31.4
5033,4.3466e-05,0.012,31.4
5034,4.3468e-05,0.012,31.4
5035,4.347e-05,0.012,31.4
5036,4.3472e-05,0.012,31.4
5037,4.3474e-05,0.012,31.4
5038,4.3476e-05,0.012,31.4
5039,4.3478e-05,0.012,31.4
5040,4.348e-05,0.012,31.4
5041,4.3482e-05,0.012,31.4
5042,4.3484e-05,0.012,31.4
5043,4.3486e-05,0.012,31.4
5044,4.3488e-05,0.012,31.4
5045,4.349e-05,0.012,31.4
5046,4.3491999999999996e-05,0.012,31.4
5047,4.3494e-05,0.012,31.4
5048,4.3496e-05,0.012,31.4
5049,4.3497999999999996e-05,0.012,31.4
5050,4.35e-05,0.012,31.8
5051,4.3502e-05,0.012,31.4
5052,4.3503999999999995e-05,0.012,31.4
5053,4.3506e-05,0.012,31.4
5054,4.3508e-05,0.012,31.4
5055,4.351e-05,0.012,31.4
5056,4.3512e-05,0.012,31.4
5057,4.3514e-05,0.012,31.4
5058,4.3516e-05,0.012,31.4
5059,4.3518e-05,0.012,31.4
5060,4.3520000000000003e-05,0.012,31.4
5061,4.3522e-05,0.012,31.4
5062,4.3524e-05,0.012,31.4
5063,4.3526e-05,0.012,31.4
5064,4.3528e-05,0.012,31.4
5065,4.353e-05,0.012,31.4
5066,4.3532e-05,0.012,31.4
5067,4.3534e-05,0.012,31.4
5068,4.3536e-05,0.012,31.4
5069,4.3538e-05,0.012,31.4
5070,4.354e-05,0.012,31.4
5071,4.3542e-05,0.012,31.4
5072,4.3544e-05,0.012,31.4
5073,4.3546e-05,0.012,31.4
5074,4.3548e-05,0.012,31.4
5075,4.355e-05,0.012,31.8
5076,4.3552e-05,0.012,31.4
5077,4.3554e-05,0.012,31.8
5078,4.3556e-05,0.012,31.4
5079,4.3558e-05,0.012,31.4
5080,4.3559999999999996e-05,0.012,31.4
5081,4.3562e-05,0.012,31.4
5082,4.3564e-05,0.012,31.4
5083,4.3565999999999996e-05,0.012,31.4
5084,4.3568e-05,0.012,31.4
5085,4.357e-05,0.012,31.4
5086,4.3571999999999995e-05,0.012,31.4
5087,4.3574e-05,0.012,31.4
5088,4.3576e-05,0.012,31.4
5089,4.3577999999999995e-05,0.012,31.4
5090,4.358e-05,0.012,31.4
5091,4.3582e-05,0.012,31.8
5092,4.3584e-05,0.012,31.4
5093,4.3586e-05,0.012,31.4
5094,4.3588000000000003e-05,0.012,31.4
5095,4.359e-05,0.012,31.4
5096,4.3592e-05,0.012,31.4
5097,4.3594e-05,0.012,31.4
5098,4.3596e-05,0.012,31.8
5099,4.3598e-05,0.012,31.4
5100,4.36e-05,0.012,31.4
5101,4.3602e-05,0.012,31.4
5102,4.3604e-05,0.012,31.4
5103,4.3606e-05,0.012,31.4
5104,4.3608e-05,0.012,31.4
5105,4.361e-05,0.012,31.4
5106,4.3612e-05,0.012,31.4
5107,4.3614e-05,0.012,31.4
5108,4.3616e-05,0.012,31.4
5109,4.3618e-05,0.012,31.4
5110,4.362e-05,0.012,31.4
5111,4.3622e-05,0.012,31.4
5112,4.3624e-05,0.012,31.4
5113,4.3626e-05,0.012,31.4
5114,4.3627999999999996e-05,0.012,31.4
5115,4.363e-05,0.012,31.8
5116,4.3632e-05,0.012,31.4
5117,4.3633999999999996e-05,0.012,31.4
5118,4.3636e-05,0.012,31.4
5119,4.3638e-05,0.012,31.4
5120,4.3639999999999996e-05,0.012,31.4
5121,4.3642e-05,0.012,31.4
5122,4.3644e-05,0.012,31.4
5123,4.3645999999999995e-05,0.012,31.4
5124,4.3648e-05,0.012,31.4
5125,4.365e-05,0.012,31.4
5126,4.3652e-05,0.012,31.4
5127,4.3654e-05,0.012,31.4
5128,4.3656000000000004e-05,0.012,31.4
5129,4.3658e-05,0.012,31.4
5130,4.366e-05,0.012,31.4
5131,4.3662e-05,0.012,31.4
5132,4.3664e-05,0.012,31.4
5133,4.3666e-05,0.012,31.4
5134,4.3668e-05,0.02,31.4
5135,4.367e-05,0.012,31.4
5136,4.3672e-05,0.012,31.4
5137,4.3674e-05,0.012,31.4
5138,4.3676e-05,0.012,31.4
5139,4.3678e-05,0.012,31.4
5140,4.368e-05,0.012,31.4
5141,4.3682e-05,0.012,31.4
5142,4.3684e-05,0.012,31.4
5143,4.3686e-05,0.012,31.4
5144,4.3688e-05,0.012,31.4
5145,4.369e-05,0.012,31.4
5146,4.3692e-05,0.012,31.4
5147,4.3694e-05,0.012,31.4
5148,4.3695999999999996e-05,0.012,31.4
5149,4.3698e-05,0.012,31.4
5150,4.37e-05,0.012,31.4
5151,4.3701999999999996e-05,0.012,31.4
5152,4.3704e-05,0.012,31.4
5153,4.3706e-05,0.012,31.4
5154,4.3707999999999996e-05,0.012,31.4
5155,4.371e-05,0.012,31.4
5156,4.3712e-05,0.012,31.4
5157,4.3713999999999995e-05,0.012,31.8
5158,4.3716e-05,0.012,31.4
5159,4.3718e-05,0.012,31.4
5160,4.372e-05,0.012,31.4
5161,4.3722e-05,0.012,31.4
5162,4.3724000000000004e-05,0.012,31.4
5163,4.3726e-05,0.012,31.4
5164,4.3728e-05,0.012,31.4
5165,4.373e-05,0.012,31.8
5166,4.3732e-05,0.012,31.4
5167,4.3734e-05,0.012,31.4
5168,4.3736e-05,0.012,31.4
5169,4.3738e-05,0.012,31.4
5170,4.374e-05,0.012,31.8
5171,4.3742e-05,0.012,31.4
5172,4.3744e-05,0.012,31.4
5173,4.3746e-05,0.012,31.4
5174,4.3748e-05,0.012,31.4
5175,4.375e-05,0.012,31.4
5176,4.3752e-05,0.012,31.4
5177,4.3754e-05,0.02,31.4
5178,4.3756e-05,0.012,31.4
5179,4.3758e-05,0.012,31.4
5180,4.376e-05,0.012,31.4
5181,4.3762e-05,0.012,31.4
5182,4.3763999999999996e-05,0.012,31.4
5183,4.3766e-05,0.012,31.4
5184,4.3768e-05,0.012,31.4
5185,4.3769999999999996e-05,0.012,31.4
5186,4.3772e-05,0.012,31.4
5187,4.3774e-05,0.012,31.4
5188,4.3775999999999996e-05,0.012,31.4
5189,4.3778e-05,0.012,31.4
5190,4.378e-05,0.012,31.4
5191,4.3781999999999995e-05,0.012,31.4
5192,4.3784e-05,0.012,31.4
5193,4.3786e-05,0.012,31.4
5194,4.3788e-05,0.012,31.4
5195,4.379e-05,0.012,31.8
5196,4.3792000000000004e-05,0.012,31.4
5197,4.3794e-05,0.012,31.4
5198,4.3796e-05,0.012,31.4
5199,4.3798e-05,0.012,31.4
5200,4.38e-05,0.012,31.4
5201,4.3802e-05,0.012,31.4
5202,4.3804e-05,0.02,31.4
5203,4.3806e-05,0.012,31.4
5204,4.3808e-05,0.012,31.4
5205,4.381e-05,0.012,31.4
5206,4.3812e-05,0.012,31.4
5207,4.3814e-05,0.012,31.4
5208,4.3816e-05,0.012,31.4
5209,4.3818e-05,0.012,31.4
5210,4.382e-05,0.02,31.4
5211,4.3822e-05,0.012,31.4
5212,4.3824e-05,0.012,31.4
5213,4.3826e-05,0.012,31.4
5214,4.3828e-05,0.012,31.4
5215,4.383e-05,0.012,31.4
5216,4.3831999999999996e-05,0.012,31.4
5217,4.3834e-05,0.012,31.4
5218,4.3836e-05,0.012,31.4
5219,4.3837999999999996e-05,0.012,31.4
5220,4.384e-05,0.012,31.4
5221,4.3842e-05,0.012,31.4
5222,4.3843999999999996e-05,0.012,31.4
5223,4.3846e-05,0.012,31.4
5224,4.3848e-05,0.012,31.4
5225,4.3849999999999995e-05,0.012,31.4
5226,4.3852e-05,0.012,31.4
5227,4.3854e-05,0.012,31.4
5228,4.3856e-05,0.012,31.4
5229,4.3858e-05,0.012,31.4
5230,4.3860000000000004e-05,0.012,31.4
5231,4.3862e-05,0.012,31.4
5232,4.3864e-05,0.012,31.4
5233,4.3866e-05,0.012,31.4
5234,4.3868e-05,0.02,31.4
5235,4.387e-05,0.012,31.8
5236,4.3872e-05,0.012,31.4
5237,4.3874e-05,0.02,31.4
5238,4.3876e-05,0.012,31.4
5239,4.3878e-05,0.012,31.4
5240,4.388e-05,0.012,31.8
5241,4.3882e-05,0.012,31.4
5242,4.3884e-05,0.02,31.8
5243,4.3886e-05,0.012,31.8
5244,4.3888e-05,0.012,31.4
5245,4.389e-05,0.012,31.4
5246,4.3892e-05,0.012,31.4
5247,4.3894e-05,0.012,31.4
5248,4.3896e-05,0.012,31.4
5249,4.3898e-05,0.012,31.4
5250,4.3899999999999996e-05,0.02,31.4
5251,4.3902e-05,0.012,31.4
5252,4.3904e-05,0.02,31.4
5253,4.3905999999999996e-05,0.012,31.4
5254,4.3908e-05,0.02,31.4
5255,4.391e-05,0.012,31.4
5256,4.3911999999999996e-05,0.012,31.4
5257,4.3914e-05,0.012,31.4
5258,4.3916e-05,0.02,31.4
5259,4.3917999999999995e-05,0.012,31.4
5260,4.392e-05,0.012,31.4
5261,4.3922e-05,0.012,31.4
5262,4.3924e-05,0.012,31.4
5263,4.3926e-05,0.012,31.4
5264,4.3928e-05,0.012,31.8
5265,4.393e-05,0.012,31.4
5266,4.3932e-05,0.012,31.4
5267,4.3934e-05,0.012,31.8
5268,4.3936e-05,0.02,31.4
5269,4.3938e-05,0.012,31.4
5270,4.394e-05,0.012,31.4
5271,4.3942e-05,0.012,31.4
5272,4.3944e-05,0.012,31.4
5273,4.3946e-05,0.012,31.4
5274,4.3948e-05,0.02,31.4
5275,4.395e-05,0.012,31.4
5276,4.3952e-05,0.02,31.4
5277,4.3954e-05,0.012,31.4
5278,4.3956e-05,0.02,31.4
5279,4.3958e-05,0.012,31.4
5280,4.396e-05,0.012,31.4
5281,4.3962e-05,0.012,31.4
5282,4.3964e-05,0.02,31.8
5283,4.3966e-05,0.012,31.4
5284,4.3967999999999996e-05,0.012,31.4
5285,4.397e-05,0.012,31.4
5286,4.3972e-05,0.02,31.4
5287,4.3973999999999996e-05,0.012,31.4
5288,4.3976e-05,0.02,31.4
5289,4.3978e-05,0.012,31.4
5290,4.3979999999999996e-05,0.02,31.8
5291,4.3982e-05,0.012,31.4
5292,4.3984e-05,0.012,31.4
5293,4.3985999999999995e-05,0.012,31.4
5294,4.3988e-05,0.02,31.4
5295,4.399e-05,0.012,31.4
5296,4.3992e-05,0.012,31.4
5297,4.3994e-05,0.012,31.4
5298,4.3996e-05,0.012,31.4
5299,4.3998e-05,0.012,31.4
5300,4.4e-05,0.012,31.4
5301,4.4002e-05,0.02,31.4
5302,4.4004e-05,0.02,31.4
5303,4.4006e-05,0.012,31.4
5304,4.4008e-05,0.012,31.4
5305,4.401e-05,0.02,31.4
5306,4.4012e-05,0.02,31.4
5307,4.4014e-05,0.012,31.8
5308,4.4016e-05,0.02,31.4
5309,4.4018e-05,0.012,31.4
5310,4.402e-05,0.02,31.4
5311,4.4022e-05,0.012,31.4
5312,4.4024e-05,0.02,31.4
5313,4.4026e-05,0.012,31.4
5314,4.4028e-05,0.02,31.4
5315,4.403e-05,0.012,31.8
5316,4.4032e-05,0.02,31.4
5317,4.4034e-05,0.012,31.4
5318,4.4035999999999996e-05,0.012,31.4
5319,4.4038e-05,0.012,31.4
5320,4.404e-05,0.012,31.8
5321,4.4041999999999996e-05,0.02,31.4
5322,4.4044e-05,0.02,31.8
5323,4.4046e-05,0.012,31.4
5324,4.4047999999999996e-05,0.02,31.4
5325,4.405e-05,0.012,31.4
5326,4.4052e-05,0.02,31.4
5327,4.4053999999999995e-05,0.012,31.4
5328,4.4056e-05,0.012,31.4
5329,4.4058e-05,0.012,31.4
5330,4.406e-05,0.02,31.4
5331,4.4062e-05,0.012,31.4
5332,4.4064e-05,0.02,31.4
5333,4.4066e-05,0.02,31.8
5334,4.4068e-05,0.02,31.4
5335,4.407e-05,0.012,31.4
5336,4.4072e-05,0.02,31.4
5337,4.4074e-05,0.02,31.4
5338,4.4076e-05,0.02,31.4
5339,4.4078e-05,0.012,31.8
5340,4.408e-05,0.012,31.4
5341,4.4082e-05,0.012,31.4
5342,4.4084e-05,0.02,31.4
5343,4.4086e-05,0.02,31.4
5344,4.4088e-05,0.02,31.4
5345,4.409e-05,0.012,31.4
5346,4.4092e-05,0.02,31.4
5347,4.4094e-05,0.012,31.4
5348,4.4096e-05,0.012,31.4
5349,4.4098e-05,0.02,31.4
5350,4.41e-05,0.02,31.4
5351,4.4102e-05,0.02,31.4
5352,4.4103999999999997e-05,0.02,31.4
5353,4.4106e-05,0.012,31.4
5354,4.4108e-05,0.02,31.4
5355,4.4109999999999996e-05,0.012,31.8
5356,4.4112e-05,0.02,31.4
5357,4.4114e-05,0.02,31.4
5358,4.4115999999999996e-05,0.02,31.8
5359,4.4118e-05,0.02,31.4
5360,4.412e-05,0.02,31.4
5361,4.4121999999999995e-05,0.012,31.4
5362,4.4124e-05,0.02,31.4
5363,4.4126e-05,0.02,31.8
5364,4.4128e-05,0.02,31.4
5365,4.413e-05,0.02,31.4
5366,4.4132e-05,0.02,31.4
5367,4.4134e-05,0.02,31.4
5368,4.4136e-05,0.02,31.4
5369,4.4138e-05,0.02,31.4
5370,4.414e-05,0.02,31.8
5371,4.4142e-05,0.012,31.4
5372,4.4144e-05,0.02,31.4
5373,4.4146e-05,0.02,31.4
5374,4.4148e-05,0.02,31.4
5375,4.415e-05,0.012,31.4
5376,4.4152e-05,0.012,31.4
5377,4.4154e-05,0.02,31.4
5378,4.4156e-05,0.02,31.8
5379,4.4158e-05,0.012,31.4
5380,4.416e-05,0.02,31.4
5381,4.4162e-05,0.02,31.4
5382,4.4164e-05,0.02,31.4
5383,4.4166e-05,0.02,31.4
5384,4.4168e-05,0.02,31.4
5385,4.417e-05,0.02,31.4
5386,4.4171999999999997e-05,0.02,31.4
5387,4.4174e-05,0.012,31.4
5388,4.4176e-05,0.02,31.4
5389,4.4177999999999996e-05,0.02,31.4
5390,4.418e-05,0.02,31.4
5391,4.4182e-05,0.02,31.4
5392,4.4183999999999996e-05,0.02,31.4
5393,4.4186e-05,0.02,31.4
5394,4.4188e-05,0.02,31.4
5395,4.4189999999999995e-05,0.012,31.4
5396,4.4192e-05,0.02,31.4
5397,4.4194e-05,0.02,31.8
5398,4.4196e-05,0.02,31.4
5399,4.4198e-05,0.02,31.4
5400,4.42e-05,0.02,31.4
5401,4.4202e-05,0.02,31.4
5402,4.4204e-05,0.02,31.4
5403,4.4206e-05,0.012,31.4
5404,4.4208e-05,0.02,31.4
5405,4.421e-05,0.02,31.4
5406,4.4212e-05,0.02,31.4
5407,4.4214e-05,0.02,31.4
5408,4.4216e-05,0.02,31.4
5409,4.4218e-05,0.02,31.4
5410,4.422e-05,0.02,31.4
5411,4.4222e-05,0.02,31.4
5412,4.4224e-05,0.02,31.4
5413,4.4226e-05,0.02,31.8
5414,4.4228e-05,0.02,31.4
5415,4.423e-05,0.02,31.4
5416,4.4232e-05,0.02,31.4
5417,4.4234e-05,0.02,31.4
5418,4.4236e-05,0.02,31.4
5419,4.4238e-05,0.02,31.4
5420,4.4239999999999997e-05,0.02,31.8
5421,4.4242e-05,0.02,31.4
5422,4.4244e-05,0.02,31.4
5423,4.4245999999999996e-05,0.02,31.4
5424,4.4248e-05,0.02,31.4
5425,4.425e-05,0.02,31.4
5426,4.4251999999999996e-05,0.02,31.8
5427,4.4254e-05,0.012,31.4
5428,4.4256e-05,0.02,31.8
5429,4.4257999999999995e-05,0.02,31.4
5430,4.426e-05,0.02,31.4
5431,4.4262e-05,0.02,31.4
5432,4.4264e-05,0.02,31.4
5433,4.4266e-05,0.02,31.4
5434,4.4268e-05,0.02,31.4
5435,4.427e-05,0.012,31.8
5436,4.4272e-05,0.02,31.4
5437,4.4274e-05,0.02,31.4
5438,4.4276e-05,0.02,31.4
5439,4.4278e-05,0.02,31.4
5440,4.428e-05,0.02,31.4
5441,4.4282e-05,0.02,31.4
5442,4.4284e-05,0.02,31.4
5443,4.4286e-05,0.012,31.8
5444,4.4288e-05,0.02,31.4
5445,4.429e-05,0.02,31.4
5446,4.4292e-05,0.02,31.4
5447,4.4294e-05,0.02,31.4
5448,4.4296e-05,0.02,31.4
5449,4.4298e-05,0.02,31.4
5450,4.43e-05,0.02,31.8
5451,4.4302e-05,0.02,31.4
5452,4.4304e-05,0.02,31.4
5453,4.4306e-05,0.02,31.4
5454,4.4307999999999997e-05,0.02,31.4
5455,4.431e-05,0.02,31.4
5456,4.4312e-05,0.02,31.4
5457,4.4313999999999996e-05,0.02,31.4
5458,4.4316e-05,0.02,31.4
5459,4.4318e-05,0.02,31.4
5460,4.4319999999999996e-05,0.02,31.4
5461,4.4322e-05,0.02,31.4
5462,4.4324e-05,0.02,31.4
5463,4.4325999999999995e-05,0.02,31.4
5464,4.4328e-05,0.02,31.4
5465,4.433e-05,0.02,31.4
5466,4.4332e-05,0.02,31.4
5467,4.4334e-05,0.02,31.8
5468,4.4336e-05,0.02,31.4
5469,4.4338e-05,0.02,31.4
5470,4.434e-05,0.02,31.4
5471,4.4342e-05,0.02,31.4
5472,4.4344e-05,0.02,31.4
5473,4.4346e-05,0.02,31.4
5474,4.4348e-05,0.02,31.4
5475,4.435e-05,0.02,31.4
5476,4.4352e-05,0.02,31.4
5477,4.4354e-05,0.02,31.8
5478,4.4356e-05,0.02,31.4
5479,4.4358e-05,0.02,31.4
5480,4.436e-05,0.02,31.4
5481,4.4362e-05,0.02,31.4
5482,4.4364e-05,0.02,31.4
5483,4.4366e-05,0.02,31.4
5484,4.4368e-05,0.02,31.4
5485,4.437e-05,0.02,31.4
5486,4.4372e-05,0.02,31.4
5487,4.4374e-05,0.02,31.4
5488,4.4375999999999997e-05,0.02,31.4
5489,4.4378e-05,0.02,31.4
5490,4.438e-05,0.02,31.4
5491,4.4381999999999996e-05,0.02,31.4
5492,4.4384e-05,0.02,31.4
5493,4.4386e-05,0.02,31.4
5494,4.4387999999999996e-05,0.02,31.4
5495,4.439e-05,0.02,31.4
5496,4.4392e-05,0.02,31.4
5497,4.4393999999999995e-05,0.02,31.4
5498,4.4396e-05,0.02,31.4
5499,4.4398e-05,0.02,31.4
5500,4.44e-05,0.02,31.4
5501,4.4402e-05,0.02,31.4
5502,4.4404e-05,0.02,31.4
5503,4.4406e-05,0.02,31.4
5504,4.4408e-05,0.02,31.8
5505,4.4410000000000003e-05,0.02,31.4
5506,4.4412e-05,0.02,31.4
5507,4.4414e-05,0.02,31.4
5508,4.4416e-05,0.02,31.4
5509,4.4418e-05,0.02,31.4
5510,4.442e-05,0.02,31.4
5511,4.4422e-05,0.02,31.4
5512,4.4424e-05,0.02,31.4
5513,4.4426e-05,0.02,31.4
5514,4.4428e-05,0.02,31.4
5515,4.443e-05,0.02,31.4
5516,4.4432e-05,0.02,31.4
5517,4.4434e-05,0.02,31.4
5518,4.4436e-05,0.02,31.4
5519,4.4438e-05,0.02,31.4
5520,4.444e-05,0.02,31.4
5521,4.4442e-05,0.02,31.4
5522,4.4444e-05,0.02,31.4
5523,4.4446e-05,0.02,31.4
5524,4.4448e-05,0.02,31.4
5525,4.4449999999999996e-05,0.02,31.8
5526,4.4452e-05,0.02,31.4
5527,4.4454e-05,0.02,31.4
5528,4.4455999999999996e-05,0.02,31.4
5529,4.4458e-05,0.02,31.4
5530,4.446e-05,0.02,31.4
5531,4.4461999999999995e-05,0.02,31.4
5532,4.4464e-05,0.02,31.4
5533,4.4466e-05,0.02,31.4
5534,4.4468e-05,0.02,31.4
5535,4.447e-05,0.02,31.4
5536,4.4472e-05,0.02,31.4
5537,4.4474e-05,0.02,31.4
5538,4.4476e-05,0.02,31.4
5539,4.4478000000000003e-05,0.02,31.4
5540,4.448e-05,0.02,31.4
5541,4.4482e-05,0.02,31.4
5542,4.4484e-05,0.02,31.4
5543,4.4486e-05,0.02,31.4
5544,4.4488e-05,0.02,31.4
5545,4.449e-05,0.02,31.4
5546,4.4492e-05,0.02,31.4
5547,4.4494e-05,0.02,31.4
5548,4.4496e-05,0.02,31.4
5549,4.4498e-05,0.02,31.4
5550,4.45e-05,0.02,31.4
5551,4.4502e-05,0.02,31.4
5552,4.4504e-05,0.02,31.4
5553,4.4506e-05,0.02,31.4
5554,4.4508e-05,0.02,31.4
5555,4.451e-05,0.02,31.8
5556,4.4512e-05,0.02,31.4
5557,4.4514e-05,0.02,31.8
5558,4.4516e-05,0.02,31.4
5559,4.4517999999999996e-05,0.02,31.4
5560,4.452e-05,0.02,31.4
5561,4.4522e-05,0.02,31.4
5562,4.4523999999999996e-05,0.02,31.4
5563,4.4526e-05,0.02,31.4
5564,4.4528e-05,0.02,31.4
5565,4.4529999999999995e-05,0.02,31.4
5566,4.4532e-05,0.02,31.4
5567,4.4534e-05,0.02,31.4
5568,4.4536e-05,0.02,31.4
5569,4.4538e-05,0.02,31.4
5570,4.454e-05,0.02,31.4
5571,4.4542e-05,0.02,31.4
5572,4.4544e-05,0.02,31.4
5573,4.4546000000000003e-05,0.02,31.4
5574,4.4548e-05,0.02,31.4
5575,4.455e-05,0.02,31.4
5576,4.4552e-05,0.02,31.4
5577,4.4554e-05,0.02,31.4
5578,4.4556e-05,0.02,31.4
5579,4.4558e-05,0.02,31.4
5580,4.456e-05,0.02,31.4
5581,4.4562e-05,0.02,31.4
5582,4.4564e-05,0.02,31.4
5583,4.4566e-05,0.02,31.4
5584,4.4568e-05,0.02,31.4
5585,4.457e-05,0.02,31.4
5586,4.4572e-05,0.02,31.4
5587,4.4574e-05,0.02,31.4
5588,4.4576e-05,0.02,31.4
5589,4.4578e-05,0.02,31.4
5590,4.458e-05,0.02,31.4
5591,4.4582e-05,0.02,31.4
5592,4.4584e-05,0.02,31.4
5593,4.4585999999999996e-05,0.02,31.4
5594,4.4588e-05,0.02,31.4
5595,4.459e-05,0.02,31.4
5596,4.4591999999999996e-05,0.02,31.4
5597,4.4594e-05,0.02,31.4
5598,4.4596e-05,0.02,31.4
5599,4.4597999999999996e-05,0.02,31.4
5600,4.46e-05,0.02,31.4
5601,4.4602e-05,0.02,31.4
5602,4.4604e-05,0.02,31.4
5603,4.4606e-05,0.02,31.4
5604,4.4608e-05,0.02,31.4
5605,4.461e-05,0.02,31.8
5606,4.4612e-05,0.02,31.4
5607,4.4614000000000003e-05,0.02,31.4
5608,4.4616e-05,0.02,31.4
5609,4.4618e-05,0.02,31.4
5610,4.462e-05,0.02,31.8
5611,4.4622e-05,0.02,31.4
5612,4.4624e-05,0.02,31.4
5613,4.4626e-05,0.02,31.4
5614,4.4628e-05,0.02,31.4
5615,4.463e-05,0.02,31.4
5616,4.4632e-05,0.02,31.4
5617,4.4634e-05,0.02,31.4
5618,4.4636e-05,0.02,31.4
5619,4.4638e-05,0.02,31.4
5620,4.464e-05,0.02,31.4
5621,4.4642e-05,0.02,31.4
5622,4.4644e-05,0.02,31.4
5623,4.4646e-05,0.02,31.4
5624,4.4648e-05,0.02,31.4
5625,4.465e-05,0.02,31.4
5626,4.4652e-05,0.02,31.4
5627,4.4653999999999996e-05,0.02,31.4
5628,4.4656e-05,0.02,31.4
5629,4.4658e-05,0.02,31.4
5630,4.4659999999999996e-05,0.02,31.4
5631,4.4662e-05,0.02,31.4
5632,4.4664e-05,0.02,31.4
5633,4.4665999999999996e-05,0.02,31.4
5634,4.4668e-05,0.02,31.4
5635,4.467e-05,0.02,31.4
5636,4.4672e-05,0.02,31.4
5637,4.4674e-05,0.02,31.4
5638,4.4676e-05,0.02,31.4
5639,4.4678e-05,0.02,31.4
5640,4.468e-05,0.02,31.4
5641,4.4682000000000004e-05,0.02,31.4
5642,4.4684e-05,0.02,31.4
5643,4.4686e-05,0.02,31.8
5644,4.4688e-05,0.02,31.4
5645,4.469e-05,0.02,31.4
5646,4.4692e-05,0.02,31.4
5647,4.4694e-05,0.02,31.4
5648,4.4696e-05,0.02,31.4
5649,4.4698e-05,0.02,31.4
5650,4.47e-05,0.02,31.4
5651,4.4702e-05,0.02,31.4
5652,4.4704e-05,0.02,31.4
5653,4.4706e-05,0.02,31.4
5654,4.4708e-05,0.02,31.4
5655,4.471e-05,0.02,31.4
5656,4.4712e-05,0.02,31.4
5657,4.4714e-05,0.02,31.4
5658,4.4716e-05,0.02,31.4
5659,4.4718e-05,0.02,31.4
5660,4.472e-05,0.02,31.4
5661,4.4721999999999996e-05,0.02,31.4
5662,4.4724e-05,0.02,31.4
5663,4.4726e-05,0.02,31.4
5664,4.4727999999999996e-05,0.02,31.4
5665,4.473e-05,0.02,31.4
5666,4.4732e-05,0.02,31.4
5667,4.4733999999999996e-05,0.02,31.4
5668,4.4736e-05,0.02,31.4
5669,4.4738e-05,0.02,31.4
5670,4.474e-05,0.02,31.4
5671,4.4742e-05,0.02,31.4
5672,4.4744e-05,0.02,31.4
5673,4.4746e-05,0.02,31.4
5674,4.4748e-05,0.02,31.4
5675,4.4750000000000004e-05,0.02,31.4
5676,4.4752e-05,0.02,31.4
5677,4.4754e-05,0.02,31.4
5678,4.4756e-05,0.02,31.4
5679,4.4758e-05,0.02,31.4
5680,4.476e-05,0.02,31.4
5681,4.4762e-05,0.02,31.4
5682,4.4764e-05,0.02,31.4
5683,4.4766e-05,0.02,31.4
5684,4.4768e-05,0.02,31.4
5685,4.477e-05,0.02,31.4
5686,4.4772e-05,0.02,31.4
5687,4.4774e-05,0.02,31.4
5688,4.4776e-05,0.02,31.4
5689,4.4778e-05,0.02,31.4
5690,4.478e-05,0.02,31.4
5691,4.4782e-05,0.02,31.4
5692,4.4784e-05,0.02,31.4
5693,4.4786e-05,0.02,31.4
5694,4.4788e-05,0.028,31.4
5695,4.4789999999999996e-05,0.02,31.4
5696,4.4792e-05,0.02,31.4
5697,4.4794e-05,0.02,31.4
5698,4.4795999999999996e-05,0.02,31.4
5699,4.4798e-05,0.02,31.4
5700,4.48e-05,0.02,31.4
5701,4.4801999999999996e-05,0.02,31.4
5702,4.4804e-05,0.02,31.4
5703,4.4806e-05,0.02,31.4
5704,4.4807999999999995e-05,0.02,31.4
5705,4.481e-05,0.02,31.4
5706,4.4812e-05,0.02,31.4
5707,4.4814e-05,0.02,31.4
5708,4.4816e-05,0.02,31.4
5709,4.4818000000000004e-05,0.02,31.4
5710,4.482e-05,0.02,31.4
5711,4.4822e-05,0.02,31.4
5712,4.4824e-05,0.02,31.4
5713,4.4826e-05,0.02,31.4
5714,4.4828e-05,0.02,31.4
5715,4.483e-05,0.02,31.4
5716,4.4832e-05,0.02,31.4
5717,4.4834e-05,0.02,31.4
5718,4.4836e-05,0.02,31.4
5719,4.4838e-05,0.02,31.4
5720,4.484e-05,0.02,31.4
5721,4.4842e-05,0.02,31.4
5722,4.4844e-05,0.02,31.4
5723,4.4846e-05,0.02,31.4
5724,4.4848e-05,0.02,31.4
5725,4.485e-05,0.02,31.8
5726,4.4852e-05,0.02,31.4
5727,4.4854e-05,0.02,31.4
5728,4.4856e-05,0.02,31.4
5729,4.4857999999999996e-05,0.02,31.4
5730,4.486e-05,0.02,31.4
5731,4.4862e-05,0.02,31.4
5732,4.4863999999999996e-05,0.02,31.4
5733,4.4866e-05,0.02,31.4
5734,4.4868e-05,0.02,31.4
5735,4.4869999999999996e-05,0.02,31.4
5736,4.4872e-05,0.02,31.4
5737,4.4874e-05,0.02,31.4
5738,4.4875999999999995e-05,0.028,31.4
5739,4.4878e-05,0.02,31.4
5740,4.488e-05,0.02,31.4
5741,4.4882e-05,0.02,31.4
5742,4.4884e-05,0.02,31.4
5743,4.4886000000000004e-05,0.02,31.4
5744,4.4888e-05,0.02,31.4
5745,4.489e-05,0.02,31.4
5746,4.4892e-05,0.02,31.4
5747,4.4894e-05,0.02,31.4
5748,4.4896e-05,0.02,31.4
5749,4.4898e-05,0.028,31.4
5750,4.49e-05,0.02,31.4
5751,4.4902e-05,0.02,31.4
5752,4.4904e-05,0.02,31.4
5753,4.4906e-05,0.02,31.4
5754,4.4908e-05,0.02,31.4
5755,4.491e-05,0.02,31.8
5756,4.4912e-05,0.02,31.4
5757,4.4914e-05,0.02,31.4
5758,4.4916e-05,0.02,31.4
5759,4.4918e-05,0.02,31.4
5760,4.492e-05,0.028,31.4
5761,4.4922e-05,0.02,31.4
5762,4.4924e-05,0.02,31.4
5763,4.4925999999999996e-05,0.02,31.4
5764,4.4928e-05,0.028,31.4
5765,4.493e-05,0.02,31.4
5766,4.4931999999999996e-05,0.02,31.4
5767,4.4934e-05,0.02,31.4
5768,4.4936e-05,0.02,31.4
5769,4.4937999999999996e-05,0.02,31.4
5770,4.494e-05,0.02,31.4
5771,4.4942e-05,0.02,31.4
5772,4.4943999999999995e-05,0.02,31.4
5773,4.4946e-05,0.02,31.4
5774,4.4948e-05,0.028,31.4
5775,4.495e-05,0.02,31.4
5776,4.4952e-05,0.02,31.4
5777,4.4954000000000004e-05,0.028,31.4
5778,4.4956e-05,0.02,31.4
5779,4.4958e-05,0.02,31.4
5780,4.496e-05,0.02,31.4
5781,4.4962e-05,0.02,31.4
5782,4.4964e-05,0.028,31.4
5783,4.4966e-05,0.02,31.4
5784,4.4968e-05,0.02,31.4
5785,4.497e-05,0.02,31.4
5786,4.4972e-05,0.028,31.4
5787,4.4974e-05,0.02,31.4
5788,4.4976e-05,0.02,31.4
5789,4.4978e-05,0.02,31.4
5790,4.498e-05,0.02,31.4
5791,4.4982e-05,0.02,31.4
5792,4.4984e-05,0.02,31.4
5793,4.4986e-05,0.02,31.4
5794,4.4988e-05,0.028,31.4
5795,4.499e-05,0.02,31.4
5796,4.4992e-05,0.02,31.4
5797,4.4993999999999996e-05,0.02,31.4
5798,4.4996e-05,0.028,31.4
5799,4.4998e-05,0.02,31.4
5800,4.4999999999999996e-05,0.02,31.4
5801,4.5002e-05,0.02,31.4
5802,4.5004e-05,0.028,31.4
5803,4.5005999999999996e-05,0.02,31.4
5804,4.5008e-05,0.028,31.4
5805,4.501e-05,0.028,31.4
5806,4.5011999999999995e-05,0.028,31.4
5807,4.5014e-05,0.02,31.4
5808,4.5016e-05,0.02,31.4
5809,4.5018e-05,0.02,31.4
5810,4.502e-05,0.028,31.4
5811,4.5022000000000004e-05,0.02,31.4
5812,4.5024e-05,0.02,31.4
5813,4.5026e-05,0.02,31.4
5814,4.5028e-05,0.028,31.4
5815,4.503e-05,0.02,31.4
5816,4.5032e-05,0.02,31.4
5817,4.5034e-05,0.02,31.4
5818,4.5036e-05,0.028,31.4
5819,4.5038e-05,0.02,31.4
5820,4.504e-05,0.02,31.4
5821,4.5042e-05,0.02,31.4
5822,4.5044e-05,0.02,31.4
5823,4.5046e-05,0.028,31.4
5824,4.5048e-05,0.02,31.4
5825,4.505e-05,0.02,31.4
5826,4.5052e-05,0.028,31.4
5827,4.5054e-05,0.02,31.4
5828,4.5056e-05,0.02,31.4
5829,4.5058e-05,0.02,31.4
5830,4.506e-05,0.028,31.4
5831,4.5061999999999996e-05,0.02,31.4
5832,4.5064e-05,0.02,31.4
5833,4.5066e-05,0.02,31.4
5834,4.5067999999999996e-05,0.028,31.4
5835,4.507e-05,0.02,31.4
5836,4.5072e-05,0.02,31.4
5837,4.5073999999999996e-05,0.028,31.4
5838,4.5076e-05,0.028,31.4
5839,4.5078e-05,0.02,31.4
5840,4.5079999999999995e-05,0.02,31.4
5841,4.5082e-05,0.02,31.4
5842,4.5084e-05,0.028,31.4
5843,4.5086e-05,0.028,31.4
5844,4.5088e-05,0.028,31.4
5845,4.509e-05,0.02,31.4
5846,4.5092e-05,0.02,31.4
5847,4.5094e-05,0.02,31.4
5848,4.5096e-05,0.02,31.8
5849,4.5098e-05,0.028,31.4
5850,4.51e-05,0.028,31.4
5851,4.5102e-05,0.02,31.4
5852,4.5104e-05,0.028,31.4
5853,4.5106e-05,0.02,31.4
5854,4.5108e-05,0.028,31.4
5855,4.511e-05,0.02,31.4
5856,4.5112e-05,0.02,31.8
5857,4.5114e-05,0.02,31.4
5858,4.5116e-05,0.02,31.4
5859,4.5118e-05,0.02,31.4
5860,4.512e-05,0.02,31.4
5861,4.5122e-05,0.02,31.4
5862,4.5124e-05,0.028,31.4
5863,4.5126e-05,0.02,31.4
5864,4.5128e-05,0.02,31.4
5865,4.5129999999999997e-05,0.02,31.4
5866,4.5132e-05,0.028,31.4
5867,4.5134e-05,0.02,31.4
5868,4.5135999999999996e-05,0.028,31.4
5869,4.5138e-05,0.02,31.4
5870,4.514e-05,0.02,31.4
5871,4.5141999999999996e-05,0.02,31.4
5872,4.5144e-05,0.02,31.4
5873,4.5146e-05,0.02,31.4
5874,4.5147999999999995e-05,0.028,31.4
5875,4.515e-05,0.02,31.4
5876,4.5152e-05,0.02,31.4
5877,4.5154e-05,0.028,31.4
5878,4.5156e-05,0.028,31.4
5879,4.5158e-05,0.02,31.4
5880,4.516e-05,0.02,31.4
5881,4.5162e-05,0.028,31.4
5882,4.5164e-05,0.028,31.4
5883,4.5166e-05,0.02,31.4
5884,4.5168e-05,0.02,31.4
5885,4.517e-05,0.028,31.4
5886,4.5172e-05,0.028,31.4
5887,4.5174e-05,0.02,31.4
5888,4.5176e-05,0.02,31.4
5889,4.5178e-05,0.02,31.4
5890,4.518e-05,0.028,31.4
5891,4.5182e-05,0.02,31.4
5892,4.5184e-05,0.028,31.4
5893,4.5186e-05,0.02,31.4
5894,4.5188e-05,0.028,31.4
5895,4.519e-05,0.028,31.4
5896,4.5192e-05,0.028,31.4
5897,4.5194e-05,0.02,31.4
5898,4.5196e-05,0.028,31.4
5899,4.5197999999999997e-05,0.02,31.4
5900,4.52e-05,0.028,31.4
5901,4.5202e-05,0.02,31.4
5902,4.5203999999999996e-05,0.028,31.4
5903,4.5206e-05,0.02,31.4
5904,4.5208e-05,0.028,31.4
5905,4.5209999999999996e-05,0.02,31.4
5906,4.5212e-05,0.028,31.4
5907,4.5214e-05,0.02,31.4
5908,4.5215999999999995e-05,0.028,31.4
5909,4.5218e-05,0.028,31.4
5910,4.522e-05,0.028,31.4
5911,4.5222e-05,0.02,31.4
5912,4.5224e-05,0.028,31.4
5913,4.5226e-05,0.028,31.4
5914,4.5228e-05,0.028,31.4
5915,4.523e-05,0.02,31.4
5916,4.5232e-05,0.028,31.4
5917,4.5234e-05,0.028,31.4
5918,4.5236e-05,0.028,31.4
5919,4.5238e-05,0.02,31.4
5920,4.524e-05,0.02,31.4
5921,4.5242e-05,0.028,31.4
5922,4.5244e-05,0.028,31.4
5923,4.5246e-05,0.028,31.4
5924,4.5248e-05,0.028,31.4
5925,4.525e-05,0.02,31.4
5926,4.5252e-05,0.028,31.4
5927,4.5254e-05,0.02,31.4
5928,4.5256e-05,0.02,31.4
5929,4.5258e-05,0.02,31.4
5930,4.526e-05,0.028,31.4
5931,4.5262e-05,0.02,31.4
5932,4.5264e-05,0.028,31.4
5933,4.5265999999999997e-05,0.02,31.4
5934,4.5268e-05,0.028,31.4
5935,4.527e-05,0.02,31.4
5936,4.5271999999999996e-05,0.028,31.4
5937,4.5274e-05,0.028,31.4
5938,4.5276e-05,0.028,31.4
5939,4.5277999999999996e-05,0.02,31.4
5940,4.528e-05,0.028,31.4
5941,4.5282e-05,0.02,31.4
5942,4.5283999999999995e-05,0.028,31.4
5943,4.5286e-05,0.02,31.4
5944,4.5288e-05,0.028,31.4
5945,4.529e-05,0.028,31.4
5946,4.5292e-05,0.028,31.4
5947,4.5294e-05,0.02,31.4
5948,4.5296e-05,0.028,31.4
5949,4.5298e-05,0.028,31.4
5950,4.53e-05,0.028,31.4
5951,4.5302e-05,0.028,31.4
5952,4.5304e-05,0.02,31.4
5953,4.5306e-05,0.028,31.4
5954,4.5308e-05,0.028,31.4
5955,4.531e-05,0.02,31.4
5956,4.5312e-05,0.028,31.4
5957,4.5314e-05,0.028,31.4
5958,4.5316e-05,0.028,31.4
5959,4.5318e-05,0.028,31.4
5960,4.532e-05,0.028,31.4
5961,4.5322e-05,0.028,31.4
5962,4.5324e-05,0.028,31.4
5963,4.5326e-05,0.02,31.4
5964,4.5328e-05,0.028,31.4
5965,4.533e-05,0.02,31.4
5966,4.5332e-05,0.028,31.4
5967,4.5333999999999997e-05,0.028,31.4
5968,4.5336e-05,0.028,31.4
5969,4.5338e-05,0.028,31.4
5970,4.5339999999999996e-05,0.028,31.4
5971,4.5342e-05,0.02,31.4
5972,4.5344e-05,0.028,31.4
5973,4.5345999999999996e-05,0.028,31.4
5974,4.5348e-05,0.028,31.4
5975,4.535e-05,0.028,31.4
5976,4.5351999999999995e-05,0.028,31.4
5977,4.5354e-05,0.028,31.4
5978,4.5356e-05,0.028,31.8
5979,4.5358e-05,0.028,31.4
5980,4.536e-05,0.028,31.4
5981,4.5362e-05,0.02,31.4
5982,4.5364e-05,0.028,31.4
5983,4.5366e-05,0.02,31.4
5984,4.5368e-05,0.028,31.4
5985,4.537e-05,0.028,31.4
5986,4.5372e-05,0.028,31.4
5987,4.5374e-05,0.028,31.4
5988,4.5376e-05,0.028,31.4
5989,4.5378e-05,0.028,31.4
5990,4.538e-05,0.028,31.4
5991,4.5382e-05,0.028,31.4
5992,4.5384e-05,0.028,31.4
5993,4.5386e-05,0.028,31.4
5994,4.5388e-05,0.028,31.4
5995,4.539e-05,0.02,31.8
5996,4.5392e-05,0.028,31.4
5997,4.5394e-05,0.028,31.4
5998,4.5396e-05,0.028,31.4
5999,4.5398e-05,0.028,31.4
6000,4.54e-05,0.02,31.4
6001,4.5402e-05,0.028,31.4
6002,4.5404e-05,0.028,31.4
6003,4.5406e-05,0.02,31.4
6004,4.5407999999999996e-05,0.028,31.4
6005,4.541e-05,0.028,31.4
6006,4.5412e-05,0.028,31.4
6007,4.5413999999999996e-05,0.028,31.4
6008,4.5416e-05,0.028,31.4
6009,4.5418e-05,0.028,31.4
6010,4.5419999999999995e-05,0.028,31.4
6011,4.5422e-05,0.028,31.4
6012,4.5424e-05,0.028,31.4
6013,4.5426e-05,0.028,31.4
6014,4.5428e-05,0.028,31.4
6015,4.543e-05,0.02,31.4
6016,4.5432e-05,0.028,31.4
6017,4.5434e-05,0.028,31.4
6018,4.5436000000000003e-05,0.028,31.4
6019,4.5438e-05,0.028,31.4
6020,4.544e-05,0.028,31.4
6021,4.5442e-05,0.028,31.4
6022,4.5444e-05,0.028,31.4
6023,4.5446e-05,0.028,31.4
6024,4.5448e-05,0.028,31.4
6025,4.545e-05,0.028,31.4
6026,4.5452e-05,0.028,31.4
6027,4.5454e-05,0.028,31.4
6028,4.5456e-05,0.028,31.4
6029,4.5458e-05,0.028,31.4
6030,4.546e-05,0.028,31.4
6031,4.5462e-05,0.028,31.4
6032,4.5464e-05,0.028,31.4
6033,4.5466e-05,0.028,31.4
6034,4.5468e-05,0.028,31.4
6035,4.547e-05,0.028,31.4
6036,4.5472e-05,0.028,31.4
6037,4.5474e-05,0.028,31.4
6038,4.5475999999999996e-05,0.028,31.4
6039,4.5478e-05,0.028,31.4
6040,4.548e-05,0.028,31.4
6041,4.5481999999999996e-05,0.028,31.4
6042,4.5484e-05,0.028,31.4
6043,4.5486e-05,0.028,31.4
6044,4.5487999999999995e-05,0.028,31.4
6045,4.549e-05,0.028,31.4
6046,4.5492e-05,0.028,31.4
6047,4.5494e-05,0.028,31.4
6048,4.5496e-05,0.028,31.4
6049,4.5498e-05,0.028,31.4
6050,4.55e-05,0.028,31.4
6051,4.5502e-05,0.028,31.4
6052,4.5504000000000003e-05,0.028,31.4
6053,4.5506e-05,0.028,31.4
6054,4.5508e-05,0.028,31.4
6055,4.551e-05,0.028,31.4
6056,4.5512e-05,0.028,31.4
6057,4.5514e-05,0.028,31.4
6058,4.5516e-05,0.028,31.4
6059,4.5518e-05,0.02,31.4
6060,4.552e-05,0.028,31.4
6061,4.5522e-05,0.028,31.4
6062,4.5524e-05,0.028,31.4
6063,4.5526e-05,0.028,31.4
6064,4.5528e-05,0.028,31.4
6065,4.553e-05,0.028,31.4
6066,4.5532e-05,0.028,31.4
6067,4.5534e-05,0.028,31.4
6068,4.5536e-05,0.028,31.4
6069,4.5538e-05,0.028,31.4
6070,4.554e-05,0.028,31.4
6071,4.5542e-05,0.028,31.4
6072,4.5543999999999996e-05,0.028,31.4
6073,4.5546e-05,0.028,31.4
6074,4.5548e-05,0.028,31.4
6075,4.5549999999999996e-05,0.028,31.4
6076,4.5552e-05,0.028,31.4
6077,4.5554e-05,0.028,31.4
6078,4.5555999999999995e-05,0.028,31.4
6079,4.5558e-05,0.028,31.4
6080,4.556e-05,0.028,31.4
6081,4.5562e-05,0.028,31.4
6082,4.5564e-05,0.028,31.4
6083,4.5566e-05,0.028,31.4
6084,4.5568e-05,0.028,31.4
6085,4.557e-05,0.028,31.4
6086,4.5572000000000003e-05,0.028,31.4
6087,4.5574e-05,0.028,31.4
6088,4.5576e-05,0.028,31.4
6089,4.5578e-05,0.028,31.4
6090,4.558e-05,0.028,31.4
6091,4.5582e-05,0.028,31.4
6092,4.5584e-05,0.028,31.4
6093,4.5586e-05,0.028,31.4
6094,4.5588e-05,0.028,31.4
6095,4.559e-05,0.028,31.4
6096,4.5592e-05,0.028,31.4
6097,4.5594e-05,0.028,31.4
6098,4.5596e-05,0.028,31.4
6099,4.5598e-05,0.028,31.4
6100,4.56e-05,0.028,31.4
6101,4.5602e-05,0.028,31.4
6102,4.5604e-05,0.028,31.4
6103,4.5606e-05,0.028,31.4
6104,4.5608e-05,0.028,31.4
6105,4.561e-05,0.028,31.4
6106,4.5611999999999996e-05,0.028,31.4
6107,4.5614e-05,0.028,31.4
6108,4.5616e-05,0.028,31.4
6109,4.5617999999999996e-05,0.028,31.4
6110,4.562e-05,0.028,31.4
6111,4.5622e-05,0.028,31.4
6112,4.5623999999999996e-05,0.028,31.4
6113,4.5626e-05,0.028,31.4
6114,4.5628e-05,0.028,31.4
6115,4.563e-05,0.028,31.4
6116,4.5632e-05,0.028,31.4
6117,4.5634e-05,0.028,31.4
6118,4.5636e-05,0.028,31.4
6119,4.5638e-05,0.028,31.4
6120,4.5640000000000003e-05,0.028,31.4
6121,4.5642e-05,0.028,31.4
6122,4.5644e-05,0.028,31.4
6123,4.5646e-05,0.028,31.4
6124,4.5648e-05,0.028,31.4
6125,4.565e-05,0.028,31.4
6126,4.5652e-05,0.028,31.4
6127,4.5654e-05,0.028,31.4
6128,4.5656e-05,0.028,31.4
6129,4.5658e-05,0.028,31.4
6130,4.566e-05,0.028,31.4
6131,4.5662e-05,0.028,31.4
6132,4.5664e-05,0.028,31.4
6133,4.5666e-05,0.028,31.4
6134,4.5668e-05,0.028,31.4
6135,4.567e-05,0.028,31.4
6136,4.5672e-05,0.028,31.4
6137,4.5674e-05,0.028,31.4
6138,4.5676e-05,0.028,31.4
6139,4.5678e-05,0.028,31.4
6140,4.5679999999999996e-05,0.028,31.4
6141,4.5682e-05,0.028,31.4
6142,4.5684e-05,0.028,31.4
6143,4.5685999999999996e-05,0.028,31.4
6144,4.5688e-05,0.028,31.4
6145,4.569e-05,0.028,31.4
6146,4.5691999999999996e-05,0.028,31.4
6147,4.5694e-05,0.02,31.4
6148,4.5696e-05,0.028,31.4
6149,4.5698e-05,0.028,31.4
6150,4.57e-05,0.028,31.4
6151,4.5702e-05,0.028,31.4
6152,4.5704e-05,0.028,31.4
6153,4.5706e-05,0.028,31.4
6154,4.5708000000000004e-05,0.028,31.4
6155,4.571e-05,0.028,31.4
6156,4.5712e-05,0.028,31.4
6157,4.5714e-05,0.028,31.4
6158,4.5716e-05,0.028,31.4
6159,4.5718e-05,0.028,31.4
6160,4.572e-05,0.028,31.4
6161,4.5722e-05,0.028,31.4
6162,4.5724e-05,0.028,31.4
6163,4.5726e-05,0.028,31.4
6164,4.5728e-05,0.028,31.4
6165,4.573e-05,0.028,31.4
6166,4.5732e-05,0.028,31.4
6167,4.5734e-05,0.028,31.4
6168,4.5736e-05,0.028,31.4
6169,4.5738e-05,0.028,31.4
6170,4.574e-05,0.028,31.4
6171,4.5742e-05,0.028,31.4
6172,4.5744e-05,0.028,31.4
6173,4.5746e-05,0.028,31.4
6174,4.5747999999999996e-05,0.028,31.4
6175,4.575e-05,0.028,31.4
6176,4.5752e-05,0.028,31.4
6177,4.5753999999999996e-05,0.028,31.4
6178,4.5756e-05,0.028,31.4
6179,4.5758e-05,0.028,31.4
6180,4.5759999999999996e-05,0.028,31.4
6181,4.5762e-05,0.028,31.4
6182,4.5764e-05,0.028,31.4
6183,4.5766e-05,0.028,31.4
6184,4.5768e-05,0.028,31.4
6185,4.577e-05,0.028,31.4
6186,4.5772e-05,0.028,31.4
6187,4.5774e-05,0.028,31.4
6188,4.5776000000000004e-05,0.028,31.4
6189,4.5778e-05,0.028,31.4
6190,4.578e-05,0.028,31.4
6191,4.5782e-05,0.028,31.4
6192,4.5784e-05,0.028,31.4
6193,4.5786e-05,0.028,31.4
6194,4.5788e-05,0.028,31.4
6195,4.579e-05,0.028,31.4
6196,4.5792e-05,0.028,31.4
6197,4.5794e-05,0.028,31.4
6198,4.5796e-05,0.028,31.4
6199,4.5798e-05,0.028,31.4
6200,4.58e-05,0.028,31.4
6201,4.5802e-05,0.028,31.4
6202,4.5804e-05,0.028,31.4
6203,4.5806e-05,0.028,31.4
6204,4.5808e-05,0.028,31.4
6205,4.581e-05,0.028,31.4
6206,4.5812e-05,0.028,31.4
6207,4.5814e-05,0.028,31.4
6208,4.5815999999999996e-05,0.028,31.4
6209,4.5818e-05,0.028,31.4
6210,4.582e-05,0.028,31.4
6211,4.5821999999999996e-05,0.028,31.4
6212,4.5824e-05,0.028,31.4
6213,4.5826e-05,0.028,31.4
6214,4.5827999999999996e-05,0.028,31.4
6215,4.583e-05,0.028,31.4
6216,4.5832e-05,0.028,31.4
6217,4.5834e-05,0.028,31.4
6218,4.5836e-05,0.028,31.4
6219,4.5838e-05,0.028,31.4
6220,4.584e-05,0.028,31.4
6221,4.5842e-05,0.028,31.4
6222,4.5844000000000004e-05,0.028,31.4
6223,4.5846e-05,0.028,31.4
6224,4.5848e-05,0.028,31.4
6225,4.585e-05,0.028,31.4
6226,4.5852e-05,0.028,31.4
6227,4.5854e-05,0.028,31.4
6228,4.5856e-05,0.028,31.4
6229,4.5858e-05,0.028,31.4
6230,4.586e-05,0.028,31.4
6231,4.5862e-05,0.028,31.4
6232,4.5864e-05,0.028,31.4
6233,4.5866e-05,0.028,31.4
6234,4.5868e-05,0.028,31.4
6235,4.587e-05,0.028,31.4
6236,4.5872e-05,0.028,31.4
6237,4.5874e-05,0.028,31.4
6238,4.5876e-05,0.028,31.4
6239,4.5878e-05,0.028,31.4
6240,4.588e-05,0.028,31.4
6241,4.5882e-05,0.028,31.4
6242,4.5883999999999996e-05,0.028,31.4
6243,4.5886e-05,0.028,31.4
6244,4.5888e-05,0.028,31.4
6245,4.5889999999999996e-05,0.028,31.4
6246,4.5892e-05,0.028,31.4
6247,4.5894e-05,0.028,31.4
6248,4.5895999999999996e-05,0.028,31.4
6249,4.5898e-05,0.028,31.4
6250,4.59e-05,0.028,31.4
6251,4.5902e-05,0.028,31.4
6252,4.5904e-05,0.028,31.4
6253,4.5906e-05,0.028,31.4
6254,4.5908e-05,0.028,31.4
6255,4.591e-05,0.028,31.4
6256,4.5912000000000004e-05,0.028,31.4
6257,4.5914e-05,0.028,31.4
6258,4.5916e-05,0.028,31.4
6259,4.5918e-05,0.028,31.4
6260,4.592e-05,0.028,31.4
6261,4.5922e-05,0.028,31.4
6262,4.5924e-05,0.028,31.4
6263,4.5926e-05,0.028,31.4
6264,4.5928e-05,0.028,31.4
6265,4.593e-05,0.028,31.4
6266,4.5932e-05,0.028,31.4
6267,4.5934e-05,0.028,31.4
6268,4.5936e-05,0.028,31.4
6269,4.5938e-05,0.028,31.4
6270,4.594e-05,0.028,31.4
6271,4.5942e-05,0.028,31.4
6272,4.5944e-05,0.028,31.4
6273,4.5946e-05,0.028,31.4
6274,4.5948e-05,0.028,31.4
6275,4.595e-05,0.028,31.4
6276,4.5951999999999996e-05,0.028,31.4
6277,4.5954e-05,0.028,31.4
6278,4.5956e-05,0.028,31.4
6279,4.5957999999999996e-05,0.028,31.4
6280,4.596e-05,0.028,31.4
6281,4.5962e-05,0.028,31.4
6282,4.5963999999999996e-05,0.028,31.4
6283,4.5966e-05,0.028,31.4
6284,4.5968e-05,0.028,31.4
6285,4.597e-05,0.028,31.4
6286,4.5972e-05,0.028,31.4
6287,4.5974e-05,0.028,31.4
6288,4.5976e-05,0.028,31.4
6289,4.5978e-05,0.028,31.4
6290,4.5980000000000004e-05,0.028,31.4
6291,4.5982e-05,0.028,31.4
6292,4.5984e-05,0.028,31.4
6293,4.5986e-05,0.028,31.4
6294,4.5988e-05,0.028,31.4
6295,4.599e-05,0.028,31.4
6296,4.5992e-05,0.028,31.4
6297,4.5994e-05,0.028,31.4
6298,4.5996e-05,0.028,31.4
6299,4.5998e-05,0.028,31.4
6300,4.6e-05,0.028,31.4
6301,4.6002e-05,0.028,31.4
6302,4.6004e-05,0.028,31.4
6303,4.6006e-05,0.028,31.4
6304,4.6008e-05,0.028,31.4
6305,4.601e-05,0.028,31.4
6306,4.6012e-05,0.028,31.4
6307,4.6014e-05,0.028,31.4
6308,4.6016e-05,0.028,31.4
6309,4.6018e-05,0.028,31.4
6310,4.6019999999999996e-05,0.028,31.4
6311,4.6022e-05,0.028,31.4
6312,4.6024e-05,0.028,31.4
6313,4.6025999999999996e-05,0.028,31.4
6314,4.6028e-05,0.028,31.4
6315,4.603e-05,0.028,31.4
6316,4.6031999999999996e-05,0.028,31.4
6317,4.6034e-05,0.028,31.4
6318,4.6036e-05,0.028,31.4
6319,4.6037999999999995e-05,0.028,31.4
6320,4.604e-05,0.028,31.4
6321,4.6042e-05,0.028,31.4
6322,4.6044e-05,0.028,31.4
6323,4.6046e-05,0.028,31.4
6324,4.6048000000000004e-05,0.028,31.4
6325,4.605e-05,0.028,31.4
6326,4.6052e-05,0.028,31.4
6327,4.6054e-05,0.028,31.4
6328,4.6056e-05,0.028,31.4
6329,4.6058e-05,0.028,31.4
6330,4.606e-05,0.028,31.4
6331,4.6062e-05,0.028,31.4
6332,4.6064e-05,0.028,31.4
6333,4.6066e-05,0.028,31.4
6334,4.6068e-05,0.028,31.4
6335,4.607e-05,0.028,31.4
6336,4.6072e-05,0.028,31.4
6337,4.6074e-05,0.028,31.4
6338,4.6076e-05,0.028,31.4
6339,4.6078e-05,0.028,31.4
6340,4.608e-05,0.028,31.4
6341,4.6082e-05,0.028,31.4
6342,4.6084e-05,0.028,31.4
6343,4.6086e-05,0.028,31.4
6344,4.6087999999999996e-05,0.028,31.4
6345,4.609e-05,0.028,31.4
6346,4.6092e-05,0.028,31.4
6347,4.6093999999999996e-05,0.028,31.4
6348,4.6096e-05,0.028,31.4
6349,4.6098e-05,0.028,31.4
6350,4.6099999999999996e-05,0.028,31.4
6351,4.6102e-05,0.028,31.4
6352,4.6104e-05,0.028,31.4
6353,4.6105999999999995e-05,0.028,31.4
6354,4.6108e-05,0.028,31.4
6355,4.611e-05,0.028,31.4
6356,4.6112e-05,0.028,31.4
6357,4.6114e-05,0.028,31.4
6358,4.6116000000000004e-05,0.028,31.4
6359,4.6118e-05,0.028,31.4
6360,4.612e-05,0.028,31.4
6361,4.6122e-05,0.028,31.4
6362,4.6124e-05,0.028,31.4
6363,4.6126e-05,0.028,31.4
6364,4.6128e-05,0.028,31.4
6365,4.613e-05,0.028,31.4
6366,4.6132e-05,0.028,31.4
6367,4.6134e-05,0.028,31.4
6368,4.6136e-05,0.028,31.4
6369,4.6138e-05,0.028,31.4
6370,4.614e-05,0.028,31.4
6371,4.6142e-05,0.028,31.4
6372,4.6144e-05,0.028,31.4
6373,4.6146e-05,0.028,31.4
6374,4.6148e-05,0.028,31.4
6375,4.615e-05,0.028,31.4
6376,4.6152e-05,0.028,31.4
6377,4.6154e-05,0.028,31.4
6378,4.6155999999999997e-05,0.028,31.4
6379,4.6158e-05,0.028,31.4
6380,4.616e-05,0.028,31.4
6381,4.6161999999999996e-05,0.028,31.4
6382,4.6164e-05,0.028,31.4
6383,4.6166e-05,0.028,31.4
6384,4.6167999999999996e-05,0.028,31.4
6385,4.617e-05,0.028,31.4
6386,4.6172e-05,0.028,31.4
6387,4.6173999999999995e-05,0.028,31.4
6388,4.6176e-05,0.028,31.4
6389,4.6178e-05,0.028,31.4
6390,4.618e-05,0.028,31.4
6391,4.6182e-05,0.028,31.4
6392,4.6184000000000004e-05,0.028,31.4
6393,4.6186e-05,0.028,31.4
6394,4.6188e-05,0.028,31.4
6395,4.619e-05,0.028,31.4
6396,4.6192e-05,0.028,31.4
6397,4.6194e-05,0.028,31.4
6398,4.6196e-05,0.028,31.4
6399,4.6198e-05,0.028,31.4
6400,4.62e-05,0.028,31.4
6401,4.6202e-05,0.028,31.4
6402,4.6204e-05,0.028,31.4
6403,4.6206e-05,0.028,31.4
6404,4.6208e-05,0.028,31.4
6405,4.621e-05,0.028,31.4
6406,4.6212e-05,0.028,31.4
6407,4.6214e-05,0.028,31.4
6408,4.6216e-05,0.028,31.4
6409,4.6218e-05,0.028,31.4
6410,4.622e-05,0.028,31.4
6411,4.6222e-05,0.028,31.4
6412,4.6223999999999997e-05,0.028,31.4
6413,4.6226e-05,0.028,31.4
6414,4.6228e-05,0.028,31.4
6415,4.6229999999999996e-05,0.028,31.4
6416,4.6232e-05,0.028,31.4
6417,4.6234e-05,0.028,31.4
6418,4.6235999999999996e-05,0.028,31.4
6419,4.6238e-05,0.028,31.4
6420,4.624e-05,0.028,31.4
6421,4.6241999999999995e-05,0.028,31.4
6422,4.6244e-05,0.028,31.4
6423,4.6246e-05,0.028,31.4
6424,4.6248e-05,0.028,31.4
6425,4.625e-05,0.028,31.4
6426,4.6252000000000004e-05,0.028,31.4
6427,4.6254e-05,0.028,31.4
6428,4.6256e-05,0.028,31.4
6429,4.6258e-05,0.028,31.4
6430,4.626e-05,0.028,31.4
6431,4.6262e-05,0.028,31.4
6432,4.6264e-05,0.028,31.4
6433,4.6266e-05,0.028,31.4
6434,4.6268e-05,0.028,31.4
6435,4.627e-05,0.028,31.4
6436,4.6272e-05,0.028,31.4
6437,4.6274e-05,0.028,31.4
6438,4.6276e-05,0.028,31.4
6439,4.6278e-05,0.028,31.4
6440,4.628e-05,0.028,31.4
6441,4.6282e-05,0.028,31.4
6442,4.6284e-05,0.028,31.4
6443,4.6286e-05,0.028,31.4
6444,4.6288e-05,0.028,31.4
6445,4.629e-05,0.028,31.4
6446,4.6291999999999997e-05,0.028,31.4
6447,4.6294e-05,0.028,31.4
6448,4.6296e-05,0.028,31.4
6449,4.6297999999999996e-05,0.028,31.4
6450,4.63e-05,0.028,31.4
6451,4.6302e-05,0.028,31.4
6452,4.6303999999999996e-05,0.028,31.4
6453,4.6306e-05,0.028,31.4
6454,4.6308e-05,0.036,31.4
6455,4.6309999999999995e-05,0.028,31.4
6456,4.6312e-05,0.028,31.4
6457,4.6314e-05,0.028,31.4
6458,4.6316e-05,0.028,31.4
6459,4.6318e-05,0.028,31.4
6460,4.632e-05,0.028,31.4
6461,4.6322e-05,0.028,31.4
6462,4.6324e-05,0.028,31.4
6463,4.6326e-05,0.028,31.4
6464,4.6328e-05,0.028,31.4
6465,4.633e-05,0.028,31.4
6466,4.6332e-05,0.028,31.4
6467,4.6334e-05,0.028,31.4
6468,4.6336e-05,0.028,31.4
6469,4.6338e-05,0.028,31.4
6470,4.634e-05,0.028,31.4
6471,4.6342e-05,0.028,31.4
6472,4.6344e-05,0.028,31.4
6473,4.6346e-05,0.028,31.4
6474,4.6348e-05,0.028,31.4
6475,4.635e-05,0.028,31.4
6476,4.6352e-05,0.028,31.4
6477,4.6354e-05,0.028,31.4
6478,4.6356e-05,0.028,31.4
6479,4.6358e-05,0.028,31.4
6480,4.6359999999999997e-05,0.028,31.4
6481,4.6362e-05,0.028,31.4
6482,4.6364e-05,0.028,31.4
6483,4.6365999999999996e-05,0.028,31.4
6484,4.6368e-05,0.028,31.4
6485,4.637e-05,0.028,31.4
6486,4.6371999999999996e-05,0.028,31.4
6487,4.6374e-05,0.028,31.4
6488,4.6376e-05,0.028,31.4
6489,4.6377999999999995e-05,0.028,31.4
6490,4.638e-05,0.028,31.4
6491,4.6382e-05,0.028,31.4
6492,4.6384e-05,0.028,31.4
6493,4.6386e-05,0.028,31.4
6494,4.6388e-05,0.028,31.4
6495,4.639e-05,0.028,31.4
6496,4.6392e-05,0.028,31.4
6497,4.6394e-05,0.028,31.4
6498,4.6396e-05,0.028,31.4
6499,4.6398e-05,0.028,31.4
6500,4.64e-05,0.028,31.4
6501,4.6402e-05,0.028,31.4
6502,4.6404e-05,0.028,31.4
6503,4.6406e-05,0.028,31.4
6504,4.6408e-05,0.028,31.4
6505,4.641e-05,0.028,31.4
6506,4.6412e-05,0.028,31.4
6507,4.6414e-05,0.028,31.4
6508,4.6416e-05,0.028,31.4
6509,4.6418e-05,0.028,31.4
6510,4.642e-05,0.028,31.4
6511,4.6422e-05,0.028,31.4
6512,4.6424e-05,0.028,31.4
6513,4.6426e-05,0.028,31.4
6514,4.6428e-05,0.028,31.4
6515,4.643e-05,0.028,31.4
6516,4.6432e-05,0.028,31.4
6517,4.6433999999999996e-05,0.028,31.4
6518,4.6436e-05,0.028,31.4
6519,4.6438e-05,0.028,31.4
6520,4.6439999999999996e-05,0.028,31.4
6521,4.6442e-05,0.028,31.4
6522,4.6444e-05,0.028,31.4
6523,4.6445999999999995e-05,0.028,31.4
6524,4.6448e-05,0.028,31.4
6525,4.645e-05,0.028,31.4
6526,4.6452e-05,0.036,31.4
6527,4.6454e-05,0.028,31.4
6528,4.6456e-05,0.028,31.4
6529,4.6458e-05,0.028,31.4
6530,4.646e-05,0.028,31.4
6531,4.6462000000000003e-05,0.028,31.4
6532,4.6464e-05,0.028,31.4
6533,4.6466e-05,0.028,31.4
6534,4.6468e-05,0.028,31.4
6535,4.647e-05,0.028,31.4
6536,4.6472e-05,0.028,31.4
6537,4.6474e-05,0.028,31.4
6538,4.6476e-05,0.028,31.4
6539,4.6478e-05,0.028,31.4
6540,4.648e-05,0.028,31.4
6541,4.6482e-05,0.028,31.4
6542,4.6484e-05,0.028,31.4
6543,4.6486e-05,0.028,31.4
6544,4.6488e-05,0.028,31.4
6545,4.649e-05,0.028,31.4
6546,4.6492e-05,0.028,31.4
6547,4.6494e-05,0.028,31.4
6548,4.6496e-05,0.028,31.4
6549,4.6498e-05,0.028,31.4
6550,4.65e-05,0.036,31.4
6551,4.6501999999999996e-05,0.028,31.4
6552,4.6504e-05,0.028,31.4
6553,4.6506e-05,0.028,31.4
6554,4.6507999999999996e-05,0.036,31.4
6555,4.651e-05,0.028,31.4
6556,4.6512e-05,0.028,31.4
6557,4.6513999999999995e-05,0.028,31.4
6558,4.6516e-05,0.028,31.4
6559,4.6518e-05,0.028,31.4
6560,4.652e-05,0.028,31.4
6561,4.6522e-05,0.028,31.4
6562,4.6524e-05,0.028,31.4
6563,4.6526e-05,0.028,31.4
6564,4.6528e-05,0.036,31.4
6565,4.6530000000000003e-05,0.028,31.4
6566,4.6532e-05,0.036,31.4
6567,4.6534e-05,0.028,31.4
6568,4.6536e-05,0.028,31.4
6569,4.6538e-05,0.028,31.4
6570,4.654e-05,0.028,31.4
6571,4.6542e-05,0.028,31.4
6572,4.6544e-05,0.028,31.4
6573,4.6546e-05,0.028,31.4
6574,4.6548e-05,0.036,31.4
6575,4.655e-05,0.028,31.4
6576,4.6552e-05,0.028,31.4
6577,4.6554e-05,0.036,31.4
6578,4.6556e-05,0.028,31.4
6579,4.6558e-05,0.028,31.4
6580,4.656e-05,0.028,31.4
6581,4.6562e-05,0.028,31.4
6582,4.6564e-05,0.028,31.4
6583,4.6566e-05,0.028,31.4
6584,4.6568e-05,0.028,31.4
6585,4.6569999999999996e-05,0.028,31.4
6586,4.6572e-05,0.028,31.4
6587,4.6574e-05,0.028,31.4
6588,4.6575999999999996e-05,0.028,31.4
6589,4.6578e-05,0.028,31.4
6590,4.658e-05,0.028,31.4
6591,4.6581999999999995e-05,0.028,31.4
6592,4.6584e-05,0.028,31.4
6593,4.6586e-05,0.028,31.4
6594,4.6588e-05,0.028,31.4
6595,4.659e-05,0.028,31.4
6596,4.6592e-05,0.028,31.4
6597,4.6594e-05,0.028,31.4
6598,4.6596e-05,0.028,31.4
6599,4.6598000000000003e-05,0.028,31.4
6600,4.66e-05,0.028,31.4
6601,4.6602e-05,0.028,31.4
6602,4.6604e-05,0.028,31.4
6603,4.6606e-05,0.028,31.4
6604,4.6608e-05,0.028,31.4
6605,4.661e-05,0.028,31.4
6606,4.6612e-05,0.028,31.4
6607,4.6614e-05,0.028,31.4
6608,4.6616e-05,0.028,31.4
6609,4.6618e-05,0.028,31.4
6610,4.662e-05,0.028,31.4
6611,4.6622e-05,0.028,31.4
6612,4.6624e-05,0.028,31.4
6613,4.6626e-05,0.028,31.4
6614,4.6628e-05,0.028,31.4
6615,4.663e-05,0.028,31.4
6616,4.6632e-05,0.028,31.4
6617,4.6634e-05,0.028,31.4
6618,4.6636e-05,0.028,31.4
6619,4.6637999999999996e-05,0.028,31.4
6620,4.664e-05,0.028,31.4
6621,4.6642e-05,0.028,31.4
6622,4.6643999999999996e-05,0.036,31.4
6623,4.6646e-05,0.028,31.4
6624,4.6648e-05,0.028,31.4
6625,4.6649999999999996e-05,0.028,31.4
6626,4.6652e-05,0.028,31.4
6627,4.6654e-05,0.028,31.4
6628,4.6656e-05,0.028,31.4
6629,4.6658e-05,0.028,31.4
6630,4.666e-05,0.028,31.4
6631,4.6662e-05,0.028,31.4
6632,4.6664e-05,0.028,31.4
6633,4.6666000000000003e-05,0.028,31.4
6634,4.6668e-05,0.036,31.4
6635,4.667e-05,0.028,31.4
6636,4.6672e-05,0.028,31.4
6637,4.6674e-05,0.028,31.4
6638,4.6676e-05,0.028,31.4
6639,4.6678e-05,0.028,31.0
6640,4.668e-05,0.028,31.4
6641,4.6682e-05,0.028,31.4
6642,4.6684e-05,0.028,31.4
6643,4.6686e-05,0.028,31.4
6644,4.6688e-05,0.036,31.4
6645,4.669e-05,0.028,31.4
6646,4.6692e-05,0.028,31.4
6647,4.6694e-05,0.028,31.4
6648,4.6696e-05,0.028,31.4
6649,4.6698e-05,0.028,31.4
6650,4.67e-05,0.036,31.4
6651,4.6702e-05,0.028,31.4
6652,4.6704e-05,0.028,31.4
6653,4.6705999999999996e-05,0.028,31.4
6654,4.6708e-05,0.036,31.4
6655,4.671e-05,0.028,31.4
6656,4.6711999999999996e-05,0.028,31.4
6657,4.6714e-05,0.028,31.4
6658,4.6716e-05,0.036,31.4
6659,4.6717999999999996e-05,0.028,31.4
6660,4.672e-05,0.028,31.4
6661,4.6722e-05,0.028,31.4
6662,4.6724e-05,0.028,31.4
6663,4.6726e-05,0.028,31.4
6664,4.6728e-05,0.028,31.4
6665,4.673e-05,0.028,31.4
6666,4.6732e-05,0.036,31.4
6667,4.6734000000000004e-05,0.028,31.4
6668,4.6736e-05,0.028,31.4
6669,4.6738e-05,0.028,31.4
6670,4.674e-05,0.028,31.4
6671,4.6742e-05,0.028,31.4
6672,4.6744e-05,0.028,31.4
6673,4.6746e-05,0.028,31.0
6674,4.6748e-05,0.036,31.4
6675,4.675e-05,0.028,31.4
6676,4.6752e-05,0.028,31.4
6677,4.6754e-05,0.028,31.4
6678,4.6756e-05,0.036,31.4
6679,4.6758e-05,0.028,31.4
6680,4.676e-05,0.028,31.4
6681,4.6762e-05,0.028,31.4
6682,4.6764e-05,0.036,31.4
6683,4.6766e-05,0.028,31.4
6684,4.6768e-05,0.028,31.4
6685,4.677e-05,0.028,31.4
6686,4.6772e-05,0.028,31.4
6687,4.6773999999999996e-05,0.028,31.4
6688,4.6776e-05,0.028,31.4
6689,4.6778e-05,0.036,31.4
6690,4.6779999999999996e-05,0.036,31.4
6691,4.6782e-05,0.028,31.4
6692,4.6784e-05,0.028,31.4
6693,4.6785999999999996e-05,0.028,31.4
6694,4.6788e-05,0.036,31.4
6695,4.679e-05,0.028,31.4
6696,4.6792e-05,0.028,31.0
6697,4.6794e-05,0.028,31.4
6698,4.6796e-05,0.036,31.4
6699,4.6798e-05,0.028,31.4
6700,4.68e-05,0.028,31.4
6701,4.6802000000000004e-05,0.036,31.4
6702,4.6804e-05,0.036,31.4
6703,4.6806e-05,0.036,31.4
6704,4.6808e-05,0.036,31.4
6705,4.681e-05,0.028,31.4
6706,4.6812e-05,0.028,31.4
6707,4.6814e-05,0.028,31.4
6708,4.6816e-05,0.028,31.4
6709,4.6818e-05,0.028,31.4
6710,4.682e-05,0.028,31.4
6711,4.6822e-05,0.028,31.4
6712,4.6824e-05,0.028,31.4
6713,4.6826e-05,0.028,31.4
6714,4.6828e-05,0.036,31.4
6715,4.683e-05,0.028,31.4
6716,4.6832e-05,0.028,31.4
6717,4.6834e-05,0.028,31.4
6718,4.6836e-05,0.036,31.4
6719,4.6838e-05,0.028,31.4
6720,4.684e-05,0.028,31.4
6721,4.6841999999999996e-05,0.028,31.4
6722,4.6844e-05,0.028,31.4
6723,4.6846e-05,0.028,31.4
6724,4.6847999999999996e-05,0.028,31.4
6725,4.685e-05,0.028,31.4
6726,4.6852e-05,0.036,31.4
6727,4.6853999999999996e-05,0.028,31.4
6728,4.6856e-05,0.028,31.4
6729,4.6858e-05,0.028,31.4
6730,4.686e-05,0.036,31.4
6731,4.6862e-05,0.028,31.4
6732,4.6864e-05,0.028,31.4
6733,4.6866e-05,0.036,31.4
6734,4.6868e-05,0.028,31.4
6735,4.6870000000000004e-05,0.028,31.4
6736,4.6872e-05,0.028,31.4
6737,4.6874e-05,0.028,31.4
6738,4.6876e-05,0.036,31.4
6739,4.6878e-05,0.028,31.4
6740,4.688e-05,0.028,31.4
6741,4.6882e-05,0.028,31.4
6742,4.6884e-05,0.036,31.4
6743,4.6886e-05,0.028,31.4
6744,4.6888e-05,0.028,31.4
6745,4.689e-05,0.028,31.4
6746,4.6892e-05,0.036,31.4
6747,4.6894e-05,0.028,31.4
6748,4.6896e-05,0.028,31.4
6749,4.6898e-05,0.028,31.4
6750,4.69e-05,0.036,31.4
6751,4.6902e-05,0.028,31.4
6752,4.6904e-05,0.036,31.4
6753,4.6906e-05,0.036,31.4
6754,4.6908e-05,0.036,31.4
6755,4.6909999999999996e-05,0.028,31.4
6756,4.6912e-05,0.028,31.0
6757,4.6914e-05,0.036,31.4
6758,4.6915999999999996e-05,0.036,31.4
6759,4.6918e-05,0.028,31.0
6760,4.692e-05,0.028,31.4
6761,4.6921999999999996e-05,0.036,31.4
6762,4.6924e-05,0.028,31.4
6763,4.6926e-05,0.028,31.4
6764,4.6928e-05,0.036,31.4
6765,4.693e-05,0.028,31.4
6766,4.6932e-05,0.036,31.4
6767,4.6934e-05,0.036,31.4
6768,4.6936e-05,0.036,31.4
6769,4.6938000000000004e-05,0.036,31.0
6770,4.694e-05,0.036,31.4
6771,4.6942e-05,0.028,31.4
6772,4.6944e-05,0.036,31.4
6773,4.6946e-05,0.028,31.4
6774,4.6948e-05,0.036,31.4
6775,4.695e-05,0.028,31.4
6776,4.6952e-05,0.028,31.4
6777,4.6954e-05,0.036,31.4
6778,4.6956e-05,0.028,31.4
6779,4.6958e-05,0.028,31.4
6780,4.696e-05,0.036,31.0
6781,4.6962e-05,0.028,31.4
6782,4.6964e-05,0.036,31.4
6783,4.6966e-05,0.028,31.0
6784,4.6968e-05,0.028,31.4
6785,4.697e-05,0.028,31.4
6786,4.6972e-05,0.036,31.4
6787,4.6974e-05,0.028,31.4
6788,4.6976e-05,0.036,31.4
6789,4.6977999999999996e-05,0.028,31.4
6790,4.698e-05,0.036,31.4
6791,4.6982e-05,0.028,31.4
6792,4.6983999999999996e-05,0.036,31.0
6793,4.6986e-05,0.028,31.4
6794,4.6988e-05,0.036,31.4
6795,4.6989999999999996e-05,0.028,31.4
6796,4.6992e-05,0.036,31.4
6797,4.6994e-05,0.036,31.4
6798,4.6996e-05,0.036,31.4
6799,4.6998e-05,0.028,31.4
6800,4.7e-05,0.036,31.4
6801,4.7002e-05,0.028,31.0
6802,4.7004e-05,0.036,31.4
6803,4.7006000000000004e-05,0.028,31.4
6804,4.7008e-05,0.036,31.4
6805,4.701e-05,0.028,31.4
6806,4.7012e-05,0.036,31.4
6807,4.7014e-05,0.028,31.4
6808,4.7016e-05,0.028,31.4
6809,4.7018e-05,0.036,31.4
6810,4.702e-05,0.036,31.4
6811,4.7022e-05,0.028,31.4
6812,4.7024e-05,0.028,31.0
6813,4.7026e-05,0.028,31.4
6814,4.7028e-05,0.036,31.4
6815,4.703e-05,0.036,31.4
6816,4.7032e-05,0.028,31.4
6817,4.7034e-05,0.036,31.4
6818,4.7036e-05,0.036,31.4
6819,4.7038e-05,0.028,31.4
6820,4.704e-05,0.028,31.4
6821,4.7042e-05,0.028,31.4
6822,4.7044e-05,0.036,31.4
6823,4.7045999999999996e-05,0.036,31.4
6824,4.7048e-05,0.036,31.0
6825,4.705e-05,0.036,31.4
6826,4.7051999999999996e-05,0.036,31.4
6827,4.7054e-05,0.028,31.4
6828,4.7056e-05,0.028,31.4
6829,4.7057999999999996e-05,0.028,31.0
6830,4.706e-05,0.036,31.4
6831,4.7062e-05,0.028,31.0
6832,4.7064e-05,0.036,31.4
6833,4.7066e-05,0.028,31.0
6834,4.7068e-05,0.036,31.4
6835,4.707e-05,0.028,31.4
6836,4.7072e-05,0.028,31.0
6837,4.7074000000000004e-05,0.028,31.4
6838,4.7076e-05,0.036,31.4
6839,4.7078e-05,0.028,31.0
6840,4.708e-05,0.028,31.4
6841,4.7082e-05,0.036,31.4
6842,4.7084e-05,0.036,31.4
6843,4.7086e-05,0.028,31.4
6844,4.7088e-05,0.028,31.0
6845,4.709e-05,0.028,31.4
6846,4.7092e-05,0.036,31.4
6847,4.7094e-05,0.036,31.0
6848,4.7096e-05,0.028,31.4
6849,4.7098e-05,0.036,31.0
6850,4.71e-05,0.036,31.0
6851,4.7102e-05,0.036,31.4
6852,4.7104e-05,0.028,31.0
6853,4.7106e-05,0.036,31.4
6854,4.7108e-05,0.036,31.4
6855,4.711e-05,0.028,31.4
6856,4.7112e-05,0.036,31.0
6857,4.7113999999999996e-05,0.036,31.4
6858,4.7116e-05,0.036,31.4
6859,4.7118e-05,0.036,31.4
6860,4.7119999999999996e-05,0.028,31.4
6861,4.7122e-05,0.036,31.4
6862,4.7124e-05,0.028,31.4
6863,4.7125999999999996e-05,0.028,31.4
6864,4.7128e-05,0.036,31.4
6865,4.713e-05,0.028,31.4
6866,4.7132e-05,0.036,31.0
6867,4.7134e-05,0.028,31.4
6868,4.7136e-05,0.036,31.0
6869,4.7138e-05,0.036,31.0
6870,4.714e-05,0.036,31.4
6871,4.7142000000000004e-05,0.028,31.0
6872,4.7144e-05,0.028,31.4
6873,4.7146e-05,0.028,31.0
6874,4.7148e-05,0.036,31.0
6875,4.715e-05,0.036,31.4
6876,4.7152e-05,0.036,31.0
6877,4.7154e-05,0.036,31.4
6878,4.7156e-05,0.036,31.4
6879,4.7158e-05,0.028,31.0
6880,4.716e-05,0.028,31.0
6881,4.7162e-05,0.036,31.0
6882,4.7164e-05,0.036,31.4
6883,4.7166e-05,0.036,31.4
6884,4.7168e-05,0.036,31.4
6885,4.717e-05,0.036,31.0
6886,4.7172e-05,0.036,31.4
6887,4.7174e-05,0.036,31.0
6888,4.7176e-05,0.028,31.4
6889,4.7178e-05,0.036,31.0
6890,4.718e-05,0.036,31.4
6891,4.7181999999999997e-05,0.036,31.4
6892,4.7184e-05,0.028,31.0
6893,4.7186e-05,0.036,31.4
6894,4.7187999999999996e-05,0.036,31.0
6895,4.719e-05,0.028,31.0
6896,4.7192e-05,0.028,31.0
6897,4.7193999999999996e-05,0.028,31.0
6898,4.7196e-05,0.036,31.4
6899,4.7198e-05,0.028,31.0
6900,4.72e-05,0.036,31.4
6901,4.7202e-05,0.036,31.4
6902,4.7204e-05,0.036,31.4
6903,4.7206e-05,0.028,31.0
6904,4.7208e-05,0.036,31.0
6905,4.7210000000000004e-05,0.036,31.0
6906,4.7212e-05,0.036,31.0
6907,4.7214e-05,0.028,31.4
6908,4.7216e-05,0.036,31.0
6909,4.7218e-05,0.036,31.0
6910,4.722e-05,0.036,31.4
6911,4.7222e-05,0.028,31.0
6912,4.7224e-05,0.036,31.0
6913,4.7226e-05,0.036,31.0
6914,4.7228e-05,0.036,31.0
6915,4.723e-05,0.028,31.4
6916,4.7232e-05,0.036,31.0
6917,4.7234e-05,0.036,31.0
6918,4.7236e-05,0.036,31.4
6919,4.7238e-05,0.028,31.0
6920,4.724e-05,0.036,31.0
6921,4.7242e-05,0.036,31.0
6922,4.7244e-05,0.036,31.4
6923,4.7246e-05,0.028,31.4
6924,4.7248e-05,0.036,31.4
6925,4.7249999999999997e-05,0.028,31.4
6926,4.7252e-05,0.036,31.4
6927,4.7254e-05,0.036,31.4
6928,4.7255999999999996e-05,0.028,31.4
6929,4.7258e-05,0.036,31.0
6930,4.726e-05,0.036,31.4
6931,4.7261999999999996e-05,0.036,31.4
6932,4.7264e-05,0.036,31.4
6933,4.7266e-05,0.036,31.0
6934,4.7267999999999995e-05,0.036,31.4
6935,4.727e-05,0.036,31.4
6936,4.7272e-05,0.028,31.0
6937,4.7274e-05,0.036,31.0
6938,4.7276e-05,0.036,31.4
6939,4.7278000000000004e-05,0.028,31.0
6940,4.728e-05,0.028,31.4
6941,4.7282e-05,0.036,31.0
6942,4.7284e-05,0.036,31.4
6943,4.7286e-05,0.028,31.0
6944,4.7288e-05,0.028,31.0
6945,4.729e-05,0.036,31.0
6946,4.7292e-05,0.036,31.4
6947,4.7294e-05,0.036,31.4
6948,4.7296e-05,0.036,31.4
6949,4.7298e-05,0.028,31.0
6950,4.73e-05,0.036,31.4
6951,4.7302e-05,0.028,31.0
6952,4.7304e-05,0.036,31.4
6953,4.7306e-05,0.036,31.0
6954,4.7308e-05,0.036,31.0
6955,4.731e-05,0.028,31.4
6956,4.7312e-05,0.036,31.0
6957,4.7314e-05,0.036,31.0
6958,4.7316e-05,0.036,31.4
6959,4.7317999999999997e-05,0.036,31.0
6960,4.732e-05,0.036,31.4
6961,4.7322e-05,0.036,31.0
6962,4.7323999999999996e-05,0.036,31.0
6963,4.7326e-05,0.028,31.4
6964,4.7328e-05,0.036,31.0
6965,4.7329999999999996e-05,0.036,31.0
6966,4.7332e-05,0.036,31.4
6967,4.7334e-05,0.036,31.4
6968,4.7335999999999995e-05,0.036,31.0
6969,4.7338e-05,0.036,31.0
6970,4.734e-05,0.036,31.4
6971,4.7342e-05,0.036,31.0
6972,4.7344e-05,0.036,31.0
6973,4.7346000000000004e-05,0.036,31.4
6974,4.7348e-05,0.036,31.0
6975,4.735e-05,0.028,31.4
6976,4.7352e-05,0.028,31.4
6977,4.7354e-05,0.036,31.0
6978,4.7356e-05,0.036,31.4
6979,4.7358e-05,0.028,31.0
6980,4.736e-05,0.036,31.4
6981,4.7362e-05,0.028,31.4
6982,4.7364e-05,0.036,31.0
6983,4.7366e-05,0.028,31.4
6984,4.7368e-05,0.036,31.0
6985,4.737e-05,0.036,31.0
6986,4.7372e-05,0.036,31.0
6987,4.7374e-05,0.036,31.4
6988,4.7376e-05,0.036,31.0
6989,4.7378e-05,0.036,31.0
6990,4.738e-05,0.036,31.0
6991,4.7382e-05,0.036,31.0
6992,4.7384e-05,0.036,31.0
6993,4.7385999999999997e-05,0.036,31.0
6994,4.7388e-05,0.036,31.0
6995,4.739e-05,0.028,31.4
6996,4.7391999999999996e-05,0.036,31.0
6997,4.7394e-05,0.036,31.0
6998,4.7396e-05,0.036,31.0
6999,4.7397999999999996e-05,0.028,31.0
7000,4.74e-05,0.028,31.0
7001,4.7402e-05,0.036,31.0
7002,4.7403999999999995e-05,0.036,31.0
7003,4.7406e-05,0.036,31.0
7004,4.7408e-05,0.036,31.0
7005,4.741e-05,0.036,31.0
7006,4.7412e-05,0.036,31.4
7007,4.7414000000000004e-05,0.028,31.0
7008,4.7416e-05,0.036,31.0
7009,4.7418e-05,0.036,31.0
7010,4.742e-05,0.036,31.0
7011,4.7422e-05,0.028,31.0
7012,4.7424e-05,0.036,31.0
7013,4.7426e-05,0.036,31.4
7014,4.7428e-05,0.036,31.4
7015,4.743e-05,0.028,31.0
7016,4.7432e-05,0.036,31.0
7017,4.7434e-05,0.036,31.0
7018,4.7436e-05,0.036,31.4
7019,4.7438e-05,0.028,31.0
7020,4.744e-05,0.036,31.0
7021,4.7442e-05,0.036,31.0
7022,4.7444e-05,0.036,31.0
7023,4.7446e-05,0.028,31.0
7024,4.7448e-05,0.036,31.0
7025,4.745e-05,0.028,31.0
7026,4.7452e-05,0.036,31.0
7027,4.7454e-05,0.028,31.4
7028,4.7456e-05,0.036,31.0
7029,4.7458e-05,0.036,31.0
7030,4.7459999999999996e-05,0.036,31.0
7031,4.7462e-05,0.036,31.0
7032,4.7464e-05,0.036,31.0
7033,4.7465999999999996e-05,0.036,31.0
7034,4.7468e-05,0.036,31.0
7035,4.747e-05,0.036,31.4
7036,4.7471999999999995e-05,0.036,31.0
7037,4.7474e-05,0.036,31.0
7038,4.7476e-05,0.036,31.0
7039,4.7478e-05,0.036,31.0
7040,4.748e-05,0.036,31.0
7041,4.7482000000000004e-05,0.036,31.0
7042,4.7484e-05,0.036,31.0
7043,4.7486e-05,0.028,31.0
7044,4.7488000000000003e-05,0.036,31.0
7045,4.749e-05,0.028,31.0
7046,4.7492e-05,0.036,31.0
7047,4.7494e-05,0.036,31.0
7048,4.7496e-05,0.028,31.0
7049,4.7498e-05,0.036,31.0
7050,4.75e-05,0.036,31.0
7051,4.7502e-05,0.036,31.0
7052,4.7504e-05,0.036,31.0
7053,4.7506e-05,0.036,31.0
7054,4.7508e-05,0.036,31.0
7055,4.751e-05,0.028,31.0
7056,4.7512e-05,0.028,31.0
7057,4.7514e-05,0.036,31.0
7058,4.7516e-05,0.036,31.0
7059,4.7518e-05,0.028,31.0
7060,4.752e-05,0.036,31.0
7061,4.7522e-05,0.036,31.0
7062,4.7524e-05,0.036,31.0
7063,4.7526e-05,0.036,31.0
7064,4.7527999999999996e-05,0.036,31.0
7065,4.753e-05,0.028,31.0
7066,4.7532e-05,0.036,31.0
7067,4.7533999999999996e-05,0.036,31.0
7068,4.7536e-05,0.036,31.0
7069,4.7538e-05,0.036,31.0
7070,4.7539999999999995e-05,0.036,31.4
7071,4.7542e-05,0.036,31.0
7072,4.7544e-05,0.036,31.0
7073,4.7546e-05,0.028,31.0
7074,4.7548e-05,0.036,31.0
7075,4.755e-05,0.036,31.4
7076,4.7552e-05,0.036,31.0
7077,4.7554e-05,0.036,31.0
7078,4.7556000000000003e-05,0.036,31.0
7079,4.7558e-05,0.036,31.0
7080,4.756e-05,0.036,31.0
7081,4.7562e-05,0.036,31.0
7082,4.7564e-05,0.036,31.0
7083,4.7566e-05,0.028,31.0
7084,4.7568e-05,0.036,31.0
7085,4.757e-05,0.036,31.0
7086,4.7572e-05,0.036,31.0
7087,4.7574e-05,0.036,31.0
7088,4.7576e-05,0.036,31.0
7089,4.7578e-05,0.028,31.0
7090,4.758e-05,0.036,31.0
7091,4.7582e-05,0.036,31.0
7092,4.7584e-05,0.036,31.0
7093,4.7586e-05,0.036,31.0
7094,4.7588e-05,0.036,31.0
7095,4.759e-05,0.028,31.0
7096,4.7592e-05,0.036,31.0
7097,4.7594e-05,0.028,31.0
7098,4.7595999999999996e-05,0.036,31.0
7099,4.7598e-05,0.028,31.0
7100,4.76e-05,0.028,31.0
7101,4.7601999999999996e-05,0.036,31.0
7102,4.7604e-05,0.036,31.0
7103,4.7606e-05,0.036,31.0
7104,4.7607999999999995e-05,0.036,31.0
7105,4.761e-05,0.036,31.0
7106,4.7612e-05,0.036,31.0
7107,4.7614e-05,0.036,31.0
7108,4.7616e-05,0.036,31.0
7109,4.7618e-05,0.036,31.0
7110,4.762e-05,0.036,31.0
7111,4.7622e-05,0.036,31.0
7112,4.7624000000000003e-05,0.036,31.0
7113,4.7626e-05,0.036,31.0
7114,4.7628e-05,0.036,31.0
7115,4.763e-05,0.028,31.0
7116,4.7632e-05,0.036,31.0
7117,4.7634e-05,0.036,31.0
7118,4.7636e-05,0.036,31.0
7119,4.7638e-05,0.036,31.0
7120,4.764e-05,0.036,31.0
7121,4.7642e-05,0.036,31.0
7122,4.7644e-05,0.036,31.0
7123,4.7646e-05,0.028,31.0
7124,4.7648e-05,0.036,31.0
7125,4.765e-05,0.036,31.0
7126,4.7652e-05,0.036,31.0
7127,4.7654e-05,0.036,31.0
7128,4.7656e-05,0.036,31.0
7129,4.7658e-05,0.028,31.0
7130,4.766e-05,0.036,31.0
7131,4.7662e-05,0.036,31.0
7132,4.7663999999999996e-05,0.036,31.0
7133,4.7666e-05,0.036,31.0
7134,4.7668e-05,0.036,31.4
7135,4.7669999999999996e-05,0.036,31.4
7136,4.7672e-05,0.036,31.0
7137,4.7674e-05,0.036,31.0
7138,4.7675999999999996e-05,0.036,31.0
7139,4.7678e-05,0.028,31.0
7140,4.768e-05,0.036,31.0
7141,4.7682e-05,0.036,31.0
7142,4.7684e-05,0.036,31.0
7143,4.7686e-05,0.036,31.0
7144,4.7688e-05,0.036,31.0
7145,4.769e-05,0.036,31.0
7146,4.7692000000000003e-05,0.036,31.0
7147,4.7694e-05,0.036,31.0
7148,4.7696e-05,0.036,31.0
7149,4.7698e-05,0.036,31.0
7150,4.77e-05,0.036,31.0
7151,4.7702e-05,0.036,31.0
7152,4.7704e-05,0.036,31.0
7153,4.7706e-05,0.036,31.0
7154,4.7708e-05,0.036,31.0
7155,4.771e-05,0.028,31.0
7156,4.7712e-05,0.036,31.0
7157,4.7714e-05,0.036,31.0
7158,4.7716e-05,0.036,31.0
7159,4.7718e-05,0.036,31.0
7160,4.772e-05,0.036,31.0
7161,4.7722e-05,0.036,31.0
7162,4.7724e-05,0.036,31.0
7163,4.7726e-05,0.036,31.0
7164,4.7728e-05,0.036,31.0
7165,4.773e-05,0.036,31.0
7166,4.7731999999999996e-05,0.036,31.0
7167,4.7734e-05,0.036,31.0
7168,4.7736e-05,0.036,31.0
7169,4.7737999999999996e-05,0.036,31.0
7170,4.774e-05,0.036,31.0
7171,4.7742e-05,0.028,31.0
7172,4.7743999999999996e-05,0.036,31.0
7173,4.7746e-05,0.036,31.0
7174,4.7748e-05,0.036,31.0
7175,4.775e-05,0.036,31.0
7176,4.7752e-05,0.036,31.0
7177,4.7754e-05,0.036,31.0
7178,4.7756e-05,0.036,31.4
7179,4.7758e-05,0.028,31.0
7180,4.7760000000000004e-05,0.036,31.0
7181,4.7762e-05,0.036,31.0
7182,4.7764e-05,0.036,31.0
7183,4.7766e-05,0.036,31.0
7184,4.7768e-05,0.036,31.0
7185,4.777e-05,0.036,31.0
7186,4.7772e-05,0.036,31.0
7187,4.7774e-05,0.036,31.0
7188,4.7776e-05,0.036,31.0
7189,4.7778e-05,0.036,31.0
7190,4.778e-05,0.036,31.0
7191,4.7782e-05,0.028,31.0
7192,4.7784e-05,0.028,31.0
7193,4.7786e-05,0.036,31.0
7194,4.7788e-05,0.036,31.0
7195,4.779e-05,0.036,31.0
7196,4.7792e-05,0.036,31.0
7197,4.7794e-05,0.036,31.0
7198,4.7796e-05,0.036,31.0
7199,4.7798e-05,0.036,31.0
7200,4.7799999999999996e-05,0.036,31.0
7201,4.7802e-05,0.036,31.0
7202,4.7804e-05,0.036,31.0
7203,4.7805999999999996e-05,0.036,31.0
7204,4.7808e-05,0.036,31.0
7205,4.781e-05,0.036,31.0
7206,4.7811999999999996e-05,0.036,31.0
7207,4.7814e-05,0.036,31.0
7208,4.7816e-05,0.036,31.0
7209,4.7818e-05,0.036,31.0
7210,4.782e-05,0.036,31.0
7211,4.7822e-05,0.028,31.0
7212,4.7824e-05,0.036,31.0
7213,4.7826e-05,0.036,31.0
7214,4.7828000000000004e-05,0.036,31.0
7215,4.783e-05,0.036,31.0
7216,4.7832e-05,0.036,31.0
7217,4.7834e-05,0.036,31.0
7218,4.7836e-05,0.036,31.0
7219,4.7838e-05,0.036,31.0
7220,4.784e-05,0.036,31.0
7221,4.7842e-05,0.036,31.0
7222,4.7844e-05,0.036,31.0
7223,4.7846e-05,0.036,31.0
7224,4.7848e-05,0.036,31.0
7225,4.785e-05,0.036,31.0
7226,4.7852e-05,0.036,31.0
7227,4.7854e-05,0.036,31.0
7228,4.7856e-05,0.036,31.0
7229,4.7858e-05,0.036,31.0
7230,4.786e-05,0.036,31.0
7231,4.7862e-05,0.036,31.0
7232,4.7864e-05,0.036,31.0
7233,4.7866e-05,0.036,31.0
7234,4.7867999999999996e-05,0.036,31.0
7235,4.787e-05,0.036,31.0
7236,4.7872e-05,0.036,31.0
7237,4.7873999999999996e-05,0.036,31.0
7238,4.7876e-05,0.036,31.0
7239,4.7878e-05,0.036,31.0
7240,4.7879999999999996e-05,0.036,31.0
7241,4.7882e-05,0.036,31.0
7242,4.7884e-05,0.036,31.0
7243,4.7886e-05,0.036,31.0
7244,4.7888e-05,0.036,31.0
7245,4.789e-05,0.036,31.0
7246,4.7892e-05,0.036,31.0
7247,4.7894e-05,0.036,31.0
7248,4.7896000000000004e-05,0.036,31.0
7249,4.7898e-05,0.036,31.0
7250,4.79e-05,0.036,31.0
7251,4.7902e-05,0.036,31.0
7252,4.7904e-05,0.036,31.0
7253,4.7906e-05,0.036,31.0
7254,4.7908e-05,0.036,31.0
7255,4.791e-05,0.036,31.0
7256,4.7912e-05,0.036,31.0
7257,4.7914e-05,0.036,31.0
7258,4.7916e-05,0.036,31.0
7259,4.7918e-05,0.036,31.0
7260,4.792e-05,0.036,31.0
7261,4.7922e-05,0.036,31.0
7262,4.7924e-05,0.036,31.0
7263,4.7926e-05,0.036,31.0
7264,4.7928e-05,0.036,31.0
7265,4.793e-05,0.036,31.0
7266,4.7932e-05,0.036,31.0
7267,4.7934e-05,0.028,31.0
7268,4.7935999999999996e-05,0.036,31.0
7269,4.7938e-05,0.036,31.0
7270,4.794e-05,0.036,31.0
7271,4.7941999999999996e-05,0.036,31.0
7272,4.7944e-05,0.036,31.0
7273,4.7946e-05,0.036,31.0
7274,4.7947999999999996e-05,0.036,31.0
7275,4.795e-05,0.036,31.0
7276,4.7952e-05,0.036,31.0
7277,4.7954e-05,0.036,31.0
7278,4.7956e-05,0.036,31.0
7279,4.7958e-05,0.036,31.0
7280,4.796e-05,0.036,31.0
7281,4.7962e-05,0.036,31.0
7282,4.7964000000000004e-05,0.036,31.0
7283,4.7966e-05,0.036,31.0
7284,4.7968e-05,0.036,31.0
7285,4.797e-05,0.036,31.0
7286,4.7972e-05,0.036,31.0
7287,4.7974e-05,0.036,31.0
7288,4.7976e-05,0.036,31.0
7289,4.7978e-05,0.036,31.0
7290,4.798e-05,0.036,31.0
7291,4.7982e-05,0.036,31.0
7292,4.7984e-05,0.036,31.0
7293,4.7986e-05,0.036,31.0
7294,4.7988e-05,0.036,31.0
7295,4.799e-05,0.036,31.0
7296,4.7992e-05,0.036,31.0
7297,4.7994e-05,0.036,31.0
7298,4.7996e-05,0.036,31.0
7299,4.7998e-05,0.036,31.0
7300,4.8e-05,0.036,31.0
7301,4.8002e-05,0.036,31.0
7302,4.8003999999999996e-05,0.036,31.0
7303,4.8006e-05,0.036,31.0
7304,4.8008e-05,0.036,31.0
7305,4.8009999999999996e-05,0.036,31.0
7306,4.8012e-05,0.036,31.0
7307,4.8014e-05,0.036,31.0
7308,4.8015999999999996e-05,0.036,31.0
7309,4.8018e-05,0.036,31.0
7310,4.802e-05,0.036,31.0
7311,4.8022e-05,0.036,31.0
7312,4.8024e-05,0.036,31.0
7313,4.8026e-05,0.036,31.0
7314,4.8028e-05,0.036,31.0
7315,4.803e-05,0.036,31.0
7316,4.8032000000000004e-05,0.036,31.0
7317,4.8034e-05,0.036,31.0
7318,4.8036e-05,0.036,31.0
7319,4.8038e-05,0.036,31.0
7320,4.804e-05,0.036,31.0
7321,4.8042e-05,0.036,31.0
7322,4.8044e-05,0.036,31.0
7323,4.8046e-05,0.036,31.0
7324,4.8048e-05,0.036,31.0
7325,4.805e-05,0.036,31.0
7326,4.8052e-05,0.036,31.0
7327,4.8054e-05,0.036,31.0
7328,4.8056e-05,0.036,31.0
7329,4.8058e-05,0.036,31.0
7330,4.806e-05,0.036,31.0
7331,4.8062e-05,0.036,31.0
7332,4.8064e-05,0.036,31.0
7333,4.8066e-05,0.036,31.0
7334,4.8068e-05,0.036,31.0
7335,4.807e-05,0.036,31.0
7336,4.8071999999999996e-05,0.036,31.0
7337,4.8074e-05,0.036,31.0
7338,4.8076e-05,0.036,31.0
7339,4.8077999999999996e-05,0.036,31.0
7340,4.808e-05,0.036,31.0
7341,4.8082e-05,0.036,31.0
7342,4.8083999999999996e-05,0.036,31.0
7343,4.8086e-05,0.036,31.0
7344,4.8088e-05,0.036,31.0
7345,4.809e-05,0.036,31.0
7346,4.8092e-05,0.036,31.0
7347,4.8094e-05,0.036,31.0
7348,4.8096e-05,0.036,31.0
7349,4.8098e-05,0.036,31.0
7350,4.8100000000000004e-05,0.036,31.0
7351,4.8102e-05,0.036,31.0
7352,4.8104e-05,0.036,31.0
7353,4.8106e-05,0.036,31.0
7354,4.8108e-05,0.036,31.0
7355,4.811e-05,0.028,31.0
7356,4.8112e-05,0.036,31.0
7357,4.8114e-05,0.036,31.0
7358,4.8116e-05,0.036,31.0
7359,4.8118e-05,0.036,31.0
7360,4.812e-05,0.036,31.0
7361,4.8122e-05,0.036,31.0
7362,4.8124e-05,0.036,31.0
7363,4.8126e-05,0.036,31.0
7364,4.8128e-05,0.036,31.0
7365,4.813e-05,0.036,31.0
7366,4.8132e-05,0.036,31.0
7367,4.8134e-05,0.036,31.0
7368,4.8136e-05,0.036,31.0
7369,4.8138e-05,0.036,31.0
7370,4.8139999999999996e-05,0.036,31.0
7371,4.8142e-05,0.036,31.0
7372,4.8144e-05,0.036,31.0
7373,4.8145999999999996e-05,0.036,31.0
7374,4.8148e-05,0.036,31.0
7375,4.815e-05,0.036,31.0
7376,4.8151999999999996e-05,0.036,31.0
7377,4.8154e-05,0.036,31.0
7378,4.8156e-05,0.036,31.0
7379,4.8158e-05,0.036,31.0
7380,4.816e-05,0.036,31.0
7381,4.8162e-05,0.036,31.0
7382,4.8164e-05,0.036,31.0
7383,4.8166e-05,0.036,31.0
7384,4.8168000000000004e-05,0.036,31.0
7385,4.817e-05,0.036,31.0
7386,4.8172e-05,0.036,31.0
7387,4.8174e-05,0.036,31.0
7388,4.8176e-05,0.036,31.0
7389,4.8178e-05,0.036,31.0
7390,4.818e-05,0.036,31.0
7391,4.8182e-05,0.036,31.0
7392,4.8184e-05,0.036,31.0
7393,4.8186e-05,0.036,31.0
7394,4.8188e-05,0.036,31.0
7395,4.819e-05,0.036,31.0
7396,4.8192e-05,0.036,31.0
7397,4.8194e-05,0.036,31.0
7398,4.8196e-05,0.036,31.0
7399,4.8198e-05,0.036,31.0
7400,4.82e-05,0.036,31.0
7401,4.8202e-05,0.036,31.0
7402,4.8204e-05,0.036,31.0
7403,4.8206e-05,0.036,31.0
7404,4.8207999999999997e-05,0.036,31.0
7405,4.821e-05,0.036,31.0
7406,4.8212e-05,0.036,31.0
7407,4.8213999999999996e-05,0.036,31.0
7408,4.8216e-05,0.036,31.0
7409,4.8218e-05,0.036,31.0
7410,4.8219999999999996e-05,0.036,31.0
7411,4.8222e-05,0.036,31.0
7412,4.8224e-05,0.036,31.0
7413,4.8226e-05,0.036,31.0
7414,4.8228e-05,0.036,31.0
7415,4.823e-05,0.036,31.0
7416,4.8232e-05,0.036,31.0
7417,4.8234e-05,0.036,31.0
7418,4.8236000000000004e-05,0.036,31.0
7419,4.8238e-05,0.036,31.0
7420,4.824e-05,0.036,31.0
7421,4.8242e-05,0.036,31.0
7422,4.8244e-05,0.036,31.0
7423,4.8246e-05,0.036,31.0
7424,4.8248e-05,0.036,31.0
7425,4.825e-05,0.036,31.0
7426,4.8252e-05,0.036,31.0
7427,4.8254e-05,0.036,31.0
7428,4.8256e-05,0.036,31.0
7429,4.8258e-05,0.036,31.0
7430,4.826e-05,0.036,31.0
7431,4.8262e-05,0.036,31.0
7432,4.8264e-05,0.036,31.0
7433,4.8266e-05,0.036,31.0
7434,4.8268e-05,0.036,31.0
7435,4.827e-05,0.036,31.0
7436,4.8272e-05,0.036,31.0
7437,4.8274e-05,0.036,31.0
7438,4.8275999999999997e-05,0.036,31.0
7439,4.8278e-05,0.036,31.0
7440,4.828e-05,0.036,31.0
7441,4.8281999999999996e-05,0.036,31.0
7442,4.8284e-05,0.036,31.0
7443,4.8286e-05,0.036,31.0
7444,4.8287999999999996e-05,0.036,31.0
7445,4.829e-05,0.036,31.0
7446,4.8292e-05,0.036,31.0
7447,4.8294e-05,0.036,31.0
7448,4.8296e-05,0.036,31.0
7449,4.8298e-05,0.036,31.0
7450,4.83e-05,0.036,31.0
7451,4.8302e-05,0.036,31.0
7452,4.8304000000000004e-05,0.036,31.0
7453,4.8306e-05,0.036,31.0
7454,4.8308e-05,0.036,31.0
7455,4.831e-05,0.036,31.0
7456,4.8312e-05,0.036,31.0
7457,4.8314e-05,0.036,31.0
7458,4.8316e-05,0.036,31.0
7459,4.8318e-05,0.036,31.0
7460,4.832e-05,0.036,31.0
7461,4.8322e-05,0.036,31.0
7462,4.8324e-05,0.036,31.0
7463,4.8326e-05,0.036,31.0
7464,4.8328e-05,0.036,31.0
7465,4.833e-05,0.036,31.0
7466,4.8332e-05,0.036,31.0
7467,4.8334e-05,0.036,31.0
7468,4.8336e-05,0.036,31.0
7469,4.8338e-05,0.036,31.0
7470,4.834e-05,0.036,31.0
7471,4.8342e-05,0.036,31.0
7472,4.8343999999999997e-05,0.036,31.0
7473,4.8346e-05,0.036,31.0
7474,4.8348e-05,0.036,31.0
7475,4.8349999999999996e-05,0.036,31.0
7476,4.8352e-05,0.036,31.0
7477,4.8354e-05,0.036,31.0
7478,4.8355999999999996e-05,0.036,31.0
7479,4.8358e-05,0.036,31.0
7480,4.836e-05,0.036,31.0
7481,4.8362e-05,0.036,31.0
7482,4.8364e-05,0.036,31.0
7483,4.8366e-05,0.036,31.0
7484,4.8368e-05,0.036,31.0
7485,4.837e-05,0.036,31.0
7486,4.8372000000000004e-05,0.036,31.0
7487,4.8374e-05,0.036,31.0
7488,4.8376e-05,0.036,31.0
7489,4.8378e-05,0.036,31.0
7490,4.838e-05,0.036,31.0
7491,4.8382e-05,0.036,31.0
7492,4.8384e-05,0.036,31.0
7493,4.8386e-05,0.036,31.0
7494,4.8388e-05,0.036,31.0
7495,4.839e-05,0.036,31.0
7496,4.8392e-05,0.036,31.0
7497,4.8394e-05,0.036,31.0
7498,4.8396e-05,0.036,31.0
7499,4.8398e-05,0.036,31.0
7500,4.84e-05,0.036,31.0
7501,4.8402e-05,0.036,31.0
7502,4.8404e-05,0.036,31.0
7503,4.8406e-05,0.036,31.0
7504,4.8408e-05,0.036,31.0
7505,4.841e-05,0.036,31.0
7506,4.8411999999999997e-05,0.036,31.0
7507,4.8414e-05,0.036,31.0
7508,4.8416e-05,0.036,31.0
7509,4.8417999999999996e-05,0.036,31.0
7510,4.842e-05,0.036,31.0
7511,4.8422e-05,0.036,31.0
7512,4.8423999999999996e-05,0.036,31.0
7513,4.8426e-05,0.036,31.0
7514,4.8428e-05,0.036,31.0
7515,4.8429999999999995e-05,0.036,31.0
7516,4.8432e-05,0.036,31.0
7517,4.8434e-05,0.036,31.0
7518,4.8436e-05,0.036,31.0
7519,4.8438e-05,0.036,31.0
7520,4.8440000000000004e-05,0.036,31.0
7521,4.8442e-05,0.036,30.6
7522,4.8444e-05,0.036,31.0
7523,4.8446e-05,0.036,31.0
7524,4.8448e-05,0.036,31.0
7525,4.845e-05,0.036,31.0
7526,4.8452e-05,0.036,31.0
7527,4.8454e-05,0.036,31.0
7528,4.8456e-05,0.036,31.0
7529,4.8458e-05,0.036,31.0
7530,4.846e-05,0.036,31.0
7531,4.8462e-05,0.036,31.0
7532,4.8464e-05,0.036,31.0
7533,4.8466e-05,0.036,31.0
7534,4.8468e-05,0.036,31.0
7535,4.847e-05,0.036,31.0
7536,4.8472e-05,0.036,31.0
7537,4.8474e-05,0.036,31.0
7538,4.8476e-05,0.036,31.0
7539,4.8478e-05,0.036,31.0
7540,4.848e-05,0.036,31.0
7541,4.8482e-05,0.036,31.0
7542,4.8484e-05,0.036,31.0
7543,4.8485999999999996e-05,0.036,31.0
7544,4.8488e-05,0.036,31.0
7545,4.849e-05,0.036,30.6
7546,4.8491999999999996e-05,0.036,31.0
7547,4.8494e-05,0.036,31.0
7548,4.8496e-05,0.036,31.0
7549,4.8497999999999995e-05,0.036,31.0
7550,4.85e-05,0.036,31.0
7551,4.8502e-05,0.036,30.6
7552,4.8504e-05,0.036,31.0
7553,4.8506e-05,0.036,30.6
7554,4.8508000000000004e-05,0.036,31.0
7555,4.851e-05,0.036,31.0
7556,4.8512e-05,0.036,30.6
7557,4.8514000000000003e-05,0.036,31.0
7558,4.8516e-05,0.036,31.0
7559,4.8518e-05,0.036,31.0
7560,4.852e-05,0.036,31.0
7561,4.8522e-05,0.036,31.0
7562,4.8524e-05,0.036,31.0
7563,4.8526e-05,0.036,31.0
7564,4.8528e-05,0.036,31.0
7565,4.853e-05,0.036,31.0
7566,4.8532e-05,0.036,31.0
7567,4.8534e-05,0.036,31.0
7568,4.8536e-05,0.036,31.0
7569,4.8538e-05,0.036,30.6
7570,4.854e-05,0.036,31.0
7571,4.8542e-05,0.036,31.0
7572,4.8544e-05,0.036,30.6
7573,4.8546e-05,0.036,31.0
7574,4.8548e-05,0.036,31.0
7575,4.855e-05,0.036,31.0
7576,4.8552e-05,0.036,30.6
7577,4.8553999999999996e-05,0.036,30.6
7578,4.8556e-05,0.036,31.0
7579,4.8558e-05,0.036,31.0
7580,4.8559999999999996e-05,0.036,30.6
7581,4.8562e-05,0.036,31.0
7582,4.8564e-05,0.036,31.0
7583,4.8565999999999995e-05,0.036,31.0
7584,4.8568e-05,0.036,30.6
7585,4.857e-05,0.036,31.0
7586,4.8572e-05,0.036,30.6
7587,4.8574e-05,0.036,31.0
7588,4.8576000000000004e-05,0.036,31.0
7589,4.8578e-05,0.036,30.6
7590,4.858e-05,0.036,31.0
7591,4.8582000000000003e-05,0.036,30.6
7592,4.8584e-05,0.036,30.6
7593,4.8586e-05,0.036,31.0
7594,4.8588e-05,0.036,31.0
7595,4.859e-05,0.036,31.0
7596,4.8592e-05,0.036,30.6
7597,4.8594e-05,0.036,30.6
7598,4.8596e-05,0.036,31.0
7599,4.8598e-05,0.036,31.0
7600,4.86e-05,0.036,31.0
7601,4.8602e-05,0.036,30.6
7602,4.8604e-05,0.036,31.0
7603,4.8606e-05,0.036,30.6
7604,4.8608e-05,0.036,31.0
7605,4.861e-05,0.036,31.0
7606,4.8612e-05,0.036,31.0
7607,4.8614e-05,0.036,31.0
7608,4.8616e-05,0.036,30.6
7609,4.8618e-05,0.036,30.6
7610,4.862e-05,0.036,30.6
7611,4.8621999999999996e-05,0.036,31.0
7612,4.8624e-05,0.036,31.0
7613,4.8626e-05,0.036,31.0
7614,4.8627999999999996e-05,0.036,31.0
7615,4.863e-05,0.036,31.0
7616,4.8632e-05,0.036,30.6
7617,4.8633999999999995e-05,0.036,30.6
7618,4.8636e-05,0.036,31.0
7619,4.8638e-05,0.036,30.6
7620,4.864e-05,0.036,31.0
7621,4.8642e-05,0.036,30.6
7622,4.8644000000000004e-05,0.036,30.6
7623,4.8646e-05,0.036,30.6
7624,4.8648e-05,0.036,30.6
7625,4.8650000000000003e-05,0.036,30.6
7626,4.8652e-05,0.036,30.6
7627,4.8654e-05,0.036,31.0
7628,4.8656e-05,0.036,30.6
7629,4.8658e-05,0.036,30.6
7630,4.866e-05,0.036,30.6
7631,4.8662e-05,0.036,30.6
7632,4.8664e-05,0.036,30.6
7633,4.8666e-05,0.036,30.6
7634,4.8668e-05,0.036,31.0
7635,4.867e-05,0.036,31.0
7636,4.8672e-05,0.036,30.6
7637,4.8674e-05,0.036,30.6
7638,4.8676e-05,0.036,31.0
7639,4.8678e-05,0.036,30.6
7640,4.868e-05,0.036,30.6
7641,4.8682e-05,0.036,30.6
7642,4.8684e-05,0.036,30.6
7643,4.8686e-05,0.036,30.6
7644,4.8688e-05,0.036,30.6
7645,4.8689999999999996e-05,0.036,31.0
7646,4.8692e-05,0.036,30.6
7647,4.8694e-05,0.036,30.6
7648,4.8695999999999996e-05,0.036,30.6
7649,4.8698e-05,0.036,30.6
7650,4.8700000000000005e-05,0.036,31.0
7651,4.8701999999999996e-05,0.036,31.0
7652,4.8704e-05,0.036,30.6
7653,4.8706000000000004e-05,0.036,30.6
7654,4.8707999999999995e-05,0.036,30.6
7655,4.871e-05,0.036,30.6
7656,4.8712000000000004e-05,0.036,30.6
7657,4.8713999999999995e-05,0.036,30.6
7658,4.8716e-05,0.036,30.6
7659,4.8718000000000003e-05,0.036,31.0
7660,4.872e-05,0.036,30.6
7661,4.8722e-05,0.036,30.6
7662,4.8724e-05,0.036,30.6
7663,4.8726e-05,0.036,30.6
7664,4.8728e-05,0.036,30.6
7665,4.873e-05,0.036,30.6
7666,4.8732e-05,0.036,30.6
7667,4.8734e-05,0.036,31.0
7668,4.8736e-05,0.036,30.6
7669,4.8738e-05,0.036,30.6
7670,4.874e-05,0.036,30.6
7671,4.8742e-05,0.036,30.6
7672,4.8744e-05,0.036,30.6
7673,4.8746e-05,0.036,30.6
7674,4.8748e-05,0.036,30.6
7675,4.875e-05,0.036,31.0
7676,4.8752e-05,0.036,30.6
7677,4.8754e-05,0.036,30.6
7678,4.8756e-05,0.036,30.6
7679,4.8757999999999996e-05,0.036,30.6
7680,4.876e-05,0.036,30.6
7681,4.8762e-05,0.036,30.6
7682,4.8763999999999996e-05,0.036,30.6
7683,4.8766e-05,0.036,31.0
7684,4.8768000000000005e-05,0.036,30.6
7685,4.8769999999999996e-05,0.036,31.0
7686,4.8772e-05,0.036,30.6
7687,4.8774000000000004e-05,0.036,30.6
7688,4.8775999999999995e-05,0.036,30.6
7689,4.8778e-05,0.036,30.6
7690,4.8780000000000004e-05,0.036,31.0
7691,4.8781999999999995e-05,0.036,30.6
7692,4.8784e-05,0.036,30.6
7693,4.8786000000000004e-05,0.036,30.6
7694,4.8788e-05,0.036,30.6
7695,4.879e-05,0.036,30.6
7696,4.8792e-05,0.036,30.6
7697,4.8794e-05,0.036,30.6
7698,4.8796e-05,0.036,30.6
7699,4.8798e-05,0.036,30.6
7700,4.88e-05,0.036,30.6
7701,4.8802e-05,0.036,30.6
7702,4.8804e-05,0.036,30.6
7703,4.8806e-05,0.036,30.6
7704,4.8808e-05,0.036,30.6
7705,4.881e-05,0.036,30.6
7706,4.8812e-05,0.036,30.6
7707,4.8814e-05,0.036,30.6
7708,4.8816e-05,0.036,30.6
7709,4.8818e-05,0.036,30.6
7710,4.882e-05,0.036,30.6
7711,4.8822e-05,0.036,30.6
7712,4.8824e-05,0.036,30.6
7713,4.8825999999999996e-05,0.036,30.6
7714,4.8828e-05,0.036,30.6
7715,4.883e-05,0.036,30.6
7716,4.8831999999999996e-05,0.036,30.6
7717,4.8834e-05,0.036,30.6
7718,4.8836000000000005e-05,0.036,30.6
7719,4.8837999999999996e-05,0.036,30.6
7720,4.884e-05,0.036,30.6
7721,4.8842000000000004e-05,0.036,30.6
7722,4.8843999999999995e-05,0.036,30.6
7723,4.8846e-05,0.036,30.6
7724,4.8848000000000004e-05,0.036,30.6
7725,4.8849999999999995e-05,0.036,31.0
7726,4.8852e-05,0.036,30.6
7727,4.8854000000000004e-05,0.036,30.6
7728,4.8856e-05,0.036,30.6
7729,4.8858e-05,0.036,30.6
7730,4.886e-05,0.036,30.6
7731,4.8862e-05,0.036,30.6
7732,4.8864e-05,0.036,30.6
7733,4.8866e-05,0.036,31.0
7734,4.8868e-05,0.036,30.6
7735,4.887e-05,0.036,30.6
7736,4.8872e-05,0.036,30.6
7737,4.8874e-05,0.036,30.6
7738,4.8876e-05,0.036,30.6
7739,4.8878e-05,0.036,30.6
7740,4.888e-05,0.036,30.6
7741,4.8882e-05,0.036,30.6
7742,4.8884e-05,0.036,30.6
7743,4.8886e-05,0.036,30.6
7744,4.8888e-05,0.036,30.6
7745,4.889e-05,0.036,30.6
7746,4.8892e-05,0.036,30.6
7747,4.8893999999999996e-05,0.036,30.6
7748,4.8896e-05,0.036,30.6
7749,4.8898e-05,0.036,30.6
7750,4.8899999999999996e-05,0.036,30.6
7751,4.8902e-05,0.036,30.6
7752,4.8904e-05,0.036,30.6
7753,4.8905999999999996e-05,0.036,30.6
7754,4.8908e-05,0.036,30.6
7755,4.8910000000000004e-05,0.036,31.0
7756,4.8911999999999995e-05,0.036,30.6
7757,4.8914e-05,0.036,30.6
7758,4.8916000000000004e-05,0.036,30.6
7759,4.8917999999999995e-05,0.036,30.6
7760,4.892e-05,0.036,30.6
7761,4.8922000000000004e-05,0.036,30.6
7762,4.8924e-05,0.036,30.6
7763,4.8926e-05,0.036,30.6
7764,4.8928e-05,0.036,30.6
7765,4.893e-05,0.036,30.6
7766,4.8932e-05,0.036,30.6
7767,4.8934e-05,0.036,30.6
7768,4.8936e-05,0.036,30.6
7769,4.8938e-05,0.036,30.6
7770,4.894e-05,0.036,30.6
7771,4.8942e-05,0.036,30.6
7772,4.8944e-05,0.036,30.6
7773,4.8946e-05,0.036,30.6
7774,4.8948e-05,0.036,30.6
7775,4.895e-05,0.036,30.6
7776,4.8952e-05,0.036,30.6
7777,4.8954e-05,0.036,30.6
7778,4.8956e-05,0.036,30.6
7779,4.8958e-05,0.036,30.6
7780,4.896e-05,0.036,30.6
7781,4.8961999999999996e-05,0.036,30.6
7782,4.8964e-05,0.036,30.6
7783,4.8966e-05,0.036,30.6
7784,4.8967999999999996e-05,0.036,30.6
7785,4.897e-05,0.036,30.6
7786,4.8972e-05,0.036,30.6
7787,4.8973999999999996e-05,0.036,30.6
7788,4.8976e-05,0.036,30.6
7789,4.8978000000000004e-05,0.036,30.6
7790,4.8979999999999995e-05,0.036,30.6
7791,4.8982e-05,0.036,30.6
7792,4.8984000000000004e-05,0.036,30.6
7793,4.8985999999999995e-05,0.036,30.6
7794,4.8988e-05,0.036,30.6
7795,4.8990000000000004e-05,0.036,30.6
7796,4.8992e-05,0.036,30.6
7797,4.8994e-05,0.036,30.6
7798,4.8996e-05,0.036,30.6
7799,4.8998e-05,0.036,30.6
7800,4.9e-05,0.036,30.6
7801,4.9002e-05,0.036,30.6
7802,4.9004e-05,0.036,30.6
7803,4.9006e-05,0.036,30.6
7804,4.9008e-05,0.036,30.6
7805,4.901e-05,0.036,30.6
7806,4.9012e-05,0.036,30.6
7807,4.9014e-05,0.036,30.6
7808,4.9016e-05,0.036,30.6
7809,4.9018e-05,0.036,30.6
7810,4.902e-05,0.036,30.6
7811,4.9022e-05,0.036,30.6
7812,4.9024e-05,0.036,30.6
7813,4.9026e-05,0.036,30.6
7814,4.9028e-05,0.036,30.6
7815,4.9029999999999996e-05,0.036,30.2
7816,4.9032e-05,0.036,30.6
7817,4.9034e-05,0.036,30.6
7818,4.9035999999999996e-05,0.036,30.6
7819,4.9038e-05,0.036,30.6
7820,4.904e-05,0.036,30.6
7821,4.9041999999999996e-05,0.036,30.6
7822,4.9044e-05,0.036,30.2
7823,4.9046000000000004e-05,0.036,30.2
7824,4.9047999999999995e-05,0.036,30.2
7825,4.905e-05,0.036,30.2
7826,4.9052000000000004e-05,0.036,30.2
7827,4.9053999999999995e-05,0.036,30.2
7828,4.9056e-05,0.036,30.2
7829,4.9058000000000004e-05,0.036,30.2
7830,4.906e-05,0.036,30.2
7831,4.9062e-05,0.036,30.2
7832,4.9064e-05,0.036,29.8
7833,4.9066e-05,0.036,29.8
7834,4.9068e-05,0.036,29.8
7835,4.907e-05,0.036,29.8
7836,4.9072e-05,0.036,29.8
7837,4.9074e-05,0.036,29.8
7838,4.9076e-05,0.036,29.8
7839,4.9078e-05,0.036,29.8
7840,4.908e-05,0.036,29.0
7841,4.9082e-05,0.036,29.0
7842,4.9084e-05,0.036,29.0
7843,4.9086e-05,0.036,29.0
7844,4.9088e-05,0.036,29.0
7845,4.909e-05,0.036,29.0
7846,4.9092e-05,0.036,28.6
7847,4.9094e-05,0.036,28.6
7848,4.9096e-05,0.036,28.6
7849,4.9097999999999996e-05,0.036,28.6
7850,4.91e-05,0.036,28.6
7851,4.9102e-05,0.036,28.6
7852,4.9103999999999996e-05,0.036,28.2
7853,4.9106e-05,0.036,28.2
7854,4.9108e-05,0.036,28.2
7855,4.9109999999999996e-05,0.036,28.2
7856,4.9112e-05,0.036,28.2
7857,4.9114000000000004e-05,0.036,27.8
7858,4.9115999999999995e-05,0.036,27.8
7859,4.9118e-05,0.028,27.8
7860,4.9120000000000004e-05,0.036,27.8
7861,4.9121999999999995e-05,0.036,27.4
7862,4.9124e-05,0.036,27.4
7863,4.9126000000000004e-05,0.036,27.4
7864,4.9128e-05,0.036,27.0
7865,4.913e-05,0.036,27.0
7866,4.9132e-05,0.036,27.0
7867,4.9134e-05,0.036,27.0
7868,4.9136e-05,0.036,27.0
7869,4.9138e-05,0.036,27.0
7870,4.914e-05,0.036,27.0
7871,4.9142e-05,0.036,26.6
7872,4.9144e-05,0.036,26.6
7873,4.9146e-05,0.036,26.2
7874,4.9148e-05,0.036,26.2
7875,4.915e-05,0.036,26.2
7876,4.9152e-05,0.036,26.2
7877,4.9154e-05,0.036,26.2
7878,4.9156e-05,0.036,25.8
7879,4.9158e-05,0.036,25.8
7880,4.916e-05,0.036,25.4
7881,4.9162e-05,0.036,25.4
7882,4.9164e-05,0.036,25.4
7883,4.9165999999999996e-05,0.036,25.4
7884,4.9168e-05,0.036,25.4
7885,4.917e-05,0.036,25.4
7886,4.9171999999999996e-05,0.036,25.0
7887,4.9174e-05,0.036,25.0
7888,4.9176e-05,0.028,24.6
7889,4.9177999999999996e-05,0.036,24.6
7890,4.918e-05,0.036,24.6
7891,4.9182000000000004e-05,0.036,24.6
7892,4.9183999999999995e-05,0.036,24.2
7893,4.9186e-05,0.036,24.2
7894,4.9188000000000004e-05,0.036,24.2
7895,4.9189999999999995e-05,0.028,24.2
7896,4.9192e-05,0.036,23.8
7897,4.9194000000000004e-05,0.036,23.8
7898,4.9196e-05,0.036,23.8
7899,4.9198e-05,0.036,23.0
7900,4.92e-05,0.036,23.0
7901,4.9202e-05,0.036,23.0
7902,4.9204e-05,0.036,23.0
7903,4.9206e-05,0.036,22.6
7904,4.9208e-05,0.036,22.6
7905,4.921e-05,0.028,22.2
7906,4.9212e-05,0.036,22.2
7907,4.9214e-05,0.036,22.2
7908,4.9216e-05,0.036,21.8
7909,4.9218e-05,0.036,21.8
7910,4.922e-05,0.036,21.8
7911,4.9222e-05,0.036,21.8
7912,4.9224e-05,0.036,21.4
7913,4.9226e-05,0.036,21.4
7914,4.9228e-05,0.036,21.4
7915,4.923e-05,0.036,21.4
7916,4.9232e-05,0.036,21.0
7917,4.9233999999999997e-05,0.036,21.0
7918,4.9236e-05,0.036,21.0
7919,4.9238e-05,0.036,20.6
7920,4.9239999999999996e-05,0.036,20.6
7921,4.9242e-05,0.036,20.6
7922,4.9244e-05,0.036,20.2
7923,4.9245999999999996e-05,0.028,20.2
7924,4.9248e-05,0.036,20.2
7925,4.9250000000000004e-05,0.036,20.2
7926,4.9251999999999995e-05,0.036,19.8
7927,4.9254e-05,0.036,19.8
7928,4.9256000000000004e-05,0.036,19.8
7929,4.9257999999999995e-05,0.036,19.4
7930,4.926e-05,0.036,19.4
7931,4.9262000000000004e-05,0.036,19.4
7932,4.9264e-05,0.036,19.0
7933,4.9266e-05,0.036,19.0
7934,4.9268e-05,0.036,19.0
7935,4.927e-05,0.036,19.0
7936,4.9272e-05,0.036,18.6
7937,4.9274e-05,0.036,18.6
7938,4.9276e-05,0.036,18.6
7939,4.9278e-05,0.028,18.6
7940,4.928e-05,0.028,18.2
7941,4.9282e-05,0.036,18.2
7942,4.9284e-05,0.036,18.2
7943,4.9286e-05,0.028,17.8
7944,4.9288e-05,0.028,17.8
7945,4.929e-05,0.036,17.8
7946,4.9292e-05,0.036,17.0
7947,4.9294e-05,0.028,17.0
7948,4.9296e-05,0.036,17.0
7949,4.9298e-05,0.036,17.0
7950,4.93e-05,0.036,16.6
7951,4.9301999999999997e-05,0.036,16.6
7952,4.9304e-05,0.028,16.2
7953,4.9306e-05,0.036,16.2
7954,4.9307999999999996e-05,0.036,16.6
7955,4.931e-05,0.036,16.2
7956,4.9312e-05,0.028,15.8
7957,4.9313999999999996e-05,0.036,16.2
7958,4.9316e-05,0.036,15.8
7959,4.9318000000000005e-05,0.036,15.8
7960,4.9319999999999995e-05,0.028,15.4
7961,4.9322e-05,0.036,15.8
7962,4.9324000000000004e-05,0.036,15.4
7963,4.9325999999999995e-05,0.028,15.4
7964,4.9328e-05,0.036,15.4
7965,4.9330000000000004e-05,0.036,15.0
7966,4.9332e-05,0.036,15.0
7967,4.9334e-05,0.036,15.0
7968,4.9336e-05,0.036,15.0
7969,4.9338e-05,0.036,14.6
7970,4.934e-05,0.036,14.6
7971,4.9342e-05,0.036,14.6
7972,4.9344e-05,0.036,14.6
7973,4.9346e-05,0.028,14.6
7974,4.9348e-05,0.036,14.2
7975,4.935e-05,0.028,14.2
7976,4.9352e-05,0.028,14.2
7977,4.9354e-05,0.036,14.2
7978,4.9356e-05,0.036,13.8
7979,4.9358e-05,0.036,13.8
7980,4.936e-05,0.036,13.8
7981,4.9362e-05,0.036,13.8
7982,4.9364e-05,0.036,13.8
7983,4.9366e-05,0.036,13.4
7984,4.9368e-05,0.036,13.4
7985,4.9369999999999997e-05,0.036,13.4
7986,4.9372e-05,0.036,13.4
7987,4.9374e-05,0.036,13.4
7988,4.9375999999999996e-05,0.036,13.0
7989,4.9378e-05,0.036,13.0
7990,4.938e-05,0.036,13.0
7991,4.9381999999999996e-05,0.036,13.0
7992,4.9384e-05,0.028,12.6
7993,4.9386000000000005e-05,0.036,12.6
7994,4.9387999999999995e-05,0.036,12.6
7995,4.939e-05,0.028,12.6
7996,4.9392000000000004e-05,0.036,12.2
7997,4.9393999999999995e-05,0.036,12.6
7998,4.9396e-05,0.036,12.2
7999,4.9398000000000004e-05,0.028,12.2
8000,4.94e-05,0.028,12.2
8001,4.9402e-05,0.036,12.2
8002,4.9404e-05,0.036,12.2
8003,4.9406e-05,0.028,11.8
8004,4.9408e-05,0.036,11.8
8005,4.941e-05,0.036,11.8
8006,4.9412e-05,0.036,11.8
8007,4.9414e-05,0.028,11.8
8008,4.9416e-05,0.028,11.0
8009,4.9418e-05,0.036,11.0
8010,4.942e-05,0.036,11.0
8011,4.9422e-05,0.036,11.0
8012,4.9424e-05,0.036,11.0
8013,4.9426e-05,0.028,11.0
8014,4.9428e-05,0.036,11.0
8015,4.943e-05,0.036,11.0
8016,4.9432e-05,0.036,10.6
8017,4.9434e-05,0.028,10.6
8018,4.9436e-05,0.036,10.6
8019,4.9437999999999997e-05,0.028,10.6
8020,4.944e-05,0.028,10.6
8021,4.9442e-05,0.036,10.6
8022,4.9443999999999996e-05,0.036,10.6
8023,4.9446e-05,0.028,10.2
8024,4.9448e-05,0.036,10.2
8025,4.9449999999999996e-05,0.036,10.2
8026,4.9452e-05,0.036,10.2
8027,4.9454000000000005e-05,0.036,10.2
8028,4.9455999999999995e-05,0.036,9.8
8029,4.9458e-05,0.036,10.2
8030,4.9460000000000004e-05,0.036,10.2
8031,4.9461999999999995e-05,0.036,9.8
8032,4.9464e-05,0.036,9.8
8033,4.9466000000000004e-05,0.028,9.8
8034,4.9468e-05,0.036,9.8
8035,4.947e-05,0.036,9.8
8036,4.9472e-05,0.028,9.8
8037,4.9474e-05,0.036,9.8
8038,4.9476e-05,0.036,9.8
8039,4.9478e-05,0.036,9.8
8040,4.948e-05,0.036,9.4
8041,4.9482e-05,0.036,9.8
8042,4.9484e-05,0.036,9.8
8043,4.9486e-05,0.028,9.4
8044,4.9488e-05,0.036,9.4
8045,4.949e-05,0.036,9.4
8046,4.9492e-05,0.036,9.4
8047,4.9494e-05,0.028,9.4
8048,4.9496e-05,0.036,9.4
8049,4.9498e-05,0.028,9.4
8050,4.95e-05,0.036,9.4
8051,4.9502e-05,0.036,9.4
8052,4.9504e-05,0.036,9.0
8053,4.9506e-05,0.036,9.4
8054,4.9508e-05,0.036,9.4
8055,4.951e-05,0.028,9.4
8056,4.9511999999999996e-05,0.036,9.0
8057,4.9514e-05,0.028,9.0
8058,4.9516e-05,0.036,9.0
8059,4.9517999999999996e-05,0.036,9.0
8060,4.952e-05,0.036,9.0
8061,4.9522000000000005e-05,0.036,9.0
8062,4.9523999999999995e-05,0.036,9.0
8063,4.9526e-05,0.028,9.0
8064,4.9528000000000004e-05,0.036,9.0
8065,4.9529999999999995e-05,0.036,9.0
8066,4.9532e-05,0.036,9.0
8067,4.9534000000000004e-05,0.036,9.0
8068,4.9535999999999995e-05,0.036,8.6
8069,4.9538e-05,0.036,9.0
8070,4.9540000000000003e-05,0.036,9.0
8071,4.9542e-05,0.036,9.0
8072,4.9544e-05,0.036,8.6
8073,4.9546e-05,0.036,9.0
8074,4.9548e-05,0.036,9.0
8075,4.955e-05,0.036,9.0
8076,4.9552e-05,0.028,8.6
8077,4.9554e-05,0.036,9.0
8078,4.9556e-05,0.036,9.0
8079,4.9558e-05,0.036,9.0
8080,4.956e-05,0.028,8.6
8081,4.9562e-05,0.036,9.0
8082,4.9564e-05,0.036,9.0
8083,4.9566e-05,0.036,9.0
8084,4.9568e-05,0.036,8.6
8085,4.957e-05,0.036,9.0
8086,4.9572e-05,0.036,9.0
8087,4.9574e-05,0.028,9.0
8088,4.9576e-05,0.036,8.6
8089,4.9578e-05,0.036,9.0
8090,4.9579999999999996e-05,0.036,9.0
8091,4.9582e-05,0.028,9.0
8092,4.9584e-05,0.036,8.6
8093,4.9585999999999996e-05,0.028,9.0
8094,4.9588e-05,0.028,9.0
8095,4.9590000000000005e-05,0.028,9.0
8096,4.9591999999999995e-05,0.036,9.0
8097,4.9594e-05,0.028,9.0
8098,4.9596000000000004e-05,0.036,9.0
8099,4.9597999999999995e-05,0.028,9.0
8100,4.96e-05,0.028,9.0
8101,4.9602000000000004e-05,0.028,9.0
8102,4.9603999999999995e-05,0.036,9.0
8103,4.9606e-05,0.028,9.0
8104,4.9608000000000003e-05,0.028,9.0
8105,4.961e-05,0.028,9.0
8106,4.9612e-05,0.036,9.0
8107,4.9614e-05,0.036,9.0
8108,4.9616e-05,0.036,9.0
8109,4.9618e-05,0.036,9.0
8110,4.962e-05,0.036,9.4
8111,4.9622e-05,0.028,9.0
8112,4.9624e-05,0.028,9.0
8113,4.9626e-05,0.028,9.4
8114,4.9628e-05,0.036,9.4
8115,4.963e-05,0.028,9.4
8116,4.9632e-05,0.036,9.4
8117,4.9634e-05,0.036,9.4
8118,4.9636e-05,0.036,9.4
8119,4.9638e-05,0.036,9.4
8120,4.964e-05,0.028,9.4
8121,4.9642e-05,0.028,9.4
8122,4.9644e-05,0.036,9.4
8123,4.9646e-05,0.028,9.4
8124,4.9647999999999996e-05,0.028,9.4
8125,4.965e-05,0.028,9.8
8126,4.9652e-05,0.036,9.8
8127,4.9653999999999996e-05,0.028,9.8
8128,4.9656e-05,0.028,9.4
8129,4.9658000000000005e-05,0.028,9.8
8130,4.9659999999999995e-05,0.036,9.8
8131,4.9662e-05,0.028,9.8
8132,4.9664000000000004e-05,0.028,9.8
8133,4.9665999999999995e-05,0.028,10.2
8134,4.9668e-05,0.036,10.2
8135,4.9670000000000004e-05,0.028,10.2
8136,4.9671999999999995e-05,0.028,10.2
8137,4.9674e-05,0.028,10.2
8138,4.9676000000000003e-05,0.036,10.2
8139,4.9678e-05,0.028,10.2
8140,4.968e-05,0.028,10.2
8141,4.9682e-05,0.028,10.6
8142,4.9684e-05,0.036,10.2
8143,4.9686e-05,0.036,10.6
8144,4.9688e-05,0.036,10.2
8145,4.969e-05,0.028,10.6
8146,4.9692e-05,0.036,10.6
8147,4.9694e-05,0.028,10.6
8148,4.9696e-05,0.028,10.6
8149,4.9698e-05,0.028,11.0
8150,4.97e-05,0.036,11.0
8151,4.9702e-05,0.028,11.0
8152,4.9704e-05,0.028,10.6
8153,4.9706e-05,0.028,11.0
8154,4.9708e-05,0.036,11.0
8155,4.971e-05,0.028,11.0
8156,4.9712e-05,0.028,11.0
8157,4.9714e-05,0.028,11.0
8158,4.9715999999999996e-05,0.028,11.8
8159,4.9718e-05,0.028,11.8
8160,4.972e-05,0.028,11.8
8161,4.9721999999999996e-05,0.028,11.8
8162,4.9724e-05,0.028,11.8
8163,4.9726000000000005e-05,0.028,11.8
8164,4.9727999999999996e-05,0.028,11.8
8165,4.973e-05,0.028,12.2
8166,4.9732000000000004e-05,0.036,12.2
8167,4.9733999999999995e-05,0.028,12.2
8168,4.9736e-05,0.028,12.2
8169,4.9738000000000004e-05,0.028,12.6
8170,4.9739999999999995e-05,0.028,12.2
8171,4.9742e-05,0.028,12.6
8172,4.9744000000000003e-05,0.028,12.6
8173,4.9746e-05,0.028,12.6
8174,4.9748e-05,0.028,13.0
8175,4.975e-05,0.028,12.6
8176,4.9752e-05,0.028,13.0
8177,4.9754e-05,0.028,13.0
8178,4.9756e-05,0.028,13.0
8179,4.9758e-05,0.028,13.4
8180,4.976e-05,0.028,13.0
8181,4.9762e-05,0.028,13.4
8182,4.9764e-05,0.028,13.4
8183,4.9766e-05,0.028,13.4
8184,4.9768e-05,0.028,13.4
8185,4.977e-05,0.028,13.4
8186,4.9772e-05,0.036,13.8
8187,4.9774e-05,0.028,13.8
8188,4.9776e-05,0.028,13.8
8189,4.9778e-05,0.028,14.2
8190,4.978e-05,0.028,14.2
8191,4.9782e-05,0.028,14.2
8192,4.9783999999999996e-05,0.028,14.2
8193,4.9786e-05,0.028,14.2
8194,4.9788e-05,0.028,14.2
8195,4.9789999999999996e-05,0.028,14.6
8196,4.9792e-05,0.028,14.6
8197,4.9794000000000005e-05,0.028,14.6
8198,4.9795999999999996e-05,0.028,14.6
8199,4.9798e-05,0.028,15.0
8200,4.9800000000000004e-05,0.028,14.6
8201,4.9801999999999995e-05,0.028,15.0
8202,4.9804e-05,0.028,15.0
8203,4.9806000000000004e-05,0.028,15.4
8204,4.9807999999999995e-05,0.028,15.0
8205,4.981e-05,0.028,15.4
8206,4.9812000000000004e-05,0.028,15.4
8207,4.9814e-05,0.028,15.4
8208,4.9816e-05,0.028,15.8
8209,4.9818e-05,0.028,15.8
8210,4.982e-05,0.028,15.8
8211,4.9822e-05,0.028,15.8
8212,4.9824e-05,0.028,15.8
8213,4.9826e-05,0.028,16.2
8214,4.9828e-05,0.028,16.2
8215,4.983e-05,0.028,16.2
8216,4.9832e-05,0.028,16.2
8217,4.9834e-05,0.028,16.6
8218,4.9836e-05,0.028,16.6
8219,4.9838e-05,0.028,16.6
8220,4.984e-05,0.028,16.6
8221,4.9842e-05,0.028,17.0
8222,4.9844e-05,0.028,17.0
8223,4.9846e-05,0.028,17.0
8224,4.9848e-05,0.028,17.0
8225,4.985e-05,0.028,17.8
8226,4.9851999999999996e-05,0.028,17.8
8227,4.9854e-05,0.028,17.8
8228,4.9856e-05,0.028,17.8
8229,4.9857999999999996e-05,0.028,18.2
8230,4.986e-05,0.028,18.2
8231,4.9862000000000005e-05,0.028,18.2
8232,4.9863999999999996e-05,0.028,18.2
8233,4.9866e-05,0.028,18.6
8234,4.9868000000000004e-05,0.028,18.6
8235,4.9869999999999995e-05,0.028,18.6
8236,4.9872e-05,0.028,18.6
8237,4.9874000000000004e-05,0.028,19.0
8238,4.9875999999999995e-05,0.028,19.0
8239,4.9878e-05,0.028,19.0
8240,4.9880000000000004e-05,0.028,19.0
8241,4.9882e-05,0.028,19.0
8242,4.9884e-05,0.028,19.4
8243,4.9886e-05,0.028,19.4
8244,4.9888e-05,0.028,19.4
8245,4.989e-05,0.028,19.8
8246,4.9892e-05,0.028,19.8
8247,4.9894e-05,0.028,19.8
8248,4.9896e-05,0.028,19.8
8249,4.9898e-05,0.028,19.8
8250,4.99e-05,0.028,20.2
8251,4.9902e-05,0.028,20.2
8252,4.9904e-05,0.028,20.2
8253,4.9906e-05,0.028,20.6
8254,4.9908e-05,0.028,20.6
8255,4.991e-05,0.028,20.6
8256,4.9912e-05,0.028,20.6
8257,4.9914e-05,0.028,20.6
8258,4.9916e-05,0.028,21.0
8259,4.9918e-05,0.028,21.0
8260,4.9919999999999996e-05,0.028,21.0
8261,4.9922e-05,0.028,21.0
8262,4.9924e-05,0.028,21.4
8263,4.9925999999999996e-05,0.028,21.4
8264,4.9928e-05,0.028,21.4
8265,4.9930000000000005e-05,0.028,21.4
8266,4.9931999999999996e-05,0.028,21.8
8267,4.9934e-05,0.028,21.8
8268,4.9936000000000004e-05,0.028,21.8
8269,4.9937999999999995e-05,0.028,21.8
8270,4.994e-05,0.028,21.8
8271,4.9942000000000004e-05,0.028,22.2
8272,4.9943999999999995e-05,0.028,22.2
8273,4.9946e-05,0.028,22.2
8274,4.9948000000000004e-05,0.028,22.2
8275,4.995e-05,0.028,22.6
8276,4.9952e-05,0.028,22.6
8277,4.9954e-05,0.028,22.6
8278,4.9956e-05,0.028,22.6
8279,4.9958e-05,0.028,22.6
8280,4.996e-05,0.028,22.6
8281,4.9962e-05,0.028,23.0
8282,4.9964e-05,0.028,23.0
8283,4.9966e-05,0.028,23.0
8284,4.9968e-05,0.028,23.0
8285,4.997e-05,0.028,23.8
8286,4.9972e-05,0.028,23.8
8287,4.9974e-05,0.028,23.8
8288,4.9976e-05,0.028,23.8
8289,4.9978e-05,0.028,23.8
8290,4.998e-05,0.028,23.8
8291,4.9982e-05,0.02,24.2
8292,4.9984e-05,0.02,24.2
8293,4.9986e-05,0.028,24.2
8294,4.9987999999999996e-05,0.028,24.2
8295,4.999e-05,0.02,24.2
8296,4.9992e-05,0.02,24.2
8297,4.9993999999999996e-05,0.028,24.6
8298,4.9996e-05,0.028,24.6
8299,4.9998000000000005e-05,0.028,24.6
8300,4.9999999999999996e-05,0.028,24.6
8301,5.0002e-05,0.028,24.6
8302,5.0004000000000004e-05,0.028,24.6
8303,5.0005999999999995e-05,0.028,25.0
8304,5.0008e-05,0.028,25.0
8305,5.0010000000000004e-05,0.02,25.0
8306,5.0011999999999995e-05,0.028,25.0
8307,5.0014e-05,0.02,25.0
8308,5.0016000000000004e-05,0.028,25.0
8309,5.0018e-05,0.028,25.0
8310,5.002e-05,0.028,25.0
8311,5.0022e-05,0.028,25.4
8312,5.0024e-05,0.028,25.4
8313,5.0026e-05,0.028,25.4
8314,5.0028e-05,0.028,25.4
8315,5.003e-05,0.02,25.4
8316,5.0032e-05,0.028,25.4
8317,5.0034e-05,0.02,25.8
8318,5.0036e-05,0.028,25.8
8319,5.0038e-05,0.02,25.8
8320,5.004e-05,0.028,25.8
8321,5.0042e-05,0.028,25.8
8322,5.0044e-05,0.028,25.8
8323,5.0046e-05,0.02,25.8
8324,5.0048e-05,0.028,25.8
8325,5.005e-05,0.028,25.8
8326,5.0052e-05,0.028,25.8
8327,5.0054e-05,0.028,25.8
8328,5.0055999999999996e-05,0.02,25.8
8329,5.0058e-05,0.028,26.2
8330,5.006e-05,0.028,26.2
8331,5.0061999999999996e-05,0.02,26.2
8332,5.0064e-05,0.028,26.2
8333,5.0066000000000005e-05,0.02,26.2
8334,5.0067999999999996e-05,0.028,26.2
8335,5.007e-05,0.02,26.2
8336,5.0072000000000004e-05,0.02,26.2
8337,5.0073999999999995e-05,0.028,26.2
8338,5.0076e-05,0.028,26.2
8339,5.0078000000000004e-05,0.02,26.2
8340,5.0079999999999995e-05,0.02,26.2
8341,5.0082e-05,0.02,26.2
8342,5.0084000000000004e-05,0.028,26.6
8343,5.0086e-05,0.02,26.2
8344,5.0088e-05,0.02,26.2
8345,5.009e-05,0.02,26.2
8346,5.0092e-05,0.028,26.6
8347,5.0094e-05,0.02,26.6
8348,5.0096e-05,0.028,26.6
8349,5.0098e-05,0.02,26.6
8350,5.01e-05,0.02,26.2
8351,5.0102e-05,0.02,26.6
8352,5.0104e-05,0.028,26.6
8353,5.0106e-05,0.02,26.6
8354,5.0108e-05,0.028,26.6
8355,5.011e-05,0.02,26.6
8356,5.0112e-05,0.02,26.2
8357,5.0114e-05,0.02,26.6
8358,5.0116e-05,0.028,26.6
8359,5.0118e-05,0.02,26.2
8360,5.012e-05,0.02,26.2
8361,5.0122e-05,0.028,26.6
8362,5.0123999999999996e-05,0.028,26.6
8363,5.0126e-05,0.02,26.6
8364,5.0128e-05,0.02,26.2
8365,5.0129999999999996e-05,0.02,26.6
8366,5.0132e-05,0.02,26.6
8367,5.0134e-05,0.02,26.6
8368,5.0135999999999996e-05,0.02,26.2
8369,5.0138e-05,0.028,26.2
8370,5.0140000000000004e-05,0.028,26.6
8371,5.0141999999999995e-05,0.02,26.2
8372,5.0144e-05,0.02,26.2
8373,5.0146000000000004e-05,0.02,26.2
8374,5.0147999999999995e-05,0.028,26.2
8375,5.015e-05,0.02,26.2
8376,5.0152000000000004e-05,0.02,26.2
8377,5.0154e-05,0.028,26.2
8378,5.0156e-05,0.02,26.2
8379,5.0158e-05,0.02,26.2
8380,5.016e-05,0.028,26.2
8381,5.0162e-05,0.02,26.2
8382,5.0164e-05,0.028,26.2
8383,5.0166e-05,0.02,26.2
8384,5.0168e-05,0.028,26.2
8385,5.017e-05,0.028,25.8
8386,5.0172e-05,0.028,25.8
8387,5.0174e-05,0.02,25.8
8388,5.0176e-05,0.02,25.8
8389,5.0178e-05,0.02,25.8
8390,5.018e-05,0.02,25.8
8391,5.0182e-05,0.02,25.8
8392,5.0184e-05,0.02,25.8
8393,5.0186e-05,0.02,25.8
8394,5.0188e-05,0.02,25.8
8395,5.019e-05,0.02,25.8
8396,5.0191999999999996e-05,0.02,25.4
8397,5.0194e-05,0.02,25.4
8398,5.0196e-05,0.02,25.4
8399,5.0197999999999996e-05,0.02,25.4
8400,5.02e-05,0.02,25.4
8401,5.0202e-05,0.02,25.4
8402,5.0203999999999996e-05,0.02,25.4
8403,5.0206e-05,0.02,25.4
8404,5.0208000000000004e-05,0.02,25.4
8405,5.0209999999999995e-05,0.02,25.4
8406,5.0212e-05,0.028,25.0
8407,5.0214000000000004e-05,0.02,25.0
8408,5.0215999999999995e-05,0.02,25.0
8409,5.0218e-05,0.02,25.0
8410,5.0220000000000004e-05,0.02,25.0
8411,5.0222e-05,0.02,25.0
8412,5.0224e-05,0.02,25.0
8413,5.0226e-05,0.02,24.6
8414,5.0228e-05,0.02,24.6
8415,5.023e-05,0.02,24.6
8416,5.0232e-05,0.02,24.6
8417,5.0234e-05,0.02,24.6
8418,5.0236e-05,0.02,24.6
8419,5.0238e-05,0.02,24.6
8420,5.024e-05,0.02,24.2
8421,5.0242e-05,0.02,24.2
8422,5.0244e-05,0.028,24.2
8423,5.0246e-05,0.02,24.2
8424,5.0248e-05,0.02,24.2
8425,5.025e-05,0.02,24.2
8426,5.0252e-05,0.02,23.8
8427,5.0254e-05,0.02,23.8
8428,5.0256e-05,0.02,23.8
8429,5.0258e-05,0.02,23.8
8430,5.0259999999999997e-05,0.028,23.8
8431,5.0262e-05,0.02,23.0
8432,5.0264e-05,0.02,23.0
8433,5.0265999999999996e-05,0.02,23.0
8434,5.0268e-05,0.02,23.0
8435,5.027e-05,0.02,23.0
8436,5.0271999999999996e-05,0.02,23.0
8437,5.0274e-05,0.02,23.0
8438,5.0276000000000004e-05,0.02,22.6
8439,5.0277999999999995e-05,0.02,22.6
8440,5.028e-05,0.02,22.6
8441,5.0282000000000004e-05,0.02,22.6
8442,5.0283999999999995e-05,0.02,22.6
8443,5.0286e-05,0.02,22.6
8444,5.0288000000000004e-05,0.02,22.2
8445,5.029e-05,0.02,22.2
8446,5.0292e-05,0.02,22.2
8447,5.0294e-05,0.02,22.2
8448,5.0296e-05,0.02,21.8
8449,5.0298e-05,0.02,21.8
8450,5.03e-05,0.02,21.8
8451,5.0302e-05,0.02,21.8
8452,5.0304e-05,0.02,21.4
8453,5.0306e-05,0.02,21.4
8454,5.0308e-05,0.028,21.4
8455,5.031e-05,0.02,21.4
8456,5.0312e-05,0.02,21.4
8457,5.0314e-05,0.02,21.4
8458,5.0316e-05,0.02,21.0
8459,5.0318e-05,0.02,21.0
8460,5.032e-05,0.02,21.0
8461,5.0322e-05,0.02,21.0
8462,5.0324e-05,0.02,21.0
8463,5.0326e-05,0.02,21.0
8464,5.0327999999999997e-05,0.02,20.6
8465,5.033e-05,0.02,20.6
8466,5.0332e-05,0.02,20.6
8467,5.0333999999999996e-05,0.02,20.6
8468,5.0336e-05,0.02,20.2
8469,5.0338e-05,0.02,20.2
8470,5.0339999999999996e-05,0.02,20.2
8471,5.0342e-05,0.02,20.2
8472,5.0344000000000005e-05,0.02,19.8
8473,5.0345999999999995e-05,0.02,19.8
8474,5.0348e-05,0.028,19.8
8475,5.0350000000000004e-05,0.02,19.8
8476,5.0351999999999995e-05,0.02,19.4
8477,5.0354e-05,0.02,19.8
8478,5.0356000000000004e-05,0.028,19.8
8479,5.0358e-05,0.02,19.4
8480,5.036e-05,0.02,19.4
8481,5.0362e-05,0.02,19.4
8482,5.0364e-05,0.028,19.4
8483,5.0366e-05,0.02,19.4
8484,5.0368e-05,0.02,19.0
8485,5.037e-05,0.02,19.0
8486,5.0372e-05,0.02,19.0
8487,5.0374e-05,0.02,19.0
8488,5.0376e-05,0.02,18.6
8489,5.0378e-05,0.02,18.6
8490,5.038e-05,0.02,18.6
8491,5.0382e-05,0.02,18.6
8492,5.0384e-05,0.02,18.2
8493,5.0386e-05,0.02,18.6
8494,5.0388e-05,0.02,18.2
8495,5.039e-05,0.02,18.2
8496,5.0392e-05,0.02,18.2
8497,5.0394e-05,0.02,18.2
8498,5.0395999999999997e-05,0.02,18.2
8499,5.0398e-05,0.02,18.2
8500,5.04e-05,0.02,17.8
8501,5.0401999999999996e-05,0.02,17.8
8502,5.0404e-05,0.02,17.8
8503,5.0406e-05,0.02,17.8
8504,5.0407999999999996e-05,0.02,17.0
8505,5.041e-05,0.02,17.0
8506,5.0412000000000005e-05,0.02,17.0
8507,5.0413999999999995e-05,0.02,17.0
8508,5.0416e-05,0.02,16.6
8509,5.0418000000000004e-05,0.02,17.0
8510,5.0419999999999995e-05,0.02,16.6
8511,5.0422e-05,0.02,16.6
8512,5.0424000000000004e-05,0.02,16.6
8513,5.0426e-05,0.02,16.6
8514,5.0428e-05,0.02,16.6
8515,5.043e-05,0.02,16.2
8516,5.0432e-05,0.02,16.2
8517,5.0434e-05,0.02,16.2
8518,5.0436e-05,0.02,16.2
8519,5.0438e-05,0.02,16.2
8520,5.044e-05,0.02,15.8
8521,5.0442e-05,0.02,15.8
8522,5.0444e-05,0.028,15.8
8523,5.0446e-05,0.02,15.8
8524,5.0448e-05,0.02,15.8
8525,5.045e-05,0.02,15.8
8526,5.0452e-05,0.02,15.4
8527,5.0454e-05,0.02,15.4
8528,5.0456e-05,0.02,15.4
8529,5.0458e-05,0.02,15.4
8530,5.046e-05,0.02,15.4
8531,5.0462e-05,0.02,15.4
8532,5.0463999999999997e-05,0.02,15.0
8533,5.0466e-05,0.02,15.0
8534,5.0468e-05,0.02,15.0
8535,5.0469999999999996e-05,0.02,15.0
8536,5.0472e-05,0.02,14.6
8537,5.0474e-05,0.02,15.0
8538,5.0475999999999996e-05,0.028,15.0
8539,5.0478e-05,0.02,15.0
8540,5.0480000000000005e-05,0.02,14.6
8541,5.0481999999999995e-05,0.02,14.6
8542,5.0484e-05,0.02,14.6
8543,5.0486000000000004e-05,0.02,14.6
8544,5.0487999999999995e-05,0.028,14.2
8545,5.049e-05,0.02,14.2
8546,5.0492000000000004e-05,0.028,14.2
8547,5.0494e-05,0.02,14.2
8548,5.0496e-05,0.02,14.2
8549,5.0498e-05,0.02,14.2
8550,5.05e-05,0.02,14.2
8551,5.0502e-05,0.02,14.2
8552,5.0504e-05,0.02,13.8
8553,5.0506e-05,0.02,13.8
8554,5.0508e-05,0.028,13.8
8555,5.051e-05,0.02,13.8
8556,5.0512e-05,0.02,13.8
8557,5.0514e-05,0.02,13.8
8558,5.0516e-05,0.02,13.8
8559,5.0518e-05,0.02,13.8
8560,5.052e-05,0.02,13.4
8561,5.0522e-05,0.02,13.4
8562,5.0524e-05,0.02,13.4
8563,5.0526e-05,0.02,13.4
8564,5.0528e-05,0.02,13.4
8565,5.053e-05,0.02,13.4
8566,5.0532e-05,0.02,13.4
8567,5.0534e-05,0.02,13.4
8568,5.0536e-05,0.02,13.0
8569,5.0537999999999996e-05,0.02,13.0
8570,5.054e-05,0.02,13.0
8571,5.0542e-05,0.02,13.0
8572,5.0543999999999996e-05,0.02,13.0
8573,5.0546e-05,0.02,13.0
8574,5.0548000000000005e-05,0.02,13.0
8575,5.0549999999999995e-05,0.02,13.0
8576,5.0552e-05,0.02,12.6
8577,5.0554000000000004e-05,0.02,13.0
8578,5.0555999999999995e-05,0.02,13.0
8579,5.0558e-05,0.02,13.0
8580,5.0560000000000004e-05,0.02,12.6
8581,5.0562e-05,0.02,12.6
8582,5.0564e-05,0.02,13.0
8583,5.0566000000000003e-05,0.02,12.6
8584,5.0568e-05,0.02,12.6
8585,5.057e-05,0.02,12.6
8586,5.0572e-05,0.02,12.6
8587,5.0574e-05,0.02,12.6
8588,5.0576e-05,0.02,12.2
8589,5.0578e-05,0.02,12.6
8590,5.058e-05,0.02,12.6
8591,5.0582e-05,0.02,12.6
8592,5.0584e-05,0.02,12.2
8593,5.0586e-05,0.02,12.2
8594,5.0588e-05,0.02,12.6
8595,5.059e-05,0.02,12.2
8596,5.0592e-05,0.02,12.2
8597,5.0594e-05,0.02,12.2
8598,5.0596e-05,0.02,12.2
8599,5.0598e-05,0.02,12.2
8600,5.06e-05,0.02,12.2
8601,5.0602e-05,0.02,12.2
8602,5.0604e-05,0.02,12.2
8603,5.0605999999999996e-05,0.02,12.2
8604,5.0608e-05,0.02,11.8
8605,5.061e-05,0.02,12.2
8606,5.0611999999999996e-05,0.02,12.2
8607,5.0614e-05,0.02,12.2
8608,5.0616000000000005e-05,0.02,11.8
8609,5.0617999999999995e-05,0.02,12.2
8610,5.062e-05,0.02,12.2
8611,5.0622000000000004e-05,0.02,11.8
8612,5.0623999999999995e-05,0.02,11.8
8613,5.0626e-05,0.02,11.8
8614,5.0628000000000004e-05,0.02,12.2
8615,5.063e-05,0.02,11.8
8616,5.0632e-05,0.02,11.8
8617,5.0634000000000003e-05,0.02,11.8
8618,5.0636e-05,0.02,11.8
8619,5.0638e-05,0.02,11.8
8620,5.064e-05,0.02,11.8
8621,5.0642e-05,0.02,11.8
8622,5.0644e-05,0.02,11.8
8623,5.0646e-05,0.02,11.8
8624,5.0648e-05,0.02,11.8
8625,5.065e-05,0.02,11.8
8626,5.0652e-05,0.02,11.8
8627,5.0654e-05,0.02,11.8
8628,5.0656e-05,0.02,11.8
8629,5.0658e-05,0.02,11.8
8630,5.066e-05,0.02,11.8
8631,5.0662e-05,0.02,11.8
8632,5.0664e-05,0.02,11.8
8633,5.0666e-05,0.02,11.8
8634,5.0668e-05,0.02,11.8
8635,5.067e-05,0.02,11.8
8636,5.0672e-05,0.02,11.8
8637,5.0673999999999996e-05,0.02,11.8
8638,5.0676e-05,0.02,11.8
8639,5.0678e-05,0.02,11.8
8640,5.0679999999999996e-05,0.02,11.8
8641,5.0682e-05,0.02,11.8
8642,5.0684000000000005e-05,0.02,11.8
8643,5.0685999999999995e-05,0.02,11.8
8644,5.0688e-05,0.02,11.8
8645,5.0690000000000004e-05,0.02,11.8
8646,5.0691999999999995e-05,0.02,11.8
8647,5.0694e-05,0.02,11.8
8648,5.0696000000000004e-05,0.02,11.8
8649,5.0697999999999995e-05,0.028,11.8
8650,5.07e-05,0.028,11.8
8651,5.0702000000000003e-05,0.02,11.8
8652,5.0704e-05,0.02,11.8
8653,5.0706e-05,0.02,11.8
8654,5.0708e-05,0.02,11.8
8655,5.071e-05,0.02,11.8
8656,5.0712e-05,0.02,11.8
8657,5.0714e-05,0.02,11.8
8658,5.0716e-05,0.02,12.2
8659,5.0718e-05,0.02,11.8
8660,5.072e-05,0.02,11.8
8661,5.0722e-05,0.02,11.8
8662,5.0724e-05,0.02,12.2
8663,5.0726e-05,0.02,12.2
8664,5.0728e-05,0.02,11.8
8665,5.073e-05,0.02,11.8
8666,5.0732e-05,0.02,12.2
8667,5.0734e-05,0.02,12.2
8668,5.0736e-05,0.02,11.8
8669,5.0738e-05,0.02,12.2
8670,5.074e-05,0.02,12.2
8671,5.0741999999999996e-05,0.02,12.2
8672,5.0744e-05,0.02,12.2
8673,5.0746e-05,0.02,12.2
8674,5.0747999999999996e-05,0.02,12.2
8675,5.075e-05,0.02,12.6
8676,5.0752000000000005e-05,0.02,12.2
8677,5.0753999999999996e-05,0.02,12.2
8678,5.0756e-05,0.02,12.6
8679,5.0758000000000004e-05,0.02,12.2
8680,5.0759999999999995e-05,0.02,12.2
8681,5.0762e-05,0.02,12.6
8682,5.0764000000000004e-05,0.02,12.6
8683,5.0765999999999995e-05,0.02,12.6
8684,5.0768e-05,0.02,12.6
8685,5.0770000000000003e-05,0.02,12.6
8686,5.0772e-05,0.02,12.6
8687,5.0774e-05,0.02,12.6
8688,5.0776e-05,0.02,12.6
8689,5.0778e-05,0.02,12.6
8690,5.078e-05,0.02,12.6
8691,5.0782e-05,0.02,13.0
8692,5.0784e-05,0.02,12.6
8693,5.0786e-05,0.02,12.6
8694,5.0788e-05,0.028,13.0
8695,5.079e-05,0.02,13.0
8696,5.0792e-05,0.02,13.0
8697,5.0794e-05,0.02,13.0
8698,5.0796e-05,0.02,13.0
8699,5.0798e-05,0.02,13.0
8700,5.08e-05,0.02,13.0
8701,5.0802e-05,0.02,13.0
8702,5.0804e-05,0.02,13.4
8703,5.0806e-05,0.02,13.0
8704,5.0808e-05,0.02,13.0
8705,5.0809999999999996e-05,0.02,13.4
8706,5.0812e-05,0.02,13.4
8707,5.0814e-05,0.02,13.4
8708,5.0815999999999996e-05,0.02,13.4
8709,5.0818e-05,0.02,13.4
8710,5.0820000000000005e-05,0.02,13.4
8711,5.0821999999999996e-05,0.02,13.4
8712,5.0824e-05,0.02,13.4
8713,5.0826000000000004e-05,0.02,13.8
8714,5.0827999999999995e-05,0.02,13.8
8715,5.083e-05,0.02,13.8
8716,5.0832000000000004e-05,0.02,13.8
8717,5.0833999999999995e-05,0.02,13.8
8718,5.0836e-05,0.02,13.8
8719,5.0838000000000004e-05,0.02,13.8
8720,5.084e-05,0.02,13.8
8721,5.0842e-05,0.02,13.8
8722,5.0844e-05,0.02,14.2
8723,5.0846e-05,0.02,14.2
8724,5.0848e-05,0.02,14.2
8725,5.085e-05,0.02,14.2
8726,5.0852e-05,0.02,14.2
8727,5.0854e-05,0.02,14.2
8728,5.0856e-05,0.02,14.2
8729,5.0858e-05,0.02,14.6
8730,5.086e-05,0.02,14.6
8731,5.0862e-05,0.02,14.6
8732,5.0864e-05,0.02,14.6
8733,5.0866e-05,0.02,14.6
8734,5.0868e-05,0.02,15.0
8735,5.087e-05,0.02,15.0
8736,5.0872e-05,0.02,15.0
8737,5.0874e-05,0.02,15.0
8738,5.0876e-05,0.02,15.0
8739,5.0877999999999996e-05,0.02,15.0
8740,5.088e-05,0.02,15.0
8741,5.0882e-05,0.02,15.4
8742,5.0883999999999996e-05,0.02,15.4
8743,5.0886e-05,0.02,15.4
8744,5.0888000000000005e-05,0.02,15.4
8745,5.0889999999999996e-05,0.02,15.4
8746,5.0892e-05,0.02,15.4
8747,5.0894000000000004e-05,0.02,15.4
8748,5.0895999999999995e-05,0.02,15.4
8749,5.0898e-05,0.02,15.8
8750,5.0900000000000004e-05,0.02,15.8
8751,5.0901999999999995e-05,0.02,15.8
8752,5.0904e-05,0.02,15.8
8753,5.0906000000000004e-05,0.02,15.8
8754,5.0908e-05,0.02,15.8
8755,5.091e-05,0.02,16.2
8756,5.0912e-05,0.02,15.8
8757,5.0914e-05,0.02,16.2
8758,5.0916e-05,0.02,16.2
8759,5.0918e-05,0.02,16.2
8760,5.092e-05,0.02,16.2
8761,5.0922e-05,0.02,16.2
8762,5.0924e-05,0.02,16.6
8763,5.0926e-05,0.02,16.6
8764,5.0928e-05,0.02,16.6
8765,5.093e-05,0.02,16.6
8766,5.0932e-05,0.02,16.6
8767,5.0934e-05,0.02,16.6
8768,5.0936e-05,0.02,16.6
8769,5.0938e-05,0.02,17.0
8770,5.094e-05,0.02,17.0
8771,5.0942e-05,0.02,17.0
8772,5.0944e-05,0.02,17.0
8773,5.0945999999999996e-05,0.02,17.0
8774,5.0948e-05,0.02,17.8
8775,5.095e-05,0.02,17.8
8776,5.0951999999999996e-05,0.02,17.8
8777,5.0954e-05,0.02,17.8
8778,5.0956000000000005e-05,0.02,17.8
8779,5.0957999999999996e-05,0.02,17.8
8780,5.096e-05,0.02,17.8
8781,5.0962000000000004e-05,0.02,18.2
8782,5.0963999999999995e-05,0.02,18.2
8783,5.0966e-05,0.02,18.2
8784,5.0968000000000004e-05,0.02,18.2
8785,5.0969999999999995e-05,0.02,18.2
8786,5.0972e-05,0.02,18.6
8787,5.0974000000000004e-05,0.02,18.6
8788,5.0976e-05,0.02,18.6
8789,5.0978e-05,0.02,18.6
8790,5.098e-05,0.02,18.6
8791,5.0982e-05,0.02,18.6
8792,5.0984e-05,0.02,19.0
8793,5.0986e-05,0.02,19.0
8794,5.0988e-05,0.02,19.0
8795,5.099e-05,0.02,19.0
8796,5.0992e-05,0.02,19.0
8797,5.0994e-05,0.02,19.0
8798,5.0996e-05,0.02,19.0
8799,5.0998e-05,0.02,19.4
8800,5.1e-05,0.02,19.4
8801,5.1002e-05,0.02,19.4
8802,5.1004e-05,0.02,19.4
8803,5.1006e-05,0.02,19.4
8804,5.1008e-05,0.02,19.4
8805,5.101e-05,0.012,19.8
8806,5.1012e-05,0.02,19.8
8807,5.1013999999999996e-05,0.02,19.8
8808,5.1016e-05,0.02,19.8
8809,5.1018e-05,0.02,19.8
8810,5.1019999999999996e-05,0.02,20.2
8811,5.1022e-05,0.02,20.2
8812,5.1024000000000005e-05,0.02,19.8
8813,5.1025999999999996e-05,0.02,20.2
8814,5.1028e-05,0.02,20.2
8815,5.1030000000000004e-05,0.012,20.2
8816,5.1031999999999995e-05,0.02,20.2
8817,5.1034e-05,0.02,20.2
8818,5.1036000000000004e-05,0.02,20.6
8819,5.1037999999999995e-05,0.02,20.6
8820,5.104e-05,0.02,20.6
8821,5.1042000000000004e-05,0.02,20.6
8822,5.1044e-05,0.02,20.6
8823,5.1046e-05,0.02,20.6
8824,5.1048e-05,0.02,20.6
8825,5.105e-05,0.02,20.6
8826,5.1052e-05,0.02,21.0
8827,5.1054e-05,0.012,21.0
8828,5.1056e-05,0.012,21.0
8829,5.1058e-05,0.02,21.0
8830,5.106e-05,0.02,21.0
8831,5.1062e-05,0.012,21.0
8832,5.1064e-05,0.02,21.0
8833,5.1066e-05,0.02,21.4
8834,5.1068e-05,0.02,21.4
8835,5.107e-05,0.02,21.4
8836,5.1072e-05,0.02,21.4
8837,5.1074e-05,0.02,21.4
8838,5.1076e-05,0.02,21.4
8839,5.1078e-05,0.02,21.4
8840,5.108e-05,0.02,21.8
8841,5.1081999999999996e-05,0.02,21.8
8842,5.1084e-05,0.02,21.8
8843,5.1086e-05,0.012,21.8
8844,5.1087999999999996e-05,0.02,21.8
8845,5.109e-05,0.012,21.8
8846,5.1092000000000005e-05,0.02,21.8
8847,5.1093999999999996e-05,0.02,21.8
8848,5.1096e-05,0.02,21.8
8849,5.1098000000000004e-05,0.012,22.2
8850,5.1099999999999995e-05,0.02,22.2
8851,5.1102e-05,0.012,22.2
8852,5.1104000000000004e-05,0.012,22.2
8853,5.1105999999999995e-05,0.02,22.2
8854,5.1108e-05,0.02,22.2
8855,5.1110000000000004e-05,0.012,22.2
8856,5.1112e-05,0.012,22.2
8857,5.1114e-05,0.02,22.2
8858,5.1116e-05,0.02,22.6
8859,5.1118e-05,0.012,22.6
8860,5.112e-05,0.02,22.6
8861,5.1122e-05,0.012,22.6
8862,5.1124e-05,0.02,22.6
8863,5.1126e-05,0.02,22.6
8864,5.1128e-05,0.02,22.6
8865,5.113e-05,0.012,22.6
8866,5.1132e-05,0.02,22.6
8867,5.1134e-05,0.012,23.0
8868,5.1136e-05,0.02,22.6
8869,5.1138e-05,0.02,23.0
8870,5.114e-05,0.02,22.6
8871,5.1142e-05,0.012,22.6
8872,5.1144e-05,0.02,23.0
8873,5.1146e-05,0.02,23.0
8874,5.1148e-05,0.02,23.0
8875,5.1149999999999996e-05,0.012,23.0
8876,5.1152e-05,0.012,23.0
8877,5.1154e-05,0.02,23.0
8878,5.1155999999999996e-05,0.02,23.0
8879,5.1158e-05,0.02,23.0
8880,5.1160000000000005e-05,0.012,23.0
8881,5.1161999999999996e-05,0.02,23.0
8882,5.1164e-05,0.02,23.0
8883,5.1166000000000004e-05,0.012,23.8
8884,5.1167999999999995e-05,0.012,23.0
8885,5.117e-05,0.012,23.0
8886,5.1172000000000004e-05,0.02,23.8
8887,5.1173999999999995e-05,0.02,23.8
8888,5.1176e-05,0.012,23.0
8889,5.1178000000000004e-05,0.012,23.8
8890,5.118e-05,0.012,23.8
8891,5.1182e-05,0.012,23.8
8892,5.1184e-05,0.012,23.0
8893,5.1186e-05,0.012,23.8
8894,5.1188e-05,0.02,23.8
8895,5.119e-05,0.012,23.8
8896,5.1192e-05,0.012,23.8
8897,5.1194e-05,0.012,23.8
8898,5.1196e-05,0.02,23.8
8899,5.1198e-05,0.012,23.8
8900,5.12e-05,0.012,23.8
8901,5.1202e-05,0.02,23.8
8902,5.1204e-05,0.02,23.8
8903,5.1206e-05,0.012,23.8
8904,5.1208e-05,0.012,23.8
8905,5.121e-05,0.012,23.8
8906,5.1212e-05,0.02,23.8
8907,5.1214e-05,0.012,23.8
8908,5.1216e-05,0.012,23.8
8909,5.1217999999999996e-05,0.012,23.8
8910,5.122e-05,0.02,23.8
8911,5.1222e-05,0.012,23.8
8912,5.1223999999999996e-05,0.012,23.8
8913,5.1226e-05,0.012,23.8
8914,5.1228000000000005e-05,0.02,23.8
8915,5.1229999999999996e-05,0.012,23.8
8916,5.1232e-05,0.02,23.8
8917,5.1234000000000004e-05,0.012,23.8
8918,5.1235999999999995e-05,0.012,23.8
8919,5.1238e-05,0.012,23.8
8920,5.1240000000000004e-05,0.012,23.8
8921,5.1241999999999995e-05,0.012,23.8
8922,5.1244e-05,0.02,23.8
8923,5.1246000000000004e-05,0.012,23.8
8924,5.1248e-05,0.012,23.8
8925,5.125e-05,0.012,23.8
8926,5.1252e-05,0.02,23.8
8927,5.1254e-05,0.012,23.8
8928,5.1256e-05,0.02,23.0
8929,5.1258e-05,0.012,23.0
8930,5.126e-05,0.012,23.8
8931,5.1262e-05,0.012,23.0
8932,5.1264e-05,0.012,23.0
8933,5.1266e-05,0.012,23.0
8934,5.1268e-05,0.012,23.0
8935,5.127e-05,0.012,23.0
8936,5.1272e-05,0.012,23.0
8937,5.1274e-05,0.012,23.0
8938,5.1276e-05,0.012,23.0
8939,5.1278e-05,0.012,23.0
8940,5.128e-05,0.012,23.0
8941,5.1282e-05,0.012,23.0
8942,5.1284e-05,0.012,23.0
8943,5.1285999999999997e-05,0.012,23.0
8944,5.1288e-05,0.012,23.0
8945,5.129e-05,0.012,23.0
8946,5.1291999999999996e-05,0.02,23.0
8947,5.1294e-05,0.012,23.0
8948,5.1296000000000005e-05,0.012,22.6
8949,5.1297999999999996e-05,0.012,23.0
8950,5.13e-05,0.012,23.0
8951,5.1302000000000004e-05,0.012,22.6
8952,5.1303999999999995e-05,0.012,22.6
8953,5.1306e-05,0.012,22.6
8954,5.1308000000000004e-05,0.012,22.6
8955,5.1309999999999995e-05,0.012,22.6
8956,5.1312e-05,0.012,22.6
8957,5.1314000000000004e-05,0.012,22.6
8958,5.1316e-05,0.02,22.6
8959,5.1318e-05,0.012,22.6
8960,5.132e-05,0.012,22.6
8961,5.1322e-05,0.012,22.2
8962,5.1324e-05,0.012,22.6
8963,5.1326e-05,0.012,22.6
8964,5.1328e-05,0.012,22.2
8965,5.133e-05,0.012,22.2
8966,5.1332e-05,0.02,22.2
8967,5.1334e-05,0.012,22.2
8968,5.1336e-05,0.012,22.2
8969,5.1338e-05,0.012,22.2
8970,5.134e-05,0.012,22.2
8971,5.1342e-05,0.012,22.2
8972,5.1344e-05,0.012,21.8
8973,5.1346e-05,0.012,22.2
8974,5.1348e-05,0.02,21.8
8975,5.135e-05,0.012,21.8
8976,5.1352e-05,0.012,21.8
8977,5.1353999999999997e-05,0.012,21.8
8978,5.1356e-05,0.012,21.8
8979,5.1358e-05,0.012,21.8
8980,5.1359999999999996e-05,0.012,21.4
8981,5.1362e-05,0.012,21.8
8982,5.1364e-05,0.02,21.8
8983,5.1365999999999996e-05,0.012,21.4
8984,5.1368e-05,0.012,21.4
8985,5.1370000000000005e-05,0.02,21.4
8986,5.1371999999999995e-05,0.02,21.4
8987,5.1374e-05,0.012,21.4
8988,5.1376000000000004e-05,0.012,21.4
8989,5.1377999999999995e-05,0.012,21.4
8990,5.138e-05,0.02,21.4
8991,5.1382000000000004e-05,0.012,21.0
8992,5.1384e-05,0.012,21.0
8993,5.1386e-05,0.012,21.0
8994,5.1388e-05,0.02,21.0
8995,5.139e-05,0.012,21.0
8996,5.1392e-05,0.012,21.0
8997,5.1394e-05,0.012,21.0
8998,5.1396e-05,0.012,21.0
8999,5.1398e-05,0.012,20.6
9000,5.14e-05,0.012,20.6
9001,5.1402e-05,0.012,20.6
9002,5.1404e-05,0.02,20.6
9003,5.1406e-05,0.012,20.6
9004,5.1408e-05,0.012,20.6
9005,5.141e-05,0.012,20.6
9006,5.1412e-05,0.012,20.6
9007,5.1414e-05,0.012,20.6
9008,5.1416e-05,0.012,20.2
9009,5.1418e-05,0.012,20.2
9010,5.142e-05,0.012,20.2
9011,5.1421999999999997e-05,0.012,20.2
9012,5.1424e-05,0.012,20.2
9013,5.1426e-05,0.012,20.2
9014,5.1427999999999996e-05,0.012,20.2
9015,5.143e-05,0.012,19.8
9016,5.1432e-05,0.012,19.8
9017,5.1433999999999996e-05,0.012,19.8
9018,5.1436e-05,0.012,19.8
9019,5.1438000000000005e-05,0.012,19.8
9020,5.1439999999999995e-05,0.012,19.8
9021,5.1442e-05,0.012,19.4
9022,5.1444000000000004e-05,0.02,19.4
9023,5.1445999999999995e-05,0.012,19.4
9024,5.1448e-05,0.012,19.4
9025,5.1450000000000004e-05,0.012,19.4
9026,5.1452e-05,0.012,19.4
9027,5.1454e-05,0.012,19.4
9028,5.1456e-05,0.012,19.4
9029,5.1458e-05,0.012,19.4
9030,5.146e-05,0.012,19.4
9031,5.1462e-05,0.012,19.0
9032,5.1464e-05,0.012,19.0
9033,5.1466e-05,0.012,19.0
9034,5.1468e-05,0.02,19.0
9035,5.147e-05,0.012,19.0
9036,5.1472e-05,0.012,18.6
9037,5.1474e-05,0.012,18.6
9038,5.1476e-05,0.02,18.6
9039,5.1478e-05,0.012,19.0
9040,5.148e-05,0.012,18.6
9041,5.1482e-05,0.012,18.6
9042,5.1484e-05,0.012,18.6
9043,5.1486e-05,0.012,18.6
9044,5.1488e-05,0.012,18.2
9045,5.1489999999999997e-05,0.012,18.2
9046,5.1492e-05,0.02,18.2
9047,5.1494e-05,0.012,18.2
9048,5.1495999999999996e-05,0.012,18.2
9049,5.1498e-05,0.012,18.2
9050,5.15e-05,0.012,18.2
9051,5.1501999999999996e-05,0.012,18.2
9052,5.1504e-05,0.012,17.8
9053,5.1506000000000005e-05,0.012,17.8
9054,5.1507999999999995e-05,0.012,17.8
9055,5.151e-05,0.012,17.8
9056,5.1512000000000004e-05,0.012,17.8
9057,5.1513999999999995e-05,0.012,17.8
9058,5.1516e-05,0.012,17.8
9059,5.1518000000000004e-05,0.012,17.8
9060,5.152e-05,0.012,17.0
9061,5.1522e-05,0.012,17.0
9062,5.1524000000000003e-05,0.012,17.0
9063,5.1526e-05,0.012,17.0
9064,5.1528e-05,0.012,17.0
9065,5.153e-05,0.012,17.0
9066,5.1532e-05,0.02,17.0
9067,5.1534e-05,0.012,17.0
9068,5.1536e-05,0.012,16.6
9069,5.1538e-05,0.012,16.6
9070,5.154e-05,0.012,16.6
9071,5.1542e-05,0.012,16.6
9072,5.1544e-05,0.012,16.6
9073,5.1546e-05,0.012,16.6
9074,5.1548e-05,0.012,16.6
9075,5.155e-05,0.012,16.6
9076,5.1552e-05,0.012,16.2
9077,5.1554e-05,0.012,16.2
9078,5.1556e-05,0.02,16.2
9079,5.1558e-05,0.012,16.2
9080,5.156e-05,0.012,16.2
9081,5.1562e-05,0.012,16.2
9082,5.1563999999999996e-05,0.012,16.2
9083,5.1566e-05,0.012,16.2
9084,5.1568e-05,0.012,15.8
9085,5.1569999999999996e-05,0.012,16.2
9086,5.1572e-05,0.02,15.8
9087,5.1574000000000005e-05,0.012,15.8
9088,5.1575999999999995e-05,0.012,15.8
9089,5.1578e-05,0.012,15.8
9090,5.1580000000000004e-05,0.012,15.8
9091,5.1581999999999995e-05,0.012,15.8
9092,5.1584e-05,0.02,15.4
9093,5.1586000000000004e-05,0.012,15.8
9094,5.1588e-05,0.012,15.8
9095,5.159e-05,0.012,15.4
9096,5.1592000000000003e-05,0.012,15.4
9097,5.1594e-05,0.012,15.4
9098,5.1596e-05,0.012,15.4
9099,5.1598e-05,0.012,15.4
9100,5.16e-05,0.012,15.4
9101,5.1602e-05,0.012,15.4
9102,5.1604e-05,0.02,15.4
9103,5.1606e-05,0.012,15.4
9104,5.1608e-05,0.012,15.0
9105,5.161e-05,0.012,15.0
9106,5.1612e-05,0.012,15.0
9107,5.1614e-05,0.012,15.0
9108,5.1616e-05,0.012,15.0
9109,5.1618e-05,0.012,15.0
9110,5.162e-05,0.02,15.0
9111,5.1622e-05,0.012,15.0
9112,5.1624e-05,0.012,15.0
9113,5.1626e-05,0.012,15.0
9114,5.1628e-05,0.02,15.0
9115,5.163e-05,0.012,14.6
9116,5.1631999999999996e-05,0.012,14.6
9117,5.1634e-05,0.012,15.0
9118,5.1636e-05,0.012,14.6
9119,5.1637999999999996e-05,0.012,14.6
9120,5.164e-05,0.012,14.6
9121,5.1642000000000005e-05,0.012,14.6
9122,5.1643999999999995e-05,0.02,14.6
9123,5.1646e-05,0.012,14.6
9124,5.1648000000000004e-05,0.012,14.6
9125,5.1649999999999995e-05,0.012,14.6
9126,5.1652e-05,0.02,14.6
9127,5.1654000000000004e-05,0.012,14.6
9128,5.1656e-05,0.012,14.2
9129,5.1658e-05,0.012,14.2
9130,5.1660000000000003e-05,0.012,14.2
9131,5.1662e-05,0.012,14.2
9132,5.1664e-05,0.012,14.2
9133,5.1666e-05,0.012,14.2
9134,5.1668e-05,0.012,14.2
9135,5.167e-05,0.012,14.2
9136,5.1672e-05,0.012,14.2
9137,5.1674e-05,0.012,14.2
9138,5.1676e-05,0.012,14.2
9139,5.1678e-05,0.012,14.2
9140,5.168e-05,0.012,13.8
9141,5.1682e-05,0.012,14.2
9142,5.1684e-05,0.012,14.2
9143,5.1686e-05,0.012,14.2
9144,5.1688e-05,0.012,13.8
9145,5.169e-05,0.012,13.8
9146,5.1692e-05,0.012,14.2
9147,5.1694e-05,0.012,13.8
9148,5.1696e-05,0.012,13.8
9149,5.1698e-05,0.012,13.8
9150,5.1699999999999996e-05,0.012,13.8
9151,5.1702e-05,0.012,13.8
9152,5.1704e-05,0.012,13.8
9153,5.1705999999999996e-05,0.012,13.8
9154,5.1708e-05,0.012,13.8
9155,5.1710000000000005e-05,0.012,13.8
9156,5.1711999999999995e-05,0.012,13.8
9157,5.1714e-05,0.012,13.8
9158,5.1716000000000004e-05,0.012,13.8
9159,5.1717999999999995e-05,0.012,13.8
9160,5.172e-05,0.012,13.8
9161,5.1722000000000004e-05,0.012,13.8
9162,5.1724e-05,0.02,13.8
9163,5.1726e-05,0.012,13.8
9164,5.1728000000000003e-05,0.012,13.8
9165,5.173e-05,0.012,13.8
9166,5.1732e-05,0.02,13.8
9167,5.1734e-05,0.012,13.8
9168,5.1736e-05,0.012,13.4
9169,5.1738e-05,0.012,13.8
9170,5.174e-05,0.012,13.8
9171,5.1742e-05,0.012,13.8
9172,5.1744e-05,0.012,13.4
9173,5.1746e-05,0.012,13.8
9174,5.1748e-05,0.02,13.8
9175,5.175e-05,0.012,13.4
9176,5.1752e-05,0.012,13.4
9177,5.1754e-05,0.02,13.8
9178,5.1756e-05,0.012,13.4
9179,5.1758e-05,0.012,13.8
9180,5.176e-05,0.012,13.4
9181,5.1762e-05,0.012,13.4
9182,5.1764e-05,0.012,13.4
9183,5.1766e-05,0.012,13.4
9184,5.1767999999999996e-05,0.012,13.4
9185,5.177e-05,0.012,13.8
9186,5.1772e-05,0.02,13.8
9187,5.1773999999999996e-05,0.012,13.8
9188,5.1776e-05,0.012,13.4
9189,5.1778000000000005e-05,0.012,13.8
9190,5.1779999999999996e-05,0.012,13.4
9191,5.1782e-05,0.012,13.4
9192,5.1784000000000004e-05,0.012,13.4
9193,5.1785999999999995e-05,0.012,13.4
9194,5.1788e-05,0.012,13.8
9195,5.1790000000000004e-05,0.012,13.8
9196,5.1792e-05,0.012,13.4
9197,5.1794e-05,0.012,13.8
9198,5.1796000000000003e-05,0.012,13.4
9199,5.1798e-05,0.012,13.8
9200,5.18e-05,0.012,13.4
9201,5.1802e-05,0.012,13.8
9202,5.1804e-05,0.012,13.8
9203,5.1806e-05,0.012,13.8
9204,5.1808e-05,0.012,13.4
9205,5.181e-05,0.012,13.8
9206,5.1812e-05,0.012,13.8
9207,5.1814e-05,0.012,13.8
9208,5.1816e-05,0.012,13.4
9209,5.1818e-05,0.012,13.8
9210,5.182e-05,0.012,13.8
9211,5.1822e-05,0.012,13.8
9212,5.1824e-05,0.012,13.4
9213,5.1826e-05,0.012,13.8
9214,5.1828e-05,0.012,13.8
9215,5.183e-05,0.012,13.8
9216,5.1832e-05,0.012,13.8
9217,5.1834e-05,0.012,13.8
9218,5.1835999999999996e-05,0.012,13.8
9219,5.1838e-05,0.012,13.8
9220,5.184e-05,0.012,13.8
9221,5.1841999999999996e-05,0.012,13.8
9222,5.1844e-05,0.012,13.8
9223,5.1846000000000005e-05,0.012,13.8
9224,5.1847999999999996e-05,0.012,13.8
9225,5.185e-05,0.012,13.8
9226,5.1852000000000004e-05,0.012,13.8
9227,5.1853999999999995e-05,0.012,13.8
9228,5.1856e-05,0.012,13.8
9229,5.1858000000000004e-05,0.012,14.2
9230,5.186e-05,0.012,14.2
9231,5.1862e-05,0.012,13.8
9232,5.1864000000000004e-05,0.012,13.8
9233,5.1866e-05,0.012,14.2
9234,5.1868e-05,0.012,14.2
9235,5.187e-05,0.012,14.2
9236,5.1872e-05,0.012,14.2
9237,5.1874e-05,0.012,14.2
9238,5.1876e-05,0.012,14.2
9239,5.1878e-05,0.012,14.2
9240,5.188e-05,0.012,14.2
9241,5.1882e-05,0.012,14.2
9242,5.1884e-05,0.012,14.2
9243,5.1886e-05,0.012,14.2
9244,5.1888e-05,0.012,14.2
9245,5.189e-05,0.012,14.2
9246,5.1892e-05,0.012,14.6
9247,5.1894e-05,0.012,14.6
9248,5.1896e-05,0.012,14.2
9249,5.1898e-05,0.012,14.6
9250,5.19e-05,0.012,14.6
9251,5.1902e-05,0.012,14.6
9252,5.1903999999999996e-05,0.012,14.6
9253,5.1906e-05,0.012,14.6
9254,5.1908e-05,0.012,14.6
9255,5.1909999999999996e-05,0.012,14.6
9256,5.1912e-05,0.012,14.6
9257,5.1914000000000005e-05,0.012,14.6
9258,5.1915999999999996e-05,0.012,15.0
9259,5.1918e-05,0.012,14.6
9260,5.1920000000000004e-05,0.012,14.6
9261,5.1921999999999995e-05,0.012,15.0
9262,5.1924e-05,0.012,15.0
9263,5.1926000000000004e-05,0.012,15.0
9264,5.1927999999999995e-05,0.012,15.0
9265,5.193e-05,0.012,15.0
9266,5.1932000000000004e-05,0.012,15.0
9267,5.1934e-05,0.012,15.0
9268,5.1936e-05,0.012,15.0
9269,5.1938e-05,0.012,15.0
9270,5.194e-05,0.012,15.0
9271,5.1942e-05,0.012,15.0
9272,5.1944e-05,0.012,15.0
9273,5.1946e-05,0.012,15.4
9274,5.1948e-05,0.012,15.4
9275,5.195e-05,0.012,15.4
9276,5.1952e-05,0.012,15.4
9277,5.1954e-05,0.012,15.4
9278,5.1956e-05,0.012,15.4
9279,5.1958e-05,0.012,15.4
9280,5.196e-05,0.012,15.4
9281,5.1962e-05,0.012,15.4
9282,5.1964e-05,0.012,15.8
9283,5.1966e-05,0.012,15.8
9284,5.1968e-05,0.012,15.4
9285,5.197e-05,0.012,15.8
9286,5.1971999999999996e-05,0.012,15.8
9287,5.1974e-05,0.012,15.8
9288,5.1976e-05,0.012,15.8
9289,5.1977999999999996e-05,0.012,15.8
9290,5.198e-05,0.012,15.8
9291,5.1982000000000005e-05,0.012,16.2
9292,5.1983999999999996e-05,0.012,15.8
9293,5.1986e-05,0.012,15.8
9294,5.1988000000000004e-05,0.012,16.2
9295,5.1989999999999995e-05,0.012,16.2
9296,5.1992e-05,0.012,16.2
9297,5.1994000000000004e-05,0.012,16.2
9298,5.1995999999999995e-05,0.012,16.2
9299,5.1998e-05,0.012,16.2
9300,5.2000000000000004e-05,0.012,16.2
9301,5.2002e-05,0.012,16.2
9302,5.2004e-05,0.012,16.2
9303,5.2006e-05,0.012,16.6
9304,5.2008e-05,0.012,16.6
9305,5.201e-05,0.012,16.6
9306,5.2012e-05,0.012,16.6
9307,5.2014e-05,0.012,16.6
9308,5.2016e-05,0.012,16.6
9309,5.2018e-05,0.012,16.6
9310,5.202e-05,0.012,16.6
9311,5.2022e-05,0.012,16.6
9312,5.2024e-05,0.012,16.6
9313,5.2026e-05,0.012,17.0
9314,5.2028e-05,0.012,17.0
9315,5.203e-05,0.012,17.0
9316,5.2032e-05,0.012,17.0
9317,5.2034e-05,0.012,17.0
9318,5.2036e-05,0.012,17.0
9319,5.2038e-05,0.012,17.0
9320,5.2039999999999996e-05,0.012,17.0
9321,5.2042e-05,0.012,17.0
9322,5.2044e-05,0.012,17.8
9323,5.2045999999999996e-05,0.012,17.8
9324,5.2048e-05,0.012,17.8
9325,5.2050000000000005e-05,0.012,17.8
9326,5.2051999999999996e-05,0.012,17.8
9327,5.2054e-05,0.012,17.8
9328,5.2056000000000004e-05,0.012,17.8
9329,5.2057999999999995e-05,0.012,17.8
9330,5.206e-05,0.012,18.2
9331,5.2062000000000004e-05,0.012,18.2
9332,5.2063999999999995e-05,0.012,17.8
9333,5.2066e-05,0.012,18.2
9334,5.2068000000000004e-05,0.012,18.2
9335,5.207e-05,0.012,18.2
9336,5.2072e-05,0.012,18.2
9337,5.2074e-05,0.012,18.2
9338,5.2076e-05,0.012,18.6
9339,5.2078e-05,0.012,18.6
9340,5.208e-05,0.012,18.2
9341,5.2082e-05,0.012,18.6
9342,5.2084e-05,0.012,18.6
9343,5.2086e-05,0.012,18.6
9344,5.2088e-05,0.012,18.6
9345,5.209e-05,0.012,18.6
9346,5.2092e-05,0.012,18.6
9347,5.2094e-05,0.012,18.6
9348,5.2096e-05,0.012,18.6
9349,5.2098e-05,0.012,19.0
9350,5.21e-05,0.012,19.0
9351,5.2102e-05,0.012,19.0
9352,5.2104e-05,0.012,19.0
9353,5.2106e-05,0.012,19.0
9354,5.2107999999999996e-05,0.012,19.0
9355,5.211e-05,0.012,19.0
9356,5.2112e-05,0.012,19.0
9357,5.2113999999999996e-05,0.012,19.0
9358,5.2116e-05,0.012,19.0
9359,5.2118000000000005e-05,0.012,19.4
9360,5.2119999999999996e-05,0.012,19.0
9361,5.2122e-05,0.012,19.4
9362,5.2124000000000004e-05,0.012,19.4
9363,5.2125999999999995e-05,0.012,19.4
9364,5.2128e-05,0.012,19.4
9365,5.2130000000000004e-05,0.012,19.4
9366,5.2131999999999995e-05,0.012,19.4
9367,5.2134e-05,0.012,19.4
9368,5.2136000000000004e-05,0.012,19.4
9369,5.2138e-05,0.012,19.4
9370,5.214e-05,0.012,19.8
9371,5.2142e-05,0.004,19.8
9372,5.2144e-05,0.012,19.8
9373,5.2146e-05,0.012,19.8
9374,5.2148e-05,0.012,19.8
9375,5.215e-05,0.012,19.8
9376,5.2152e-05,0.012,19.8
9377,5.2154e-05,0.012,20.2
9378,5.2156e-05,0.012,20.2
9379,5.2158e-05,0.012,20.2
9380,5.216e-05,0.012,19.8
9381,5.2162e-05,0.012,20.2
9382,5.2164e-05,0.012,20.2
9383,5.2166e-05,0.012,20.2
9384,5.2168e-05,0.012,20.2
9385,5.217e-05,0.012,20.2
9386,5.2172e-05,0.012,20.2
9387,5.2174e-05,0.012,20.2
9388,5.2175999999999996e-05,0.012,20.2
9389,5.2178e-05,0.012,20.6
9390,5.218e-05,0.012,20.6
9391,5.2181999999999996e-05,0.012,20.6
9392,5.2184e-05,0.012,20.6
9393,5.2186000000000005e-05,0.012,20.6
9394,5.2187999999999996e-05,0.012,20.6
9395,5.219e-05,0.012,20.6
9396,5.2192000000000004e-05,0.012,20.6
9397,5.2193999999999995e-05,0.012,20.6
9398,5.2196e-05,0.012,20.6
9399,5.2198000000000004e-05,0.012,20.6
9400,5.2199999999999995e-05,0.012,20.6
9401,5.2202e-05,0.012,20.6
9402,5.2204000000000004e-05,0.012,21.0
9403,5.2206e-05,0.004,21.0
9404,5.2208e-05,0.012,21.0
9405,5.221e-05,0.012,21.0
9406,5.2212e-05,0.012,21.0
9407,5.2214e-05,0.012,21.0
9408,5.2216e-05,0.012,21.0
9409,5.2218e-05,0.012,21.0
9410,5.222e-05,0.012,21.0
9411,5.2222e-05,0.012,21.0
9412,5.2224e-05,0.012,21.0
9413,5.2226e-05,0.012,21.0
9414,5.2228e-05,0.012,21.0
9415,5.223e-05,0.004,21.0
9416,5.2232e-05,0.012,21.0
9417,5.2234e-05,0.012,21.0
9418,5.2236e-05,0.012,21.0
9419,5.2238e-05,0.012,21.0
9420,5.224e-05,0.012,21.0
9421,5.2242e-05,0.012,21.4
9422,5.2243999999999996e-05,0.012,21.4
9423,5.2246e-05,0.012,21.4
9424,5.2248e-05,0.012,21.4
9425,5.2249999999999996e-05,0.012,21.4
9426,5.2252e-05,0.012,21.4
9427,5.2254000000000005e-05,0.012,21.4
9428,5.2255999999999996e-05,0.012,21.4
9429,5.2258e-05,0.012,21.4
9430,5.2260000000000004e-05,0.012,21.4
9431,5.2261999999999995e-05,0.012,21.4
9432,5.2264e-05,0.012,21.4
9433,5.2266000000000004e-05,0.012,21.4
9434,5.2267999999999995e-05,0.012,21.4
9435,5.227e-05,0.004,21.4
9436,5.2272000000000004e-05,0.012,21.4
9437,5.2274e-05,0.012,21.4
9438,5.2276e-05,0.012,21.4
9439,5.2278e-05,0.012,21.4
9440,5.228e-05,0.012,21.4
9441,5.2282e-05,0.012,21.4
9442,5.2284e-05,0.012,21.4
9443,5.2286e-05,0.004,21.4
9444,5.2288e-05,0.012,21.4
9445,5.229e-05,0.012,21.4
9446,5.2292e-05,0.012,21.4
9447,5.2294e-05,0.012,21.4
9448,5.2296e-05,0.012,21.4
9449,5.2298e-05,0.012,21.4
9450,5.23e-05,0.012,21.8
9451,5.2302e-05,0.012,21.8
9452,5.2304e-05,0.012,21.4
9453,5.2306e-05,0.012,21.8
9454,5.2308e-05,0.012,21.8
9455,5.231e-05,0.012,21.4
9456,5.2311999999999997e-05,0.012,21.4
9457,5.2314e-05,0.012,21.4
9458,5.2316e-05,0.012,21.8
9459,5.2317999999999996e-05,0.012,21.4
9460,5.232e-05,0.012,21.4
9461,5.2322000000000005e-05,0.012,21.8
9462,5.2323999999999996e-05,0.012,21.8
9463,5.2326e-05,0.02,21.8
9464,5.2328000000000005e-05,0.028,21.8
9465,5.2329999999999995e-05,0.028,21.8
9466,5.2332e-05,0.036,21.8
9467,5.2334000000000004e-05,0.06,21.8
9468,5.2335999999999995e-05,0.06,21.8
9469,5.2338e-05,0.052,21.8
9470,5.2340000000000004e-05,0.052,21.8
9471,5.2342e-05,0.052,21.8
9472,5.2344e-05,0.052,21.8
9473,5.2346e-05,0.052,21.8
9474,5.2348e-05,0.052,21.8
9475,5.235e-05,0.036,21.8
9476,5.2352e-05,0.052,21.8
9477,5.2354e-05,0.052,21.8
9478,5.2356e-05,0.052,21.8
9479,5.2358e-05,0.06,21.8
9480,5.236e-05,0.052,21.8
9481,5.2362e-05,0.06,21.8
9482,5.2364e-05,0.06,21.8
9483,5.2366e-05,0.06,21.8
9484,5.2368e-05,0.06,21.8
9485,5.237e-05,0.036,21.8
9486,5.2372e-05,0.02,21.8
9487,5.2374e-05,0.02,21.8
9488,5.2376e-05,0.02,21.4
9489,5.2378e-05,0.02,21.0
9490,5.2379999999999997e-05,0.028,19.8
9491,5.2382e-05,0.076,16.6
9492,5.2384e-05,0.14,13.4
9493,5.2385999999999996e-05,0.196,10.6
9494,5.2388e-05,0.188,8.2
9495,5.2390000000000005e-05,0.172,6.6
9496,5.2391999999999996e-05,0.14,5.0
9497,5.2394e-05,0.084,4.2
9498,5.2396000000000005e-05,0.004,3.8
9499,5.2397999999999995e-05,-0.068,3.8
9500,5.24e-05,-0.1,3.4
9501,5.2402000000000004e-05,-0.084,3.8
9502,5.2403999999999995e-05,-0.028,3.8
9503,5.2406e-05,0.036,3.4
9504,5.2408000000000004e-05,0.108,3.0
9505,5.241e-05,0.14,2.6
9506,5.2412e-05,0.14,2.2
9507,5.2414e-05,0.108,1.8
9508,5.2416e-05,0.06,1.0
9509,5.2418e-05,-0.004,1.4
9510,5.242e-05,-0.044,1.0
9511,5.2422e-05,-0.06,1.0
9512,5.2424e-05,-0.036,0.6
9513,5.2426e-05,0.004,1.0
9514,5.2428e-05,0.068,1.0
9515,5.243e-05,0.1,0.6
9516,5.2432e-05,0.116,-0.2
9517,5.2434e-05,0.108,-0.2
9518,5.2436e-05,0.076,-0.2
9519,5.2438e-05,0.02,-0.2
9520,5.244e-05,-0.028,-0.2
9521,5.2442e-05,-0.052,-0.2
9522,5.2444e-05,-0.044,0.2
9523,5.2446e-05,-0.02,0.2
9524,5.2447999999999997e-05,0.02,0.2
9525,5.245e-05,0.068,0.2
9526,5.2452e-05,0.092,0.2
9527,5.2453999999999996e-05,0.092,0.2
9528,5.2456e-05,0.076,-0.2
9529,5.2458000000000005e-05,0.036,-0.2
9530,5.2459999999999996e-05,0.004,-0.2
9531,5.2462e-05,-0.028,0.2
9532,5.2464000000000005e-05,-0.028,-0.2
9533,5.2465999999999995e-05,-0.02,0.2
9534,5.2468e-05,0.012,0.2
9535,5.2470000000000004e-05,0.036,0.2
9536,5.2471999999999995e-05,0.068,0.2
9537,5.2474e-05,0.076,0.2
9538,5.2476000000000004e-05,0.068,0.2
9539,5.2478e-05,0.052,-0.2
9540,5.248e-05,0.02,-0.2
9541,5.2482e-05,-0.004,0.2
9542,5.2484e-05,-0.012,0.2
9543,5.2486e-05,-0.012,0.2
9544,5.2488e-05,0.004,0.2
9545,5.249e-05,0.028,0.2
9546,5.2492e-05,0.052,0.2
9547,5.2494e-05,0.068,0.2
9548,5.2496e-05,0.068,-0.2
9549,5.2498e-05,0.052,0.2
9550,5.25e-05,0.028,-0.2
9551,5.2502e-05,0.012,0.2
9552,5.2504e-05,-0.004,-0.2
9553,5.2506e-05,-0.004,0.2
9554,5.2508e-05,0.004,0.2
9555,5.251e-05,0.012,0.2
9556,5.2512e-05,0.036,0.2
9557,5.2514e-05,0.052,0.2
9558,5.2515999999999997e-05,0.06,0.2
9559,5.2518e-05,0.052,0.2
9560,5.252e-05,0.036,-0.2
9561,5.2521999999999996e-05,0.02,0.2
9562,5.2524e-05,0.004,0.2
9563,5.2526e-05,0.004,0.2
9564,5.2527999999999996e-05,0.004,-0.2
9565,5.253e-05,0.012,0.2
9566,5.2532000000000005e-05,0.028,0.2
9567,5.2533999999999995e-05,0.036,0.2
9568,5.2536e-05,0.052,-0.2
9569,5.2538000000000004e-05,0.052,0.2
9570,5.2539999999999995e-05,0.036,0.2
9571,5.2542e-05,0.028,0.2
9572,5.2544000000000004e-05,0.012,-0.2
9573,5.2546e-05,0.012,0.2
9574,5.2548e-05,0.012,0.2
9575,5.2550000000000003e-05,0.012,0.2
9576,5.2552e-05,0.02,-0.2
9577,5.2554e-05,0.028,0.2
9578,5.2556e-05,0.036,-0.2
9579,5.2558e-05,0.036,0.2
9580,5.256e-05,0.036,-0.2
9581,5.2562e-05,0.028,-0.2
9582,5.2564e-05,0.02,0.2
9583,5.2566e-05,0.012,-0.2
9584,5.2568e-05,0.012,-0.2
9585,5.257e-05,0.012,0.2
9586,5.2572e-05,0.02,0.2
9587,5.2574e-05,0.028,0.2
9588,5.2576e-05,0.028,-0.2
9589,5.2578e-05,0.036,0.2
9590,5.258e-05,0.036,0.2
9591,5.2582e-05,0.028,0.2
9592,5.2584e-05,0.028,-0.2
9593,5.2586e-05,0.02,0.2
9594,5.2588e-05,0.02,0.2
9595,5.2589999999999996e-05,0.012,0.2
9596,5.2592e-05,0.02,0.2
9597,5.2594e-05,0.02,0.2
9598,5.2595999999999996e-05,0.028,0.2
9599,5.2598e-05,0.028,0.2
9600,5.2600000000000005e-05,0.028,-0.2
9601,5.2601999999999995e-05,0.028,0.2
9602,5.2604e-05,0.028,0.2
9603,5.2606000000000004e-05,0.02,0.2
9604,5.2607999999999995e-05,0.02,-0.2
9605,5.261e-05,0.02,0.2
9606,5.2612000000000004e-05,0.02,0.2
9607,5.2614e-05,0.02,0.2
9608,5.2616e-05,0.028,-0.2
9609,5.2618000000000003e-05,0.028,0.2
9610,5.262e-05,0.036,0.2
9611,5.2622e-05,0.028,0.2
9612,5.2624e-05,0.028,-0.2
9613,5.2626e-05,0.02,0.2
9614,5.2628e-05,0.02,0.2
9615,5.263e-05,0.02,0.2
9616,5.2632e-05,0.02,-0.2
9617,5.2634e-05,0.02,0.2
9618,5.2636e-05,0.028,0.2
9619,5.2638e-05,0.028,0.2
9620,5.264e-05,0.028,-0.2
9621,5.2642e-05,0.028,0.2
9622,5.2644e-05,0.028,0.2
9623,5.2646e-05,0.028,0.2
9624,5.2648e-05,0.02,-0.2
9625,5.265e-05,0.02,0.2
9626,5.2652e-05,0.02,0.2
9627,5.2654e-05,0.02,0.2
9628,5.2656e-05,0.02,-0.2
9629,5.2657999999999996e-05,0.028,0.2
9630,5.266e-05,0.028,0.2
9631,5.2662e-05,0.028,0.2
9632,5.2663999999999996e-05,0.028,-0.2
9633,5.2666e-05,0.028,0.2
9634,5.2668000000000005e-05,0.028,0.2
9635,5.2669999999999995e-05,0.02,0.2
9636,5.2672e-05,0.02,-0.2
9637,5.2674000000000004e-05,0.02,0.2
9638,5.2675999999999995e-05,0.02,0.2
9639,5.2678e-05,0.028,0.2
9640,5.2680000000000004e-05,0.028,-0.2
9641,5.2682e-05,0.028,0.2
9642,5.2684e-05,0.028,0.2
9643,5.2686000000000003e-05,0.028,0.2
9644,5.2688e-05,0.028,0.2
9645,5.269e-05,0.028,0.2
9646,5.2692e-05,0.028,0.2
9647,5.2694e-05,0.02,0.2
9648,5.2696e-05,0.02,-0.2
9649,5.2698e-05,0.028,0.2
9650,5.27e-05,0.028,0.2
9651,5.2702e-05,0.028,0.2
9652,5.2704e-05,0.028,-0.2
9653,5.2706e-05,0.028,0.2
9654,5.2708e-05,0.028,0.2
9655,5.271e-05,0.028,0.2
9656,5.2712e-05,0.028,-0.2
9657,5.2714e-05,0.028,0.2
9658,5.2716e-05,0.028,0.2
9659,5.2718e-05,0.028,0.2
9660,5.272e-05,0.028,-0.2
9661,5.2722e-05,0.02,0.2
9662,5.2724e-05,0.028,0.2
9663,5.2725999999999996e-05,0.028,0.2
9664,5.2728e-05,0.028,-0.2
9665,5.273e-05,0.028,-0.2
9666,5.2731999999999996e-05,0.028,0.2
9667,5.2734e-05,0.02,0.2
9668,5.2736000000000005e-05,0.028,-0.2
9669,5.2737999999999995e-05,0.028,0.2
9670,5.274e-05,0.028,0.2
9671,5.2742000000000004e-05,0.028,0.2
9672,5.2743999999999995e-05,0.028,-0.2
9673,5.2746e-05,0.028,0.2
9674,5.2748000000000004e-05,0.028,0.2
9675,5.275e-05,0.028,0.2
9676,5.2752e-05,0.028,-0.2
9677,5.2754000000000003e-05,0.028,0.2
9678,5.2756e-05,0.028,0.2
9679,5.2758e-05,0.028,0.2
9680,5.276e-05,0.028,-0.2
9681,5.2762e-05,0.028,0.2
9682,5.2764e-05,0.028,0.2
9683,5.2766e-05,0.028,0.2
9684,5.2768e-05,0.028,-0.2
9685,5.277e-05,0.028,0.2
9686,5.2772e-05,0.028,0.2
9687,5.2774e-05,0.028,0.2
9688,5.2776e-05,0.028,-0.2
9689,5.2778e-05,0.028,0.2
9690,5.278e-05,0.028,0.2
9691,5.2782e-05,0.028,0.2
9692,5.2784e-05,0.028,0.2
9693,5.2786e-05,0.028,0.2
9694,5.2788e-05,0.028,0.2
9695,5.279e-05,0.028,0.2
9696,5.2792e-05,0.028,-0.2
9697,5.2793999999999996e-05,0.028,0.2
9698,5.2796e-05,0.028,0.2
9699,5.2798e-05,0.028,0.2
9700,5.2799999999999996e-05,0.028,-0.2
9701,5.2802e-05,0.028,0.2
9702,5.2804000000000005e-05,0.028,0.2
9703,5.2805999999999996e-05,0.028,0.2
9704,5.2808e-05,0.028,-0.2
9705,5.2810000000000004e-05,0.028,0.2
9706,5.2811999999999995e-05,0.028,0.2
9707,5.2814e-05,0.028,0.2
9708,5.2816000000000004e-05,0.028,-0.2
9709,5.2818e-05,0.028,0.2
9710,5.282e-05,0.028,0.2
9711,5.2822000000000003e-05,0.028,0.2
9712,5.2824e-05,0.028,-0.2
9713,5.2826e-05,0.028,0.2
9714,5.2828e-05,0.028,0.2
9715,5.283e-05,0.028,0.2
9716,5.2832e-05,0.028,-0.2
9717,5.2834e-05,0.028,0.2
9718,5.2836e-05,0.028,0.2
9719,5.2838e-05,0.028,0.2
9720,5.284e-05,0.028,-0.2
9721,5.2842e-05,0.028,0.2
9722,5.2844e-05,0.028,0.2
9723,5.2846e-05,0.028,0.2
9724,5.2848e-05,0.028,0.2
9725,5.285e-05,0.028,-0.2
9726,5.2852e-05,0.028,0.2
9727,5.2854e-05,0.028,0.2
9728,5.2856e-05,0.028,0.2
9729,5.2858e-05,0.028,0.2
9730,5.286e-05,0.028,0.2
9731,5.2861999999999996e-05,0.028,0.2
9732,5.2864e-05,0.028,-0.2
9733,5.2866e-05,0.028,0.2
9734,5.2867999999999996e-05,0.028,0.2
9735,5.287e-05,0.028,0.2
9736,5.2872000000000005e-05,0.028,0.2
9737,5.2873999999999996e-05,0.028,0.2
9738,5.2876e-05,0.028,0.2
9739,5.2878000000000004e-05,0.028,0.2
9740,5.2879999999999995e-05,0.028,-0.2
9741,5.2882e-05,0.028,0.2
9742,5.2884000000000004e-05,0.028,0.2
9743,5.2886e-05,0.028,0.2
9744,5.2888e-05,0.028,-0.2
9745,5.2890000000000004e-05,0.028,0.2
9746,5.2892e-05,0.028,0.2
9747,5.2894e-05,0.028,0.2
9748,5.2896e-05,0.028,-0.2
9749,5.2898e-05,0.028,0.2
9750,5.29e-05,0.028,0.2
9751,5.2902e-05,0.028,0.2
9752,5.2904e-05,0.028,-0.2
9753,5.2906e-05,0.028,0.2
9754,5.2908e-05,0.036,0.2
9755,5.291e-05,0.028,0.2
9756,5.2912e-05,0.028,0.2
9757,5.2914e-05,0.028,0.2
9758,5.2916e-05,0.028,0.2
9759,5.2918e-05,0.028,0.2
9760,5.292e-05,0.028,-0.2
9761,5.2922e-05,0.028,0.2
9762,5.2924e-05,0.028,0.2
9763,5.2926e-05,0.028,0.2
9764,5.2928e-05,0.028,-0.2
9765,5.2929999999999996e-05,0.028,0.2
9766,5.2932e-05,0.028,0.2
9767,5.2934e-05,0.028,0.2
9768,5.2935999999999996e-05,0.028,-0.2
9769,5.2938e-05,0.028,0.2
9770,5.2940000000000005e-05,0.028,0.2
9771,5.2941999999999996e-05,0.028,0.2
9772,5.2944e-05,0.028,-0.2
9773,5.2946000000000004e-05,0.028,0.2
9774,5.2947999999999995e-05,0.028,0.2
9775,5.295e-05,0.028,0.2
9776,5.2952000000000004e-05,0.028,-0.2
9777,5.2954e-05,0.028,0.2
9778,5.2956e-05,0.036,-0.2
9779,5.2958000000000004e-05,0.028,0.2
9780,5.296e-05,0.028,0.2
9781,5.2962e-05,0.028,0.2
9782,5.2964e-05,0.036,0.2
9783,5.2966e-05,0.028,0.2
9784,5.2968e-05,0.028,0.2
9785,5.297e-05,0.028,0.2
9786,5.2972e-05,0.036,0.2
9787,5.2974e-05,0.036,0.2
9788,5.2976e-05,0.028,-0.2
9789,5.2978e-05,0.028,0.2
9790,5.298e-05,0.036,0.2
9791,5.2982e-05,0.028,0.2
9792,5.2984e-05,0.028,-0.2
9793,5.2986e-05,0.028,0.2
9794,5.2988e-05,0.036,0.2
9795,5.299e-05,0.028,0.2
9796,5.2992e-05,0.036,0.2
9797,5.2994e-05,0.028,0.2
9798,5.2996e-05,0.036,0.2
9799,5.2997999999999996e-05,0.028,0.2
9800,5.3e-05,0.028,-0.2
9801,5.3002e-05,0.028,0.2
9802,5.3003999999999996e-05,0.036,0.2
9803,5.3006e-05,0.028,0.2
9804,5.3008000000000005e-05,0.036,0.2
9805,5.3009999999999996e-05,0.036,0.2
9806,5.3012e-05,0.036,0.2
9807,5.3014000000000004e-05,0.028,0.2
9808,5.3015999999999995e-05,0.028,-0.2
9809,5.3018e-05,0.036,0.2
9810,5.3020000000000004e-05,0.036,0.2
9811,5.3022e-05,0.036,0.2
9812,5.3024e-05,0.036,-0.2
9813,5.3026000000000004e-05,0.028,0.2
9814,5.3028e-05,0.036,0.2
9815,5.303e-05,0.036,0.2
9816,5.3032e-05,0.028,0.2
9817,5.3034e-05,0.036,0.2
9818,5.3036e-05,0.036,0.2
9819,5.3038e-05,0.036,0.2
9820,5.304e-05,0.036,-0.2
9821,5.3042e-05,0.036,0.2
9822,5.3044e-05,0.036,0.2
9823,5.3046e-05,0.028,0.2
9824,5.3048e-05,0.028,0.2
9825,5.305e-05,0.036,0.2
9826,5.3052e-05,0.036,0.2
9827,5.3054e-05,0.028,0.2
9828,5.3056e-05,0.028,-0.2
9829,5.3058e-05,0.036,0.2
9830,5.306e-05,0.036,0.2
9831,5.3062e-05,0.036,0.2
9832,5.3064e-05,0.036,-0.2
9833,5.3065999999999996e-05,0.028,0.2
9834,5.3068e-05,0.036,0.2
9835,5.307e-05,0.028,0.2
9836,5.3071999999999996e-05,0.036,-0.2
9837,5.3074e-05,0.036,0.2
9838,5.3076000000000005e-05,0.036,0.2
9839,5.3077999999999996e-05,0.036,0.2
9840,5.308e-05,0.036,-0.2
9841,5.3082000000000004e-05,0.036,0.2
9842,5.3083999999999995e-05,0.036,0.2
9843,5.3086e-05,0.036,0.2
9844,5.3088000000000004e-05,0.036,0.2
9845,5.309e-05,0.036,0.2
9846,5.3092e-05,0.036,0.2
9847,5.3094000000000004e-05,0.036,0.2
9848,5.3096e-05,0.036,-0.2
9849,5.3098e-05,0.036,0.2
9850,5.31e-05,0.036,0.2
9851,5.3102e-05,0.036,0.2
9852,5.3104e-05,0.036,-0.2
9853,5.3106e-05,0.036,0.2
9854,5.3108e-05,0.036,0.2
9855,5.311e-05,0.036,0.2
9856,5.3112e-05,0.036,0.2
9857,5.3114e-05,0.036,0.2
9858,5.3116e-05,0.036,0.2
9859,5.3118e-05,0.036,0.2
9860,5.312e-05,0.036,-0.2
9861,5.3122e-05,0.036,0.2
9862,5.3124e-05,0.036,0.2
9863,5.3126e-05,0.036,0.2
9864,5.3128e-05,0.036,0.2
9865,5.313e-05,0.036,0.2
9866,5.3132e-05,0.036,0.2
9867,5.3133999999999996e-05,0.036,0.2
9868,5.3136e-05,0.036,0.2
9869,5.3138e-05,0.036,0.2
9870,5.3139999999999996e-05,0.036,0.2
9871,5.3142e-05,0.036,0.2
9872,5.3144000000000005e-05,0.036,0.2
9873,5.3145999999999996e-05,0.036,0.2
9874,5.3148e-05,0.036,0.2
9875,5.3150000000000004e-05,0.036,0.2
9876,5.3151999999999995e-05,0.036,-0.2
9877,5.3154e-05,0.036,0.2
9878,5.3156000000000004e-05,0.036,0.2
9879,5.3157999999999995e-05,0.036,0.2
9880,5.316e-05,0.036,-0.2
9881,5.3162000000000004e-05,0.036,0.2
9882,5.3164e-05,0.036,0.2
9883,5.3166e-05,0.036,0.2
9884,5.3168e-05,0.036,0.2
9885,5.317e-05,0.036,0.2
9886,5.3172e-05,0.036,0.2
9887,5.3174e-05,0.036,0.2
9888,5.3176e-05,0.036,-0.2
9889,5.3178e-05,0.036,0.2
9890,5.318e-05,0.036,0.2
9891,5.3182e-05,0.036,0.2
9892,5.3184e-05,0.036,-0.2
9893,5.3186e-05,0.036,0.2
9894,5.3188e-05,0.036,0.2
9895,5.319e-05,0.036,0.2
9896,5.3192e-05,0.036,0.2
9897,5.3194e-05,0.036,0.2
9898,5.3196e-05,0.036,0.2
9899,5.3198e-05,0.036,0.2
9900,5.32e-05,0.036,-0.2
9901,5.3201999999999996e-05,0.036,0.2
9902,5.3204e-05,0.036,0.2
9903,5.3206e-05,0.036,0.2
9904,5.3207999999999996e-05,0.036,0.2
9905,5.321e-05,0.036,0.2
9906,5.3212000000000005e-05,0.036,0.2
9907,5.3213999999999996e-05,0.036,0.2
9908,5.3216e-05,0.036,-0.2
9909,5.3218000000000004e-05,0.036,0.2
9910,5.3219999999999995e-05,0.036,0.2
9911,5.3222e-05,0.036,0.2
9912,5.3224000000000004e-05,0.036,-0.2
9913,5.3225999999999995e-05,0.036,0.2
9914,5.3228e-05,0.036,0.2
9915,5.3230000000000004e-05,0.036,0.2
9916,5.3232e-05,0.036,0.2
9917,5.3234e-05,0.036,0.2
9918,5.3236e-05,0.036,0.2
9919,5.3238e-05,0.036,0.2
9920,5.324e-05,0.036,-0.2
9921,5.3242e-05,0.036,0.2
9922,5.3244e-05,0.052,0.2
9923,5.3246e-05,0.036,0.2
9924,5.3248e-05,0.036,0.2
9925,5.325e-05,0.036,0.2
9926,5.3252e-05,0.036,0.2
9927,5.3254e-05,0.036,0.2
9928,5.3256e-05,0.036,-0.2
9929,5.3258e-05,0.036,0.2
9930,5.326e-05,0.036,0.2
9931,5.3262e-05,0.036,0.2
9932,5.3264e-05,0.036,-0.2
9933,5.3266e-05,0.052,0.2
9934,5.3268e-05,0.052,0.2
9935,5.3269999999999996e-05,0.036,0.2
9936,5.3272e-05,0.036,0.2
9937,5.3274e-05,0.036,0.2
9938,5.3275999999999996e-05,0.036,0.2
9939,5.3278e-05,0.036,0.2
9940,5.3280000000000005e-05,0.036,-0.2
9941,5.3281999999999996e-05,0.036,0.2
9942,5.3284e-05,0.052,0.2
9943,5.3286000000000004e-05,0.052,0.2
9944,5.3287999999999995e-05,0.052,0.2
9945,5.329e-05,0.036,0.2
9946,5.3292000000000004e-05,0.052,0.2
9947,5.3293999999999995e-05,0.036,0.2
9948,5.3296e-05,0.052,0.2
9949,5.3298000000000004e-05,0.052,0.2
9950,5.33e-05,0.052,0.2
9951,5.3302e-05,0.036,0.2
9952,5.3304e-05,0.052,0.2
9953,5.3306e-05,0.052,0.2
9954,5.3308e-05,0.052,0.2
9955,5.331e-05,0.036,0.2
9956,5.3312e-05,0.052,0.2
9957,5.3314e-05,0.052,0.2
9958,5.3316e-05,0.052,0.2
9959,5.3318e-05,0.052,0.2
9960,5.332e-05,0.052,0.2
9961,5.3322e-05,0.052,0.2
9962,5.3324e-05,0.052,0.2
9963,5.3326e-05,0.036,0.2
9964,5.3328e-05,0.052,0.2
9965,5.333e-05,0.036,0.2
9966,5.3332e-05,0.052,0.2
9967,5.3334e-05,0.052,0.2
9968,5.3336e-05,0.052,0.2
9969,5.3337999999999997e-05,0.052,0.2
9970,5.334e-05,0.052,0.2
9971,5.3342e-05,0.052,0.2
9972,5.3343999999999996e-05,0.052,-0.2
9973,5.3346e-05,0.052,0.2
9974,5.3348000000000005e-05,0.052,0.2
9975,5.3349999999999996e-05,0.052,0.2
9976,5.3352e-05,0.052,-0.2
9977,5.3354000000000005e-05,0.052,0.6
9978,5.3355999999999995e-05,0.052,0.2
9979,5.3358e-05,0.052,0.2
9980,5.3360000000000004e-05,0.052,0.2
9981,5.3361999999999995e-05,0.052,0.2
9982,5.3364e-05,0.052,0.2
9983,5.3366000000000004e-05,0.052,0.2
9984,5.3368e-05,0.052,0.2
9985,5.337e-05,0.052,0.2
9986,5.3372e-05,0.052,0.2
9987,5.3374e-05,0.052,0.2
9988,5.3376e-05,0.052,-0.2
9989,5.3378e-05,0.052,0.2
9990,5.338e-05,0.052,0.2
9991,5.3382e-05,0.052,0.2
9992,5.3384e-05,0.052,0.2
9993,5.3386e-05,0.052,0.2
9994,5.3388e-05,0.052,0.2
9995,5.339e-05,0.036,0.2
9996,5.3392e-05,0.052,0.2
9997,5.3394e-05,0.052,0.2
9998,5.3396e-05,0.052,0.2
9999,5.3398e-05,0.052,0.2
10000,5.34e-05,0.052,0.2
10001,5.3402e-05,0.052,0.2
10002,5.3404e-05,0.052,0.2
10003,5.3405999999999997e-05,0.052,0.2
10004,5.3408e-05,0.052,0.2
10005,5.341e-05,0.052,0.2
10006,5.3411999999999996e-05,0.052,0.2
10007,5.3414e-05,0.052,0.2
10008,5.3416000000000005e-05,0.052,-0.2
10009,5.3417999999999996e-05,0.052,0.2
10010,5.342e-05,0.052,0.2
10011,5.3422000000000005e-05,0.052,0.2
10012,5.3423999999999995e-05,0.052,-0.2
10013,5.3426e-05,0.052,0.2
10014,5.3428000000000004e-05,0.052,0.2
10015,5.3429999999999995e-05,0.052,0.2
10016,5.3432e-05,0.052,0.2
10017,5.3434000000000004e-05,0.052,0.2
10018,5.3436e-05,0.052,0.2
10019,5.3438e-05,0.052,0.2
10020,5.344e-05,0.052,0.2
10021,5.3442e-05,0.052,0.2
10022,5.3444e-05,0.052,0.2
10023,5.3446e-05,0.052,0.2
10024,5.3448e-05,0.052,0.2
10025,5.345e-05,0.052,0.2
10026,5.3452e-05,0.052,0.2
10027,5.3454e-05,0.052,0.2
10028,5.3456e-05,0.052,-0.2
10029,5.3458e-05,0.052,0.2
10030,5.346e-05,0.052,0.2
10031,5.3462e-05,0.052,0.2
10032,5.3464e-05,0.052,0.2
10033,5.3466e-05,0.052,0.2
10034,5.3468e-05,0.052,0.2
10035,5.347e-05,0.052,0.2
10036,5.3472e-05,0.052,0.2
10037,5.3473999999999997e-05,0.052,0.2
10038,5.3476e-05,0.052,0.2
10039,5.3478e-05,0.052,0.2
10040,5.3479999999999996e-05,0.052,-0.2
10041,5.3482e-05,0.052,0.2
10042,5.3484000000000005e-05,0.052,0.2
10043,5.3485999999999996e-05,0.052,0.2
10044,5.3488e-05,0.052,0.2
10045,5.3490000000000005e-05,0.052,0.2
10046,5.3491999999999995e-05,0.052,0.2
10047,5.3494e-05,0.052,0.2
10048,5.3496000000000004e-05,0.052,0.2
10049,5.3497999999999995e-05,0.052,0.2
10050,5.35e-05,0.052,0.2
10051,5.3502000000000004e-05,0.052,0.2
10052,5.3504e-05,0.052,0.2
10053,5.3506e-05,0.052,0.2
10054,5.3508e-05,0.052,0.2
10055,5.351e-05,0.052,0.2
10056,5.3512e-05,0.052,0.2
10057,5.3514e-05,0.052,0.2
10058,5.3516e-05,0.06,0.2
10059,5.3518e-05,0.052,0.2
10060,5.352e-05,0.052,0.2
10061,5.3522e-05,0.052,0.2
10062,5.3524e-05,0.06,0.2
10063,5.3526e-05,0.06,0.2
10064,5.3528e-05,0.052,0.2
10065,5.353e-05,0.052,0.2
10066,5.3532e-05,0.06,0.2
10067,5.3534e-05,0.052,0.2
10068,5.3536e-05,0.052,-0.2
10069,5.3538e-05,0.052,0.2
10070,5.354e-05,0.052,0.2
10071,5.3541999999999997e-05,0.052,0.2
10072,5.3544e-05,0.052,0.2
10073,5.3546e-05,0.052,0.2
10074,5.3547999999999996e-05,0.052,0.2
10075,5.355e-05,0.06,0.2
10076,5.3552000000000005e-05,0.06,0.2
10077,5.3553999999999996e-05,0.052,0.2
10078,5.3556e-05,0.052,0.2
10079,5.3558000000000005e-05,0.052,0.2
10080,5.3559999999999995e-05,0.06,0.2
10081,5.3562e-05,0.06,0.2
10082,5.3564000000000004e-05,0.06,0.2
10083,5.3565999999999995e-05,0.052,0.2
10084,5.3568e-05,0.052,0.2
10085,5.3570000000000004e-05,0.06,0.2
10086,5.3572e-05,0.06,0.2
10087,5.3574e-05,0.06,0.2
10088,5.3576000000000003e-05,0.052,0.2
10089,5.3578e-05,0.052,0.2
10090,5.358e-05,0.06,0.2
10091,5.3582e-05,0.06,0.2
10092,5.3584e-05,0.06,0.2
10093,5.3586e-05,0.06,0.2
10094,5.3588e-05,0.06,0.2
10095,5.359e-05,0.052,0.2
10096,5.3592e-05,0.052,0.2
10097,5.3594e-05,0.052,0.2
10098,5.3596e-05,0.06,0.2
10099,5.3598e-05,0.06,0.2
10100,5.36e-05,0.06,0.2
10101,5.3602e-05,0.052,0.2
10102,5.3604e-05,0.06,0.2
10103,5.3606e-05,0.06,0.2
10104,5.3608e-05,0.06,0.2
10105,5.361e-05,0.06,0.2
10106,5.3612e-05,0.06,0.2
10107,5.3614e-05,0.06,0.2
10108,5.3615999999999996e-05,0.06,0.2
10109,5.3618e-05,0.06,0.2
10110,5.3620000000000005e-05,0.06,0.2
10111,5.3621999999999996e-05,0.06,0.2
10112,5.3624e-05,0.06,0.2
10113,5.3626000000000005e-05,0.06,0.2
10114,5.3627999999999995e-05,0.06,0.2
10115,5.363e-05,0.06,0.2
10116,5.3632000000000004e-05,0.06,0.2
10117,5.3633999999999995e-05,0.06,0.2
10118,5.3636e-05,0.06,0.2
10119,5.3638000000000004e-05,0.06,0.2
10120,5.364e-05,0.052,-0.2
10121,5.3642e-05,0.06,0.2
10122,5.3644000000000003e-05,0.06,0.2
10123,5.3646e-05,0.06,0.2
10124,5.3648e-05,0.06,0.2
10125,5.365e-05,0.06,0.2
10126,5.3652e-05,0.06,0.2
10127,5.3654e-05,0.06,0.2
10128,5.3656e-05,0.06,0.2
10129,5.3658e-05,0.06,0.2
10130,5.366e-05,0.06,0.2
10131,5.3662e-05,0.06,0.2
10132,5.3664e-05,0.06,0.2
10133,5.3666e-05,0.06,0.2
10134,5.3668e-05,0.06,0.2
10135,5.367e-05,0.06,0.2
10136,5.3672e-05,0.06,0.2
10137,5.3674e-05,0.06,0.2
10138,5.3676e-05,0.06,0.2
10139,5.3678e-05,0.06,0.2
10140,5.368e-05,0.06,-0.2
10141,5.3682e-05,0.06,0.2
10142,5.3683999999999996e-05,0.06,0.2
10143,5.3686e-05,0.06,0.2
10144,5.3688000000000005e-05,0.06,0.2
10145,5.3689999999999996e-05,0.06,0.2
10146,5.3692e-05,0.06,0.2
10147,5.3694000000000005e-05,0.06,0.2
10148,5.3695999999999995e-05,0.06,-0.2
10149,5.3698e-05,0.06,0.2
10150,5.3700000000000004e-05,0.06,0.2
10151,5.3701999999999995e-05,0.06,0.2
10152,5.3704e-05,0.06,0.2
10153,5.3706000000000004e-05,0.06,0.2
10154,5.3708e-05,0.06,0.2
10155,5.371e-05,0.06,0.2
10156,5.3712000000000003e-05,0.06,0.2
10157,5.3714e-05,0.06,0.2
10158,5.3716e-05,0.06,0.2
10159,5.3718e-05,0.06,0.2
10160,5.372e-05,0.06,-0.2
10161,5.3722e-05,0.06,0.2
10162,5.3724e-05,0.06,0.2
10163,5.3726e-05,0.06,0.2
10164,5.3728e-05,0.06,0.2
10165,5.373e-05,0.06,0.2
10166,5.3732e-05,0.06,0.2
10167,5.3734e-05,0.06,0.2
10168,5.3736e-05,0.06,0.2
10169,5.3738e-05,0.06,0.2
10170,5.374e-05,0.06,0.2
10171,5.3742e-05,0.06,0.2
10172,5.3744e-05,0.06,0.2
10173,5.3746e-05,0.06,0.2
10174,5.3748e-05,0.06,0.2
10175,5.375e-05,0.06,0.2
10176,5.3751999999999996e-05,0.06,-0.2
10177,5.3754e-05,0.068,0.2
10178,5.3756e-05,0.06,0.2
10179,5.3757999999999996e-05,0.06,0.2
10180,5.376e-05,0.06,0.2
10181,5.3762000000000005e-05,0.06,0.2
10182,5.3763999999999995e-05,0.068,0.2
10183,5.3766e-05,0.06,0.2
10184,5.3768000000000004e-05,0.06,0.2
10185,5.3769999999999995e-05,0.06,0.2
10186,5.3772e-05,0.06,0.2
10187,5.3774000000000004e-05,0.06,0.2
10188,5.3776e-05,0.06,0.2
10189,5.3778e-05,0.06,0.2
10190,5.3780000000000003e-05,0.06,0.2
10191,5.3782e-05,0.06,0.2
10192,5.3784e-05,0.06,0.2
10193,5.3786e-05,0.06,0.2
10194,5.3788e-05,0.068,0.6
10195,5.379e-05,0.06,0.2
10196,5.3792e-05,0.068,0.2
10197,5.3794e-05,0.06,0.2
10198,5.3796e-05,0.068,0.2
10199,5.3798e-05,0.068,0.2
10200,5.38e-05,0.06,0.2
10201,5.3802e-05,0.06,0.2
10202,5.3804e-05,0.068,0.2
10203,5.3806e-05,0.06,0.2
10204,5.3808e-05,0.068,0.2
10205,5.381e-05,0.06,0.2
10206,5.3812e-05,0.068,0.2
10207,5.3814e-05,0.06,0.2
10208,5.3816e-05,0.06,0.2
10209,5.3818e-05,0.06,0.2
10210,5.3819999999999996e-05,0.068,0.2
10211,5.3822e-05,0.06,0.2
10212,5.3824e-05,0.06,0.2
10213,5.3825999999999996e-05,0.06,0.2
10214,5.3828e-05,0.068,0.2
10215,5.3830000000000005e-05,0.068,0.2
10216,5.3831999999999996e-05,0.068,0.2
10217,5.3834e-05,0.06,0.2
10218,5.3836000000000004e-05,0.068,0.2
10219,5.3837999999999995e-05,0.06,0.2
10220,5.384e-05,0.068,0.2
10221,5.3842000000000004e-05,0.06,0.2
10222,5.3844e-05,0.068,0.2
10223,5.3846e-05,0.06,0.2
10224,5.3848000000000004e-05,0.068,0.2
10225,5.385e-05,0.068,0.2
10226,5.3852e-05,0.068,0.2
10227,5.3854e-05,0.068,0.2
10228,5.3856e-05,0.068,-0.2
10229,5.3858e-05,0.068,0.2
10230,5.386e-05,0.068,0.2
10231,5.3862e-05,0.068,0.2
10232,5.3864e-05,0.068,0.2
10233,5.3866e-05,0.068,0.2
10234,5.3868e-05,0.068,0.6
10235,5.387e-05,0.06,0.2
10236,5.3872e-05,0.068,0.2
10237,5.3874e-05,0.068,0.2
10238,5.3876e-05,0.068,0.2
10239,5.3878e-05,0.068,0.2
10240,5.388e-05,0.068,0.2
10241,5.3882e-05,0.068,0.2
10242,5.3884e-05,0.068,0.2
10243,5.3886e-05,0.068,0.2
10244,5.3887999999999996e-05,0.068,0.2
10245,5.389e-05,0.068,0.2
10246,5.3892e-05,0.068,0.2
10247,5.3893999999999996e-05,0.068,0.2
10248,5.3896e-05,0.068,0.2
10249,5.3898000000000005e-05,0.068,0.2
10250,5.3899999999999996e-05,0.068,0.2
10251,5.3902e-05,0.068,0.2
10252,5.3904000000000004e-05,0.068,0.2
10253,5.3905999999999995e-05,0.068,0.2
10254,5.3908e-05,0.068,0.2
10255,5.3910000000000004e-05,0.068,0.2
10256,5.3912e-05,0.068,0.2
10257,5.3914e-05,0.068,0.2
10258,5.3916000000000004e-05,0.068,0.2
10259,5.3918e-05,0.068,0.2
10260,5.392e-05,0.068,0.2
10261,5.3922e-05,0.068,0.2
10262,5.3924e-05,0.068,0.2
10263,5.3926e-05,0.068,0.2
10264,5.3928e-05,0.068,0.2
10265,5.393e-05,0.068,0.2
10266,5.3932e-05,0.068,0.2
10267,5.3934e-05,0.068,0.2
10268,5.3936e-05,0.068,0.2
10269,5.3938e-05,0.068,0.2
10270,5.394e-05,0.068,0.2
10271,5.3942e-05,0.068,0.2
10272,5.3944e-05,0.068,0.2
10273,5.3946e-05,0.068,0.2
10274,5.3948e-05,0.068,0.2
10275,5.395e-05,0.068,0.2
10276,5.3952e-05,0.068,0.2
10277,5.3954e-05,0.068,0.2
10278,5.3955999999999996e-05,0.068,0.2
10279,5.3958e-05,0.068,0.2
10280,5.396e-05,0.068,0.2
10281,5.3961999999999996e-05,0.068,0.2
10282,5.3964e-05,0.068,0.2
10283,5.3966000000000005e-05,0.068,0.2
10284,5.3967999999999996e-05,0.068,0.2
10285,5.397e-05,0.068,0.2
10286,5.3972000000000004e-05,0.068,0.2
10287,5.3973999999999995e-05,0.068,0.2
10288,5.3976e-05,0.068,0.2
10289,5.3978000000000004e-05,0.068,0.2
10290,5.398e-05,0.068,0.2
10291,5.3982e-05,0.068,0.2
10292,5.3984000000000004e-05,0.068,0.2
10293,5.3986e-05,0.068,0.2
10294,5.3988e-05,0.068,0.2
10295,5.399e-05,0.068,0.2
10296,5.3992e-05,0.068,0.2
10297,5.3994e-05,0.068,0.2
10298,5.3996e-05,0.068,0.2
10299,5.3998e-05,0.068,0.2
10300,5.4e-05,0.068,-0.2
10301,5.4002e-05,0.068,0.2
10302,5.4004e-05,0.068,0.2
10303,5.4006e-05,0.068,0.2
10304,5.4008e-05,0.068,0.2
10305,5.401e-05,0.068,0.2
10306,5.4012e-05,0.068,0.2
10307,5.4014e-05,0.068,0.2
10308,5.4016e-05,0.068,0.2
10309,5.4018e-05,0.068,0.2
10310,5.402e-05,0.068,0.2
10311,5.4022e-05,0.068,0.2
10312,5.4023999999999996e-05,0.068,0.2
10313,5.4026e-05,0.068,0.2
10314,5.4028e-05,0.076,0.6
10315,5.4029999999999996e-05,0.068,0.2
10316,5.4032e-05,0.068,0.2
10317,5.4034000000000005e-05,0.068,0.2
10318,5.4035999999999996e-05,0.068,0.2
10319,5.4038e-05,0.076,0.2
10320,5.4040000000000004e-05,0.068,0.2
10321,5.4041999999999995e-05,0.068,0.2
10322,5.4044e-05,0.076,0.2
10323,5.4046000000000004e-05,0.068,0.2
10324,5.4048e-05,0.076,0.2
10325,5.405e-05,0.068,0.2
10326,5.4052000000000004e-05,0.076,0.2
10327,5.4054e-05,0.068,0.2
10328,5.4056e-05,0.068,0.2
10329,5.4058e-05,0.076,0.2
10330,5.406e-05,0.076,0.2
10331,5.4062e-05,0.076,0.2
10332,5.4064e-05,0.068,0.2
10333,5.4066e-05,0.068,0.2
10334,5.4068e-05,0.076,0.2
10335,5.407e-05,0.068,0.2
10336,5.4072e-05,0.076,0.2
10337,5.4074e-05,0.076,0.2
10338,5.4076e-05,0.076,0.2
10339,5.4078e-05,0.068,0.2
10340,5.408e-05,0.068,0.2
10341,5.4082e-05,0.076,0.2
10342,5.4084e-05,0.076,0.2
10343,5.4086e-05,0.076,0.2
10344,5.4088e-05,0.076,0.2
10345,5.409e-05,0.076,0.2
10346,5.4091999999999996e-05,0.076,0.2
10347,5.4094e-05,0.076,0.2
10348,5.4096e-05,0.076,0.2
10349,5.4097999999999996e-05,0.076,0.2
10350,5.41e-05,0.076,0.2
10351,5.4102000000000005e-05,0.076,0.2
10352,5.4103999999999996e-05,0.068,0.2
10353,5.4106e-05,0.076,0.2
10354,5.4108000000000004e-05,0.076,0.6
10355,5.4109999999999995e-05,0.068,0.2
10356,5.4112e-05,0.076,0.2
10357,5.4114000000000004e-05,0.076,0.2
10358,5.4116e-05,0.076,0.2
10359,5.4118e-05,0.076,0.2
10360,5.4120000000000004e-05,0.076,0.2
10361,5.4122e-05,0.076,0.2
10362,5.4124e-05,0.076,0.2
10363,5.4126e-05,0.076,0.2
10364,5.4128e-05,0.076,0.2
10365,5.413e-05,0.076,0.2
10366,5.4132e-05,0.076,0.2
10367,5.4134e-05,0.076,0.2
10368,5.4136e-05,0.076,-0.2
10369,5.4138e-05,0.076,0.2
10370,5.414e-05,0.076,0.2
10371,5.4142e-05,0.076,0.2
10372,5.4144e-05,0.076,-0.2
10373,5.4146e-05,0.076,0.2
10374,5.4148e-05,0.076,0.6
10375,5.415e-05,0.076,0.2
10376,5.4152e-05,0.076,-0.2
10377,5.4154e-05,0.076,0.6
10378,5.4156e-05,0.076,0.2
10379,5.4158e-05,0.076,0.6
10380,5.4159999999999996e-05,0.076,0.2
10381,5.4162e-05,0.076,0.2
10382,5.4164e-05,0.076,0.6
10383,5.4165999999999996e-05,0.076,0.2
10384,5.4168e-05,0.076,0.2
10385,5.4170000000000005e-05,0.076,0.2
10386,5.4171999999999996e-05,0.076,0.2
10387,5.4174e-05,0.076,0.2
10388,5.4176000000000004e-05,0.076,0.2
10389,5.4177999999999995e-05,0.076,0.6
10390,5.418e-05,0.076,0.2
10391,5.4182000000000004e-05,0.076,0.2
10392,5.4184e-05,0.076,0.2
10393,5.4186e-05,0.076,0.2
10394,5.4188000000000004e-05,0.076,0.2
10395,5.419e-05,0.076,0.2
10396,5.4192e-05,0.076,0.2
10397,5.4194e-05,0.076,0.2
10398,5.4196e-05,0.076,0.2
10399,5.4198e-05,0.076,0.2
10400,5.42e-05,0.076,0.2
10401,5.4202e-05,0.076,0.2
10402,5.4204e-05,0.076,0.2
10403,5.4206e-05,0.076,0.2
10404,5.4208e-05,0.076,0.2
10405,5.421e-05,0.076,0.2
10406,5.4212e-05,0.076,0.2
10407,5.4214e-05,0.076,0.2
10408,5.4216e-05,0.076,0.2
10409,5.4218e-05,0.076,0.2
10410,5.422e-05,0.076,0.2
10411,5.4222e-05,0.076,0.2
10412,5.4224e-05,0.076,0.2
10413,5.4226e-05,0.076,0.2
10414,5.4227999999999996e-05,0.076,0.2
10415,5.423e-05,0.076,0.2
10416,5.4232e-05,0.076,0.2
10417,5.4233999999999996e-05,0.076,0.2
10418,5.4236e-05,0.076,0.6
10419,5.4238000000000005e-05,0.076,0.2
10420,5.4239999999999996e-05,0.076,0.2
10421,5.4242e-05,0.076,0.2
10422,5.4244000000000004e-05,0.076,0.2
10423,5.4245999999999995e-05,0.076,0.2
10424,5.4248e-05,0.076,0.2
10425,5.4250000000000004e-05,0.076,0.2
10426,5.4252e-05,0.076,0.2
10427,5.4254e-05,0.076,0.2
10428,5.4256000000000004e-05,0.076,0.2
10429,5.4258e-05,0.076,0.2
10430,5.426e-05,0.076,0.2
10431,5.4262e-05,0.076,0.2
10432,5.4264e-05,0.076,0.2
10433,5.4266e-05,0.076,0.2
10434,5.4268e-05,0.084,0.6
10435,5.427e-05,0.076,0.2
10436,5.4272e-05,0.076,0.2
10437,5.4274e-05,0.076,0.2
10438,5.4276e-05,0.076,0.2
10439,5.4278e-05,0.076,0.2
10440,5.428e-05,0.076,0.2
10441,5.4282e-05,0.076,0.2
10442,5.4284e-05,0.084,0.6
10443,5.4286e-05,0.076,0.2
10444,5.4288e-05,0.084,0.2
10445,5.429e-05,0.076,0.2
10446,5.4292e-05,0.084,0.2
10447,5.4294e-05,0.076,0.2
10448,5.4295999999999997e-05,0.076,0.2
10449,5.4298e-05,0.076,0.2
10450,5.43e-05,0.076,0.2
10451,5.4301999999999996e-05,0.076,0.2
10452,5.4304e-05,0.084,0.2
10453,5.4306000000000005e-05,0.084,0.2
10454,5.4307999999999996e-05,0.084,0.2
10455,5.431e-05,0.076,0.2
10456,5.4312000000000004e-05,0.076,0.2
10457,5.4313999999999995e-05,0.084,0.2
10458,5.4316e-05,0.084,0.2
10459,5.4318000000000004e-05,0.084,0.2
10460,5.432e-05,0.084,0.2
10461,5.4322e-05,0.084,0.2
10462,5.4324000000000004e-05,0.084,0.2
10463,5.4326e-05,0.076,0.2
10464,5.4328e-05,0.084,0.2
10465,5.433e-05,0.084,0.2
10466,5.4332e-05,0.084,0.2
10467,5.4334e-05,0.076,0.2
10468,5.4336e-05,0.084,0.2
10469,5.4338e-05,0.084,0.2
10470,5.434e-05,0.084,0.2
10471,5.4342e-05,0.084,0.2
10472,5.4344e-05,0.084,0.2
10473,5.4346e-05,0.076,0.2
10474,5.4348e-05,0.084,0.2
10475,5.435e-05,0.084,0.2
10476,5.4352e-05,0.084,0.2
10477,5.4354e-05,0.084,0.2
10478,5.4356e-05,0.084,0.2
10479,5.4358e-05,0.084,0.2
10480,5.436e-05,0.084,0.2
10481,5.4362e-05,0.084,0.2
10482,5.4363999999999997e-05,0.084,0.2
10483,5.4366e-05,0.084,0.2
10484,5.4368e-05,0.084,0.2
10485,5.4369999999999996e-05,0.084,0.2
10486,5.4372e-05,0.084,0.2
10487,5.4374000000000005e-05,0.084,0.2
10488,5.4375999999999996e-05,0.084,0.2
10489,5.4378e-05,0.084,0.2
10490,5.4380000000000005e-05,0.084,0.2
10491,5.4381999999999995e-05,0.084,0.2
10492,5.4384e-05,0.084,0.2
10493,5.4386000000000004e-05,0.084,0.2
10494,5.4387999999999995e-05,0.084,0.2
10495,5.439e-05,0.084,0.2
10496,5.4392000000000004e-05,0.084,0.2
10497,5.4394e-05,0.084,0.2
10498,5.4396e-05,0.084,0.2
10499,5.4398e-05,0.084,0.2
10500,5.44e-05,0.084,0.2
10501,5.4402e-05,0.084,0.2
10502,5.4404e-05,0.084,0.2
10503,5.4406e-05,0.084,0.2
10504,5.4408e-05,0.084,0.2
10505,5.441e-05,0.084,0.2
10506,5.4412e-05,0.084,0.2
10507,5.4414e-05,0.084,0.2
10508,5.4416e-05,0.084,0.2
10509,5.4418e-05,0.084,0.6
10510,5.442e-05,0.084,0.2
10511,5.4422e-05,0.084,0.2
10512,5.4424e-05,0.084,0.2
10513,5.4426e-05,0.084,0.2
10514,5.4428e-05,0.084,0.6
10515,5.443e-05,0.084,0.2
10516,5.4431999999999997e-05,0.084,0.2
10517,5.4434e-05,0.084,0.2
10518,5.4436e-05,0.084,0.2
10519,5.4437999999999996e-05,0.084,0.2
10520,5.444e-05,0.084,0.2
10521,5.4442000000000005e-05,0.084,0.2
10522,5.4443999999999996e-05,0.084,0.2
10523,5.4446e-05,0.084,0.2
10524,5.4448000000000005e-05,0.084,0.2
10525,5.4449999999999995e-05,0.084,0.2
10526,5.4452e-05,0.084,0.6
10527,5.4454000000000004e-05,0.084,0.2
10528,5.4455999999999995e-05,0.084,0.2
10529,5.4458e-05,0.084,0.2
10530,5.4460000000000004e-05,0.084,0.6
10531,5.4462e-05,0.084,0.2
10532,5.4464e-05,0.084,0.2
10533,5.4466e-05,0.084,0.2
10534,5.4468e-05,0.084,0.2
10535,5.447e-05,0.084,0.2
10536,5.4472e-05,0.092,0.2
10537,5.4474e-05,0.084,0.2
10538,5.4476e-05,0.084,0.2
10539,5.4478e-05,0.084,0.2
10540,5.448e-05,0.084,0.2
10541,5.4482e-05,0.084,0.2
10542,5.4484e-05,0.084,0.2
10543,5.4486e-05,0.084,0.2
10544,5.4488e-05,0.084,0.2
10545,5.449e-05,0.084,0.2
10546,5.4492e-05,0.092,0.2
10547,5.4494e-05,0.084,0.2
10548,5.4496e-05,0.084,0.2
10549,5.4498e-05,0.084,0.2
10550,5.4499999999999997e-05,0.084,0.2
10551,5.4502e-05,0.084,0.2
10552,5.4504e-05,0.084,0.2
10553,5.4505999999999996e-05,0.092,0.2
10554,5.4508e-05,0.092,0.6
10555,5.4510000000000005e-05,0.084,0.2
10556,5.4511999999999996e-05,0.084,0.2
10557,5.4514e-05,0.084,0.2
10558,5.4516000000000005e-05,0.084,0.2
10559,5.4517999999999995e-05,0.092,0.2
10560,5.452e-05,0.092,0.2
10561,5.4522000000000004e-05,0.084,0.2
10562,5.4523999999999995e-05,0.084,0.2
10563,5.4526e-05,0.084,0.2
10564,5.4528000000000004e-05,0.084,0.2
10565,5.453e-05,0.084,0.2
10566,5.4532e-05,0.092,0.2
10567,5.4534e-05,0.084,0.2
10568,5.4536e-05,0.084,-0.2
10569,5.4538e-05,0.084,0.2
10570,5.454e-05,0.084,0.2
10571,5.4542e-05,0.084,0.2
10572,5.4544e-05,0.092,0.2
10573,5.4546e-05,0.084,0.2
10574,5.4548e-05,0.092,0.2
10575,5.455e-05,0.092,0.2
10576,5.4552e-05,0.084,0.2
10577,5.4554e-05,0.092,0.6
10578,5.4556e-05,0.092,0.2
10579,5.4558e-05,0.084,0.6
10580,5.456e-05,0.092,0.2
10581,5.4562e-05,0.092,0.2
10582,5.4564e-05,0.092,0.6
10583,5.4566e-05,0.092,0.2
10584,5.4567999999999997e-05,0.092,0.2
10585,5.457e-05,0.092,0.2
10586,5.4572e-05,0.092,0.2
10587,5.4573999999999996e-05,0.092,0.6
10588,5.4576e-05,0.092,0.2
10589,5.4578000000000005e-05,0.092,0.6
10590,5.4579999999999996e-05,0.092,0.2
10591,5.4582e-05,0.092,0.2
10592,5.4584000000000005e-05,0.092,0.2
10593,5.4585999999999995e-05,0.092,0.2
10594,5.4588e-05,0.092,0.6
10595,5.4590000000000004e-05,0.092,0.2
10596,5.4591999999999995e-05,0.092,0.2
10597,5.4594e-05,0.092,0.6
10598,5.4596000000000004e-05,0.092,0.2
10599,5.4598e-05,0.092,0.6
10600,5.46e-05,0.092,0.2
10601,5.4602000000000003e-05,0.092,0.2
10602,5.4604e-05,0.092,0.2
10603,5.4606e-05,0.092,0.2
10604,5.4608e-05,0.092,0.2
10605,5.461e-05,0.092,0.2
10606,5.4612e-05,0.092,0.2
10607,5.4614e-05,0.092,0.2
10608,5.4616e-05,0.092,0.2
10609,5.4618e-05,0.092,0.2
10610,5.462e-05,0.092,0.2
10611,5.4622e-05,0.092,0.2
10612,5.4624e-05,0.092,0.2
10613,5.4626e-05,0.092,0.2
10614,5.4628e-05,0.092,0.2
10615,5.463e-05,0.092,0.2
10616,5.4632e-05,0.092,0.2
10617,5.4634e-05,0.092,0.2
10618,5.4636e-05,0.092,0.2
10619,5.4638e-05,0.092,0.2
10620,5.464e-05,0.092,0.2
10621,5.4641999999999996e-05,0.092,0.2
10622,5.4644e-05,0.092,0.2
10623,5.4646000000000005e-05,0.092,0.2
10624,5.4647999999999996e-05,0.092,0.2
10625,5.465e-05,0.092,0.2
10626,5.4652000000000005e-05,0.092,0.6
10627,5.4653999999999995e-05,0.092,0.6
10628,5.4656e-05,0.092,0.2
10629,5.4658000000000004e-05,0.092,0.6
10630,5.4659999999999995e-05,0.092,0.2
10631,5.4662e-05,0.092,0.2
10632,5.4664000000000004e-05,0.092,0.2
10633,5.4666e-05,0.092,0.2
10634,5.4668e-05,0.092,0.6
10635,5.4670000000000003e-05,0.092,0.2
10636,5.4672e-05,0.092,0.2
10637,5.4674e-05,0.092,0.6
10638,5.4676e-05,0.092,0.2
10639,5.4678e-05,0.092,0.2
10640,5.468e-05,0.092,0.2
10641,5.4682e-05,0.092,0.2
10642,5.4684e-05,0.092,0.6
10643,5.4686e-05,0.092,0.2
10644,5.4688e-05,0.092,0.2
10645,5.469e-05,0.092,0.2
10646,5.4692e-05,0.092,0.2
10647,5.4694e-05,0.092,0.2
10648,5.4696e-05,0.092,0.2
10649,5.4698e-05,0.092,0.2
10650,5.47e-05,0.092,0.2
10651,5.4702e-05,0.092,0.6
10652,5.4704e-05,0.092,0.2
10653,5.4706e-05,0.092,0.2
10654,5.4708e-05,0.092,0.2
10655,5.4709999999999996e-05,0.092,0.2
10656,5.4712e-05,0.092,0.2
10657,5.4714000000000005e-05,0.092,0.2
10658,5.4715999999999996e-05,0.092,0.6
10659,5.4718e-05,0.092,0.2
10660,5.4720000000000005e-05,0.092,0.2
10661,5.4721999999999995e-05,0.092,0.2
10662,5.4724e-05,0.092,0.2
10663,5.4726000000000004e-05,0.092,0.2
10664,5.4727999999999995e-05,0.092,0.2
10665,5.473e-05,0.092,0.2
10666,5.4732000000000004e-05,0.1,0.2
10667,5.4734e-05,0.092,0.2
10668,5.4736e-05,0.092,0.2
10669,5.4738000000000003e-05,0.092,0.6
10670,5.474e-05,0.1,0.2
10671,5.4742e-05,0.092,0.2
10672,5.4744e-05,0.092,0.2
10673,5.4746e-05,0.092,0.2
10674,5.4748e-05,0.1,0.6
10675,5.475e-05,0.092,0.2
10676,5.4752e-05,0.092,0.2
10677,5.4754e-05,0.1,0.2
10678,5.4756e-05,0.092,0.2
10679,5.4758e-05,0.092,0.2
10680,5.476e-05,0.092,0.2
10681,5.4762e-05,0.092,0.2
10682,5.4764e-05,0.1,0.2
10683,5.4766e-05,0.1,0.2
10684,5.4768e-05,0.1,0.2
10685,5.477e-05,0.1,0.2
10686,5.4772e-05,0.1,0.2
10687,5.4774e-05,0.092,0.2
10688,5.4776e-05,0.092,0.2
10689,5.4777999999999996e-05,0.1,0.2
10690,5.478e-05,0.092,0.6
10691,5.4782000000000005e-05,0.092,0.2
10692,5.4783999999999996e-05,0.092,0.2
10693,5.4786e-05,0.1,0.2
10694,5.4788000000000005e-05,0.1,0.2
10695,5.4789999999999995e-05,0.1,0.2
10696,5.4792e-05,0.1,0.2
10697,5.4794000000000004e-05,0.1,0.2
10698,5.4795999999999995e-05,0.1,0.2
10699,5.4798e-05,0.1,0.2
10700,5.4800000000000004e-05,0.1,0.2
10701,5.4802e-05,0.1,0.6
10702,5.4804e-05,0.1,0.2
10703,5.4806000000000003e-05,0.1,0.2
10704,5.4808e-05,0.1,0.2
10705,5.481e-05,0.1,0.2
10706,5.4812e-05,0.1,0.2
10707,5.4814e-05,0.1,0.2
10708,5.4816e-05,0.1,0.2
10709,5.4818e-05,0.1,0.6
10710,5.482e-05,0.1,0.2
10711,5.4822e-05,0.1,0.2
10712,5.4824e-05,0.1,0.2
10713,5.4826e-05,0.1,0.6
10714,5.4828e-05,0.1,0.6
10715,5.483e-05,0.1,0.2
10716,5.4832e-05,0.1,0.2
10717,5.4834e-05,0.1,0.2
10718,5.4836e-05,0.1,0.2
10719,5.4838e-05,0.1,0.2
10720,5.484e-05,0.1,0.2
10721,5.4842e-05,0.1,0.2
10722,5.4844e-05,0.1,0.2
10723,5.4845999999999996e-05,0.1,0.2
10724,5.4848e-05,0.1,0.2
10725,5.4850000000000005e-05,0.1,0.2
10726,5.4851999999999996e-05,0.1,0.6
10727,5.4854e-05,0.1,0.2
10728,5.4856000000000005e-05,0.1,0.2
10729,5.4857999999999996e-05,0.1,0.2
10730,5.486e-05,0.1,0.6
10731,5.4862000000000004e-05,0.1,0.2
10732,5.4863999999999995e-05,0.1,0.2
10733,5.4866e-05,0.1,0.2
10734,5.4868000000000004e-05,0.1,0.6
10735,5.487e-05,0.1,0.2
10736,5.4872e-05,0.1,0.2
10737,5.4874000000000004e-05,0.1,0.2
10738,5.4876e-05,0.1,0.2
10739,5.4878e-05,0.1,0.6
10740,5.488e-05,0.1,0.2
10741,5.4882e-05,0.1,0.2
10742,5.4884e-05,0.1,0.2
10743,5.4886e-05,0.1,0.2
10744,5.4888e-05,0.1,0.2
10745,5.489e-05,0.1,0.2
10746,5.4892e-05,0.1,0.6
10747,5.4894e-05,0.1,0.6
10748,5.4896e-05,0.1,0.2
10749,5.4898e-05,0.1,0.2
10750,5.49e-05,0.1,0.2
10751,5.4902e-05,0.1,0.2
10752,5.4904e-05,0.1,0.2
10753,5.4906e-05,0.1,0.2
10754,5.4908e-05,0.1,0.2
10755,5.491e-05,0.1,0.2
10756,5.4912e-05,0.1,0.2
10757,5.4913999999999996e-05,0.1,0.6
10758,5.4916e-05,0.1,0.2
10759,5.4918000000000005e-05,0.1,0.2
10760,5.4919999999999996e-05,0.1,0.2
10761,5.4922e-05,0.1,0.2
10762,5.4924000000000005e-05,0.1,0.6
10763,5.4925999999999996e-05,0.1,0.2
10764,5.4928e-05,0.1,0.2
10765,5.4930000000000004e-05,0.1,0.2
10766,5.4931999999999995e-05,0.1,0.2
10767,5.4934e-05,0.1,0.2
10768,5.4936000000000004e-05,0.1,0.2
10769,5.4938e-05,0.1,0.6
10770,5.494e-05,0.1,0.2
10771,5.4942000000000004e-05,0.1,0.6
10772,5.4944e-05,0.1,0.2
10773,5.4946e-05,0.1,0.2
10774,5.4948e-05,0.1,0.6
10775,5.495e-05,0.1,0.2
10776,5.4952e-05,0.1,0.2
10777,5.4954e-05,0.1,0.6
10778,5.4956e-05,0.108,0.2
10779,5.4958e-05,0.1,0.6
10780,5.496e-05,0.108,0.2
10781,5.4962e-05,0.1,0.2
10782,5.4964e-05,0.108,0.6
10783,5.4966e-05,0.1,0.2
10784,5.4968e-05,0.1,0.2
10785,5.497e-05,0.1,0.2
10786,5.4972e-05,0.1,0.6
10787,5.4974e-05,0.1,0.6
10788,5.4976e-05,0.1,0.2
10789,5.4978e-05,0.1,0.2
10790,5.498e-05,0.108,0.2
10791,5.4981999999999996e-05,0.1,0.2
10792,5.4984e-05,0.1,0.2
10793,5.4986e-05,0.1,0.2
10794,5.4987999999999996e-05,0.1,0.6
10795,5.499e-05,0.108,0.2
10796,5.4992000000000005e-05,0.108,0.2
10797,5.4993999999999996e-05,0.1,0.2
10798,5.4996e-05,0.1,0.2
10799,5.4998000000000004e-05,0.108,0.6
10800,5.4999999999999995e-05,0.108,0.2
10801,5.5002e-05,0.1,0.2
10802,5.5004000000000004e-05,0.108,0.2
10803,5.5006e-05,0.1,0.2
10804,5.5008e-05,0.1,0.2
10805,5.5010000000000004e-05,0.108,0.2
10806,5.5012e-05,0.108,0.6
10807,5.5014e-05,0.108,0.6
10808,5.5016e-05,0.108,0.2
10809,5.5018e-05,0.108,0.2
10810,5.502e-05,0.108,0.2
10811,5.5022e-05,0.108,0.2
10812,5.5024e-05,0.1,0.2
10813,5.5026e-05,0.108,0.2
10814,5.5028e-05,0.108,0.6
10815,5.503e-05,0.108,0.2
10816,5.5032e-05,0.108,0.2
10817,5.5034e-05,0.108,0.2
10818,5.5036e-05,0.108,0.6
10819,5.5038e-05,0.108,0.6
10820,5.504e-05,0.108,0.2
10821,5.5042e-05,0.108,0.2
10822,5.5044e-05,0.108,0.2
10823,5.5046e-05,0.108,0.2
10824,5.5048e-05,0.108,0.2
10825,5.5049999999999996e-05,0.108,0.2
10826,5.5052e-05,0.108,0.2
10827,5.5054e-05,0.108,0.2
10828,5.5055999999999996e-05,0.108,0.2
10829,5.5058e-05,0.108,0.2
10830,5.5060000000000005e-05,0.108,0.2
10831,5.5061999999999996e-05,0.108,0.2
10832,5.5064e-05,0.108,0.2
10833,5.5066000000000004e-05,0.108,0.2
10834,5.5067999999999995e-05,0.108,0.6
10835,5.507e-05,0.108,0.2
10836,5.5072000000000004e-05,0.108,0.2
10837,5.5074e-05,0.108,0.2
10838,5.5076e-05,0.108,0.2
10839,5.5078000000000004e-05,0.108,0.2
10840,5.508e-05,0.108,0.2
10841,5.5082e-05,0.108,0.2
10842,5.5084e-05,0.108,0.6
10843,5.5086e-05,0.108,0.2
10844,5.5088e-05,0.108,0.2
10845,5.509e-05,0.108,0.6
10846,5.5092e-05,0.108,0.6
10847,5.5094e-05,0.108,0.2
10848,5.5096e-05,0.108,0.2
10849,5.5098e-05,0.108,0.6
10850,5.51e-05,0.108,0.2
10851,5.5102e-05,0.108,0.2
10852,5.5104e-05,0.108,0.2
10853,5.5106e-05,0.108,0.6
10854,5.5108e-05,0.108,0.6
10855,5.511e-05,0.108,0.2
10856,5.5112e-05,0.108,0.2
10857,5.5114e-05,0.108,0.2
10858,5.5116e-05,0.108,0.6
10859,5.5117999999999996e-05,0.108,0.6
10860,5.512e-05,0.108,0.2
10861,5.5122e-05,0.108,0.6
10862,5.5123999999999996e-05,0.108,0.2
10863,5.5126e-05,0.108,0.2
10864,5.5128000000000005e-05,0.108,0.2
10865,5.5129999999999996e-05,0.108,0.2
10866,5.5132e-05,0.108,0.6
10867,5.5134000000000004e-05,0.108,0.2
10868,5.5135999999999995e-05,0.108,0.2
10869,5.5138e-05,0.108,0.6
10870,5.5140000000000004e-05,0.108,0.2
10871,5.5142e-05,0.108,0.2
10872,5.5144e-05,0.108,0.2
10873,5.5146000000000004e-05,0.108,0.2
10874,5.5148e-05,0.108,0.6
10875,5.515e-05,0.108,0.2
10876,5.5152e-05,0.108,0.2
10877,5.5154e-05,0.108,0.6
10878,5.5156e-05,0.108,0.6
10879,5.5158e-05,0.108,0.2
10880,5.516e-05,0.108,0.2
10881,5.5162e-05,0.108,0.2
10882,5.5164e-05,0.108,0.6
10883,5.5166e-05,0.108,0.2
10884,5.5168e-05,0.108,0.2
10885,5.517e-05,0.108,0.2
10886,5.5172e-05,0.108,0.6
10887,5.5174e-05,0.108,0.2
10888,5.5176e-05,0.108,0.2
10889,5.5178e-05,0.108,0.2
10890,5.518e-05,0.108,0.6
10891,5.5182e-05,0.108,0.2
10892,5.5184e-05,0.108,0.2
10893,5.5185999999999996e-05,0.108,0.6
10894,5.5188e-05,0.108,0.6
10895,5.519e-05,0.108,0.2
10896,5.5191999999999996e-05,0.108,0.2
10897,5.5194e-05,0.108,0.2
10898,5.5196000000000005e-05,0.108,0.6
10899,5.5197999999999996e-05,0.108,0.6
10900,5.52e-05,0.108,0.2
10901,5.5202000000000004e-05,0.108,0.2
10902,5.5203999999999995e-05,0.108,0.6
10903,5.5206e-05,0.116,0.6
10904,5.5208000000000004e-05,0.108,0.2
10905,5.521e-05,0.108,0.2
10906,5.5212e-05,0.116,0.6
10907,5.5214000000000004e-05,0.108,0.2
10908,5.5216e-05,0.108,0.2
10909,5.5218e-05,0.108,0.6
10910,5.522e-05,0.116,0.2
10911,5.5222e-05,0.108,0.2
10912,5.5224e-05,0.116,0.2
10913,5.5226e-05,0.108,0.2
10914,5.5228e-05,0.116,0.6
10915,5.523e-05,0.108,0.2
10916,5.5232e-05,0.108,0.2
10917,5.5234e-05,0.108,0.2
10918,5.5236e-05,0.116,0.6
10919,5.5238e-05,0.108,0.6
10920,5.524e-05,0.108,0.2
10921,5.5242e-05,0.116,0.2
10922,5.5244e-05,0.116,0.6
10923,5.5246e-05,0.116,0.6
10924,5.5248e-05,0.116,0.2
10925,5.525e-05,0.116,0.2
10926,5.5252e-05,0.116,0.6
10927,5.5253999999999996e-05,0.116,0.2
10928,5.5256e-05,0.116,0.2
10929,5.5258e-05,0.116,0.6
10930,5.5259999999999996e-05,0.116,0.2
10931,5.5262e-05,0.116,0.6
10932,5.5264000000000005e-05,0.116,0.2
10933,5.5265999999999996e-05,0.116,0.2
10934,5.5268e-05,0.116,0.6
10935,5.5270000000000004e-05,0.116,0.2
10936,5.5271999999999995e-05,0.116,0.2
10937,5.5274e-05,0.116,0.6
10938,5.5276000000000004e-05,0.116,0.6
10939,5.5278e-05,0.116,0.6
10940,5.528e-05,0.116,0.2
10941,5.5282000000000004e-05,0.116,0.6
10942,5.5284e-05,0.116,0.2
10943,5.5286e-05,0.116,0.2
10944,5.5288e-05,0.116,0.2
10945,5.529e-05,0.116,0.2
10946,5.5292e-05,0.116,0.6
10947,5.5294e-05,0.116,0.6
10948,5.5296e-05,0.116,0.2
10949,5.5298e-05,0.116,0.6
10950,5.53e-05,0.116,0.2
10951,5.5302e-05,0.116,0.6
10952,5.5304e-05,0.116,0.2
10953,5.5306e-05,0.116,0.2
10954,5.5308e-05,0.116,0.6
10955,5.531e-05,0.116,0.2
10956,5.5312e-05,0.116,0.2
10957,5.5314e-05,0.116,0.6
10958,5.5316e-05,0.116,0.2
10959,5.5318e-05,0.116,0.6
10960,5.532e-05,0.116,0.2
10961,5.5321999999999997e-05,0.116,0.2
10962,5.5324e-05,0.116,0.2
10963,5.5326e-05,0.116,0.6
10964,5.5327999999999996e-05,0.116,0.2
10965,5.533e-05,0.116,0.2
10966,5.5332000000000005e-05,0.116,0.6
10967,5.5333999999999996e-05,0.116,0.6
10968,5.5336e-05,0.116,0.2
10969,5.5338000000000004e-05,0.116,0.6
10970,5.5339999999999995e-05,0.116,0.2
10971,5.5342e-05,0.116,0.6
10972,5.5344000000000004e-05,0.116,0.2
10973,5.5346e-05,0.116,0.2
10974,5.5348e-05,0.116,0.6
10975,5.5350000000000004e-05,0.116,0.2
10976,5.5352e-05,0.116,0.2
10977,5.5354e-05,0.116,0.6
10978,5.5356e-05,0.116,0.2
10979,5.5358e-05,0.116,0.6
10980,5.536e-05,0.116,0.2
10981,5.5362e-05,0.116,0.2
10982,5.5364e-05,0.116,0.6
10983,5.5366e-05,0.116,0.2
10984,5.5368e-05,0.116,0.2
10985,5.537e-05,0.116,0.2
10986,5.5372e-05,0.116,0.6
10987,5.5374e-05,0.116,0.6
10988,5.5376e-05,0.116,0.2
10989,5.5378e-05,0.116,0.6
10990,5.538e-05,0.116,0.6
10991,5.5382e-05,0.116,0.6
10992,5.5384e-05,0.116,0.2
10993,5.5386e-05,0.116,0.2
10994,5.5388e-05,0.116,0.6
10995,5.5389999999999997e-05,0.116,0.2
10996,5.5392e-05,0.116,0.2
10997,5.5394e-05,0.116,0.2
10998,5.5395999999999996e-05,0.116,0.6
10999,5.5398e-05,0.116,0.6
11000,5.5400000000000005e-05,0.116,0.2
11001,5.5401999999999996e-05,0.116,0.6
11002,5.5404e-05,0.124,0.6
11003,5.5406000000000005e-05,0.116,0.6
11004,5.5407999999999995e-05,0.124,0.2
11005,5.541e-05,0.116,0.2
11006,5.5412000000000004e-05,0.116,0.6
11007,5.5414e-05,0.124,0.6
11008,5.5416e-05,0.116,0.2
11009,5.5418000000000004e-05,0.116,0.6
11010,5.542e-05,0.116,0.6
11011,5.5422e-05,0.116,0.6
11012,5.5424e-05,0.116,0.2
11013,5.5426e-05,0.116,0.6
11014,5.5428e-05,0.116,0.2
11015,5.543e-05,0.116,0.2
11016,5.5432e-05,0.116,0.2
11017,5.5434e-05,0.124,0.2
11018,5.5436e-05,0.124,0.6
11019,5.5438e-05,0.124,0.2
11020,5.544e-05,0.124,0.2
11021,5.5442e-05,0.116,0.2
11022,5.5444e-05,0.124,0.2
11023,5.5446e-05,0.124,0.2
11024,5.5448e-05,0.116,0.2
11025,5.545e-05,0.116,0.2
11026,5.5452e-05,0.124,0.6
11027,5.5454e-05,0.124,0.2
11028,5.5456e-05,0.116,0.2
11029,5.5457999999999997e-05,0.124,0.6
11030,5.546e-05,0.124,0.6
11031,5.5462e-05,0.124,0.6
11032,5.5463999999999996e-05,0.124,0.2
11033,5.5466e-05,0.116,0.2
11034,5.5468000000000005e-05,0.124,0.6
11035,5.5469999999999996e-05,0.124,0.2
11036,5.5472e-05,0.124,0.2
11037,5.5474000000000005e-05,0.124,0.6
11038,5.5475999999999995e-05,0.124,0.6
11039,5.5478e-05,0.124,0.2
11040,5.5480000000000004e-05,0.124,0.2
11041,5.5482e-05,0.124,0.6
11042,5.5484e-05,0.124,0.6
11043,5.5486000000000004e-05,0.124,0.2
11044,5.5488e-05,0.124,0.2
11045,5.549e-05,0.124,0.2
11046,5.5492e-05,0.124,0.6
11047,5.5494e-05,0.124,0.6
11048,5.5496e-05,0.124,0.2
11049,5.5498e-05,0.124,0.6
11050,5.55e-05,0.124,0.6
11051,5.5502e-05,0.124,0.2
11052,5.5504e-05,0.124,0.2
11053,5.5506e-05,0.124,0.2
11054,5.5508e-05,0.124,0.6
11055,5.551e-05,0.124,0.2
11056,5.5512e-05,0.124,0.2
11057,5.5514e-05,0.124,0.2
11058,5.5516e-05,0.124,0.6
11059,5.5518e-05,0.124,0.6
11060,5.552e-05,0.124,0.2
11061,5.5522e-05,0.124,0.2
11062,5.5524e-05,0.124,0.6
11063,5.5525999999999997e-05,0.124,0.2
11064,5.5528e-05,0.124,0.2
11065,5.553e-05,0.124,0.2
11066,5.5531999999999996e-05,0.124,0.6
11067,5.5534e-05,0.124,0.6
11068,5.5536000000000005e-05,0.124,0.2
11069,5.5537999999999996e-05,0.124,0.2
11070,5.554e-05,0.124,0.2
11071,5.5542000000000005e-05,0.124,0.2
11072,5.5543999999999995e-05,0.124,0.2
11073,5.5546e-05,0.124,0.2
11074,5.5548000000000004e-05,0.124,0.6
11075,5.5549999999999995e-05,0.124,0.2
11076,5.5552e-05,0.124,0.2
11077,5.5554000000000004e-05,0.124,0.2
11078,5.5556e-05,0.124,0.6
11079,5.5558e-05,0.124,0.6
11080,5.556e-05,0.124,0.2
11081,5.5562e-05,0.124,0.2
11082,5.5564e-05,0.124,0.6
11083,5.5566e-05,0.124,0.6
11084,5.5568e-05,0.124,0.2
11085,5.557e-05,0.124,0.6
11086,5.5572e-05,0.124,0.6
11087,5.5574e-05,0.124,0.6
11088,5.5576e-05,0.124,0.2
11089,5.5578e-05,0.124,0.6
11090,5.558e-05,0.124,0.2
11091,5.5582e-05,0.124,0.6
11092,5.5584e-05,0.124,0.2
11093,5.5586e-05,0.124,0.2
11094,5.5588e-05,0.124,0.6
11095,5.559e-05,0.124,0.2
11096,5.5592e-05,0.124,0.2
11097,5.5593999999999997e-05,0.124,0.6
11098,5.5596e-05,0.124,0.6
11099,5.5598e-05,0.124,0.6
11100,5.5599999999999996e-05,0.124,0.2
11101,5.5602e-05,0.124,0.6
11102,5.5604000000000005e-05,0.124,0.6
11103,5.5605999999999996e-05,0.124,0.6
11104,5.5608e-05,0.124,0.2
11105,5.5610000000000005e-05,0.124,0.6
11106,5.5611999999999995e-05,0.124,0.6
11107,5.5614e-05,0.124,0.6
11108,5.5616000000000004e-05,0.124,0.2
11109,5.5617999999999995e-05,0.132,0.6
11110,5.562e-05,0.124,0.2
11111,5.5622000000000004e-05,0.124,0.6
11112,5.5624e-05,0.124,0.2
11113,5.5626e-05,0.124,0.6
11114,5.5628000000000003e-05,0.124,0.6
11115,5.563e-05,0.132,0.6
11116,5.5632e-05,0.124,0.2
11117,5.5634e-05,0.124,0.6
11118,5.5636e-05,0.132,0.2
11119,5.5638e-05,0.124,0.6
11120,5.564e-05,0.124,0.2
11121,5.5642e-05,0.132,0.2
11122,5.5644e-05,0.132,0.6
11123,5.5646e-05,0.124,0.2
11124,5.5648e-05,0.124,0.2
11125,5.565e-05,0.124,0.6
11126,5.5652e-05,0.132,0.6
11127,5.5654e-05,0.132,0.6
11128,5.5656e-05,0.132,0.2
11129,5.5658e-05,0.132,0.2
11130,5.566e-05,0.132,0.6
11131,5.5662e-05,0.124,0.6
11132,5.5664e-05,0.132,0.2
11133,5.5666e-05,0.132,0.6
11134,5.5667999999999996e-05,0.132,0.6
11135,5.567e-05,0.124,0.2
11136,5.5672000000000005e-05,0.132,0.2
11137,5.5673999999999996e-05,0.132,0.6
11138,5.5676e-05,0.132,0.6
11139,5.5678000000000005e-05,0.132,0.6
11140,5.5679999999999995e-05,0.124,0.2
11141,5.5682e-05,0.132,0.6
11142,5.5684000000000004e-05,0.132,0.2
11143,5.5685999999999995e-05,0.132,0.6
11144,5.5688e-05,0.124,0.2
11145,5.5690000000000004e-05,0.132,0.2
11146,5.5692e-05,0.132,0.6
11147,5.5694e-05,0.132,0.6
11148,5.5696000000000003e-05,0.132,0.2
11149,5.5698e-05,0.132,0.6
11150,5.57e-05,0.132,0.6
11151,5.5702e-05,0.132,0.6
11152,5.5704e-05,0.132,0.2
11153,5.5706e-05,0.132,0.2
11154,5.5708e-05,0.132,0.6
11155,5.571e-05,0.132,0.2
11156,5.5712e-05,0.132,0.2
11157,5.5714e-05,0.132,0.6
11158,5.5716e-05,0.132,0.6
11159,5.5718e-05,0.132,0.6
11160,5.572e-05,0.132,0.2
11161,5.5722e-05,0.132,0.6
11162,5.5724e-05,0.132,0.6
11163,5.5726e-05,0.132,0.6
11164,5.5728e-05,0.132,0.2
11165,5.573e-05,0.132,0.6
11166,5.5732e-05,0.132,0.6
11167,5.5734e-05,0.132,0.6
11168,5.5735999999999996e-05,0.132,0.2
11169,5.5738e-05,0.132,0.6
11170,5.5740000000000005e-05,0.132,0.2
11171,5.5741999999999996e-05,0.132,0.6
11172,5.5744e-05,0.132,0.2
11173,5.5746000000000005e-05,0.132,0.6
11174,5.5747999999999995e-05,0.132,0.6
11175,5.575e-05,0.132,0.2
11176,5.5752000000000004e-05,0.132,0.2
11177,5.5753999999999995e-05,0.132,0.6
11178,5.5756e-05,0.132,0.2
11179,5.5758000000000004e-05,0.132,0.6
11180,5.576e-05,0.132,0.2
11181,5.5762e-05,0.132,0.2
11182,5.5764000000000003e-05,0.132,0.6
11183,5.5766e-05,0.132,0.2
11184,5.5768e-05,0.132,0.2
11185,5.577e-05,0.132,0.2
11186,5.5772e-05,0.132,0.6
11187,5.5774e-05,0.132,0.6
11188,5.5776e-05,0.132,0.2
11189,5.5778e-05,0.132,0.6
11190,5.578e-05,0.132,0.6
11191,5.5782e-05,0.132,0.6
11192,5.5784e-05,0.132,0.2
11193,5.5786e-05,0.132,0.2
11194,5.5788e-05,0.132,0.6
11195,5.579e-05,0.132,0.2
11196,5.5792e-05,0.132,0.2
11197,5.5794e-05,0.132,0.6
11198,5.5796e-05,0.132,0.2
11199,5.5798e-05,0.14,0.6
11200,5.58e-05,0.132,0.2
11201,5.5802e-05,0.132,0.6
11202,5.5803999999999996e-05,0.132,0.6
11203,5.5806e-05,0.132,0.6
11204,5.5808000000000005e-05,0.132,0.2
11205,5.5809999999999996e-05,0.132,0.6
11206,5.5812e-05,0.132,0.6
11207,5.5814000000000005e-05,0.132,0.2
11208,5.5815999999999996e-05,0.132,0.2
11209,5.5818e-05,0.132,0.6
11210,5.5820000000000004e-05,0.132,0.6
11211,5.5821999999999995e-05,0.14,0.6
11212,5.5824e-05,0.132,0.2
11213,5.5826000000000004e-05,0.132,0.6
11214,5.5828e-05,0.132,0.6
11215,5.583e-05,0.14,0.2
11216,5.5832000000000003e-05,0.132,0.2
11217,5.5834e-05,0.132,0.6
11218,5.5836e-05,0.14,0.6
11219,5.5838e-05,0.132,0.6
11220,5.584e-05,0.132,0.2
11221,5.5842e-05,0.132,0.6
11222,5.5844e-05,0.132,0.6
11223,5.5846e-05,0.132,0.6
11224,5.5848e-05,0.132,0.2
11225,5.585e-05,0.132,0.6
11226,5.5852e-05,0.132,0.6
11227,5.5854e-05,0.132,0.6
11228,5.5856e-05,0.132,0.2
11229,5.5858e-05,0.14,0.6
11230,5.586e-05,0.132,0.2
11231,5.5862e-05,0.14,0.6
11232,5.5864e-05,0.132,0.2
11233,5.5866e-05,0.132,0.6
11234,5.5868e-05,0.14,0.6
11235,5.587e-05,0.14,0.6
11236,5.5871999999999996e-05,0.14,0.2
11237,5.5874e-05,0.132,0.6
11238,5.5876000000000005e-05,0.14,0.6
11239,5.5877999999999996e-05,0.14,0.6
11240,5.588e-05,0.14,0.2
11241,5.5882000000000005e-05,0.14,0.2
11242,5.5883999999999996e-05,0.14,0.6
11243,5.5886e-05,0.14,0.6
11244,5.5888000000000004e-05,0.132,0.2
11245,5.5889999999999995e-05,0.14,0.6
11246,5.5892e-05,0.132,0.6
11247,5.5894000000000004e-05,0.14,0.2
11248,5.5896e-05,0.14,0.2
11249,5.5898e-05,0.14,0.6
11250,5.5900000000000004e-05,0.14,0.6
11251,5.5902e-05,0.14,0.6
11252,5.5904e-05,0.14,0.2
11253,5.5906e-05,0.14,0.6
11254,5.5908e-05,0.14,0.6
11255,5.591e-05,0.14,0.6
11256,5.5912e-05,0.14,0.2
11257,5.5914e-05,0.14,0.6
11258,5.5916e-05,0.14,0.6
11259,5.5918e-05,0.14,0.6
11260,5.592e-05,0.14,0.2
11261,5.5922e-05,0.14,0.6
11262,5.5924e-05,0.14,0.6
11263,5.5926e-05,0.14,0.6
11264,5.5928e-05,0.14,0.2
11265,5.593e-05,0.14,0.6
11266,5.5932e-05,0.14,0.6
11267,5.5934e-05,0.14,0.2
11268,5.5936e-05,0.14,0.2
11269,5.5938e-05,0.14,0.6
11270,5.5939999999999996e-05,0.14,0.6
11271,5.5942e-05,0.14,0.2
11272,5.5944000000000005e-05,0.14,0.2
11273,5.5945999999999996e-05,0.14,0.6
11274,5.5948e-05,0.14,0.6
11275,5.5950000000000005e-05,0.14,0.6
11276,5.5951999999999996e-05,0.14,0.2
11277,5.5954e-05,0.14,0.6
11278,5.5956000000000004e-05,0.14,0.6
11279,5.5957999999999995e-05,0.14,0.6
11280,5.596e-05,0.14,0.2
11281,5.5962000000000004e-05,0.14,0.6
11282,5.5964e-05,0.14,0.6
11283,5.5966e-05,0.14,0.6
11284,5.5968000000000004e-05,0.14,0.2
11285,5.597e-05,0.14,0.6
11286,5.5972e-05,0.14,0.6
11287,5.5974e-05,0.14,0.6
11288,5.5976e-05,0.14,0.2
11289,5.5978e-05,0.14,0.6
11290,5.598e-05,0.14,0.6
11291,5.5982e-05,0.14,0.6
11292,5.5984e-05,0.14,0.2
11293,5.5986e-05,0.14,0.6
11294,5.5988e-05,0.14,0.6
11295,5.599e-05,0.14,0.2
11296,5.5992e-05,0.14,0.2
11297,5.5994e-05,0.14,0.6
11298,5.5996e-05,0.14,0.6
11299,5.5998e-05,0.14,0.6
11300,5.6e-05,0.14,0.2
11301,5.6002e-05,0.14,0.6
11302,5.6004e-05,0.14,0.2
11303,5.6006e-05,0.14,0.6
11304,5.6007999999999996e-05,0.14,0.2
11305,5.601e-05,0.14,0.2
11306,5.6012000000000005e-05,0.14,0.6
11307,5.6013999999999996e-05,0.14,0.6
11308,5.6016e-05,0.14,0.2
11309,5.6018000000000005e-05,0.14,0.6
11310,5.6019999999999996e-05,0.14,0.6
11311,5.6022e-05,0.14,0.6
11312,5.6024000000000004e-05,0.14,0.2
11313,5.6025999999999995e-05,0.14,0.6
11314,5.6028e-05,0.14,0.6
11315,5.6030000000000004e-05,0.14,0.2
11316,5.6032e-05,0.14,0.2
11317,5.6034e-05,0.14,0.6
11318,5.6036000000000004e-05,0.14,0.6
11319,5.6038e-05,0.14,0.6
11320,5.604e-05,0.14,0.2
11321,5.6042e-05,0.14,0.6
11322,5.6044e-05,0.14,0.6
11323,5.6046e-05,0.14,0.6
11324,5.6048e-05,0.14,0.2
11325,5.605e-05,0.14,0.6
11326,5.6052e-05,0.14,0.6
11327,5.6054e-05,0.148,0.6
11328,5.6056e-05,0.14,0.2
11329,5.6058e-05,0.14,0.6
11330,5.606e-05,0.14,0.6
11331,5.6062e-05,0.14,0.6
11332,5.6064e-05,0.14,0.2
11333,5.6066e-05,0.148,0.6
11334,5.6068e-05,0.14,0.6
11335,5.607e-05,0.148,0.6
11336,5.6072e-05,0.14,0.2
11337,5.6074e-05,0.14,0.6
11338,5.6075999999999996e-05,0.148,0.6
11339,5.6078e-05,0.148,0.6
11340,5.6080000000000005e-05,0.148,0.2
11341,5.6081999999999996e-05,0.148,0.6
11342,5.6084e-05,0.148,0.6
11343,5.6086000000000005e-05,0.148,0.6
11344,5.6087999999999996e-05,0.14,0.2
11345,5.609e-05,0.148,0.6
11346,5.6092000000000004e-05,0.148,0.6
11347,5.6093999999999995e-05,0.148,0.6
11348,5.6096e-05,0.14,0.2
11349,5.6098000000000004e-05,0.148,0.6
11350,5.61e-05,0.148,0.6
11351,5.6102e-05,0.148,0.6
11352,5.6104000000000004e-05,0.148,0.2
11353,5.6106e-05,0.148,0.6
11354,5.6108e-05,0.148,0.6
11355,5.611e-05,0.148,0.6
11356,5.6112e-05,0.148,0.2
11357,5.6114e-05,0.148,0.6
11358,5.6116e-05,0.148,0.6
11359,5.6118e-05,0.148,0.6
11360,5.612e-05,0.148,0.2
11361,5.6122e-05,0.148,0.2
11362,5.6124e-05,0.148,0.6
11363,5.6126e-05,0.148,0.6
11364,5.6128e-05,0.148,0.2
11365,5.613e-05,0.148,0.6
11366,5.6132e-05,0.148,0.6
11367,5.6134e-05,0.148,0.6
11368,5.6136e-05,0.148,0.2
11369,5.6138e-05,0.148,0.6
11370,5.614e-05,0.148,0.6
11371,5.6142e-05,0.148,0.6
11372,5.6143999999999996e-05,0.148,0.2
11373,5.6146e-05,0.148,0.6
11374,5.6148000000000005e-05,0.148,0.6
11375,5.6149999999999996e-05,0.148,0.6
11376,5.6152e-05,0.148,0.2
11377,5.6154000000000005e-05,0.148,0.6
11378,5.6155999999999996e-05,0.148,0.2
11379,5.6158e-05,0.148,0.6
11380,5.6160000000000004e-05,0.148,0.2
11381,5.6161999999999995e-05,0.148,0.6
11382,5.6164e-05,0.148,0.6
11383,5.6166000000000004e-05,0.148,0.6
11384,5.6168e-05,0.148,0.2
11385,5.617e-05,0.148,0.6
11386,5.6172000000000004e-05,0.148,0.6
11387,5.6174e-05,0.148,0.6
11388,5.6176e-05,0.148,0.2
11389,5.6178e-05,0.148,0.6
11390,5.618e-05,0.148,0.6
11391,5.6182e-05,0.148,0.6
11392,5.6184e-05,0.148,0.2
11393,5.6186e-05,0.148,0.6
11394,5.6188e-05,0.148,0.6
11395,5.619e-05,0.148,0.2
11396,5.6192e-05,0.148,0.2
11397,5.6194e-05,0.148,0.6
11398,5.6196e-05,0.148,0.6
11399,5.6198e-05,0.148,0.6
11400,5.62e-05,0.148,0.2
11401,5.6202e-05,0.148,0.6
11402,5.6204e-05,0.148,0.6
11403,5.6206e-05,0.148,0.6
11404,5.6208e-05,0.148,0.2
11405,5.621e-05,0.148,0.6
11406,5.6211999999999996e-05,0.148,0.6
11407,5.6214e-05,0.148,0.6
11408,5.6216e-05,0.148,0.2
11409,5.6217999999999996e-05,0.148,0.6
11410,5.622e-05,0.148,0.6
11411,5.6222000000000005e-05,0.148,0.6
11412,5.6223999999999996e-05,0.148,0.2
11413,5.6226e-05,0.148,0.6
11414,5.6228000000000004e-05,0.148,0.6
11415,5.6229999999999995e-05,0.148,0.2
11416,5.6232e-05,0.148,0.2
11417,5.6234000000000004e-05,0.148,0.2
11418,5.6236e-05,0.148,0.6
11419,5.6238e-05,0.148,0.6
11420,5.6240000000000004e-05,0.148,0.2
11421,5.6242e-05,0.148,0.6
11422,5.6244e-05,0.148,0.6
11423,5.6246e-05,0.156,0.6
11424,5.6248e-05,0.148,0.2
11425,5.625e-05,0.148,0.2
11426,5.6252e-05,0.148,0.6
11427,5.6254e-05,0.148,0.6
11428,5.6256e-05,0.148,0.2
11429,5.6258e-05,0.148,0.6
11430,5.626e-05,0.148,0.6
11431,5.6262e-05,0.156,0.6
11432,5.6264e-05,0.148,0.2
11433,5.6266e-05,0.148,0.6
11434,5.6268e-05,0.156,0.6
11435,5.627e-05,0.148,0.6
11436,5.6272e-05,0.148,0.2
11437,5.6274e-05,0.156,0.6
11438,5.6276e-05,0.148,0.6
11439,5.6278e-05,0.156,0.2
11440,5.6279999999999996e-05,0.148,0.2
11441,5.6282e-05,0.156,0.6
11442,5.6284e-05,0.156,0.6
11443,5.6285999999999996e-05,0.156,0.6
11444,5.6288e-05,0.148,0.2
11445,5.6290000000000005e-05,0.156,0.6
11446,5.6291999999999996e-05,0.148,0.6
11447,5.6294e-05,0.148,0.6
11448,5.6296000000000004e-05,0.156,0.2
11449,5.6297999999999995e-05,0.156,0.6
11450,5.63e-05,0.156,0.6
11451,5.6302000000000004e-05,0.156,0.6
11452,5.6304e-05,0.156,0.2
11453,5.6306e-05,0.156,0.6
11454,5.6308000000000004e-05,0.156,0.6
11455,5.631e-05,0.156,0.6
11456,5.6312e-05,0.156,0.2
11457,5.6314e-05,0.156,0.6
11458,5.6316e-05,0.156,0.6
11459,5.6318e-05,0.156,0.6
11460,5.632e-05,0.148,0.2
11461,5.6322e-05,0.156,0.6
11462,5.6324e-05,0.156,0.6
11463,5.6326e-05,0.156,0.6
11464,5.6328e-05,0.156,0.2
11465,5.633e-05,0.156,0.2
11466,5.6332e-05,0.156,0.6
11467,5.6334e-05,0.156,0.6
11468,5.6336e-05,0.156,0.2
11469,5.6338e-05,0.156,0.6
11470,5.634e-05,0.156,0.6
11471,5.6342e-05,0.156,0.6
11472,5.6344e-05,0.156,0.2
11473,5.6346e-05,0.156,0.6
11474,5.6347999999999997e-05,0.156,0.6
11475,5.635e-05,0.156,0.6
11476,5.6352e-05,0.156,0.2
11477,5.6353999999999996e-05,0.156,0.6
11478,5.6356e-05,0.156,0.6
11479,5.6358000000000005e-05,0.156,0.6
11480,5.6359999999999996e-05,0.156,0.2
11481,5.6362e-05,0.156,0.6
11482,5.6364000000000004e-05,0.156,0.6
11483,5.6365999999999995e-05,0.156,0.6
11484,5.6368e-05,0.156,0.2
11485,5.6370000000000004e-05,0.156,0.6
11486,5.6372e-05,0.156,0.6
11487,5.6374e-05,0.156,0.6
11488,5.6376000000000004e-05,0.156,0.2
11489,5.6378e-05,0.156,0.6
11490,5.638e-05,0.156,0.6
11491,5.6382e-05,0.156,0.6
11492,5.6384e-05,0.156,0.2
11493,5.6386e-05,0.156,0.6
11494,5.6388e-05,0.156,0.6
11495,5.639e-05,0.156,0.6
11496,5.6392e-05,0.156,0.2
11497,5.6394e-05,0.156,0.6
11498,5.6396e-05,0.156,0.6
11499,5.6398e-05,0.156,0.6
11500,5.64e-05,0.156,0.2
11501,5.6402e-05,0.156,0.6
11502,5.6404e-05,0.156,0.6
11503,5.6406e-05,0.156,0.2
11504,5.6408e-05,0.156,0.2
11505,5.641e-05,0.156,0.6
11506,5.6412e-05,0.156,0.6
11507,5.6414e-05,0.156,0.6
11508,5.6415999999999997e-05,0.156,0.2
11509,5.6418e-05,0.156,0.6
11510,5.642e-05,0.156,0.6
11511,5.6421999999999996e-05,0.156,0.6
11512,5.6424e-05,0.156,0.2
11513,5.6426000000000005e-05,0.156,0.6
11514,5.6427999999999996e-05,0.156,0.6
11515,5.643e-05,0.156,0.6
11516,5.6432000000000005e-05,0.156,0.2
11517,5.6433999999999995e-05,0.156,0.6
11518,5.6436e-05,0.156,0.6
11519,5.6438000000000004e-05,0.156,0.6
11520,5.644e-05,0.156,0.2
11521,5.6442e-05,0.156,0.6
11522,5.6444000000000004e-05,0.156,0.6
11523,5.6446e-05,0.156,0.6
11524,5.6448e-05,0.156,0.2
11525,5.645e-05,0.156,0.2
11526,5.6452e-05,0.156,0.6
11527,5.6454e-05,0.164,0.6
11528,5.6456e-05,0.156,0.2
11529,5.6458e-05,0.156,0.6
11530,5.646e-05,0.156,0.6
11531,5.6462e-05,0.156,0.6
11532,5.6464e-05,0.156,0.2
11533,5.6466e-05,0.156,0.6
11534,5.6468e-05,0.156,0.6
11535,5.647e-05,0.164,0.6
11536,5.6472e-05,0.156,0.2
11537,5.6474e-05,0.164,0.6
11538,5.6476e-05,0.156,0.6
11539,5.6478e-05,0.164,0.6
11540,5.648e-05,0.156,0.2
11541,5.6482e-05,0.156,0.6
11542,5.6483999999999997e-05,0.164,0.6
11543,5.6486e-05,0.164,0.6
11544,5.6488e-05,0.156,0.2
11545,5.6489999999999996e-05,0.156,0.6
11546,5.6492e-05,0.164,0.6
11547,5.6494000000000005e-05,0.156,0.6
11548,5.6495999999999996e-05,0.164,0.2
11549,5.6498e-05,0.164,0.6
11550,5.6500000000000005e-05,0.164,0.6
11551,5.6501999999999995e-05,0.164,0.6
11552,5.6504e-05,0.164,0.2
11553,5.6506000000000004e-05,0.164,0.6
11554,5.6508e-05,0.164,0.6
11555,5.651e-05,0.164,0.6
11556,5.6512000000000004e-05,0.156,0.6
11557,5.6514e-05,0.164,0.6
11558,5.6516e-05,0.164,0.6
11559,5.6518e-05,0.164,0.6
11560,5.652e-05,0.164,0.2
11561,5.6522e-05,0.164,0.6
11562,5.6524e-05,0.164,0.6
11563,5.6526e-05,0.164,0.6
11564,5.6528e-05,0.164,0.2
11565,5.653e-05,0.164,0.6
11566,5.6532e-05,0.164,0.6
11567,5.6534e-05,0.164,0.6
11568,5.6536e-05,0.164,0.2
11569,5.6538e-05,0.164,0.6
11570,5.654e-05,0.164,0.6
11571,5.6542e-05,0.164,0.6
11572,5.6544e-05,0.164,0.2
11573,5.6546e-05,0.164,0.6
11574,5.6548e-05,0.164,0.6
11575,5.655e-05,0.164,0.6
11576,5.6551999999999997e-05,0.164,0.2
11577,5.6554e-05,0.164,0.6
11578,5.6556e-05,0.164,0.2
11579,5.6557999999999996e-05,0.164,0.6
11580,5.656e-05,0.164,0.6
11581,5.6562000000000005e-05,0.164,0.2
11582,5.6563999999999996e-05,0.164,0.6
11583,5.6566e-05,0.164,0.6
11584,5.6568000000000005e-05,0.164,0.2
11585,5.6569999999999995e-05,0.164,0.6
11586,5.6572e-05,0.164,0.6
11587,5.6574000000000004e-05,0.164,0.6
11588,5.6576e-05,0.164,0.2
11589,5.6578e-05,0.164,0.6
11590,5.6580000000000004e-05,0.164,0.6
11591,5.6582e-05,0.164,0.6
11592,5.6584e-05,0.164,0.2
11593,5.6586e-05,0.164,0.6
11594,5.6588e-05,0.164,0.6
11595,5.659e-05,0.164,0.6
11596,5.6592e-05,0.164,0.2
11597,5.6594e-05,0.164,0.6
11598,5.6596e-05,0.164,0.6
11599,5.6598e-05,0.164,0.6
11600,5.66e-05,0.164,0.2
11601,5.6602e-05,0.164,0.6
11602,5.6604e-05,0.164,0.6
11603,5.6606e-05,0.164,0.6
11604,5.6608e-05,0.164,0.2
11605,5.661e-05,0.164,0.6
11606,5.6612e-05,0.164,0.6
11607,5.6614e-05,0.164,0.6
11608,5.6616e-05,0.164,0.2
11609,5.6618e-05,0.164,0.6
11610,5.662e-05,0.164,0.6
11611,5.6622e-05,0.164,0.6
11612,5.6624e-05,0.164,0.2
11613,5.6625999999999996e-05,0.164,0.6
11614,5.6628e-05,0.164,0.6
11615,5.6630000000000005e-05,0.164,0.6
11616,5.6631999999999996e-05,0.164,0.2
11617,5.6634e-05,0.164,0.6
11618,5.6636000000000005e-05,0.164,0.6
11619,5.6637999999999995e-05,0.164,0.6
11620,5.664e-05,0.164,0.2
11621,5.6642000000000004e-05,0.164,0.6
11622,5.6644e-05,0.164,0.6
11623,5.6646e-05,0.164,0.6
11624,5.6648000000000004e-05,0.164,0.2
11625,5.665e-05,0.164,0.6
11626,5.6652e-05,0.164,0.6
11627,5.6654000000000003e-05,0.172,0.6
11628,5.6656e-05,0.164,0.2
11629,5.6658e-05,0.164,0.6
11630,5.666e-05,0.164,0.6
11631,5.6662e-05,0.172,0.6
11632,5.6664e-05,0.164,0.2
11633,5.6666e-05,0.164,0.6
11634,5.6668e-05,0.164,0.6
11635,5.667e-05,0.172,0.6
11636,5.6672e-05,0.164,0.2
11637,5.6674e-05,0.164,0.6
11638,5.6676e-05,0.164,0.6
11639,5.6678e-05,0.172,0.6
11640,5.668e-05,0.164,0.2
11641,5.6682e-05,0.164,0.6
11642,5.6684e-05,0.164,0.6
11643,5.6686e-05,0.172,0.6
11644,5.6688e-05,0.164,0.2
11645,5.669e-05,0.164,0.6
11646,5.6692e-05,0.164,0.6
11647,5.6693999999999996e-05,0.172,0.6
11648,5.6696e-05,0.164,0.2
11649,5.6698000000000005e-05,0.172,0.6
11650,5.6699999999999996e-05,0.172,0.6
11651,5.6702e-05,0.172,0.6
11652,5.6704000000000005e-05,0.172,0.2
11653,5.6705999999999995e-05,0.172,0.6
11654,5.6708e-05,0.172,0.6
11655,5.6710000000000004e-05,0.172,0.6
11656,5.6712e-05,0.172,0.2
11657,5.6714e-05,0.172,0.6
11658,5.6716000000000004e-05,0.172,0.6
11659,5.6718e-05,0.172,0.6
11660,5.672e-05,0.172,0.2
11661,5.6722000000000003e-05,0.172,0.6
11662,5.6724e-05,0.172,0.6
11663,5.6726e-05,0.172,0.6
11664,5.6728e-05,0.172,0.2
11665,5.673e-05,0.172,0.6
11666,5.6732e-05,0.172,0.6
11667,5.6734e-05,0.172,0.6
11668,5.6736e-05,0.172,0.2
11669,5.6738e-05,0.172,0.6
11670,5.674e-05,0.172,0.6
11671,5.6742e-05,0.172,0.6
11672,5.6744e-05,0.172,0.2
11673,5.6746e-05,0.172,0.6
11674,5.6748e-05,0.172,0.6
11675,5.675e-05,0.172,0.6
11676,5.6752e-05,0.172,0.2
11677,5.6754e-05,0.172,0.6
11678,5.6756e-05,0.172,0.6
11679,5.6758e-05,0.172,0.6
11680,5.676e-05,0.172,0.2
11681,5.6761999999999996e-05,0.172,0.6
11682,5.6764e-05,0.172,0.6
11683,5.6766000000000005e-05,0.172,0.6
11684,5.6767999999999996e-05,0.172,0.2
11685,5.677e-05,0.172,0.6
11686,5.6772000000000005e-05,0.172,0.6
11687,5.6773999999999995e-05,0.172,0.6
11688,5.6776e-05,0.172,0.2
11689,5.6778000000000004e-05,0.172,0.6
11690,5.6779999999999995e-05,0.172,0.6
11691,5.6782e-05,0.172,0.6
11692,5.6784000000000004e-05,0.172,0.2
11693,5.6786e-05,0.172,0.6
11694,5.6788e-05,0.172,0.6
11695,5.6790000000000003e-05,0.172,0.6
11696,5.6792e-05,0.172,0.2
11697,5.6794e-05,0.172,0.6
11698,5.6796e-05,0.172,0.6
11699,5.6798e-05,0.172,0.6
11700,5.68e-05,0.172,0.2
11701,5.6802e-05,0.172,0.6
11702,5.6804e-05,0.172,0.6
11703,5.6806e-05,0.172,0.6
11704,5.6808e-05,0.172,0.2
11705,5.681e-05,0.172,0.6
11706,5.6812e-05,0.172,0.6
11707,5.6814e-05,0.172,0.6
11708,5.6816e-05,0.172,0.6
11709,5.6818e-05,0.172,0.6
11710,5.682e-05,0.172,0.6
11711,5.6822e-05,0.172,0.6
11712,5.6824e-05,0.172,0.2
11713,5.6826e-05,0.172,0.6
11714,5.6828e-05,0.172,0.6
11715,5.6829999999999996e-05,0.172,0.6
11716,5.6832e-05,0.172,0.2
11717,5.6834000000000005e-05,0.172,0.6
11718,5.6835999999999996e-05,0.172,0.6
11719,5.6838e-05,0.18,0.6
11720,5.6840000000000005e-05,0.172,0.2
11721,5.6841999999999996e-05,0.172,0.6
11722,5.6844e-05,0.172,0.6
11723,5.6846000000000004e-05,0.172,0.6
11724,5.6847999999999995e-05,0.172,0.2
11725,5.685e-05,0.172,0.6
11726,5.6852000000000004e-05,0.172,0.6
11727,5.6854e-05,0.18,0.6
11728,5.6856e-05,0.172,0.2
11729,5.6858000000000003e-05,0.172,0.6
11730,5.686e-05,0.172,0.6
11731,5.6862e-05,0.172,0.6
11732,5.6864e-05,0.172,0.2
11733,5.6866e-05,0.172,0.6
11734,5.6868e-05,0.172,0.6
11735,5.687e-05,0.18,0.6
11736,5.6872e-05,0.172,0.2
11737,5.6874e-05,0.172,0.6
11738,5.6876e-05,0.18,0.6
11739,5.6878e-05,0.18,0.6
11740,5.688e-05,0.172,0.2
11741,5.6882e-05,0.18,0.6
11742,5.6884e-05,0.18,0.6
11743,5.6886e-05,0.18,0.6
11744,5.6888e-05,0.18,0.2
11745,5.689e-05,0.18,0.6
11746,5.6892e-05,0.172,0.6
11747,5.6894e-05,0.18,0.6
11748,5.6896e-05,0.172,0.2
11749,5.6897999999999996e-05,0.18,0.6
11750,5.69e-05,0.18,0.6
11751,5.6902000000000005e-05,0.18,0.6
11752,5.6903999999999996e-05,0.18,0.2
11753,5.6906e-05,0.172,0.6
11754,5.6908000000000005e-05,0.172,0.6
11755,5.6909999999999996e-05,0.18,0.6
11756,5.6912e-05,0.18,0.6
11757,5.6914000000000004e-05,0.18,0.6
11758,5.6915999999999995e-05,0.18,0.6
11759,5.6918e-05,0.18,0.6
11760,5.6920000000000004e-05,0.18,0.2
11761,5.6922e-05,0.18,0.6
11762,5.6924e-05,0.18,0.6
11763,5.6926000000000004e-05,0.18,0.6
11764,5.6928e-05,0.18,0.2
11765,5.693e-05,0.18,0.6
11766,5.6932e-05,0.18,0.6
11767,5.6934e-05,0.18,0.6
11768,5.6936e-05,0.18,0.2
11769,5.6938e-05,0.18,0.6
11770,5.694e-05,0.18,0.6
11771,5.6942e-05,0.18,0.6
11772,5.6944e-05,0.18,0.2
11773,5.6946e-05,0.18,0.6
11774,5.6948e-05,0.18,0.6
11775,5.695e-05,0.18,0.6
11776,5.6952e-05,0.18,0.2
11777,5.6954e-05,0.18,0.6
11778,5.6956e-05,0.18,0.6
11779,5.6958e-05,0.18,0.6
11780,5.696e-05,0.18,0.2
11781,5.6962e-05,0.18,0.6
11782,5.6964e-05,0.18,0.6
11783,5.6965999999999996e-05,0.18,0.6
11784,5.6968e-05,0.18,0.2
11785,5.6970000000000005e-05,0.18,0.6
11786,5.6971999999999996e-05,0.18,0.6
11787,5.6974e-05,0.18,0.6
11788,5.6976000000000005e-05,0.18,0.2
11789,5.6977999999999996e-05,0.18,0.6
11790,5.698e-05,0.18,0.6
11791,5.6982000000000004e-05,0.18,0.6
11792,5.6983999999999995e-05,0.18,0.2
11793,5.6986e-05,0.18,0.6
11794,5.6988000000000004e-05,0.18,0.6
11795,5.699e-05,0.18,0.6
11796,5.6992e-05,0.18,0.2
11797,5.6994000000000004e-05,0.18,0.6
11798,5.6996e-05,0.18,0.6
11799,5.6998e-05,0.18,0.6
11800,5.7e-05,0.18,0.2
11801,5.7002e-05,0.18,0.6
11802,5.7004e-05,0.18,0.6
11803,5.7006e-05,0.18,0.6
11804,5.7008e-05,0.18,0.2
11805,5.701e-05,0.18,0.6
11806,5.7012e-05,0.18,0.6
11807,5.7014e-05,0.18,0.6
11808,5.7016e-05,0.18,0.2
11809,5.7018e-05,0.18,0.6
11810,5.702e-05,0.18,0.6
11811,5.7022e-05,0.18,0.6
11812,5.7024e-05,0.18,0.2
11813,5.7026e-05,0.18,0.6
11814,5.7028e-05,0.18,0.6
11815,5.703e-05,0.18,0.6
11816,5.7032e-05,0.18,0.2
11817,5.7033999999999996e-05,0.18,0.6
11818,5.7036e-05,0.18,0.6
11819,5.7038000000000005e-05,0.18,0.6
11820,5.7039999999999996e-05,0.18,0.2
11821,5.7042e-05,0.18,0.6
11822,5.7044000000000005e-05,0.18,0.6
11823,5.7045999999999996e-05,0.188,0.6
11824,5.7048e-05,0.18,0.6
11825,5.7050000000000004e-05,0.18,0.6
11826,5.7051999999999995e-05,0.18,0.6
11827,5.7054e-05,0.18,0.6
11828,5.7056000000000004e-05,0.18,0.2
11829,5.7058e-05,0.18,0.6
11830,5.706e-05,0.18,0.6
11831,5.7062000000000004e-05,0.188,0.6
11832,5.7064e-05,0.18,0.2
11833,5.7066e-05,0.18,0.6
11834,5.7068e-05,0.18,0.6
11835,5.707e-05,0.188,0.6
11836,5.7072e-05,0.18,0.2
11837,5.7074e-05,0.18,0.6
11838,5.7076e-05,0.18,0.6
11839,5.7078e-05,0.188,0.6
11840,5.708e-05,0.18,0.2
11841,5.7082e-05,0.18,0.6
11842,5.7084e-05,0.188,0.6
11843,5.7086e-05,0.188,0.6
11844,5.7088e-05,0.18,0.6
11845,5.709e-05,0.18,0.6
11846,5.7092e-05,0.18,0.6
11847,5.7094e-05,0.188,0.6
11848,5.7096e-05,0.18,0.6
11849,5.7098e-05,0.18,0.6
11850,5.71e-05,0.188,0.6
11851,5.7101999999999996e-05,0.188,0.6
11852,5.7104e-05,0.18,0.2
11853,5.7106000000000005e-05,0.188,0.6
11854,5.7107999999999996e-05,0.188,0.6
11855,5.711e-05,0.188,0.6
11856,5.7112000000000005e-05,0.18,0.2
11857,5.7113999999999996e-05,0.18,0.6
11858,5.7116e-05,0.188,0.6
11859,5.7118000000000004e-05,0.188,0.6
11860,5.7119999999999995e-05,0.188,0.2
11861,5.7122e-05,0.188,0.6
11862,5.7124000000000004e-05,0.188,0.6
11863,5.7126e-05,0.188,0.6
11864,5.7128e-05,0.188,0.6
11865,5.7130000000000004e-05,0.188,0.6
11866,5.7132e-05,0.188,0.6
11867,5.7134e-05,0.188,0.6
11868,5.7136e-05,0.188,0.2
11869,5.7138e-05,0.188,0.6
11870,5.714e-05,0.188,0.6
11871,5.7142e-05,0.188,0.6
11872,5.7144e-05,0.188,0.6
11873,5.7146e-05,0.188,0.6
11874,5.7148e-05,0.188,0.6
11875,5.715e-05,0.188,0.6
11876,5.7152e-05,0.188,0.2
11877,5.7154e-05,0.188,0.6
11878,5.7156e-05,0.188,0.6
11879,5.7158e-05,0.188,0.6
11880,5.716e-05,0.188,0.2
11881,5.7162e-05,0.188,0.6
11882,5.7164e-05,0.188,0.6
11883,5.7166e-05,0.188,0.6
11884,5.7168e-05,0.188,0.6
11885,5.7169999999999996e-05,0.188,0.6
11886,5.7172e-05,0.188,0.6
11887,5.7174000000000005e-05,0.188,0.6
11888,5.7175999999999996e-05,0.188,0.2
11889,5.7178e-05,0.188,0.6
11890,5.7180000000000005e-05,0.188,0.6
11891,5.7181999999999996e-05,0.188,0.6
11892,5.7184e-05,0.188,0.2
11893,5.7186000000000004e-05,0.188,0.6
11894,5.7187999999999995e-05,0.188,0.6
11895,5.719e-05,0.188,0.6
11896,5.7192000000000004e-05,0.188,0.6
11897,5.7194e-05,0.188,0.6
11898,5.7196e-05,0.188,0.6
11899,5.7198000000000004e-05,0.188,0.6
11900,5.72e-05,0.188,0.2
11901,5.7202e-05,0.188,0.6
11902,5.7204e-05,0.188,0.6
11903,5.7206e-05,0.188,0.6
11904,5.7208e-05,0.188,0.6
11905,5.721e-05,0.188,0.6
11906,5.7212e-05,0.188,0.6
11907,5.7214e-05,0.188,0.6
11908,5.7216e-05,0.188,0.6
11909,5.7218e-05,0.188,0.6
11910,5.722e-05,0.188,0.6
11911,5.7222e-05,0.188,0.6
11912,5.7224e-05,0.188,0.2
11913,5.7226e-05,0.188,0.6
11914,5.7228e-05,0.188,0.6
11915,5.723e-05,0.188,0.6
11916,5.7232e-05,0.188,0.2
11917,5.7234e-05,0.188,0.6
11918,5.7236e-05,0.188,0.6
11919,5.7237999999999996e-05,0.196,0.6
11920,5.724e-05,0.188,0.6
11921,5.7242000000000005e-05,0.188,0.6
11922,5.7243999999999996e-05,0.188,0.6
11923,5.7246e-05,0.188,0.6
11924,5.7248000000000005e-05,0.188,0.6
11925,5.7249999999999996e-05,0.188,0.6
11926,5.7252e-05,0.188,0.6
11927,5.7254000000000004e-05,0.196,0.6
11928,5.7255999999999995e-05,0.188,0.2
11929,5.7258e-05,0.188,0.6
11930,5.7260000000000004e-05,0.188,0.6
11931,5.7262e-05,0.188,0.6
11932,5.7264e-05,0.188,0.2
11933,5.7266000000000004e-05,0.188,0.6
11934,5.7268e-05,0.188,0.6
11935,5.727e-05,0.196,0.6
11936,5.7272e-05,0.188,0.2
11937,5.7274e-05,0.188,0.6
11938,5.7276e-05,0.188,0.6
11939,5.7278e-05,0.196,0.6
11940,5.728e-05,0.188,0.6
11941,5.7282e-05,0.188,0.6
11942,5.7284e-05,0.196,0.6
11943,5.7286e-05,0.196,0.6
11944,5.7288e-05,0.188,0.6
11945,5.729e-05,0.188,0.6
11946,5.7292e-05,0.188,0.6
11947,5.7294e-05,0.196,0.6
11948,5.7296e-05,0.196,0.2
11949,5.7298e-05,0.188,0.6
11950,5.73e-05,0.188,0.6
11951,5.7302e-05,0.196,0.6
11952,5.7304e-05,0.196,0.2
11953,5.7305999999999996e-05,0.196,0.6
11954,5.7308e-05,0.196,0.6
11955,5.7310000000000005e-05,0.196,0.6
11956,5.7311999999999996e-05,0.188,0.6
11957,5.7314e-05,0.196,0.6
11958,5.7316000000000005e-05,0.196,0.6
11959,5.7317999999999996e-05,0.196,0.6
11960,5.732e-05,0.196,0.2
11961,5.7322000000000004e-05,0.196,0.6
11962,5.7323999999999995e-05,0.196,0.6
11963,5.7326e-05,0.196,0.6
11964,5.7328000000000004e-05,0.196,0.6
11965,5.733e-05,0.196,0.6
11966,5.7332e-05,0.196,0.6
11967,5.7334000000000004e-05,0.196,0.6
11968,5.7336e-05,0.196,0.2
11969,5.7338e-05,0.196,0.6
11970,5.734e-05,0.196,0.6
11971,5.7342e-05,0.196,0.6
11972,5.7344e-05,0.196,0.2
11973,5.7346e-05,0.196,0.6
11974,5.7348e-05,0.196,0.6
11975,5.735e-05,0.196,0.6
11976,5.7352e-05,0.196,0.2
11977,5.7354e-05,0.196,0.6
11978,5.7356e-05,0.196,0.2
11979,5.7358e-05,0.196,0.6
11980,5.736e-05,0.196,0.6
11981,5.7362e-05,0.196,0.6
11982,5.7364e-05,0.196,0.6
11983,5.7366e-05,0.196,0.6
11984,5.7368e-05,0.196,0.6
11985,5.737e-05,0.196,0.6
11986,5.7372e-05,0.196,0.6
11987,5.7373999999999997e-05,0.196,0.6
11988,5.7376e-05,0.196,0.6
11989,5.7378e-05,0.196,0.6
11990,5.7379999999999996e-05,0.196,0.6
11991,5.7382e-05,0.196,0.6
11992,5.7384000000000005e-05,0.196,0.6
11993,5.7385999999999996e-05,0.196,0.6
11994,5.7388e-05,0.196,0.6
11995,5.7390000000000004e-05,0.196,0.6
11996,5.7391999999999995e-05,0.196,0.2
11997,5.7394e-05,0.196,0.6
11998,5.7396000000000004e-05,0.196,0.6
11999,5.7398e-05,0.196,0.6
12000,5.74e-05,0.196,0.2
12001,5.7402000000000004e-05,0.196,0.6
12002,5.7404e-05,0.196,0.6
12003,5.7406e-05,0.196,0.6
12004,5.7408e-05,0.196,0.6
12005,5.741e-05,0.196,0.6
12006,5.7412e-05,0.196,0.6
12007,5.7414e-05,0.196,0.6
12008,5.7416e-05,0.196,0.2
12009,5.7418e-05,0.196,0.6
12010,5.742e-05,0.196,0.6
12011,5.7422e-05,0.196,0.6
12012,5.7424e-05,0.196,0.2
12013,5.7426e-05,0.196,0.6
12014,5.7428e-05,0.196,0.6
12015,5.743e-05,0.196,0.6
12016,5.7432e-05,0.196,0.6
12017,5.7434e-05,0.196,0.6
12018,5.7436e-05,0.196,0.6
12019,5.7438e-05,0.204,0.6
12020,5.744e-05,0.196,0.2
12021,5.7441999999999997e-05,0.196,0.6
12022,5.7444e-05,0.204,0.6
12023,5.7446e-05,0.204,0.6
12024,5.7447999999999996e-05,0.196,0.6
12025,5.745e-05,0.196,0.6
12026,5.7452000000000005e-05,0.196,0.6
12027,5.7453999999999996e-05,0.196,0.6
12028,5.7456e-05,0.196,0.2
12029,5.7458000000000005e-05,0.196,0.6
12030,5.7459999999999995e-05,0.196,0.6
12031,5.7462e-05,0.204,0.6
12032,5.7464000000000004e-05,0.196,0.6
12033,5.7466e-05,0.196,0.6
12034,5.7468e-05,0.196,0.6
12035,5.7470000000000004e-05,0.204,0.6
12036,5.7472e-05,0.196,0.2
12037,5.7474e-05,0.196,0.6
12038,5.7476e-05,0.204,0.6
12039,5.7478e-05,0.204,0.6
12040,5.748e-05,0.196,0.2
12041,5.7482e-05,0.204,0.6
12042,5.7484e-05,0.196,0.6
12043,5.7486e-05,0.204,0.6
12044,5.7488e-05,0.204,0.6
12045,5.749e-05,0.204,0.6
12046,5.7492e-05,0.196,0.6
12047,5.7494e-05,0.204,0.6
12048,5.7496e-05,0.204,0.6
12049,5.7498e-05,0.204,0.6
12050,5.75e-05,0.204,0.6
12051,5.7502e-05,0.204,0.6
12052,5.7504e-05,0.196,0.6
12053,5.7506e-05,0.204,0.6
12054,5.7508e-05,0.204,0.6
12055,5.7509999999999997e-05,0.204,0.6
12056,5.7512e-05,0.204,0.2
12057,5.7514e-05,0.196,0.6
12058,5.7515999999999996e-05,0.204,0.6
12059,5.7518e-05,0.204,0.6
12060,5.7520000000000005e-05,0.204,0.6
12061,5.7521999999999996e-05,0.204,0.6
12062,5.7524e-05,0.204,0.6
12063,5.7526000000000005e-05,0.204,0.6
12064,5.7527999999999995e-05,0.204,0.6
12065,5.753e-05,0.204,0.6
12066,5.7532000000000004e-05,0.204,0.6
12067,5.7534e-05,0.204,0.6
12068,5.7536e-05,0.204,0.2
12069,5.7538000000000004e-05,0.204,0.6
12070,5.754e-05,0.204,0.6
12071,5.7542e-05,0.204,0.6
12072,5.7544e-05,0.204,0.2
12073,5.7546e-05,0.204,0.6
12074,5.7548e-05,0.204,0.6
12075,5.755e-05,0.204,0.6
12076,5.7552e-05,0.204,0.6
12077,5.7554e-05,0.204,0.6
12078,5.7556e-05,0.204,0.6
12079,5.7558e-05,0.204,0.6
12080,5.756e-05,0.204,0.2
12081,5.7562e-05,0.204,0.6
12082,5.7564e-05,0.204,0.6
12083,5.7566e-05,0.204,0.6
12084,5.7568e-05,0.204,0.6
12085,5.757e-05,0.204,0.6
12086,5.7572e-05,0.204,0.6
12087,5.7574e-05,0.204,0.6
12088,5.7576e-05,0.204,0.6
12089,5.7577999999999997e-05,0.204,0.6
12090,5.758e-05,0.204,0.6
12091,5.7582e-05,0.204,0.6
12092,5.7583999999999996e-05,0.204,0.2
12093,5.7586e-05,0.204,0.6
12094,5.7588000000000005e-05,0.204,0.6
12095,5.7589999999999996e-05,0.204,0.6
12096,5.7592e-05,0.204,0.6
12097,5.7594000000000005e-05,0.204,0.6
12098,5.7595999999999995e-05,0.204,0.6
12099,5.7598e-05,0.204,0.6
12100,5.7600000000000004e-05,0.204,0.6
12101,5.7602e-05,0.204,0.6
12102,5.7604e-05,0.204,0.6
12103,5.7606000000000004e-05,0.204,0.6
12104,5.7608e-05,0.204,0.2
12105,5.761e-05,0.204,0.6
12106,5.7612e-05,0.204,0.6
12107,5.7614e-05,0.212,0.6
12108,5.7616e-05,0.204,0.2
12109,5.7618e-05,0.204,0.6
12110,5.762e-05,0.204,0.6
12111,5.7622e-05,0.204,0.6
12112,5.7624e-05,0.204,0.6
12113,5.7626e-05,0.204,0.6
12114,5.7628e-05,0.204,0.6
12115,5.763e-05,0.204,0.6
12116,5.7632e-05,0.204,0.6
12117,5.7634e-05,0.204,0.6
12118,5.7636e-05,0.204,0.6
12119,5.7638e-05,0.212,0.6
12120,5.764e-05,0.204,0.2
12121,5.7642e-05,0.204,0.6
12122,5.7644e-05,0.204,0.6
12123,5.7646e-05,0.212,0.6
12124,5.7648e-05,0.204,0.2
12125,5.765e-05,0.204,0.6
12126,5.7651999999999996e-05,0.204,0.6
12127,5.7654e-05,0.212,0.6
12128,5.7656000000000005e-05,0.204,0.2
12129,5.7657999999999996e-05,0.204,0.6
12130,5.766e-05,0.204,0.6
12131,5.7662000000000005e-05,0.212,0.6
12132,5.7663999999999995e-05,0.204,0.6
12133,5.7666e-05,0.212,0.6
12134,5.7668000000000004e-05,0.204,0.6
12135,5.767e-05,0.204,0.6
12136,5.7672e-05,0.204,0.6
12137,5.7674000000000004e-05,0.204,0.6
12138,5.7676e-05,0.204,0.6
12139,5.7678e-05,0.212,0.6
12140,5.7680000000000003e-05,0.204,0.2
12141,5.7682e-05,0.212,0.6
12142,5.7684e-05,0.212,0.6
12143,5.7686e-05,0.212,0.6
12144,5.7688e-05,0.212,0.6
12145,5.769e-05,0.212,0.6
12146,5.7692e-05,0.212,0.6
12147,5.7694e-05,0.212,0.6
12148,5.7696e-05,0.204,0.6
12149,5.7698e-05,0.204,0.6
12150,5.77e-05,0.204,0.6
12151,5.7702e-05,0.212,0.6
12152,5.7704e-05,0.204,0.2
12153,5.7706e-05,0.212,0.6
12154,5.7708e-05,0.212,0.6
12155,5.771e-05,0.212,0.6
12156,5.7712e-05,0.204,0.6
12157,5.7714e-05,0.212,0.6
12158,5.7716e-05,0.212,0.6
12159,5.7718e-05,0.212,0.6
12160,5.7719999999999996e-05,0.204,0.2
12161,5.7722e-05,0.212,0.6
12162,5.7724000000000005e-05,0.212,0.6
12163,5.7725999999999996e-05,0.212,0.6
12164,5.7728e-05,0.204,0.6
12165,5.7730000000000005e-05,0.212,0.6
12166,5.7731999999999995e-05,0.212,0.6
12167,5.7734e-05,0.212,0.6
12168,5.7736000000000004e-05,0.212,0.6
12169,5.7738e-05,0.212,0.6
12170,5.774e-05,0.212,0.6
12171,5.7742000000000004e-05,0.212,0.6
12172,5.7744e-05,0.212,0.2
12173,5.7746e-05,0.212,0.6
12174,5.7748000000000003e-05,0.212,0.6
12175,5.775e-05,0.212,0.6
12176,5.7752e-05,0.212,0.2
12177,5.7754e-05,0.212,0.6
12178,5.7756e-05,0.212,0.6
12179,5.7758e-05,0.212,0.6
12180,5.776e-05,0.212,0.6
12181,5.7762e-05,0.212,0.6
12182,5.7764e-05,0.212,0.6
12183,5.7766e-05,0.212,0.6
12184,5.7768e-05,0.212,0.6
12185,5.777e-05,0.212,0.6
12186,5.7772e-05,0.212,0.6
12187,5.7774e-05,0.212,0.6
12188,5.7776e-05,0.212,0.2
12189,5.7778e-05,0.212,0.6
12190,5.778e-05,0.212,0.6
12191,5.7782e-05,0.212,0.6
12192,5.7784e-05,0.212,0.6
12193,5.7786e-05,0.212,0.6
12194,5.7787999999999996e-05,0.212,0.6
12195,5.779e-05,0.212,0.6
12196,5.7792000000000005e-05,0.212,0.2
12197,5.7793999999999996e-05,0.212,0.6
12198,5.7796e-05,0.212,0.6
12199,5.7798000000000005e-05,0.212,0.6
12200,5.7799999999999995e-05,0.212,0.6
12201,5.7802e-05,0.212,0.6
12202,5.7804000000000004e-05,0.212,0.6
12203,5.7806e-05,0.212,0.6
12204,5.7808e-05,0.212,0.6
12205,5.7810000000000004e-05,0.212,0.6
12206,5.7812e-05,0.212,0.6
12207,5.7814e-05,0.212,0.6
12208,5.7816000000000003e-05,0.212,0.2
12209,5.7818e-05,0.212,0.6
12210,5.782e-05,0.212,0.6
12211,5.7822e-05,0.22,0.6
12212,5.7824e-05,0.212,0.6
12213,5.7826e-05,0.212,0.6
12214,5.7828e-05,0.212,0.6
12215,5.783e-05,0.22,0.6
12216,5.7832e-05,0.212,0.6
12217,5.7834e-05,0.212,0.6
12218,5.7836e-05,0.212,0.6
12219,5.7838e-05,0.212,0.6
12220,5.784e-05,0.212,0.6
12221,5.7842e-05,0.212,0.6
12222,5.7844e-05,0.212,0.6
12223,5.7846e-05,0.22,0.6
12224,5.7848e-05,0.212,0.6
12225,5.785e-05,0.212,0.6
12226,5.7852e-05,0.212,0.6
12227,5.7854e-05,0.22,0.6
12228,5.7855999999999996e-05,0.212,0.2
12229,5.7858e-05,0.212,0.6
12230,5.7860000000000005e-05,0.212,0.6
12231,5.7861999999999996e-05,0.22,0.6
12232,5.7864e-05,0.22,0.6
12233,5.7866000000000005e-05,0.22,0.6
12234,5.7867999999999996e-05,0.212,0.6
12235,5.787e-05,0.212,0.6
12236,5.7872000000000004e-05,0.212,0.6
12237,5.7874e-05,0.212,0.6
12238,5.7876e-05,0.212,0.6
12239,5.7878000000000004e-05,0.22,0.6
12240,5.788e-05,0.212,0.6
12241,5.7882e-05,0.212,0.6
12242,5.7884000000000003e-05,0.22,0.6
12243,5.7886e-05,0.22,0.6
12244,5.7888e-05,0.22,0.6
12245,5.789e-05,0.212,0.6
12246,5.7892e-05,0.212,0.6
12247,5.7894e-05,0.22,0.6
12248,5.7896e-05,0.212,0.6
12249,5.7898e-05,0.22,0.6
12250,5.79e-05,0.22,0.6
12251,5.7902e-05,0.22,0.6
12252,5.7904e-05,0.22,0.6
12253,5.7906e-05,0.22,0.6
12254,5.7908e-05,0.22,0.6
12255,5.791e-05,0.22,0.6
12256,5.7912e-05,0.22,0.2
12257,5.7914e-05,0.22,0.6
12258,5.7916e-05,0.22,0.6
12259,5.7918e-05,0.22,0.6
12260,5.792e-05,0.22,0.6
12261,5.7922e-05,0.22,0.6
12262,5.7923999999999996e-05,0.22,0.6
12263,5.7926e-05,0.22,0.6
12264,5.7928000000000005e-05,0.212,0.6
12265,5.7929999999999996e-05,0.22,0.6
12266,5.7932e-05,0.212,0.6
12267,5.7934000000000005e-05,0.22,0.6
12268,5.7935999999999996e-05,0.22,0.6
12269,5.7938e-05,0.22,0.6
12270,5.7940000000000004e-05,0.22,0.6
12271,5.7942e-05,0.22,0.6
12272,5.7944e-05,0.22,0.6
12273,5.7946000000000004e-05,0.22,0.6
12274,5.7948e-05,0.22,0.6
12275,5.795e-05,0.22,0.6
12276,5.7952000000000004e-05,0.22,0.6
12277,5.7954e-05,0.22,0.6
12278,5.7956e-05,0.22,0.6
12279,5.7958e-05,0.22,0.6
12280,5.796e-05,0.22,0.6
12281,5.7962e-05,0.22,0.6
12282,5.7964e-05,0.22,0.6
12283,5.7966e-05,0.22,0.6
12284,5.7968e-05,0.22,0.6
12285,5.797e-05,0.22,0.6
12286,5.7972e-05,0.22,0.6
12287,5.7974e-05,0.22,0.6
12288,5.7976e-05,0.22,0.6
12289,5.7978e-05,0.22,0.6
12290,5.798e-05,0.22,0.6
12291,5.7982e-05,0.22,0.6
12292,5.7984e-05,0.22,0.2
12293,5.7986e-05,0.22,0.6
12294,5.7988e-05,0.22,0.6
12295,5.799e-05,0.22,0.6
12296,5.7991999999999996e-05,0.22,0.6
12297,5.7994e-05,0.22,0.6
12298,5.7996000000000005e-05,0.22,0.6
12299,5.7997999999999996e-05,0.22,0.6
12300,5.8e-05,0.22,0.6
12301,5.8002000000000005e-05,0.22,0.6
12302,5.8003999999999996e-05,0.22,0.6
12303,5.8006e-05,0.22,0.6
12304,5.8008000000000004e-05,0.22,0.6
12305,5.8009999999999995e-05,0.22,0.6
12306,5.8012e-05,0.22,0.6
12307,5.8014000000000004e-05,0.22,0.6
12308,5.8016e-05,0.22,0.2
12309,5.8018e-05,0.22,0.6
12310,5.8020000000000004e-05,0.22,0.6
12311,5.8022e-05,0.236,0.6
12312,5.8024e-05,0.22,0.6
12313,5.8026e-05,0.22,0.6
12314,5.8028e-05,0.22,0.6
12315,5.803e-05,0.236,0.6
12316,5.8032e-05,0.22,0.6
12317,5.8034e-05,0.22,0.6
12318,5.8036e-05,0.22,0.6
12319,5.8038e-05,0.236,0.6
12320,5.804e-05,0.236,0.6
12321,5.8042e-05,0.22,0.6
12322,5.8044e-05,0.22,0.6
12323,5.8046e-05,0.236,0.6
12324,5.8048e-05,0.22,0.6
12325,5.805e-05,0.22,0.6
12326,5.8052e-05,0.22,0.6
12327,5.8054e-05,0.236,0.6
12328,5.8056e-05,0.22,0.6
12329,5.8058e-05,0.22,0.6
12330,5.8059999999999996e-05,0.22,0.6
12331,5.8062e-05,0.236,0.6
12332,5.8064000000000005e-05,0.22,0.6
12333,5.8065999999999996e-05,0.22,0.6
12334,5.8068e-05,0.22,0.6
12335,5.8070000000000005e-05,0.236,0.6
12336,5.8071999999999996e-05,0.22,0.6
12337,5.8074e-05,0.22,0.6
12338,5.8076000000000004e-05,0.22,0.6
12339,5.8077999999999995e-05,0.236,0.6
12340,5.808e-05,0.236,0.6
12341,5.8082000000000004e-05,0.236,0.6
12342,5.8084e-05,0.22,0.6
12343,5.8086e-05,0.236,0.6
12344,5.8088000000000004e-05,0.236,0.6
12345,5.809e-05,0.236,0.6
12346,5.8092e-05,0.22,0.6
12347,5.8094e-05,0.236,0.6
12348,5.8096e-05,0.236,0.6
12349,5.8098e-05,0.236,0.6
12350,5.81e-05,0.22,0.6
12351,5.8102e-05,0.236,0.6
12352,5.8104e-05,0.236,0.6
12353,5.8106e-05,0.22,0.6
12354,5.8108e-05,0.22,0.6
12355,5.811e-05,0.236,0.6
12356,5.8112e-05,0.236,0.6
12357,5.8114e-05,0.236,0.6
12358,5.8116e-05,0.22,0.6
12359,5.8118e-05,0.236,0.6
12360,5.812e-05,0.236,0.2
12361,5.8122e-05,0.236,0.6
12362,5.8124e-05,0.236,0.6
12363,5.8126e-05,0.236,0.6
12364,5.8127999999999996e-05,0.236,0.6
12365,5.813e-05,0.236,0.6
12366,5.8132000000000005e-05,0.236,0.6
12367,5.8133999999999996e-05,0.236,0.6
12368,5.8136e-05,0.236,0.2
12369,5.8138000000000005e-05,0.236,0.6
12370,5.8139999999999996e-05,0.236,0.6
12371,5.8142e-05,0.236,0.6
12372,5.8144000000000004e-05,0.236,0.2
12373,5.8145999999999995e-05,0.236,0.6
12374,5.8148e-05,0.236,0.6
12375,5.8150000000000004e-05,0.236,0.6
12376,5.8152e-05,0.236,0.2
12377,5.8154e-05,0.236,1.0
12378,5.8156000000000004e-05,0.236,0.6
12379,5.8158e-05,0.236,0.6
12380,5.816e-05,0.236,0.6
12381,5.8162e-05,0.236,0.6
12382,5.8164e-05,0.236,0.6
12383,5.8166e-05,0.236,0.6
12384,5.8168e-05,0.236,0.6
12385,5.817e-05,0.236,0.6
12386,5.8172e-05,0.236,0.6
12387,5.8174e-05,0.236,0.6
12388,5.8176e-05,0.236,0.2
12389,5.8178e-05,0.236,0.6
12390,5.818e-05,0.236,0.6
12391,5.8182e-05,0.236,0.6
12392,5.8184e-05,0.236,0.6
12393,5.8186e-05,0.236,0.6
12394,5.8188e-05,0.236,0.6
12395,5.819e-05,0.236,0.6
12396,5.8192e-05,0.236,0.6
12397,5.8194e-05,0.236,0.6
12398,5.8195999999999996e-05,0.236,0.6
12399,5.8198e-05,0.244,0.6
12400,5.8200000000000005e-05,0.236,0.6
12401,5.8201999999999996e-05,0.236,0.6
12402,5.8204e-05,0.236,0.6
12403,5.8206000000000005e-05,0.236,0.6
12404,5.8207999999999996e-05,0.236,0.6
12405,5.821e-05,0.236,0.6
12406,5.8212000000000004e-05,0.236,0.6
12407,5.8213999999999995e-05,0.244,0.6
12408,5.8216e-05,0.236,0.6
12409,5.8218000000000004e-05,0.236,0.6
12410,5.822e-05,0.236,0.6
12411,5.8222e-05,0.236,0.6
12412,5.8224000000000004e-05,0.236,0.2
12413,5.8226e-05,0.236,0.6
12414,5.8228e-05,0.236,0.6
12415,5.823e-05,0.244,0.6
12416,5.8232e-05,0.236,0.6
12417,5.8234e-05,0.236,0.6
12418,5.8236e-05,0.236,0.6
12419,5.8238e-05,0.236,0.6
12420,5.824e-05,0.236,0.6
12421,5.8242e-05,0.236,0.6
12422,5.8244e-05,0.236,0.6
12423,5.8246e-05,0.244,0.6
12424,5.8248e-05,0.236,0.6
12425,5.825e-05,0.236,0.6
12426,5.8252e-05,0.236,0.6
12427,5.8254e-05,0.244,0.6
12428,5.8256e-05,0.236,0.6
12429,5.8258e-05,0.236,0.6
12430,5.826e-05,0.236,0.6
12431,5.8262e-05,0.244,0.6
12432,5.8263999999999996e-05,0.236,0.6
12433,5.8266e-05,0.244,0.6
12434,5.8268000000000005e-05,0.236,1.0
12435,5.8269999999999996e-05,0.244,0.6
12436,5.8272e-05,0.236,0.6
12437,5.8274000000000005e-05,0.236,0.6
12438,5.8275999999999996e-05,0.236,0.6
12439,5.8278e-05,0.244,0.6
12440,5.8280000000000004e-05,0.244,0.6
12441,5.8281999999999995e-05,0.236,0.6
12442,5.8284e-05,0.244,0.6
12443,5.8286000000000004e-05,0.244,0.6
12444,5.8288e-05,0.236,0.6
12445,5.829e-05,0.244,0.6
12446,5.8292000000000004e-05,0.236,0.6
12447,5.8294e-05,0.244,0.6
12448,5.8296e-05,0.244,0.6
12449,5.8298e-05,0.244,0.6
12450,5.83e-05,0.244,0.6
12451,5.8302e-05,0.244,1.0
12452,5.8304e-05,0.236,0.6
12453,5.8306e-05,0.244,0.6
12454,5.8308e-05,0.244,0.6
12455,5.831e-05,0.244,0.6
12456,5.8312e-05,0.244,0.6
12457,5.8314e-05,0.244,0.6
12458,5.8316e-05,0.244,0.6
12459,5.8318e-05,0.244,0.6
12460,5.832e-05,0.244,0.6
12461,5.8322e-05,0.244,0.6
12462,5.8324e-05,0.244,0.6
12463,5.8326e-05,0.244,0.6
12464,5.8328e-05,0.244,0.6
12465,5.833e-05,0.244,0.6
12466,5.8331999999999996e-05,0.244,1.0
12467,5.8334e-05,0.244,0.6
12468,5.8336000000000005e-05,0.244,0.6
12469,5.8337999999999996e-05,0.244,0.6
12470,5.834e-05,0.244,0.6
12471,5.8342000000000005e-05,0.244,0.6
12472,5.8343999999999996e-05,0.244,0.2
12473,5.8346e-05,0.244,0.6
12474,5.8348000000000004e-05,0.244,0.6
12475,5.8349999999999995e-05,0.244,0.6
12476,5.8352e-05,0.244,0.6
12477,5.8354000000000004e-05,0.244,0.6
12478,5.8356e-05,0.244,0.6
12479,5.8358e-05,0.244,0.6
12480,5.8360000000000004e-05,0.244,0.6
12481,5.8362e-05,0.244,0.6
12482,5.8364e-05,0.244,0.6
12483,5.8366e-05,0.244,0.6
12484,5.8368e-05,0.244,0.6
12485,5.837e-05,0.244,0.6
12486,5.8372e-05,0.244,0.6
12487,5.8374e-05,0.244,0.6
12488,5.8376e-05,0.244,0.6
12489,5.8378e-05,0.244,0.6
12490,5.838e-05,0.244,0.6
12491,5.8382e-05,0.244,0.6
12492,5.8384e-05,0.244,0.6
12493,5.8386e-05,0.244,0.6
12494,5.8388e-05,0.244,0.6
12495,5.839e-05,0.252,0.6
12496,5.8392e-05,0.244,0.6
12497,5.8394e-05,0.244,0.6
12498,5.8396e-05,0.244,0.6
12499,5.8398e-05,0.244,0.6
12500,5.8399999999999997e-05,0.244,0.6
12501,5.8402e-05,0.244,0.6
12502,5.8404000000000005e-05,0.244,0.6
12503,5.8405999999999996e-05,0.252,0.6
12504,5.8408e-05,0.244,0.6
12505,5.8410000000000005e-05,0.244,0.6
12506,5.8411999999999996e-05,0.244,0.6
12507,5.8414e-05,0.252,0.6
12508,5.8416000000000004e-05,0.244,0.6
12509,5.8417999999999995e-05,0.244,0.6
12510,5.842e-05,0.244,0.6
12511,5.8422000000000004e-05,0.252,0.6
12512,5.8424e-05,0.244,0.6
12513,5.8426e-05,0.244,0.6
12514,5.8428000000000004e-05,0.244,1.0
12515,5.843e-05,0.252,0.6
12516,5.8432e-05,0.244,0.6
12517,5.8434e-05,0.252,0.6
12518,5.8436e-05,0.244,0.6
12519,5.8438e-05,0.252,0.6
12520,5.844e-05,0.244,0.6
12521,5.8442e-05,0.244,0.6
12522,5.8444e-05,0.252,0.6
12523,5.8446e-05,0.252,0.6
12524,5.8448e-05,0.244,0.6
12525,5.845e-05,0.252,0.6
12526,5.8452e-05,0.244,0.6
12527,5.8454e-05,0.252,0.6
12528,5.8456e-05,0.244,0.2
12529,5.8458e-05,0.252,0.6
12530,5.846e-05,0.244,0.6
12531,5.8462e-05,0.252,0.6
12532,5.8464e-05,0.252,0.6
12533,5.8466e-05,0.252,0.6
12534,5.8467999999999997e-05,0.244,1.0
12535,5.847e-05,0.252,0.6
12536,5.8472000000000005e-05,0.252,0.6
12537,5.8473999999999996e-05,0.244,0.6
12538,5.8476e-05,0.252,0.6
12539,5.8478000000000005e-05,0.252,0.6
12540,5.8479999999999996e-05,0.252,0.6
12541,5.8482e-05,0.252,0.6
12542,5.8484000000000005e-05,0.244,0.6
12543,5.8485999999999995e-05,0.252,0.6
12544,5.8488e-05,0.252,0.6
12545,5.8490000000000004e-05,0.252,0.6
12546,5.8492e-05,0.252,1.0
12547,5.8494e-05,0.252,0.6
12548,5.8496000000000004e-05,0.252,0.6
12549,5.8498e-05,0.244,0.6
12550,5.85e-05,0.252,0.6
12551,5.8502e-05,0.252,0.6
12552,5.8504e-05,0.252,0.6
12553,5.8506e-05,0.252,0.6
12554,5.8508e-05,0.252,0.6
12555,5.851e-05,0.252,0.6
12556,5.8512e-05,0.252,0.6
12557,5.8514e-05,0.252,0.6
12558,5.8516e-05,0.252,0.6
12559,5.8518e-05,0.252,0.6
12560,5.852e-05,0.252,0.6
12561,5.8522e-05,0.252,0.6
12562,5.8524e-05,0.252,0.6
12563,5.8526e-05,0.252,0.6
12564,5.8528e-05,0.252,0.6
12565,5.853e-05,0.252,0.6
12566,5.8532e-05,0.252,0.6
12567,5.8534e-05,0.252,0.6
12568,5.8535999999999997e-05,0.252,0.6
12569,5.8538e-05,0.252,1.0
12570,5.8540000000000005e-05,0.252,0.6
12571,5.8541999999999996e-05,0.252,0.6
12572,5.8544e-05,0.252,0.6
12573,5.8546000000000005e-05,0.252,0.6
12574,5.8547999999999996e-05,0.252,1.0
12575,5.855e-05,0.252,0.6
12576,5.8552000000000005e-05,0.252,0.2
12577,5.8553999999999995e-05,0.252,1.0
12578,5.8556e-05,0.252,0.6
12579,5.8558000000000004e-05,0.252,0.6
12580,5.856e-05,0.252,0.6
12581,5.8562e-05,0.252,0.6
12582,5.8564000000000004e-05,0.252,1.0
12583,5.8566e-05,0.26,0.6
12584,5.8568e-05,0.252,0.6
12585,5.857e-05,0.252,0.6
12586,5.8572e-05,0.252,0.6
12587,5.8574e-05,0.252,0.6
12588,5.8576e-05,0.252,0.6
12589,5.8578e-05,0.252,0.6
12590,5.858e-05,0.252,0.6
12591,5.8582e-05,0.252,0.6
12592,5.8584e-05,0.252,0.6
12593,5.8586e-05,0.252,0.6
12594,5.8588e-05,0.252,0.6
12595,5.859e-05,0.252,0.6
12596,5.8592e-05,0.252,0.6
12597,5.8594e-05,0.252,0.6
12598,5.8596e-05,0.252,0.6
12599,5.8598e-05,0.252,0.6
12600,5.86e-05,0.252,0.6
12601,5.8602e-05,0.252,0.6
12602,5.8603999999999997e-05,0.252,0.6
12603,5.8606e-05,0.252,0.6
12604,5.8608e-05,0.252,0.6
12605,5.8609999999999996e-05,0.252,0.6
12606,5.8612e-05,0.252,0.6
12607,5.8614000000000005e-05,0.252,0.6
12608,5.8615999999999996e-05,0.252,0.6
12609,5.8618e-05,0.252,0.6
12610,5.8620000000000005e-05,0.252,0.6
12611,5.8621999999999995e-05,0.26,0.6
12612,5.8624e-05,0.252,0.6
12613,5.8626000000000004e-05,0.252,0.6
12614,5.8628e-05,0.252,0.6
12615,5.863e-05,0.26,0.6
12616,5.8632000000000004e-05,0.252,0.6
12617,5.8634e-05,0.252,0.6
12618,5.8636e-05,0.252,0.6
12619,5.8638e-05,0.26,0.6
12620,5.864e-05,0.252,0.6
12621,5.8642e-05,0.252,0.6
12622,5.8644e-05,0.252,0.6
12623,5.8646e-05,0.26,0.6
12624,5.8648e-05,0.252,0.6
12625,5.865e-05,0.252,0.6
12626,5.8652e-05,0.252,0.6
12627,5.8654e-05,0.26,0.6
12628,5.8656e-05,0.252,0.6
12629,5.8658e-05,0.26,0.6
12630,5.866e-05,0.26,0.6
12631,5.8662e-05,0.26,0.6
12632,5.8664e-05,0.26,0.6
12633,5.8666e-05,0.252,0.6
12634,5.8668e-05,0.26,0.6
12635,5.867e-05,0.26,0.6
12636,5.8672e-05,0.26,0.6
12637,5.8674e-05,0.26,0.6
12638,5.8676e-05,0.252,0.6
12639,5.8677999999999996e-05,0.26,0.6
12640,5.868e-05,0.26,0.6
12641,5.8682000000000005e-05,0.26,0.6
12642,5.8683999999999996e-05,0.26,0.6
12643,5.8686e-05,0.26,0.6
12644,5.8688000000000005e-05,0.26,0.6
12645,5.8689999999999995e-05,0.26,0.6
12646,5.8692e-05,0.26,0.6
12647,5.8694000000000004e-05,0.26,0.6
12648,5.8696e-05,0.26,0.6
12649,5.8698e-05,0.26,0.6
12650,5.8700000000000004e-05,0.26,0.6
12651,5.8702e-05,0.26,0.6
12652,5.8704e-05,0.26,0.6
12653,5.8706000000000003e-05,0.26,0.6
12654,5.8708e-05,0.26,0.6
12655,5.871e-05,0.26,0.6
12656,5.8712e-05,0.26,0.6
12657,5.8714e-05,0.26,0.6
12658,5.8716e-05,0.26,0.6
12659,5.8718e-05,0.26,1.0
12660,5.872e-05,0.26,0.6
12661,5.8722e-05,0.26,0.6
12662,5.8724e-05,0.26,1.0
12663,5.8726e-05,0.26,0.6
12664,5.8728e-05,0.26,0.6
12665,5.873e-05,0.26,0.6
12666,5.8732e-05,0.26,0.6
12667,5.8734e-05,0.26,0.6
12668,5.8736e-05,0.26,0.6
12669,5.8738e-05,0.26,1.0
12670,5.874e-05,0.26,0.6
12671,5.8742e-05,0.26,0.6
12672,5.8744e-05,0.26,0.6
12673,5.8745999999999996e-05,0.26,0.6
12674,5.8748e-05,0.26,0.6
12675,5.8750000000000005e-05,0.26,0.6
12676,5.8751999999999996e-05,0.26,0.6
12677,5.8754e-05,0.26,0.6
12678,5.8756000000000005e-05,0.26,0.6
12679,5.8757999999999995e-05,0.26,0.6
12680,5.876e-05,0.26,0.6
12681,5.8762000000000004e-05,0.26,0.6
12682,5.8764e-05,0.26,0.6
12683,5.8766e-05,0.26,0.6
12684,5.8768000000000004e-05,0.26,0.6
12685,5.877e-05,0.26,0.6
12686,5.8772e-05,0.26,0.6
12687,5.8774000000000003e-05,0.268,0.6
12688,5.8776e-05,0.26,0.6
12689,5.8778e-05,0.26,0.6
12690,5.878e-05,0.26,0.6
12691,5.8782e-05,0.26,0.6
12692,5.8784e-05,0.26,0.6
12693,5.8786e-05,0.26,0.6
12694,5.8788e-05,0.26,0.6
12695,5.879e-05,0.268,0.6
12696,5.8792e-05,0.26,0.6
12697,5.8794e-05,0.26,0.6
12698,5.8796e-05,0.26,0.6
12699,5.8798e-05,0.268,1.0
12700,5.88e-05,0.26,0.6
12701,5.8802e-05,0.26,0.6
12702,5.8804e-05,0.26,0.6
12703,5.8806e-05,0.268,0.6
12704,5.8808e-05,0.26,0.6
12705,5.881e-05,0.26,0.6
12706,5.8812e-05,0.26,0.6
12707,5.8813999999999996e-05,0.26,0.6
12708,5.8816e-05,0.26,0.6
12709,5.8818000000000005e-05,0.26,0.6
12710,5.8819999999999996e-05,0.26,0.6
12711,5.8822e-05,0.268,0.6
12712,5.8824000000000005e-05,0.26,0.6
12713,5.8825999999999995e-05,0.26,0.6
12714,5.8828e-05,0.26,0.6
12715,5.8830000000000004e-05,0.268,0.6
12716,5.8832e-05,0.26,0.6
12717,5.8834e-05,0.26,0.6
12718,5.8836000000000004e-05,0.26,0.6
12719,5.8838e-05,0.268,0.6
12720,5.884e-05,0.268,0.6
12721,5.8842000000000003e-05,0.26,0.6
12722,5.8844e-05,0.26,0.6
12723,5.8846e-05,0.268,0.6
12724,5.8848e-05,0.26,0.6
12725,5.885e-05,0.268,0.6
12726,5.8852e-05,0.26,0.6
12727,5.8854e-05,0.268,0.6
12728,5.8856e-05,0.26,0.6
12729,5.8858e-05,0.268,0.6
12730,5.886e-05,0.268,0.6
12731,5.8862e-05,0.268,0.6
12732,5.8864e-05,0.26,0.6
12733,5.8866e-05,0.268,0.6
12734,5.8868e-05,0.26,0.6
12735,5.887e-05,0.268,0.6
12736,5.8872e-05,0.268,0.6
12737,5.8874e-05,0.268,0.6
12738,5.8876e-05,0.268,0.6
12739,5.8878e-05,0.268,0.6
12740,5.888e-05,0.268,0.6
12741,5.8881999999999996e-05,0.268,1.0
12742,5.8884e-05,0.268,0.6
12743,5.8886000000000005e-05,0.268,0.6
12744,5.8887999999999996e-05,0.268,0.6
12745,5.889e-05,0.268,0.6
12746,5.8892000000000005e-05,0.268,0.6
12747,5.8893999999999996e-05,0.268,0.6
12748,5.8896e-05,0.268,0.6
12749,5.8898000000000004e-05,0.268,0.6
12750,5.89e-05,0.268,0.6
12751,5.8902e-05,0.268,0.6
12752,5.8904000000000004e-05,0.268,0.6
12753,5.8906e-05,0.268,0.6
12754,5.8908e-05,0.268,1.0
12755,5.8910000000000003e-05,0.268,0.6
12756,5.8912e-05,0.268,0.6
12757,5.8914e-05,0.268,0.6
12758,5.8916e-05,0.268,0.6
12759,5.8918e-05,0.268,0.6
12760,5.892e-05,0.268,0.6
12761,5.8922e-05,0.268,0.6
12762,5.8924e-05,0.268,0.6
12763,5.8926e-05,0.268,1.0
12764,5.8928e-05,0.268,0.6
12765,5.893e-05,0.268,0.6
12766,5.8932e-05,0.268,1.0
12767,5.8934e-05,0.268,0.6
12768,5.8936e-05,0.268,0.6
12769,5.8938e-05,0.268,0.6
12770,5.894e-05,0.268,0.6
12771,5.8942e-05,0.268,0.6
12772,5.8944e-05,0.268,0.6
12773,5.8946e-05,0.268,0.6
12774,5.8948e-05,0.268,1.0
12775,5.8949999999999996e-05,0.268,0.6
12776,5.8952e-05,0.268,0.2
12777,5.8954000000000005e-05,0.268,1.0
12778,5.8955999999999996e-05,0.268,0.6
12779,5.8958e-05,0.268,0.6
12780,5.8960000000000005e-05,0.268,0.6
12781,5.8961999999999996e-05,0.268,0.6
12782,5.8964e-05,0.268,1.0
12783,5.8966000000000004e-05,0.276,0.6
12784,5.8968e-05,0.268,0.6
12785,5.897e-05,0.268,0.6
12786,5.8972000000000004e-05,0.268,0.6
12787,5.8974e-05,0.268,0.6
12788,5.8976e-05,0.268,0.6
12789,5.8978000000000004e-05,0.268,1.0
12790,5.898e-05,0.268,0.6
12791,5.8982e-05,0.268,0.6
12792,5.8984e-05,0.268,0.6
12793,5.8986e-05,0.268,0.6
12794,5.8988e-05,0.268,1.0
12795,5.899e-05,0.276,0.6
12796,5.8992e-05,0.268,0.6
12797,5.8994e-05,0.268,0.6
12798,5.8996e-05,0.268,0.6
12799,5.8998e-05,0.276,0.6
12800,5.9e-05,0.268,0.6
12801,5.9002e-05,0.268,0.6
12802,5.9004e-05,0.268,0.6
12803,5.9006e-05,0.276,0.6
12804,5.9008e-05,0.268,0.6
12805,5.901e-05,0.268,0.6
12806,5.9012e-05,0.268,1.0
12807,5.9014e-05,0.276,0.6
12808,5.9016e-05,0.268,0.6
12809,5.9017999999999996e-05,0.268,0.6
12810,5.902e-05,0.268,0.6
12811,5.9022000000000005e-05,0.276,0.6
12812,5.9023999999999996e-05,0.268,0.6
12813,5.9026e-05,0.268,0.6
12814,5.9028000000000005e-05,0.268,0.6
12815,5.9029999999999996e-05,0.276,0.6
12816,5.9032e-05,0.268,0.6
12817,5.9034000000000004e-05,0.276,0.6
12818,5.9036e-05,0.268,0.6
12819,5.9038e-05,0.276,0.6
12820,5.9040000000000004e-05,0.276,0.6
12821,5.9042e-05,0.268,0.6
12822,5.9044e-05,0.268,0.6
12823,5.9046000000000004e-05,0.276,0.6
12824,5.9048e-05,0.276,0.6
12825,5.905e-05,0.276,0.6
12826,5.9052e-05,0.276,1.0
12827,5.9054e-05,0.276,0.6
12828,5.9056e-05,0.276,0.6
12829,5.9058e-05,0.276,0.6
12830,5.906e-05,0.276,0.6
12831,5.9062e-05,0.276,0.6
12832,5.9064e-05,0.268,0.6
12833,5.9066e-05,0.276,0.6
12834,5.9068e-05,0.276,1.0
12835,5.907e-05,0.276,0.6
12836,5.9072e-05,0.276,0.6
12837,5.9074e-05,0.276,0.6
12838,5.9076e-05,0.276,0.6
12839,5.9078e-05,0.276,0.6
12840,5.908e-05,0.276,0.6
12841,5.9082e-05,0.276,0.6
12842,5.9084e-05,0.276,0.6
12843,5.9085999999999996e-05,0.276,0.6
12844,5.9088e-05,0.276,0.6
12845,5.9090000000000005e-05,0.276,0.6
12846,5.9091999999999996e-05,0.276,0.6
12847,5.9094e-05,0.276,0.6
12848,5.9096000000000005e-05,0.276,0.6
12849,5.9097999999999996e-05,0.276,0.6
12850,5.91e-05,0.276,0.6
12851,5.9102000000000004e-05,0.276,0.6
12852,5.9104e-05,0.276,0.6
12853,5.9106e-05,0.276,0.6
12854,5.9108000000000004e-05,0.276,1.0
12855,5.911e-05,0.276,0.6
12856,5.9112e-05,0.276,0.6
12857,5.9114000000000004e-05,0.276,0.6
12858,5.9116e-05,0.276,0.6
12859,5.9118e-05,0.276,1.0
12860,5.912e-05,0.276,0.6
12861,5.9122e-05,0.276,0.6
12862,5.9124e-05,0.276,0.6
12863,5.9126e-05,0.276,0.6
12864,5.9128e-05,0.276,0.6
12865,5.913e-05,0.276,0.6
12866,5.9132e-05,0.276,0.6
12867,5.9134e-05,0.276,0.6
12868,5.9136e-05,0.276,0.6
12869,5.9138e-05,0.276,0.6
12870,5.914e-05,0.276,0.6
12871,5.9142e-05,0.276,0.6
12872,5.9144e-05,0.276,0.6
12873,5.9146e-05,0.276,0.6
12874,5.9148e-05,0.276,1.0
12875,5.915e-05,0.276,0.6
12876,5.9152e-05,0.276,0.6
12877,5.9153999999999996e-05,0.276,0.6
12878,5.9156e-05,0.276,0.6
12879,5.9158000000000005e-05,0.284,0.6
12880,5.9159999999999996e-05,0.276,0.6
12881,5.9162e-05,0.276,1.0
12882,5.9164000000000005e-05,0.276,0.6
12883,5.9165999999999996e-05,0.284,0.6
12884,5.9168e-05,0.276,0.6
12885,5.9170000000000004e-05,0.276,0.6
12886,5.9172e-05,0.276,1.0
12887,5.9174e-05,0.284,0.6
12888,5.9176000000000004e-05,0.276,0.6
12889,5.9178e-05,0.276,0.6
12890,5.918e-05,0.276,1.0
12891,5.9182000000000004e-05,0.284,0.6
12892,5.9184e-05,0.276,0.6
12893,5.9186e-05,0.276,0.6
12894,5.9188e-05,0.276,1.0
12895,5.919e-05,0.284,0.6
12896,5.9192e-05,0.276,0.6
12897,5.9194e-05,0.276,0.6
12898,5.9196e-05,0.276,0.6
12899,5.9198e-05,0.284,1.0
12900,5.92e-05,0.276,0.6
12901,5.9202e-05,0.284,1.0
12902,5.9204e-05,0.276,0.6
12903,5.9206e-05,0.284,0.6
12904,5.9208e-05,0.276,0.6
12905,5.921e-05,0.284,0.6
12906,5.9212e-05,0.276,1.0
12907,5.9214e-05,0.284,0.6
12908,5.9216e-05,0.284,0.6
12909,5.9218e-05,0.276,0.6
12910,5.922e-05,0.276,0.6
12911,5.9221999999999996e-05,0.284,0.6
12912,5.9224e-05,0.276,0.6
12913,5.9226000000000005e-05,0.276,0.6
12914,5.9227999999999996e-05,0.276,1.0
12915,5.923e-05,0.284,0.6
12916,5.9232000000000005e-05,0.284,0.6
12917,5.9233999999999996e-05,0.284,1.0
12918,5.9236e-05,0.276,0.6
12919,5.9238000000000004e-05,0.284,0.6
12920,5.9239999999999995e-05,0.276,0.6
12921,5.9242e-05,0.276,1.0
12922,5.9244000000000004e-05,0.284,1.0
12923,5.9246e-05,0.284,1.0
12924,5.9248e-05,0.276,0.6
12925,5.9250000000000004e-05,0.284,0.6
12926,5.9252e-05,0.276,1.0
12927,5.9254e-05,0.284,0.6
12928,5.9256e-05,0.284,0.6
12929,5.9258e-05,0.284,0.6
12930,5.926e-05,0.284,0.6
12931,5.9262e-05,0.284,1.0
12932,5.9264e-05,0.284,0.6
12933,5.9266e-05,0.284,0.6
12934,5.9268e-05,0.284,1.0
12935,5.927e-05,0.284,0.6
12936,5.9272e-05,0.284,0.6
12937,5.9274e-05,0.284,0.6
12938,5.9276e-05,0.284,0.6
12939,5.9278e-05,0.284,0.6
12940,5.928e-05,0.284,0.6
12941,5.9282e-05,0.284,1.0
12942,5.9284e-05,0.284,0.6
12943,5.9286e-05,0.284,0.6
12944,5.9288e-05,0.284,0.6
12945,5.9289999999999996e-05,0.284,0.6
12946,5.9292e-05,0.284,1.0
12947,5.9294000000000005e-05,0.284,1.0
12948,5.9295999999999996e-05,0.284,0.6
12949,5.9298e-05,0.284,1.0
12950,5.9300000000000005e-05,0.284,0.6
12951,5.9301999999999996e-05,0.284,0.6
12952,5.9304e-05,0.284,0.6
12953,5.9306000000000004e-05,0.284,0.6
12954,5.9307999999999995e-05,0.284,1.0
12955,5.931e-05,0.292,0.6
12956,5.9312000000000004e-05,0.284,0.6
12957,5.9314e-05,0.284,0.6
12958,5.9316e-05,0.284,0.6
12959,5.9318000000000004e-05,0.284,0.6
12960,5.932e-05,0.284,0.6
12961,5.9322e-05,0.284,0.6
12962,5.9324e-05,0.284,0.6
12963,5.9326e-05,0.284,0.6
12964,5.9328e-05,0.284,0.6
12965,5.933e-05,0.284,0.6
12966,5.9332e-05,0.284,1.0
12967,5.9334e-05,0.284,0.6
12968,5.9336e-05,0.284,0.6
12969,5.9338e-05,0.284,1.0
12970,5.934e-05,0.284,0.6
12971,5.9342e-05,0.292,1.0
12972,5.9344e-05,0.284,0.6
12973,5.9346e-05,0.284,1.0
12974,5.9348e-05,0.284,1.0
12975,5.935e-05,0.292,1.0
12976,5.9352e-05,0.284,0.6
12977,5.9354e-05,0.284,1.0
12978,5.9356e-05,0.284,0.6
12979,5.9357999999999996e-05,0.284,1.0
12980,5.936e-05,0.284,0.6
12981,5.9362000000000005e-05,0.284,0.6
12982,5.9363999999999996e-05,0.284,1.0
12983,5.9366e-05,0.292,0.6
12984,5.9368000000000005e-05,0.284,0.6
12985,5.9369999999999996e-05,0.284,0.6
12986,5.9372e-05,0.284,1.0
12987,5.9374000000000004e-05,0.292,1.0
12988,5.9375999999999995e-05,0.284,0.6
12989,5.9378e-05,0.284,0.6
12990,5.9380000000000004e-05,0.284,1.0
12991,5.9382e-05,0.292,0.6
12992,5.9384e-05,0.284,0.6
12993,5.9386000000000004e-05,0.284,0.6
12994,5.9388e-05,0.284,1.0
12995,5.939e-05,0.292,0.6
12996,5.9392e-05,0.284,0.6
12997,5.9394e-05,0.284,0.6
12998,5.9396e-05,0.284,0.6
12999,5.9398e-05,0.292,0.6
13000,5.94e-05,0.284,0.6
13001,5.9402e-05,0.292,0.6
13002,5.9404e-05,0.284,0.6
13003,5.9406e-05,0.284,0.6
13004,5.9408e-05,0.268,0.6
13005,5.941e-05,0.252,0.6
13006,5.9412e-05,0.236,0.6
13007,5.9414e-05,0.212,0.6
13008,5.9416e-05,0.204,0.6
13009,5.9418e-05,0.204,0.6
13010,5.942e-05,0.204,0.6
13011,5.9422e-05,0.22,0.6
13012,5.9424e-05,0.236,0.6
13013,5.9425999999999997e-05,0.252,0.6
13014,5.9428e-05,0.252,1.0
13015,5.9430000000000005e-05,0.26,0.6
13016,5.9431999999999996e-05,0.26,0.6
13017,5.9434e-05,0.268,0.6
13018,5.9436000000000005e-05,0.268,0.6
13019,5.9437999999999996e-05,0.268,1.0
13020,5.944e-05,0.268,0.6
13021,5.9442000000000004e-05,0.268,1.0
13022,5.9443999999999995e-05,0.268,1.0
13023,5.9446e-05,0.268,0.6
13024,5.9448000000000004e-05,0.268,0.6
13025,5.945e-05,0.276,0.6
13026,5.9452e-05,0.276,1.0
13027,5.9454000000000004e-05,0.276,1.0
13028,5.9456e-05,0.276,0.6
13029,5.9458e-05,0.276,1.0
13030,5.946e-05,0.276,0.6
13031,5.9462e-05,0.276,1.0
13032,5.9464e-05,0.268,0.6
13033,5.9466e-05,0.276,0.6
13034,5.9468e-05,0.276,1.0
13035,5.947e-05,0.276,0.6
13036,5.9472e-05,0.276,0.6
13037,5.9474e-05,0.276,0.6
13038,5.9476e-05,0.276,0.6
13039,5.9478e-05,0.284,0.6
13040,5.948e-05,0.276,0.6
13041,5.9482e-05,0.276,0.6
13042,5.9484e-05,0.276,0.6
13043,5.9486e-05,0.276,0.6
13044,5.9488e-05,0.276,0.6
13045,5.949e-05,0.276,1.0
13046,5.9492e-05,0.276,1.0
13047,5.9493999999999997e-05,0.284,1.0
13048,5.9496e-05,0.284,0.6
13049,5.9498000000000005e-05,0.284,0.6
13050,5.9499999999999996e-05,0.276,1.0
13051,5.9502e-05,0.284,1.0
13052,5.9504000000000005e-05,0.276,0.6
13053,5.9505999999999996e-05,0.284,0.6
13054,5.9508e-05,0.276,1.0
13055,5.9510000000000005e-05,0.284,0.6
13056,5.9511999999999995e-05,0.284,0.6
13057,5.9514e-05,0.284,0.6
13058,5.9516000000000004e-05,0.284,1.0
13059,5.9518e-05,0.284,1.0
13060,5.952e-05,0.284,0.6
13061,5.9522000000000004e-05,0.284,1.0
13062,5.9524e-05,0.284,0.6
13063,5.9526e-05,0.284,0.6
13064,5.9528e-05,0.284,0.6
13065,5.953e-05,0.284,0.6
13066,5.9532e-05,0.284,1.0
13067,5.9534e-05,0.284,1.0
13068,5.9536e-05,0.284,0.6
13069,5.9538e-05,0.284,1.0
13070,5.954e-05,0.284,0.6
13071,5.9542e-05,0.284,1.0
13072,5.9544e-05,0.284,0.6
13073,5.9546e-05,0.284,0.6
13074,5.9548e-05,0.284,1.0
13075,5.955e-05,0.292,0.6
13076,5.9552e-05,0.284,0.6
13077,5.9554e-05,0.284,0.6
13078,5.9556e-05,0.284,1.0
13079,5.9558e-05,0.292,1.0
13080,5.956e-05,0.284,0.6
13081,5.9561999999999997e-05,0.284,0.6
13082,5.9564e-05,0.284,1.0
13083,5.9566000000000005e-05,0.292,0.6
13084,5.9567999999999996e-05,0.284,0.6
13085,5.957e-05,0.284,0.6
13086,5.9572000000000005e-05,0.284,0.6
13087,5.9573999999999996e-05,0.292,1.0
13088,5.9576e-05,0.284,0.6
13089,5.9578000000000005e-05,0.292,1.0
13090,5.9579999999999995e-05,0.292,1.0
13091,5.9582e-05,0.292,1.0
13092,5.9584000000000004e-05,0.284,0.6
13093,5.9586e-05,0.292,0.6
13094,5.9588e-05,0.284,1.0
13095,5.9590000000000004e-05,0.292,0.6
13096,5.9592e-05,0.284,0.6
13097,5.9594e-05,0.292,1.0
13098,5.9596e-05,0.292,1.0
13099,5.9598e-05,0.292,1.0
13100,5.96e-05,0.292,0.6
13101,5.9602e-05,0.292,1.0
13102,5.9604e-05,0.292,1.0
13103,5.9606e-05,0.292,1.0
13104,5.9608e-05,0.292,0.6
13105,5.961e-05,0.292,0.6
13106,5.9612e-05,0.292,1.0
13107,5.9614e-05,0.292,1.0
13108,5.9616e-05,0.292,0.6
13109,5.9618e-05,0.292,1.0
13110,5.962e-05,0.292,1.0
13111,5.9622e-05,0.292,1.0
13112,5.9624e-05,0.284,0.6
13113,5.9626e-05,0.292,1.0
13114,5.9628e-05,0.292,1.0
13115,5.9629999999999997e-05,0.292,1.0
13116,5.9632e-05,0.292,1.0
13117,5.9634000000000005e-05,0.292,1.0
13118,5.9635999999999996e-05,0.292,1.0
13119,5.9638e-05,0.292,1.4
13120,5.9640000000000005e-05,0.292,1.0
13121,5.9641999999999996e-05,0.284,1.4
13122,5.9644e-05,0.284,1.4
13123,5.9646000000000005e-05,0.292,1.4
13124,5.9647999999999995e-05,0.284,1.4
13125,5.965e-05,0.284,1.8
13126,5.9652000000000004e-05,0.284,1.8
13127,5.9654e-05,0.292,1.8
13128,5.9656e-05,0.284,1.8
13129,5.9658000000000004e-05,0.284,2.2
13130,5.966e-05,0.284,2.2
13131,5.9662e-05,0.292,2.2
13132,5.9664e-05,0.284,2.2
13133,5.9666e-05,0.292,2.6
13134,5.9668e-05,0.284,2.6
13135,5.967e-05,0.292,2.6
13136,5.9672e-05,0.284,2.6
13137,5.9674e-05,0.292,3.0
13138,5.9676e-05,0.292,3.0
13139,5.9678e-05,0.292,3.4
13140,5.968e-05,0.284,3.0
13141,5.9682e-05,0.292,3.4
13142,5.9684e-05,0.284,3.8
13143,5.9686e-05,0.292,3.8
13144,5.9688e-05,0.284,3.8
13145,5.969e-05,0.284,3.8
13146,5.9692e-05,0.284,4.2
13147,5.9694e-05,0.292,4.2
13148,5.9696e-05,0.292,4.2
13149,5.9698e-05,0.292,4.6
13150,5.97e-05,0.284,4.6
13151,5.9702000000000005e-05,0.292,5.0
13152,5.9703999999999996e-05,0.292,5.0
13153,5.9706e-05,0.292,5.0
13154,5.9708000000000005e-05,0.284,5.8
13155,5.9709999999999996e-05,0.292,5.8
13156,5.9712e-05,0.292,5.8
13157,5.9714000000000005e-05,0.292,6.2
13158,5.9715999999999995e-05,0.284,6.2
13159,5.9718e-05,0.292,6.6
13160,5.9720000000000004e-05,0.284,6.2
13161,5.9722e-05,0.284,6.6
13162,5.9724e-05,0.284,7.0
13163,5.9726000000000004e-05,0.284,7.4
13164,5.9728e-05,0.284,7.4
13165,5.973e-05,0.284,8.2
13166,5.9732000000000003e-05,0.276,8.6
13167,5.9734e-05,0.276,9.0
13168,5.9736e-05,0.276,9.4
13169,5.9738e-05,0.268,10.2
13170,5.974e-05,0.268,11.0
13171,5.9742e-05,0.26,12.6
13172,5.9744e-05,0.26,13.4
13173,5.9746e-05,0.252,14.6
13174,5.9748e-05,0.244,16.2
13175,5.975e-05,0.236,18.2
13176,5.9752e-05,0.22,19.8
13177,5.9754e-05,0.204,22.2
13178,5.9756e-05,0.188,25.4
13179,5.9758e-05,0.172,28.2
13180,5.976e-05,0.156,31.8
13181,5.9762e-05,0.14,35.0
13182,5.9764e-05,0.116,38.2
13183,5.9766e-05,0.084,40.2
13184,5.9768e-05,-0.004,41.8
13185,5.9770000000000005e-05,-0.3,42.6
13186,5.9771999999999996e-05,-0.58,43.0
13187,5.9774e-05,-0.788,42.6
13188,5.9776000000000005e-05,-0.86,43.0
13189,5.9777999999999996e-05,-0.86,42.6
13190,5.978e-05,-0.86,42.2
13191,5.9782000000000005e-05,-0.86,42.2
13192,5.9783999999999995e-05,-0.796,41.8
13193,5.9786e-05,-0.732,41.8
13194,5.9788000000000004e-05,-0.628,41.8
13195,5.979e-05,-0.548,41.8
13196,5.9792e-05,-0.428,41.8
13197,5.9794000000000004e-05,-0.332,41.8
13198,5.9796e-05,-0.228,42.2
13199,5.9798e-05,-0.156,42.6
13200,5.9800000000000003e-05,-0.084,43.0
13201,5.9802e-05,-0.044,43.8
13202,5.9804e-05,-0.028,44.6
13203,5.9806e-05,-0.036,45.4
13204,5.9808e-05,-0.06,45.8
13205,5.981e-05,-0.1,46.6
13206,5.9812e-05,-0.14,46.6
13207,5.9814e-05,-0.164,47.0
13208,5.9816e-05,-0.164,47.8
13209,5.9818e-05,-0.14,47.8
13210,5.982e-05,-0.1,48.2
13211,5.9822e-05,-0.076,48.6
13212,5.9824e-05,-0.052,49.4
13213,5.9826e-05,-0.044,49.8
13214,5.9828e-05,-0.052,50.2
13215,5.983e-05,-0.076,50.6
13216,5.9832e-05,-0.1,51.0
13217,5.9834e-05,-0.124,51.0
13218,5.9836e-05,-0.14,51.4
13219,5.9838e-05,-0.148,51.4
13220,5.9839999999999996e-05,-0.116,51.4
13221,5.9842e-05,-0.092,51.4
13222,5.9844000000000005e-05,-0.068,51.8
13223,5.9845999999999996e-05,-0.06,51.8
13224,5.9848e-05,-0.06,52.2
13225,5.9850000000000005e-05,-0.068,52.6
13226,5.9851999999999995e-05,-0.092,52.6
13227,5.9854e-05,-0.116,52.6
13228,5.9856000000000004e-05,-0.124,52.6
13229,5.9858e-05,-0.14,52.2
13230,5.986e-05,-0.124,51.8
13231,5.9862000000000004e-05,-0.108,51.8
13232,5.9864e-05,-0.092,52.2
13233,5.9866e-05,-0.076,51.8
13234,5.9868000000000003e-05,-0.068,51.4
13235,5.987e-05,-0.076,51.8
13236,5.9872e-05,-0.084,51.4
13237,5.9874e-05,-0.092,51.4
13238,5.9876e-05,-0.108,51.0
13239,5.9878e-05,-0.116,50.6
13240,5.988e-05,-0.116,50.2
13241,5.9882e-05,-0.108,49.8
13242,5.9884e-05,-0.092,49.4
13243,5.9886e-05,-0.084,49.0
13244,5.9888e-05,-0.076,48.6
13245,5.989e-05,-0.076,48.2
13246,5.9892e-05,-0.076,47.8
13247,5.9894e-05,-0.092,45.4
13248,5.9896e-05,-0.116,41.0
13249,5.9898e-05,-0.3,36.2
13250,5.99e-05,-0.86,32.6
13251,5.9902e-05,-0.86,28.2
13252,5.9904e-05,-0.524,22.6
13253,5.9906e-05,0.124,18.2
13254,5.9907999999999996e-05,0.116,15.4
13255,5.991e-05,-0.196,13.8
13256,5.9912000000000005e-05,-0.18,12.2
13257,5.9913999999999996e-05,0.06,10.2
13258,5.9916e-05,0.116,9.4
13259,5.9918000000000005e-05,0.092,9.0
13260,5.9919999999999996e-05,0.148,8.2
13261,5.9922e-05,0.212,8.2
13262,5.9924000000000004e-05,0.204,8.2
13263,5.9926e-05,0.204,8.2
13264,5.9928e-05,0.212,8.6
13265,5.9930000000000004e-05,0.236,9.0
13266,5.9932e-05,0.236,10.2
13267,5.9934e-05,0.236,11.0
13268,5.9936000000000003e-05,0.22,12.6
13269,5.9938e-05,0.212,14.6
13270,5.994e-05,0.196,16.6
13271,5.9942e-05,0.172,19.0
13272,5.9944e-05,0.14,21.8
13273,5.9946e-05,0.108,25.4
13274,5.9948e-05,0.068,28.6
13275,5.995e-05,0.004,32.6
13276,5.9952e-05,-0.044,36.6
13277,5.9954e-05,-0.092,40.2
13278,5.9956e-05,-0.14,43.8
13279,5.9958e-05,-0.188,46.6
13280,5.996e-05,-0.228,49.0
13281,5.9962e-05,-0.26,50.2
13282,5.9964e-05,-0.292,50.2
13283,5.9966e-05,-0.38,49.8
13284,5.9968e-05,-0.476,48.6
13285,5.997e-05,-0.46,47.0
13286,5.9972e-05,-0.324,45.4
13287,5.9974e-05,-0.14,45.0
13288,5.9975999999999996e-05,0.052,45.0
13289,5.9978e-05,0.172,45.4
13290,5.9980000000000005e-05,0.196,42.6
13291,5.9981999999999996e-05,0.14,39.8
13292,5.9984e-05,-0.524,42.6
13293,5.9986000000000005e-05,-0.86,38.6
13294,5.9987999999999996e-05,0.308,33.0
13295,5.999e-05,0.348,34.2
13296,5.9992000000000004e-05,-0.612,31.8
13297,5.9994e-05,-0.1,28.2
13298,5.9996e-05,0.188,27.8
13299,5.9998000000000004e-05,-0.236,26.6
13300,6e-05,-0.036,25.0
13301,6.0002e-05,0.06,24.6
13302,6.0004000000000004e-05,-0.036,23.8
13303,6.0006e-05,0.076,23.0
13304,6.0008e-05,0.036,22.6
13305,6.001e-05,0.012,22.6
13306,6.0012e-05,0.068,23.0
13307,6.0014e-05,0.068,23.0
13308,6.0016e-05,0.036,23.8
13309,6.0018e-05,0.052,24.2
13310,6.002e-05,0.06,25.0
13311,6.0022e-05,0.028,25.8
13312,6.0024e-05,0.028,26.6
13313,6.0026e-05,0.012,27.8
13314,6.0028e-05,-0.004,29.0
13315,6.003e-05,-0.004,30.2
13316,6.0032e-05,-0.028,31.4
13317,6.0034e-05,-0.044,32.6
13318,6.0036e-05,-0.044,33.4
13319,6.0038e-05,-0.068,34.2
13320,6.004e-05,-0.076,35.8
13321,6.0042e-05,-0.092,36.6
13322,6.0043999999999996e-05,-0.1,37.0
13323,6.0046e-05,-0.108,37.4
13324,6.0048000000000005e-05,-0.116,37.8
13325,6.0049999999999996e-05,-0.124,37.8
13326,6.0052e-05,-0.124,37.8
13327,6.0054000000000005e-05,-0.14,37.4
13328,6.0055999999999996e-05,-0.124,37.4
13329,6.0058e-05,-0.124,36.6
13330,6.0060000000000004e-05,-0.116,36.2
13331,6.0062e-05,-0.116,35.8
13332,6.0064e-05,-0.108,34.6
13333,6.0066000000000004e-05,-0.1,34.2
13334,6.0068e-05,-0.092,33.4
13335,6.007e-05,-0.092,32.6
13336,6.0072000000000004e-05,-0.076,31.8
13337,6.0074e-05,-0.068,31.4
13338,6.0076e-05,-0.06,31.0
13339,6.0078e-05,-0.06,30.6
13340,6.008e-05,-0.052,29.8
13341,6.0082e-05,-0.044,29.0
13342,6.0084e-05,-0.036,29.0
13343,6.0086e-05,-0.036,28.6
13344,6.0088e-05,-0.028,28.6
13345,6.009e-05,-0.02,28.6
13346,6.0092e-05,-0.02,28.6
13347,6.0094e-05,-0.02,28.6
13348,6.0096e-05,-0.02,29.0
13349,6.0098e-05,-0.02,29.0
13350,6.01e-05,-0.02,29.8
13351,6.0102e-05,-0.028,29.8
13352,6.0104e-05,-0.028,30.2
13353,6.0106e-05,-0.028,30.6
13354,6.0108e-05,-0.036,31.0
13355,6.011e-05,-0.044,31.4
13356,6.0111999999999996e-05,-0.044,31.8
13357,6.0114e-05,-0.052,32.2
13358,6.0116000000000005e-05,-0.052,32.2
13359,6.0117999999999996e-05,-0.06,32.6
13360,6.012e-05,-0.068,33.0
13361,6.0122000000000005e-05,-0.068,33.0
13362,6.0123999999999996e-05,-0.068,33.4
13363,6.0126e-05,-0.076,33.4
13364,6.0128000000000004e-05,-0.076,33.4
13365,6.013e-05,-0.076,33.4
13366,6.0132e-05,-0.076,33.4
13367,6.0134000000000004e-05,-0.076,33.4
13368,6.0136e-05,-0.076,33.4
13369,6.0138e-05,-0.076,33.0
13370,6.0140000000000004e-05,-0.076,33.0
13371,6.0142e-05,-0.076,33.0
13372,6.0144e-05,-0.076,32.6
13373,6.0146e-05,-0.068,32.6
13374,6.0148e-05,-0.068,32.2
13375,6.015e-05,-0.068,32.2
13376,6.0152e-05,-0.06,31.8
13377,6.0154e-05,-0.06,31.4
13378,6.0156e-05,-0.06,31.4
13379,6.0158e-05,-0.052,31.4
13380,6.016e-05,-0.052,31.0
13381,6.0162e-05,-0.052,31.0
13382,6.0164e-05,-0.044,31.0
13383,6.0166e-05,-0.044,31.0
13384,6.0168e-05,-0.044,31.0
13385,6.017e-05,-0.044,30.6
13386,6.0172e-05,-0.036,31.0
13387,6.0174e-05,-0.044,31.0
13388,6.0176e-05,-0.044,31.0
13389,6.0178e-05,-0.044,31.0
13390,6.0179999999999996e-05,-0.044,31.0
13391,6.0182e-05,-0.044,31.0
13392,6.0184000000000005e-05,-0.044,31.4
13393,6.0185999999999996e-05,-0.044,31.4
13394,6.0188e-05,-0.044,31.4
13395,6.0190000000000005e-05,-0.052,31.8
13396,6.0191999999999996e-05,-0.052,31.8
13397,6.0194e-05,-0.052,31.8
13398,6.0196000000000004e-05,-0.052,31.8
13399,6.0198e-05,-0.052,31.8
13400,6.02e-05,-0.052,32.2
13401,6.0202000000000004e-05,-0.06,32.2
13402,6.0204e-05,-0.052,32.2
13403,6.0206e-05,-0.06,32.2
13404,6.0208000000000004e-05,-0.06,32.2
13405,6.021e-05,-0.06,32.2
13406,6.0212e-05,-0.06,32.2
13407,6.0214e-05,-0.06,32.2
13408,6.0216e-05,-0.06,32.2
13409,6.0218e-05,-0.06,32.2
13410,6.022e-05,-0.052,32.2
13411,6.0222e-05,-0.06,32.2
13412,6.0224e-05,-0.06,32.2
13413,6.0226e-05,-0.052,31.8
13414,6.0228e-05,-0.052,31.8
13415,6.023e-05,-0.052,31.8
13416,6.0232e-05,-0.052,31.8
13417,6.0234e-05,-0.052,31.4
13418,6.0236e-05,-0.044,31.4
13419,6.0238e-05,-0.052,31.4
13420,6.024e-05,-0.044,31.4
13421,6.0242e-05,-0.044,31.4
13422,6.0244e-05,-0.044,31.4
13423,6.0246e-05,-0.052,31.4
13424,6.0247999999999996e-05,-0.044,31.4
13425,6.025e-05,-0.044,31.4
13426,6.0252000000000005e-05,-0.044,31.4
13427,6.0253999999999996e-05,-0.044,31.4
13428,6.0256e-05,-0.044,31.4
13429,6.0258000000000005e-05,-0.044,31.4
13430,6.0259999999999996e-05,-0.044,31.4
13431,6.0262e-05,-0.044,31.4
13432,6.0264000000000004e-05,-0.044,31.4
13433,6.0266e-05,-0.052,31.4
13434,6.0268e-05,-0.044,31.4
13435,6.0270000000000004e-05,-0.052,31.4
13436,6.0272e-05,-0.044,31.8
13437,6.0274e-05,-0.044,31.8
13438,6.0276000000000004e-05,-0.044,31.8
13439,6.0278e-05,-0.052,31.8
13440,6.028e-05,-0.052,31.8
13441,6.0282e-05,-0.044,31.8
13442,6.0284e-05,-0.044,31.8
13443,6.0286e-05,-0.052,31.8
13444,6.0288e-05,-0.052,31.8
13445,6.029e-05,-0.052,31.8
13446,6.0292e-05,-0.052,31.8
13447,6.0294e-05,-0.052,31.8
13448,6.0296e-05,-0.052,31.8
13449,6.0298e-05,-0.044,31.8
13450,6.03e-05,-0.052,31.8
13451,6.0302e-05,-0.052,31.8
13452,6.0304e-05,-0.052,31.8
13453,6.0306e-05,-0.052,31.8
13454,6.0308e-05,-0.044,31.8
13455,6.031e-05,-0.052,31.8
13456,6.0312e-05,-0.052,31.4
13457,6.0314e-05,-0.052,31.8
13458,6.0315999999999996e-05,-0.044,31.8
13459,6.0318e-05,-0.052,31.4
13460,6.0320000000000005e-05,-0.044,31.4
13461,6.0321999999999996e-05,-0.044,31.4
13462,6.0324e-05,-0.044,31.4
13463,6.0326000000000005e-05,-0.044,31.4
13464,6.0327999999999996e-05,-0.044,31.4
13465,6.033e-05,-0.044,31.4
13466,6.0332000000000004e-05,-0.044,31.4
13467,6.0334e-05,-0.044,31.4
13468,6.0336e-05,-0.044,31.4
13469,6.0338000000000004e-05,-0.044,31.4
13470,6.034e-05,-0.044,31.4
13471,6.0342e-05,-0.044,31.4
13472,6.0344000000000004e-05,-0.044,31.4
13473,6.0346e-05,-0.044,31.4
13474,6.0348e-05,-0.044,31.4
13475,6.035e-05,-0.052,31.8
13476,6.0352e-05,-0.044,31.4
13477,6.0354e-05,-0.044,31.4
13478,6.0356e-05,-0.044,31.4
13479,6.0358e-05,-0.044,31.4
13480,6.036e-05,-0.044,31.4
13481,6.0362e-05,-0.044,31.4
13482,6.0364e-05,-0.044,31.8
13483,6.0366e-05,-0.052,31.8
13484,6.0368e-05,-0.044,31.8
13485,6.037e-05,-0.052,31.8
13486,6.0372e-05,-0.044,31.8
13487,6.0374e-05,-0.052,31.8
13488,6.0376e-05,-0.044,31.8
13489,6.0378e-05,-0.044,31.4
13490,6.038e-05,-0.044,31.8
13491,6.0382e-05,-0.052,31.8
13492,6.0383999999999996e-05,-0.044,31.4
13493,6.0386e-05,-0.044,31.4
13494,6.0388000000000005e-05,-0.044,31.4
13495,6.0389999999999996e-05,-0.044,31.4
13496,6.0392e-05,-0.044,31.4
13497,6.0394000000000005e-05,-0.044,31.4
13498,6.0395999999999996e-05,-0.044,31.8
13499,6.0398e-05,-0.044,31.4
13500,6.0400000000000004e-05,-0.044,31.4
13501,6.0402e-05,-0.044,31.4
13502,6.0404e-05,-0.044,31.4
13503,6.0406000000000004e-05,-0.044,31.4
13504,6.0408e-05,-0.044,31.4
13505,6.041e-05,-0.044,31.4
13506,6.0412000000000004e-05,-0.044,31.4
13507,6.0414e-05,-0.044,31.4
13508,6.0416e-05,-0.044,31.4
13509,6.0418e-05,-0.044,31.4
13510,6.042e-05,-0.044,31.4
13511,6.0422e-05,-0.044,31.4
13512,6.0424e-05,-0.044,31.4
13513,6.0426e-05,-0.044,31.4
13514,6.0428e-05,-0.044,31.4
13515,6.043e-05,-0.044,31.4
13516,6.0432e-05,-0.044,31.4
13517,6.0434e-05,-0.044,31.4
13518,6.0436e-05,-0.044,31.4
13519,6.0438e-05,-0.044,31.4
13520,6.044e-05,-0.044,31.4
13521,6.0442e-05,-0.044,31.4
13522,6.0444e-05,-0.044,31.4
13523,6.0446e-05,-0.044,31.4
13524,6.0448e-05,-0.044,31.4
13525,6.045e-05,-0.044,31.8
13526,6.0451999999999997e-05,-0.044,31.4
13527,6.0454e-05,-0.044,31.4
13528,6.0456000000000005e-05,-0.044,31.4
13529,6.0457999999999996e-05,-0.044,31.4
13530,6.046e-05,-0.044,31.4
13531,6.0462000000000005e-05,-0.044,31.4
13532,6.0463999999999996e-05,-0.044,31.8
13533,6.0466e-05,-0.044,31.4
13534,6.0468000000000004e-05,-0.044,31.4
13535,6.0469999999999995e-05,-0.044,31.4
13536,6.0472e-05,-0.044,31.4
13537,6.0474000000000004e-05,-0.044,31.4
13538,6.0476e-05,-0.036,31.4
13539,6.0478e-05,-0.044,31.4
13540,6.0480000000000004e-05,-0.044,31.4
13541,6.0482e-05,-0.044,31.4
13542,6.0484e-05,-0.036,31.4
13543,6.0486e-05,-0.044,31.4
13544,6.0488e-05,-0.044,31.4
13545,6.049e-05,-0.044,31.4
13546,6.0492e-05,-0.036,31.4
13547,6.0494e-05,-0.044,31.4
13548,6.0496e-05,-0.044,31.4
13549,6.0498e-05,-0.044,31.4
13550,6.05e-05,-0.036,31.4
13551,6.0502e-05,-0.044,31.4
13552,6.0504e-05,-0.036,31.4
13553,6.0506e-05,-0.044,31.4
13554,6.0508e-05,-0.036,31.4
13555,6.051e-05,-0.044,31.4
13556,6.0512e-05,-0.036,31.4
13557,6.0514e-05,-0.036,31.4
13558,6.0516e-05,-0.036,31.4
13559,6.0518e-05,-0.044,31.4
13560,6.0519999999999997e-05,-0.036,31.4
13561,6.0522e-05,-0.036,31.4
13562,6.0524000000000005e-05,-0.036,31.4
13563,6.0525999999999996e-05,-0.044,31.4
13564,6.0528e-05,-0.036,31.4
13565,6.0530000000000005e-05,-0.036,31.4
13566,6.0531999999999996e-05,-0.036,31.4
13567,6.0534e-05,-0.044,31.4
13568,6.0536000000000005e-05,-0.036,31.4
13569,6.0537999999999995e-05,-0.036,31.4
13570,6.054e-05,-0.036,31.4
13571,6.0542000000000004e-05,-0.036,31.4
13572,6.0544e-05,-0.036,31.4
13573,6.0546e-05,-0.044,31.4
13574,6.0548000000000004e-05,-0.036,31.4
13575,6.055e-05,-0.044,31.4
13576,6.0552e-05,-0.044,31.4
13577,6.0554e-05,-0.036,31.4
13578,6.0556e-05,-0.036,31.4
13579,6.0558e-05,-0.044,31.4
13580,6.056e-05,-0.036,31.4
13581,6.0562e-05,-0.044,31.8
13582,6.0564e-05,-0.036,31.4
13583,6.0566e-05,-0.044,31.4
13584,6.0568e-05,-0.036,31.4
13585,6.057e-05,-0.036,31.4
13586,6.0572e-05,-0.036,31.4
13587,6.0574e-05,-0.044,31.4
13588,6.0576e-05,-0.036,31.4
13589,6.0578e-05,-0.036,31.4
13590,6.058e-05,-0.036,31.4
13591,6.0582e-05,-0.044,31.4
13592,6.0584e-05,-0.036,31.4
13593,6.0586e-05,-0.036,31.4
13594,6.0587999999999997e-05,-0.036,31.4
13595,6.059e-05,-0.036,31.4
13596,6.0592000000000005e-05,-0.036,31.4
13597,6.0593999999999996e-05,-0.036,31.4
13598,6.0596e-05,-0.036,31.4
13599,6.0598000000000005e-05,-0.036,31.4
13600,6.0599999999999996e-05,-0.036,31.4
13601,6.0602e-05,-0.036,31.4
13602,6.0604000000000005e-05,-0.036,31.4
13603,6.0605999999999995e-05,-0.036,31.4
13604,6.0608e-05,-0.036,31.4
13605,6.0610000000000004e-05,-0.036,31.4
13606,6.0612e-05,-0.036,31.4
13607,6.0614e-05,-0.036,31.4
13608,6.0616000000000004e-05,-0.036,31.4
13609,6.0618e-05,-0.036,31.4
13610,6.062e-05,-0.036,31.4
13611,6.0622e-05,-0.036,31.4
13612,6.0624e-05,-0.036,31.4
13613,6.0626e-05,-0.036,31.4
13614,6.0628e-05,-0.036,31.4
13615,6.063e-05,-0.036,31.4
13616,6.0632e-05,-0.036,31.4
13617,6.0634e-05,-0.036,31.4
13618,6.0636e-05,-0.036,31.4
13619,6.0638e-05,-0.036,31.4
13620,6.064e-05,-0.036,31.4
13621,6.0642e-05,-0.036,31.4
13622,6.0644e-05,-0.036,31.4
13623,6.0646e-05,-0.036,31.4
13624,6.0648e-05,-0.036,31.4
13625,6.065e-05,-0.036,31.4
13626,6.0652e-05,-0.036,31.4
13627,6.0654e-05,-0.036,31.4
13628,6.0655999999999997e-05,-0.036,31.4
13629,6.0658e-05,-0.036,31.4
13630,6.0660000000000005e-05,-0.036,31.4
13631,6.0661999999999996e-05,-0.036,31.4
13632,6.0664e-05,-0.036,31.4
13633,6.0666000000000005e-05,-0.036,31.4
13634,6.0667999999999996e-05,-0.036,31.4
13635,6.067e-05,-0.036,31.4
13636,6.0672000000000005e-05,-0.036,31.4
13637,6.0673999999999995e-05,-0.036,31.4
13638,6.0676e-05,-0.036,31.4
13639,6.0678000000000004e-05,-0.036,31.4
13640,6.068e-05,-0.036,31.4
13641,6.0682e-05,-0.036,31.4
13642,6.0684000000000004e-05,-0.036,31.4
13643,6.0686e-05,-0.036,31.4
13644,6.0688e-05,-0.036,31.4
13645,6.069e-05,-0.036,31.4
13646,6.0692e-05,-0.036,31.4
13647,6.0694e-05,-0.036,31.4
13648,6.0696e-05,-0.036,31.4
13649,6.0698e-05,-0.036,31.4
13650,6.07e-05,-0.036,31.4
13651,6.0702e-05,-0.036,31.4
13652,6.0704e-05,-0.036,31.4
13653,6.0706e-05,-0.036,31.4
13654,6.0708e-05,-0.036,31.4
13655,6.071e-05,-0.036,31.4
13656,6.0712e-05,-0.036,31.4
13657,6.0714e-05,-0.036,31.4
13658,6.0716e-05,-0.036,31.4
13659,6.0718e-05,-0.036,31.4
13660,6.072e-05,-0.036,31.4
13661,6.0722e-05,-0.036,31.4
13662,6.0724e-05,-0.036,31.4
13663,6.0726e-05,-0.036,31.4
13664,6.0728000000000005e-05,-0.036,31.4
13665,6.0729999999999996e-05,-0.036,31.4
13666,6.0732e-05,-0.036,31.4
13667,6.0734000000000005e-05,-0.036,31.4
13668,6.0735999999999996e-05,-0.036,31.4
13669,6.0738e-05,-0.036,31.4
13670,6.0740000000000005e-05,-0.036,31.4
13671,6.0741999999999995e-05,-0.036,31.4
13672,6.0744e-05,-0.036,31.4
13673,6.0746000000000004e-05,-0.036,31.4
13674,6.0748e-05,-0.028,31.4
13675,6.075e-05,-0.036,31.4
13676,6.0752000000000004e-05,-0.036,31.4
13677,6.0754e-05,-0.036,31.4
13678,6.0756e-05,-0.028,31.4
13679,6.0758000000000003e-05,-0.036,31.4
13680,6.076e-05,-0.028,31.4
13681,6.0762e-05,-0.036,31.4
13682,6.0764e-05,-0.036,31.4
13683,6.0766e-05,-0.036,31.4
13684,6.0768e-05,-0.036,31.4
13685,6.077e-05,-0.036,31.4
13686,6.0772e-05,-0.028,31.4
13687,6.0774e-05,-0.036,31.4
13688,6.0776e-05,-0.036,31.4
13689,6.0778e-05,-0.036,31.4
13690,6.078e-05,-0.028,31.4
13691,6.0782e-05,-0.036,31.4
13692,6.0784e-05,-0.036,31.4
13693,6.0786e-05,-0.028,31.4
13694,6.0788e-05,-0.028,31.4
13695,6.079e-05,-0.036,31.4
13696,6.0792e-05,-0.036,31.4
13697,6.0794e-05,-0.036,31.4
13698,6.0796000000000005e-05,-0.028,31.4
13699,6.0797999999999996e-05,-0.036,31.4
13700,6.08e-05,-0.028,31.4
13701,6.0802000000000005e-05,-0.036,31.4
13702,6.0803999999999996e-05,-0.028,31.4
13703,6.0806e-05,-0.036,31.4
13704,6.0808000000000005e-05,-0.028,31.4
13705,6.0809999999999995e-05,-0.036,31.4
13706,6.0812e-05,-0.028,31.4
13707,6.0814000000000004e-05,-0.036,31.4
13708,6.0816e-05,-0.028,31.4
13709,6.0818e-05,-0.036,31.4
13710,6.0820000000000004e-05,-0.028,31.4
13711,6.0822e-05,-0.028,31.4
13712,6.0824e-05,-0.028,31.4
13713,6.0826000000000003e-05,-0.028,31.4
13714,6.0828e-05,-0.028,31.4
13715,6.083e-05,-0.036,31.4
13716,6.0832e-05,-0.028,31.4
13717,6.0834e-05,-0.036,31.4
13718,6.0836e-05,-0.028,31.4
13719,6.0838e-05,-0.028,31.4
13720,6.084e-05,-0.036,31.4
13721,6.0842e-05,-0.036,31.4
13722,6.0844e-05,-0.028,31.4
13723,6.0846e-05,-0.036,31.4
13724,6.0848e-05,-0.028,31.4
13725,6.085e-05,-0.028,31.4
13726,6.0852e-05,-0.028,31.4
13727,6.0854e-05,-0.036,31.4
13728,6.0856e-05,-0.028,31.4
13729,6.0858e-05,-0.028,31.4
13730,6.086e-05,-0.028,31.4
13731,6.0862e-05,-0.036,31.4
13732,6.0864000000000005e-05,-0.028,31.4
13733,6.0865999999999996e-05,-0.028,31.4
13734,6.0868e-05,-0.028,31.4
13735,6.0870000000000005e-05,-0.036,31.4
13736,6.0871999999999996e-05,-0.028,31.4
13737,6.0874e-05,-0.028,31.4
13738,6.0876000000000005e-05,-0.028,31.4
13739,6.0877999999999995e-05,-0.028,31.4
13740,6.088e-05,-0.028,31.4
13741,6.0882000000000004e-05,-0.028,31.4
13742,6.0884e-05,-0.028,31.4
13743,6.0886e-05,-0.028,31.4
13744,6.0888000000000004e-05,-0.028,31.4
13745,6.089e-05,-0.028,31.4
13746,6.0892e-05,-0.028,31.4
13747,6.0894000000000003e-05,-0.036,31.4
13748,6.0896e-05,-0.028,31.4
13749,6.0898e-05,-0.028,31.4
13750,6.09e-05,-0.028,31.4
13751,6.0902e-05,-0.028,31.4
13752,6.0904e-05,-0.028,31.4
13753,6.0906e-05,-0.028,31.4
13754,6.0908e-05,-0.028,31.4
13755,6.091e-05,-0.036,31.4
13756,6.0912e-05,-0.028,31.4
13757,6.0914e-05,-0.028,31.4
13758,6.0916e-05,-0.028,31.4
13759,6.0918e-05,-0.028,31.4
13760,6.092e-05,-0.028,31.4
13761,6.0922e-05,-0.028,31.4
13762,6.0924e-05,-0.028,31.4
13763,6.0926e-05,-0.028,31.4
13764,6.0928e-05,-0.028,31.4
13765,6.093e-05,-0.028,31.4
13766,6.0932000000000005e-05,-0.028,31.4
13767,6.0933999999999996e-05,-0.028,31.4
13768,6.0936e-05,-0.028,31.4
13769,6.0938000000000005e-05,-0.028,31.4
13770,6.0939999999999996e-05,-0.028,31.4
13771,6.0942e-05,-0.028,31.4
13772,6.0944000000000005e-05,-0.028,31.4
13773,6.0945999999999996e-05,-0.028,31.4
13774,6.0948e-05,-0.028,31.4
13775,6.0950000000000004e-05,-0.028,31.4
13776,6.0952e-05,-0.028,31.4
13777,6.0954e-05,-0.028,31.4
13778,6.0956000000000004e-05,-0.028,31.8
13779,6.0958e-05,-0.028,31.4
13780,6.096e-05,-0.028,31.4
13781,6.0962000000000003e-05,-0.028,31.4
13782,6.0964e-05,-0.028,31.4
13783,6.0966e-05,-0.036,31.4
13784,6.0968e-05,-0.028,31.4
13785,6.097e-05,-0.028,31.4
13786,6.0972e-05,-0.028,31.4
13787,6.0974e-05,-0.028,31.4
13788,6.0976e-05,-0.028,31.4
13789,6.0978e-05,-0.028,31.4
13790,6.098e-05,-0.028,31.4
13791,6.0982e-05,-0.028,31.4
13792,6.0984e-05,-0.028,31.4
13793,6.0986e-05,-0.028,31.4
13794,6.0988e-05,-0.028,31.4
13795,6.099e-05,-0.028,31.4
13796,6.0992e-05,-0.028,31.4
13797,6.0994e-05,-0.028,31.4
13798,6.0996e-05,-0.028,31.4
13799,6.0998e-05,-0.028,31.4
13800,6.1000000000000005e-05,-0.028,31.4
13801,6.1001999999999996e-05,-0.028,31.4
13802,6.1004e-05,-0.028,31.4
13803,6.1006000000000005e-05,-0.028,31.4
13804,6.1007999999999996e-05,-0.028,31.4
13805,6.101e-05,-0.028,31.4
13806,6.1012000000000005e-05,-0.028,31.4
13807,6.1013999999999996e-05,-0.028,31.4
13808,6.1016e-05,-0.028,31.4
13809,6.1018000000000004e-05,-0.028,31.4
13810,6.102e-05,-0.028,31.4
13811,6.1022e-05,-0.028,31.4
13812,6.1024000000000004e-05,-0.028,31.4
13813,6.1026e-05,-0.028,31.4
13814,6.1028e-05,-0.028,31.4
13815,6.1030000000000004e-05,-0.028,31.4
13816,6.1032e-05,-0.028,31.4
13817,6.1034e-05,-0.028,31.4
13818,6.1036e-05,-0.02,31.4
13819,6.1038e-05,-0.028,31.4
13820,6.104e-05,-0.028,31.4
13821,6.1042e-05,-0.028,31.4
13822,6.104400000000001e-05,-0.028,31.4
13823,6.1046e-05,-0.028,31.4
13824,6.1048e-05,-0.028,31.4
13825,6.104999999999999e-05,-0.028,31.4
13826,6.1052e-05,-0.028,31.4
13827,6.1054e-05,-0.028,31.4
13828,6.1056e-05,-0.028,31.4
13829,6.1058e-05,-0.028,31.4
13830,6.106e-05,-0.028,31.4
13831,6.106199999999999e-05,-0.028,31.4
13832,6.1064e-05,-0.028,31.4
13833,6.1066e-05,-0.028,31.4
13834,6.1068e-05,-0.028,31.4
13835,6.107e-05,-0.028,31.4
13836,6.1072e-05,-0.028,31.4
13837,6.1074e-05,-0.028,31.4
13838,6.1076e-05,-0.02,31.4
13839,6.1078e-05,-0.028,31.4
13840,6.108e-05,-0.028,31.4
13841,6.1082e-05,-0.028,31.4
13842,6.1084e-05,-0.02,31.4
13843,6.1086e-05,-0.028,31.4
13844,6.1088e-05,-0.028,31.4
13845,6.109e-05,-0.028,31.4
13846,6.1092e-05,-0.02,31.4
13847,6.109400000000001e-05,-0.028,31.4
13848,6.1096e-05,-0.028,31.4
13849,6.1098e-05,-0.028,31.4
13850,6.11e-05,-0.02,31.4
13851,6.1102e-05,-0.028,31.4
13852,6.1104e-05,-0.02,31.4
13853,6.110600000000001e-05,-0.028,31.4
13854,6.1108e-05,-0.02,31.4
13855,6.111e-05,-0.028,31.4
13856,6.1112e-05,-0.02,31.4
13857,6.1114e-05,-0.028,31.4
13858,6.1116e-05,-0.02,31.4
13859,6.1118e-05,-0.028,31.4
13860,6.112e-05,-0.028,31.4
13861,6.1122e-05,-0.028,31.4
13862,6.112399999999999e-05,-0.02,31.4
13863,6.1126e-05,-0.028,31.4
13864,6.1128e-05,-0.02,31.4
13865,6.113e-05,-0.02,31.4
13866,6.1132e-05,-0.02,31.4
13867,6.1134e-05,-0.028,31.4
13868,6.113599999999999e-05,-0.028,31.4
13869,6.1138e-05,-0.02,31.4
13870,6.114e-05,-0.02,31.4
13871,6.1142e-05,-0.028,31.4
13872,6.1144e-05,-0.028,31.4
13873,6.1146e-05,-0.02,31.4
13874,6.1148e-05,-0.02,31.4
13875,6.115e-05,-0.028,31.4
13876,6.1152e-05,-0.02,31.4
13877,6.1154e-05,-0.02,31.4
13878,6.115600000000001e-05,-0.02,31.4
13879,6.1158e-05,-0.028,31.4
13880,6.116e-05,-0.02,31.4
13881,6.1162e-05,-0.02,31.4
13882,6.1164e-05,-0.02,31.4
13883,6.1166e-05,-0.028,31.4
13884,6.116800000000001e-05,-0.02,31.4
13885,6.117e-05,-0.028,31.4
13886,6.1172e-05,-0.02,31.4
13887,6.1174e-05,-0.028,31.4
13888,6.1176e-05,-0.02,31.4
13889,6.1178e-05,-0.02,31.4
13890,6.118000000000001e-05,-0.02,31.4
13891,6.1182e-05,-0.028,31.4
13892,6.1184e-05,-0.02,31.4
13893,6.118599999999999e-05,-0.02,31.4
13894,6.1188e-05,-0.02,31.4
13895,6.119e-05,-0.028,31.4
13896,6.1192e-05,-0.02,31.4
13897,6.1194e-05,-0.02,31.4
13898,6.1196e-05,-0.02,31.8
13899,6.119799999999999e-05,-0.028,31.4
13900,6.12e-05,-0.02,31.4
13901,6.1202e-05,-0.02,31.4
13902,6.1204e-05,-0.02,31.4
13903,6.1206e-05,-0.028,31.4
13904,6.1208e-05,-0.02,31.4
13905,6.121e-05,-0.02,31.4
13906,6.1212e-05,-0.02,31.4
13907,6.1214e-05,-0.028,31.4
13908,6.1216e-05,-0.02,31.4
13909,6.1218e-05,-0.02,31.4
13910,6.122e-05,-0.02,31.4
13911,6.1222e-05,-0.02,31.4
13912,6.1224e-05,-0.02,31.4
13913,6.1226e-05,-0.02,31.4
13914,6.1228e-05,-0.02,31.4
13915,6.123000000000001e-05,-0.028,31.4
13916,6.1232e-05,-0.02,31.4
13917,6.1234e-05,-0.02,31.4
13918,6.1236e-05,-0.02,31.4
13919,6.1238e-05,-0.028,31.4
13920,6.124e-05,-0.02,31.4
13921,6.124200000000001e-05,-0.02,31.4
13922,6.1244e-05,-0.02,31.4
13923,6.1246e-05,-0.02,31.4
13924,6.1248e-05,-0.02,31.4
13925,6.125e-05,-0.02,31.4
13926,6.1252e-05,-0.02,31.4
13927,6.125400000000001e-05,-0.02,31.4
13928,6.1256e-05,-0.02,31.4
13929,6.1258e-05,-0.02,31.4
13930,6.125999999999999e-05,-0.02,31.4
13931,6.1262e-05,-0.02,31.4
13932,6.1264e-05,-0.02,31.4
13933,6.1266e-05,-0.02,31.4
13934,6.1268e-05,-0.02,31.4
13935,6.127e-05,-0.02,31.4
13936,6.127199999999999e-05,-0.02,31.4
13937,6.1274e-05,-0.02,31.4
13938,6.1276e-05,-0.02,31.4
13939,6.1278e-05,-0.02,31.4
13940,6.128e-05,-0.02,31.4
13941,6.1282e-05,-0.02,31.4
13942,6.1284e-05,-0.02,31.4
13943,6.1286e-05,-0.02,31.4
13944,6.1288e-05,-0.02,31.4
13945,6.129e-05,-0.02,31.4
13946,6.129200000000001e-05,-0.02,31.4
13947,6.1294e-05,-0.02,31.4
13948,6.1296e-05,-0.02,31.4
13949,6.1298e-05,-0.02,31.4
13950,6.13e-05,-0.02,31.4
13951,6.1302e-05,-0.02,31.4
13952,6.130400000000001e-05,-0.02,31.4
13953,6.1306e-05,-0.02,31.4
13954,6.1308e-05,-0.02,31.4
13955,6.131e-05,-0.02,31.4
13956,6.1312e-05,-0.02,31.4
13957,6.1314e-05,-0.02,31.4
13958,6.131600000000001e-05,-0.02,31.4
13959,6.1318e-05,-0.02,31.4
13960,6.132e-05,-0.02,31.4
13961,6.1322e-05,-0.02,31.4
13962,6.1324e-05,-0.02,31.4
13963,6.1326e-05,-0.02,31.4
13964,6.1328e-05,-0.02,31.4
13965,6.133e-05,-0.02,31.4
13966,6.1332e-05,-0.02,31.4
13967,6.133399999999999e-05,-0.02,31.4
13968,6.1336e-05,-0.02,31.4
13969,6.1338e-05,-0.02,31.4
13970,6.134e-05,-0.02,31.4
13971,6.1342e-05,-0.02,31.4
13972,6.1344e-05,-0.02,31.4
13973,6.1346e-05,-0.02,31.4
13974,6.1348e-05,-0.02,31.4
13975,6.135e-05,-0.02,31.4
13976,6.1352e-05,-0.02,31.4
13977,6.1354e-05,-0.02,31.4
13978,6.1356e-05,-0.02,31.4
13979,6.1358e-05,-0.02,31.4
13980,6.136e-05,-0.02,31.4
13981,6.1362e-05,-0.02,31.4
13982,6.1364e-05,-0.02,31.4
13983,6.136600000000001e-05,-0.02,31.4
13984,6.1368e-05,-0.02,31.4
13985,6.137e-05,-0.02,31.4
13986,6.1372e-05,-0.02,31.4
13987,6.1374e-05,-0.02,31.4
13988,6.1376e-05,-0.02,31.4
13989,6.137800000000001e-05,-0.02,31.4
13990,6.138e-05,-0.02,31.4
13991,6.1382e-05,-0.02,31.4
13992,6.1384e-05,-0.02,31.4
13993,6.1386e-05,-0.02,31.4
13994,6.1388e-05,-0.02,31.4
13995,6.139000000000001e-05,-0.02,31.4
13996,6.1392e-05,-0.02,31.4
13997,6.1394e-05,-0.02,31.4
13998,6.139599999999999e-05,-0.012,31.4
13999,6.1398e-05,-0.02,31.4
14000,6.14e-05,-0.02,31.4
14001,6.1402e-05,-0.02,31.4
14002,6.1404e-05,-0.02,31.4
14003,6.1406e-05,-0.02,31.4
14004,6.140799999999999e-05,-0.02,31.4
14005,6.141e-05,-0.02,31.4
14006,6.1412e-05,-0.02,31.4
14007,6.1414e-05,-0.02,31.4
14008,6.1416e-05,-0.02,31.4
14009,6.1418e-05,-0.02,31.4
14010,6.142e-05,-0.02,31.4
14011,6.1422e-05,-0.02,31.4
14012,6.1424e-05,-0.02,31.4
14013,6.1426e-05,-0.02,31.4
14014,6.142800000000001e-05,-0.02,31.4
14015,6.143e-05,-0.02,31.4
14016,6.1432e-05,-0.02,31.4
14017,6.1434e-05,-0.02,31.4
14018,6.1436e-05,-0.02,31.4
14019,6.1438e-05,-0.02,31.4
14020,6.144000000000001e-05,-0.02,31.4
14021,6.1442e-05,-0.02,31.4
14022,6.1444e-05,-0.02,31.4
14023,6.1446e-05,-0.02,31.4
14024,6.1448e-05,-0.02,31.4
14025,6.145e-05,-0.02,31.4
14026,6.145200000000001e-05,-0.012,31.4
14027,6.1454e-05,-0.02,31.4
14028,6.1456e-05,-0.02,31.4
14029,6.1458e-05,-0.02,31.4
14030,6.146e-05,-0.02,31.4
14031,6.1462e-05,-0.02,31.4
14032,6.1464e-05,-0.02,31.4
14033,6.1466e-05,-0.02,31.4
14034,6.1468e-05,-0.02,31.4
14035,6.146999999999999e-05,-0.02,31.4
14036,6.1472e-05,-0.02,31.4
14037,6.1474e-05,-0.02,31.4
14038,6.1476e-05,-0.02,31.4
14039,6.1478e-05,-0.02,31.4
14040,6.148e-05,-0.02,31.4
14041,6.1482e-05,-0.02,31.4
14042,6.1484e-05,-0.012,31.4
14043,6.1486e-05,-0.02,31.4
14044,6.1488e-05,-0.012,31.4
14045,6.149e-05,-0.02,31.4
14046,6.1492e-05,-0.012,31.4
14047,6.1494e-05,-0.02,31.4
14048,6.1496e-05,-0.02,31.4
14049,6.1498e-05,-0.02,31.4
14050,6.15e-05,-0.012,31.4
14051,6.150200000000001e-05,-0.02,31.4
14052,6.1504e-05,-0.012,31.4
14053,6.1506e-05,-0.02,31.4
14054,6.1508e-05,-0.012,31.4
14055,6.151e-05,-0.02,31.4
14056,6.1512e-05,-0.02,31.4
14057,6.151400000000001e-05,-0.012,31.4
14058,6.1516e-05,-0.02,31.4
14059,6.1518e-05,-0.02,31.4
14060,6.152e-05,-0.02,31.4
14061,6.1522e-05,-0.012,31.4
14062,6.1524e-05,-0.012,31.4
14063,6.152600000000001e-05,-0.02,31.4
14064,6.1528e-05,-0.02,31.4
14065,6.153e-05,-0.02,31.4
14066,6.153199999999999e-05,-0.012,31.4
14067,6.1534e-05,-0.02,31.4
14068,6.1536e-05,-0.02,31.4
14069,6.1538e-05,-0.012,31.4
14070,6.154e-05,-0.012,31.4
14071,6.1542e-05,-0.02,31.4
14072,6.154399999999999e-05,-0.02,31.4
14073,6.1546e-05,-0.02,31.4
14074,6.1548e-05,-0.012,31.4
14075,6.155e-05,-0.02,31.4
14076,6.1552e-05,-0.012,31.4
14077,6.1554e-05,-0.02,31.4
14078,6.1556e-05,-0.012,31.4
14079,6.1558e-05,-0.012,31.4
14080,6.156e-05,-0.02,31.4
14081,6.1562e-05,-0.012,31.4
14082,6.156400000000001e-05,-0.012,31.4
14083,6.1566e-05,-0.02,31.4
14084,6.1568e-05,-0.012,31.4
14085,6.157e-05,-0.02,31.4
14086,6.1572e-05,-0.012,31.4
14087,6.1574e-05,-0.02,31.4
14088,6.157600000000001e-05,-0.012,31.4
14089,6.1578e-05,-0.012,31.4
14090,6.158e-05,-0.012,31.4
14091,6.1582e-05,-0.02,31.4
14092,6.1584e-05,-0.012,31.4
14093,6.1586e-05,-0.012,31.4
14094,6.158800000000001e-05,-0.012,31.4
14095,6.159e-05,-0.012,31.4
14096,6.1592e-05,-0.012,31.4
14097,6.1594e-05,-0.012,31.4
14098,6.1596e-05,-0.012,31.4
14099,6.1598e-05,-0.012,31.4
14100,6.16e-05,-0.02,31.4
14101,6.1602e-05,-0.012,31.4
14102,6.1604e-05,-0.012,31.4
14103,6.160599999999999e-05,-0.012,31.4
14104,6.1608e-05,-0.012,31.4
14105,6.161e-05,-0.012,31.4
14106,6.1612e-05,-0.012,31.4
14107,6.1614e-05,-0.02,31.4
14108,6.1616e-05,-0.012,31.4
14109,6.1618e-05,-0.012,31.4
14110,6.162e-05,-0.012,31.4
14111,6.1622e-05,-0.012,31.4
14112,6.1624e-05,-0.012,31.4
14113,6.1626e-05,-0.012,31.4
14114,6.1628e-05,-0.012,31.4
14115,6.163e-05,-0.012,31.4
14116,6.1632e-05,-0.012,31.4
14117,6.1634e-05,-0.012,31.4
14118,6.1636e-05,-0.012,31.4
14119,6.163800000000001e-05,-0.012,31.4
14120,6.164e-05,-0.012,31.4
14121,6.1642e-05,-0.012,31.4
14122,6.1644e-05,-0.012,31.4
14123,6.1646e-05,-0.012,31.4
14124,6.1648e-05,-0.012,31.4
14125,6.165000000000001e-05,-0.012,31.4
14126,6.1652e-05,-0.012,31.4
14127,6.1654e-05,-0.012,31.4
14128,6.1656e-05,-0.012,31.4
14129,6.1658e-05,-0.012,31.4
14130,6.166e-05,-0.012,31.4
14131,6.166200000000001e-05,-0.02,31.4
14132,6.1664e-05,-0.012,31.4
14133,6.1666e-05,-0.012,31.4
14134,6.166799999999999e-05,-0.012,31.4
14135,6.167e-05,-0.012,31.4
14136,6.1672e-05,-0.012,31.4
14137,6.1674e-05,-0.012,31.4
14138,6.1676e-05,-0.012,31.4
14139,6.1678e-05,-0.012,31.4
14140,6.167999999999999e-05,-0.012,31.4
14141,6.1682e-05,-0.012,31.4
14142,6.1684e-05,-0.012,31.4
14143,6.1686e-05,-0.012,31.4
14144,6.1688e-05,-0.012,31.4
14145,6.169e-05,-0.012,31.4
14146,6.1692e-05,-0.012,31.4
14147,6.1694e-05,-0.012,31.4
14148,6.1696e-05,-0.012,31.4
14149,6.1698e-05,-0.012,31.4
14150,6.17e-05,-0.012,31.4
14151,6.1702e-05,-0.012,31.4
14152,6.1704e-05,-0.012,31.4
14153,6.1706e-05,-0.012,31.4
14154,6.1708e-05,-0.012,31.4
14155,6.171e-05,-0.012,31.4
14156,6.171200000000001e-05,-0.012,31.4
14157,6.1714e-05,-0.012,31.4
14158,6.1716e-05,-0.012,31.4
14159,6.1718e-05,-0.012,31.4
14160,6.172e-05,-0.012,31.4
14161,6.1722e-05,-0.012,31.4
14162,6.172400000000001e-05,-0.012,31.4
14163,6.1726e-05,-0.012,31.4
14164,6.1728e-05,-0.012,31.4
14165,6.173e-05,-0.012,31.4
14166,6.1732e-05,-0.012,31.4
14167,6.1734e-05,-0.012,31.4
14168,6.1736e-05,-0.012,31.4
14169,6.1738e-05,-0.012,31.4
14170,6.174e-05,-0.012,31.4
14171,6.174199999999999e-05,-0.012,31.4
14172,6.1744e-05,-0.012,31.4
14173,6.1746e-05,-0.012,31.4
14174,6.1748e-05,-0.012,31.4
14175,6.175e-05,-0.012,31.4
14176,6.1752e-05,-0.012,31.4
14177,6.1754e-05,-0.012,31.4
14178,6.1756e-05,-0.012,31.4
14179,6.1758e-05,-0.012,31.4
14180,6.176e-05,-0.012,31.4
14181,6.1762e-05,-0.012,31.4
14182,6.1764e-05,-0.012,31.4
14183,6.1766e-05,-0.012,31.4
14184,6.1768e-05,-0.012,31.4
14185,6.177e-05,-0.012,31.4
14186,6.1772e-05,-0.012,31.4
14187,6.177400000000001e-05,-0.012,31.4
14188,6.1776e-05,-0.012,31.4
14189,6.1778e-05,-0.012,31.4
14190,6.178e-05,-0.012,31.4
14191,6.1782e-05,-0.012,31.4
14192,6.1784e-05,-0.012,31.4
14193,6.178600000000001e-05,-0.012,31.4
14194,6.1788e-05,-0.012,31.4
14195,6.179e-05,-0.012,31.4
14196,6.1792e-05,-0.012,31.4
14197,6.1794e-05,-0.012,31.4
14198,6.1796e-05,-0.012,31.4
14199,6.179800000000001e-05,-0.012,31.4
14200,6.18e-05,-0.012,31.4
14201,6.1802e-05,-0.012,31.4
14202,6.180399999999999e-05,-0.004,31.4
14203,6.1806e-05,-0.012,31.4
14204,6.1808e-05,-0.012,31.4
14205,6.181e-05,-0.012,31.4
14206,6.1812e-05,-0.012,31.4
14207,6.1814e-05,-0.012,31.4
14208,6.181599999999999e-05,-0.012,31.4
14209,6.1818e-05,-0.012,31.4
14210,6.182e-05,-0.012,31.4
14211,6.1822e-05,-0.012,31.4
14212,6.1824e-05,-0.012,31.4
14213,6.1826e-05,-0.012,31.4
14214,6.1828e-05,-0.012,31.4
14215,6.183e-05,-0.012,31.4
14216,6.1832e-05,-0.012,31.4
14217,6.1834e-05,-0.012,31.4
14218,6.1836e-05,-0.012,31.4
14219,6.1838e-05,-0.012,31.4
14220,6.184e-05,-0.012,31.4
14221,6.1842e-05,-0.012,31.4
14222,6.1844e-05,-0.012,31.4
14223,6.1846e-05,-0.012,31.4
14224,6.184800000000001e-05,-0.012,31.4
14225,6.185e-05,-0.012,31.4
14226,6.1852e-05,-0.004,31.4
14227,6.1854e-05,-0.012,31.4
14228,6.1856e-05,-0.012,31.4
14229,6.1858e-05,-0.012,31.4
14230,6.186000000000001e-05,-0.012,31.4
14231,6.1862e-05,-0.012,31.4
14232,6.1864e-05,-0.012,31.4
14233,6.1866e-05,-0.012,31.4
14234,6.1868e-05,-0.004,31.4
14235,6.187e-05,-0.012,31.4
14236,6.1872e-05,-0.012,31.4
14237,6.1874e-05,-0.012,31.4
14238,6.1876e-05,-0.004,31.4
14239,6.187799999999999e-05,-0.012,31.4
14240,6.188e-05,-0.012,31.4
14241,6.1882e-05,-0.012,31.4
14242,6.1884e-05,-0.012,31.4
14243,6.1886e-05,-0.012,31.4
14244,6.1888e-05,-0.012,31.4
14245,6.189e-05,-0.012,31.4
14246,6.1892e-05,-0.012,31.4
14247,6.1894e-05,-0.012,31.4
14248,6.1896e-05,-0.012,31.4
14249,6.1898e-05,-0.012,31.4
14250,6.19e-05,-0.012,31.4
14251,6.1902e-05,-0.012,31.4
14252,6.1904e-05,-0.012,31.4
14253,6.1906e-05,-0.012,31.4
14254,6.1908e-05,-0.004,31.4
14255,6.191000000000001e-05,-0.012,31.4
14256,6.1912e-05,-0.012,31.4
14257,6.1914e-05,-0.012,31.4
14258,6.1916e-05,-0.004,31.4
14259,6.1918e-05,-0.012,31.4
14260,6.192e-05,-0.012,31.4
14261,6.192200000000001e-05,-0.004,31.4
14262,6.1924e-05,-0.004,31.4
14263,6.1926e-05,-0.012,31.4
14264,6.1928e-05,-0.012,31.4
14265,6.193e-05,-0.012,31.4
14266,6.1932e-05,-0.004,31.4
14267,6.193400000000001e-05,-0.012,31.4
14268,6.1936e-05,-0.012,31.4
14269,6.1938e-05,-0.012,31.4
14270,6.193999999999999e-05,-0.012,31.4
14271,6.1942e-05,-0.012,31.4
14272,6.1944e-05,-0.012,31.4
14273,6.1946e-05,-0.012,31.4
14274,6.1948e-05,-0.004,31.4
14275,6.195e-05,-0.012,31.4
14276,6.195199999999999e-05,-0.012,31.4
14277,6.1954e-05,-0.012,31.4
14278,6.1956e-05,-0.004,31.4
14279,6.1958e-05,-0.012,31.4
14280,6.196e-05,-0.012,31.4
14281,6.1962e-05,-0.004,31.4
14282,6.1964e-05,-0.004,31.4
14283,6.1966e-05,-0.012,31.4
14284,6.1968e-05,-0.004,31.4
14285,6.197e-05,-0.012,31.4
14286,6.1972e-05,-0.004,31.4
14287,6.1974e-05,-0.012,31.4
14288,6.1976e-05,-0.004,31.4
14289,6.1978e-05,-0.012,31.4
14290,6.198e-05,-0.004,31.4
14291,6.1982e-05,-0.012,31.4
14292,6.198400000000001e-05,-0.012,31.4
14293,6.1986e-05,-0.012,31.4
14294,6.1988e-05,-0.004,31.4
14295,6.199e-05,-0.012,31.4
14296,6.1992e-05,-0.004,31.4
14297,6.1994e-05,-0.012,31.4
14298,6.199600000000001e-05,-0.004,31.4
14299,6.1998e-05,-0.012,31.4
14300,6.2e-05,-0.012,31.4
14301,6.2002e-05,-0.004,31.4
14302,6.2004e-05,-0.004,31.4
14303,6.2006e-05,-0.012,31.4
14304,6.2008e-05,-0.012,31.4
14305,6.201e-05,-0.012,31.4
14306,6.2012e-05,-0.004,31.4
14307,6.201399999999999e-05,-0.012,31.4
14308,6.2016e-05,-0.012,31.4
14309,6.2018e-05,-0.004,31.4
14310,6.202e-05,-0.004,31.4
14311,6.2022e-05,-0.012,31.4
14312,6.2024e-05,-0.004,31.4
14313,6.2026e-05,-0.012,31.4
14314,6.2028e-05,-0.004,31.4
14315,6.203e-05,-0.012,31.4
14316,6.2032e-05,-0.004,31.4
14317,6.2034e-05,-0.004,31.4
14318,6.2036e-05,-0.004,31.4
14319,6.2038e-05,-0.004,31.4
14320,6.204e-05,-0.004,31.4
14321,6.2042e-05,-0.004,31.4
14322,6.2044e-05,-0.004,31.4
14323,6.204600000000001e-05,-0.004,31.4
14324,6.2048e-05,-0.004,31.4
14325,6.205e-05,-0.012,31.4
14326,6.2052e-05,-0.004,31.4
14327,6.2054e-05,-0.004,31.4
14328,6.2056e-05,-0.004,31.4
14329,6.205800000000001e-05,-0.004,31.4
14330,6.206e-05,-0.004,31.4
14331,6.2062e-05,-0.012,31.4
14332,6.2064e-05,-0.004,31.4
14333,6.2066e-05,-0.004,31.4
14334,6.2068e-05,-0.004,31.4
14335,6.207000000000001e-05,-0.004,31.4
14336,6.2072e-05,-0.004,31.4
14337,6.2074e-05,-0.004,31.4
14338,6.207599999999999e-05,-0.004,31.4
14339,6.2078e-05,-0.012,31.4
14340,6.208e-05,-0.004,31.4
14341,6.2082e-05,-0.004,31.4
14342,6.2084e-05,-0.004,31.4
14343,6.2086e-05,-0.004,31.4
14344,6.208799999999999e-05,-0.004,31.4
14345,6.209e-05,-0.004,31.4
14346,6.2092e-05,-0.004,31.4
14347,6.2094e-05,-0.012,31.4
14348,6.2096e-05,-0.004,31.4
14349,6.2098e-05,-0.004,31.4
14350,6.21e-05,-0.004,31.4
14351,6.2102e-05,-0.012,31.4
14352,6.2104e-05,-0.004,31.4
14353,6.2106e-05,-0.004,31.4
14354,6.2108e-05,-0.004,31.4
14355,6.211e-05,-0.012,31.4
14356,6.2112e-05,-0.004,31.4
14357,6.2114e-05,-0.004,31.4
14358,6.2116e-05,-0.004,31.4
14359,6.2118e-05,-0.004,31.4
14360,6.212000000000001e-05,-0.004,31.4
14361,6.2122e-05,-0.004,31.4
14362,6.2124e-05,-0.004,31.4
14363,6.2126e-05,-0.004,31.4
14364,6.2128e-05,-0.004,31.4
14365,6.213e-05,-0.004,31.4
14366,6.213200000000001e-05,-0.004,31.4
14367,6.2134e-05,-0.004,31.4
14368,6.2136e-05,-0.004,31.4
14369,6.2138e-05,-0.004,31.4
14370,6.214e-05,-0.004,31.4
14371,6.2142e-05,-0.004,31.4
14372,6.2144e-05,-0.004,31.4
14373,6.2146e-05,-0.004,31.4
14374,6.2148e-05,-0.004,31.4
14375,6.214999999999999e-05,-0.012,31.4
14376,6.2152e-05,-0.004,31.4
14377,6.2154e-05,-0.004,31.4
14378,6.2156e-05,-0.004,31.4
14379,6.2158e-05,-0.004,31.4
14380,6.216e-05,-0.004,31.4
14381,6.2162e-05,-0.004,31.4
14382,6.2164e-05,-0.004,31.4
14383,6.2166e-05,-0.004,31.4
14384,6.2168e-05,-0.004,31.4
14385,6.217e-05,-0.004,31.4
14386,6.2172e-05,-0.004,31.4
14387,6.2174e-05,-0.004,31.4
14388,6.2176e-05,-0.004,31.4
14389,6.2178e-05,-0.004,31.4
14390,6.218e-05,-0.004,31.4
14391,6.218200000000001e-05,-0.004,31.4
14392,6.2184e-05,-0.004,31.4
14393,6.2186e-05,-0.004,31.4
14394,6.2188e-05,-0.004,31.4
14395,6.219e-05,-0.004,31.4
14396,6.2192e-05,-0.004,31.4
14397,6.219400000000001e-05,-0.004,31.4
14398,6.2196e-05,-0.004,31.4
14399,6.2198e-05,-0.004,31.4
14400,6.22e-05,-0.004,31.4
14401,6.2202e-05,-0.004,31.4
14402,6.2204e-05,-0.004,31.4
14403,6.220600000000001e-05,-0.004,31.4
14404,6.2208e-05,-0.004,31.4
14405,6.221e-05,-0.004,31.4
14406,6.221199999999999e-05,-0.004,31.4
14407,6.2214e-05,-0.004,31.4
14408,6.2216e-05,-0.004,31.4
14409,6.2218e-05,-0.004,31.4
14410,6.222e-05,-0.004,31.4
14411,6.2222e-05,-0.004,31.4
14412,6.222399999999999e-05,-0.004,31.4
14413,6.2226e-05,-0.004,31.4
14414,6.2228e-05,-0.004,31.4
14415,6.223e-05,-0.004,31.4
14416,6.2232e-05,-0.004,31.4
14417,6.2234e-05,-0.004,31.4
14418,6.2236e-05,-0.004,31.4
14419,6.2238e-05,-0.004,31.4
14420,6.224e-05,-0.004,31.4
14421,6.2242e-05,-0.004,31.4
14422,6.2244e-05,-0.004,31.4
14423,6.2246e-05,-0.004,31.4
14424,6.2248e-05,-0.004,31.4
14425,6.225e-05,-0.004,31.4
14426,6.2252e-05,-0.004,31.4
14427,6.2254e-05,-0.004,31.4
14428,6.225600000000001e-05,-0.004,31.4
14429,6.2258e-05,-0.004,31.4
14430,6.226e-05,-0.004,31.4
14431,6.2262e-05,-0.004,31.4
14432,6.2264e-05,-0.004,31.4
14433,6.2266e-05,-0.004,31.4
14434,6.226800000000001e-05,-0.004,31.4
14435,6.227e-05,-0.004,31.4
14436,6.2272e-05,-0.004,31.4
14437,6.2274e-05,-0.004,31.4
14438,6.2276e-05,-0.004,31.4
14439,6.2278e-05,-0.004,31.4
14440,6.228000000000001e-05,-0.004,31.4
14441,6.2282e-05,-0.004,31.4
14442,6.2284e-05,-0.004,31.4
14443,6.228599999999999e-05,-0.004,31.4
14444,6.2288e-05,-0.004,31.4
14445,6.229e-05,-0.004,31.4
14446,6.2292e-05,-0.004,31.4
14447,6.2294e-05,-0.004,31.4
14448,6.2296e-05,-0.004,31.4
14449,6.229799999999999e-05,-0.004,31.4
14450,6.23e-05,-0.004,31.4
14451,6.2302e-05,-0.004,31.4
14452,6.2304e-05,-0.004,31.4
14453,6.2306e-05,-0.004,31.4
14454,6.2308e-05,-0.004,31.4
14455,6.231e-05,-0.004,31.4
14456,6.2312e-05,-0.004,31.4
14457,6.2314e-05,-0.004,31.4
14458,6.2316e-05,-0.004,31.4
14459,6.231800000000001e-05,-0.004,31.4
14460,6.232e-05,-0.004,31.4
14461,6.2322e-05,-0.004,31.4
14462,6.2324e-05,-0.004,31.4
14463,6.2326e-05,-0.004,31.4
14464,6.2328e-05,-0.004,31.4
14465,6.233000000000001e-05,-0.004,31.4
14466,6.2332e-05,-0.004,31.4
14467,6.2334e-05,-0.004,31.4
14468,6.2336e-05,-0.004,31.4
14469,6.2338e-05,-0.004,31.4
14470,6.234e-05,-0.004,31.4
14471,6.234200000000001e-05,-0.004,31.4
14472,6.2344e-05,-0.004,31.4
14473,6.2346e-05,-0.004,31.4
14474,6.2348e-05,-0.004,31.4
14475,6.235e-05,-0.004,31.4
14476,6.2352e-05,-0.004,31.4
14477,6.2354e-05,-0.004,31.4
14478,6.2356e-05,-0.004,31.4
14479,6.2358e-05,-0.004,31.4
14480,6.235999999999999e-05,-0.004,31.4
14481,6.2362e-05,-0.004,31.4
14482,6.2364e-05,0.004,31.4
14483,6.2366e-05,-0.004,31.4
14484,6.2368e-05,-0.004,31.4
14485,6.237e-05,-0.004,31.4
14486,6.2372e-05,-0.004,31.4
14487,6.2374e-05,-0.004,31.4
14488,6.2376e-05,-0.004,31.4
14489,6.2378e-05,-0.004,31.4
14490,6.238e-05,-0.004,31.4
14491,6.2382e-05,-0.004,31.4
14492,6.2384e-05,-0.004,31.4
14493,6.2386e-05,-0.004,31.4
14494,6.2388e-05,0.004,31.4
14495,6.239e-05,-0.004,31.4
14496,6.239200000000001e-05,-0.004,31.4
14497,6.2394e-05,-0.004,31.4
14498,6.2396e-05,0.004,31.4
14499,6.2398e-05,-0.004,31.4
14500,6.24e-05,-0.004,31.4
14501,6.2402e-05,-0.004,31.4
14502,6.240400000000001e-05,0.004,31.4
14503,6.2406e-05,-0.004,31.4
14504,6.2408e-05,-0.004,31.4
14505,6.241e-05,-0.004,31.4
14506,6.2412e-05,-0.004,31.4
14507,6.2414e-05,-0.004,31.4
14508,6.241600000000001e-05,-0.004,31.4
14509,6.2418e-05,-0.004,31.4
14510,6.242e-05,0.004,31.4
14511,6.242199999999999e-05,-0.004,31.4
14512,6.2424e-05,-0.004,31.4
14513,6.2426e-05,-0.004,31.4
14514,6.2428e-05,0.004,31.4
14515,6.243e-05,-0.004,31.4
14516,6.2432e-05,-0.004,31.4
14517,6.243399999999999e-05,-0.004,31.4
14518,6.2436e-05,0.004,31.8
14519,6.2438e-05,-0.004,31.4
14520,6.244e-05,-0.004,31.4
14521,6.2442e-05,-0.004,31.4
14522,6.2444e-05,0.004,31.4
14523,6.2446e-05,-0.004,31.4
14524,6.2448e-05,-0.004,31.4
14525,6.245e-05,-0.004,31.4
14526,6.2452e-05,0.004,31.4
14527,6.245400000000001e-05,-0.004,31.4
14528,6.2456e-05,0.004,31.4
14529,6.2458e-05,-0.004,31.4
14530,6.246e-05,0.004,31.4
14531,6.2462e-05,-0.004,31.4
14532,6.2464e-05,-0.004,31.4
14533,6.246600000000001e-05,0.004,31.4
14534,6.2468e-05,0.004,31.4
14535,6.247e-05,-0.004,31.4
14536,6.2472e-05,-0.004,31.4
14537,6.2474e-05,-0.004,31.4
14538,6.2476e-05,0.004,31.4
14539,6.247800000000001e-05,-0.004,31.4
14540,6.248e-05,-0.004,31.4
14541,6.2482e-05,-0.004,31.4
14542,6.2484e-05,-0.004,31.4
14543,6.2486e-05,-0.004,31.4
14544,6.2488e-05,-0.004,31.4
14545,6.249e-05,-0.004,31.4
14546,6.2492e-05,0.004,31.4
14547,6.2494e-05,-0.004,31.4
14548,6.249599999999999e-05,0.004,31.4
14549,6.2498e-05,0.004,31.4
14550,6.25e-05,0.004,31.4
14551,6.2502e-05,-0.004,31.4
14552,6.2504e-05,0.004,31.4
14553,6.2506e-05,0.004,31.4
14554,6.2508e-05,0.004,31.4
14555,6.251e-05,-0.004,31.4
14556,6.2512e-05,0.004,31.4
14557,6.2514e-05,0.004,31.8
14558,6.2516e-05,0.004,31.4
14559,6.2518e-05,-0.004,31.4
14560,6.252e-05,-0.004,31.4
14561,6.2522e-05,-0.004,31.4
14562,6.2524e-05,0.004,31.4
14563,6.2526e-05,-0.004,31.4
14564,6.252800000000001e-05,0.004,31.4
14565,6.253e-05,-0.004,31.4
14566,6.2532e-05,0.004,31.4
14567,6.2534e-05,-0.004,31.4
14568,6.2536e-05,0.004,31.4
14569,6.2538e-05,0.004,31.4
14570,6.254000000000001e-05,0.004,31.4
14571,6.2542e-05,-0.004,31.4
14572,6.2544e-05,-0.004,31.4
14573,6.2546e-05,-0.004,31.4
14574,6.2548e-05,0.004,31.4
14575,6.255e-05,-0.004,31.4
14576,6.255200000000001e-05,-0.004,31.4
14577,6.2554e-05,0.004,31.4
14578,6.2556e-05,0.004,31.4
14579,6.255799999999999e-05,-0.004,31.4
14580,6.256e-05,0.004,31.4
14581,6.2562e-05,-0.004,31.4
14582,6.2564e-05,0.004,31.4
14583,6.2566e-05,0.004,31.4
14584,6.2568e-05,0.004,31.4
14585,6.256999999999999e-05,0.004,31.4
14586,6.2572e-05,0.004,31.4
14587,6.2574e-05,-0.004,31.4
14588,6.2576e-05,0.004,31.4
14589,6.2578e-05,0.004,31.4
14590,6.258e-05,0.004,31.4
14591,6.2582e-05,-0.004,31.4
14592,6.2584e-05,0.004,31.4
14593,6.2586e-05,0.004,31.4
14594,6.2588e-05,0.004,31.4
14595,6.259000000000001e-05,-0.004,31.8
14596,6.2592e-05,0.004,31.4
14597,6.2594e-05,0.004,31.4
14598,6.2596e-05,0.004,31.4
14599,6.2598e-05,0.004,31.4
14600,6.26e-05,0.004,31.4
14601,6.260200000000001e-05,0.004,31.4
14602,6.2604e-05,0.004,31.4
14603,6.2606e-05,-0.004,31.4
14604,6.2608e-05,0.004,31.4
14605,6.261e-05,0.004,31.4
14606,6.2612e-05,0.004,31.4
14607,6.261400000000001e-05,0.004,31.4
14608,6.2616e-05,0.004,31.4
14609,6.2618e-05,0.004,31.4
14610,6.262e-05,0.004,31.4
14611,6.2622e-05,0.004,31.4
14612,6.2624e-05,-0.004,31.4
14613,6.2626e-05,0.004,31.4
14614,6.2628e-05,0.004,31.4
14615,6.263e-05,0.004,31.4
14616,6.263199999999999e-05,0.004,31.4
14617,6.2634e-05,-0.004,31.4
14618,6.2636e-05,0.004,31.4
14619,6.2638e-05,0.004,31.4
14620,6.264e-05,0.004,31.4
14621,6.2642e-05,0.004,31.4
14622,6.2644e-05,0.004,31.4
14623,6.2646e-05,0.004,31.4
14624,6.2648e-05,0.004,31.4
14625,6.265e-05,0.004,31.4
14626,6.2652e-05,0.004,31.4
14627,6.2654e-05,0.004,31.4
14628,6.2656e-05,0.004,31.4
14629,6.2658e-05,0.004,31.4
14630,6.266e-05,0.004,31.4
14631,6.2662e-05,0.004,31.4
14632,6.266400000000001e-05,0.004,31.4
14633,6.2666e-05,0.004,31.4
14634,6.2668e-05,0.004,31.4
14635,6.267e-05,0.004,31.4
14636,6.2672e-05,0.004,31.4
14637,6.2674e-05,0.004,31.8
14638,6.267600000000001e-05,0.004,31.4
14639,6.2678e-05,0.004,31.4
14640,6.268e-05,0.004,31.4
14641,6.2682e-05,0.004,31.4
14642,6.2684e-05,0.004,31.4
14643,6.2686e-05,0.004,31.4
14644,6.268800000000001e-05,0.004,31.4
14645,6.269e-05,0.004,31.4
14646,6.2692e-05,0.004,31.4
14647,6.269399999999999e-05,0.004,31.4
14648,6.2696e-05,0.004,31.4
14649,6.2698e-05,0.004,31.4
14650,6.27e-05,0.004,31.4
14651,6.2702e-05,0.004,31.8
14652,6.2704e-05,0.004,31.4
14653,6.270599999999999e-05,0.004,31.4
14654,6.2708e-05,0.004,31.4
14655,6.271e-05,0.004,31.4
14656,6.2712e-05,0.004,31.4
14657,6.2714e-05,0.004,31.4
14658,6.2716e-05,0.004,31.4
14659,6.2718e-05,0.004,31.4
14660,6.272e-05,0.004,31.4
14661,6.2722e-05,0.004,31.4
14662,6.2724e-05,0.004,31.4
14663,6.272600000000001e-05,0.004,31.4
14664,6.2728e-05,0.004,31.4
14665,6.273e-05,0.004,31.4
14666,6.2732e-05,0.004,31.4
14667,6.2734e-05,0.004,31.4
14668,6.2736e-05,0.004,31.4
14669,6.273800000000001e-05,0.004,31.4
14670,6.274e-05,0.004,31.4
14671,6.2742e-05,0.004,31.4
14672,6.2744e-05,0.004,31.4
14673,6.2746e-05,0.004,31.4
14674,6.2748e-05,0.004,31.4
14675,6.275000000000001e-05,0.004,31.4
14676,6.2752e-05,0.004,31.4
14677,6.2754e-05,0.004,31.4
14678,6.2756e-05,0.004,31.4
14679,6.2758e-05,0.004,31.4
14680,6.276e-05,0.004,31.4
14681,6.2762e-05,0.004,31.4
14682,6.2764e-05,0.004,31.4
14683,6.2766e-05,0.004,31.4
14684,6.276799999999999e-05,0.004,31.4
14685,6.277e-05,0.004,31.8
14686,6.2772e-05,0.004,31.8
14687,6.2774e-05,0.004,31.4
14688,6.2776e-05,0.004,31.4
14689,6.2778e-05,0.004,31.4
14690,6.278e-05,0.004,31.4
14691,6.2782e-05,0.004,31.4
14692,6.2784e-05,0.004,31.4
14693,6.2786e-05,0.004,31.4
14694,6.2788e-05,0.004,31.4
14695,6.279e-05,0.004,31.4
14696,6.2792e-05,0.004,31.4
14697,6.2794e-05,0.004,31.4
14698,6.2796e-05,0.004,31.4
14699,6.2798e-05,0.004,31.4
14700,6.280000000000001e-05,0.004,31.4
14701,6.2802e-05,0.004,31.4
14702,6.2804e-05,0.004,31.4
14703,6.2806e-05,0.004,31.4
14704,6.2808e-05,0.004,31.4
14705,6.281e-05,0.004,31.4
14706,6.281200000000001e-05,0.004,31.4
14707,6.2814e-05,0.004,31.4
14708,6.2816e-05,0.004,31.4
14709,6.2818e-05,0.004,31.4
14710,6.282e-05,0.004,31.4
14711,6.2822e-05,0.004,31.4
14712,6.282400000000001e-05,0.004,31.4
14713,6.2826e-05,0.004,31.4
14714,6.2828e-05,0.004,31.4
14715,6.282999999999999e-05,0.004,31.8
14716,6.2832e-05,0.004,31.4
14717,6.2834e-05,0.004,31.4
14718,6.2836e-05,0.004,31.4
14719,6.2838e-05,0.004,31.4
14720,6.284e-05,0.004,31.4
14721,6.284199999999999e-05,0.004,31.4
14722,6.2844e-05,0.004,31.8
14723,6.2846e-05,0.004,31.4
14724,6.2848e-05,0.004,31.4
14725,6.285e-05,0.004,31.4
14726,6.2852e-05,0.004,31.4
14727,6.2854e-05,0.004,31.4
14728,6.2856e-05,0.004,31.4
14729,6.2858e-05,0.004,31.4
14730,6.286e-05,0.004,31.4
14731,6.2862e-05,0.004,31.4
14732,6.2864e-05,0.004,31.4
14733,6.2866e-05,0.004,31.4
14734,6.2868e-05,0.004,31.4
14735,6.287e-05,0.004,31.4
14736,6.2872e-05,0.004,31.4
14737,6.287400000000001e-05,0.004,31.4
14738,6.2876e-05,0.004,31.4
14739,6.2878e-05,0.004,31.4
14740,6.288e-05,0.004,31.4
14741,6.2882e-05,0.004,31.4
14742,6.2884e-05,0.004,31.4
14743,6.288600000000001e-05,0.004,31.4
14744,6.2888e-05,0.004,31.4
14745,6.289e-05,0.004,31.4
14746,6.2892e-05,0.004,31.4
14747,6.2894e-05,0.004,31.4
14748,6.2896e-05,0.004,31.4
14749,6.2898e-05,0.004,31.4
14750,6.29e-05,0.004,31.4
14751,6.2902e-05,0.004,31.4
14752,6.290399999999999e-05,0.004,31.4
14753,6.2906e-05,0.004,31.4
14754,6.2908e-05,0.004,31.4
14755,6.291e-05,0.004,31.8
14756,6.2912e-05,0.004,31.4
14757,6.2914e-05,0.004,31.4
14758,6.2916e-05,0.004,31.4
14759,6.2918e-05,0.004,31.4
14760,6.292e-05,0.004,31.4
14761,6.2922e-05,0.004,31.4
14762,6.2924e-05,0.004,31.4
14763,6.2926e-05,0.004,31.4
14764,6.2928e-05,0.004,31.4
14765,6.293e-05,0.004,31.4
14766,6.2932e-05,0.004,31.4
14767,6.2934e-05,0.004,31.8
14768,6.293600000000001e-05,0.004,31.4
14769,6.2938e-05,0.004,31.4
14770,6.294e-05,0.004,31.4
14771,6.2942e-05,0.004,31.4
14772,6.2944e-05,0.004,31.4
14773,6.2946e-05,0.004,31.4
14774,6.294800000000001e-05,0.004,31.4
14775,6.295e-05,0.004,31.4
14776,6.2952e-05,0.004,31.4
14777,6.2954e-05,0.012,31.4
14778,6.2956e-05,0.004,31.4
14779,6.2958e-05,0.004,31.4
14780,6.296000000000001e-05,0.004,31.4
14781,6.2962e-05,0.004,31.8
14782,6.2964e-05,0.004,31.4
14783,6.296599999999999e-05,0.004,31.4
14784,6.2968e-05,0.004,31.4
14785,6.297e-05,0.004,31.4
14786,6.2972e-05,0.004,31.4
14787,6.2974e-05,0.004,31.4
14788,6.2976e-05,0.004,31.4
14789,6.297799999999999e-05,0.004,31.4
14790,6.298e-05,0.004,31.4
14791,6.2982e-05,0.004,31.4
14792,6.2984e-05,0.004,31.4
14793,6.2986e-05,0.004,31.4
14794,6.2988e-05,0.004,31.4
14795,6.299e-05,0.004,31.8
14796,6.2992e-05,0.004,31.4
14797,6.2994e-05,0.004,31.4
14798,6.2996e-05,0.004,31.4
14799,6.2998e-05,0.004,31.4
14800,6.3e-05,0.004,31.4
14801,6.3002e-05,0.004,31.4
14802,6.3004e-05,0.004,31.4
14803,6.3006e-05,0.004,31.4
14804,6.3008e-05,0.004,31.4
14805,6.301000000000001e-05,0.004,31.4
14806,6.3012e-05,0.004,31.4
14807,6.3014e-05,0.004,31.4
14808,6.3016e-05,0.004,31.4
14809,6.3018e-05,0.004,31.4
14810,6.302e-05,0.004,31.4
14811,6.302200000000001e-05,0.004,31.4
14812,6.3024e-05,0.004,31.4
14813,6.3026e-05,0.004,31.4
14814,6.3028e-05,0.012,31.4
14815,6.303e-05,0.004,31.4
14816,6.3032e-05,0.004,31.4
14817,6.3034e-05,0.004,31.4
14818,6.3036e-05,0.004,31.4
14819,6.3038e-05,0.004,31.4
14820,6.303999999999999e-05,0.004,31.4
14821,6.3042e-05,0.004,31.4
14822,6.3044e-05,0.012,31.4
14823,6.3046e-05,0.004,31.4
14824,6.3048e-05,0.004,31.4
14825,6.305e-05,0.004,31.4
14826,6.3052e-05,0.004,31.4
14827,6.3054e-05,0.004,31.4
14828,6.3056e-05,0.004,31.4
14829,6.3058e-05,0.004,31.4
14830,6.306e-05,0.004,31.4
14831,6.3062e-05,0.004,31.4
14832,6.3064e-05,0.004,31.4
14833,6.3066e-05,0.004,31.4
14834,6.3068e-05,0.012,31.4
14835,6.307e-05,0.004,31.8
14836,6.307200000000001e-05,0.004,31.4
14837,6.3074e-05,0.004,31.4
14838,6.3076e-05,0.012,31.4
14839,6.3078e-05,0.004,31.4
14840,6.308e-05,0.004,31.4
14841,6.3082e-05,0.004,31.4
14842,6.308400000000001e-05,0.012,31.4
14843,6.3086e-05,0.004,31.8
14844,6.3088e-05,0.004,31.4
14845,6.309e-05,0.004,31.4
14846,6.3092e-05,0.012,31.4
14847,6.3094e-05,0.004,31.4
14848,6.309600000000001e-05,0.004,31.4
14849,6.3098e-05,0.012,31.4
14850,6.31e-05,0.012,31.4
14851,6.310199999999999e-05,0.004,31.4
14852,6.3104e-05,0.004,31.4
14853,6.3106e-05,0.012,31.4
14854,6.3108e-05,0.012,31.4
14855,6.311e-05,0.004,31.4
14856,6.3112e-05,0.004,31.4
14857,6.311399999999999e-05,0.004,31.4
14858,6.3116e-05,0.012,31.4
14859,6.3118e-05,0.004,31.4
14860,6.312e-05,0.004,31.4
14861,6.3122e-05,0.004,31.4
14862,6.3124e-05,0.012,31.4
14863,6.3126e-05,0.004,31.4
14864,6.3128e-05,0.004,31.4
14865,6.313e-05,0.004,31.4
14866,6.3132e-05,0.012,31.4
14867,6.3134e-05,0.004,31.4
14868,6.3136e-05,0.004,31.4
14869,6.3138e-05,0.004,31.4
14870,6.314e-05,0.012,31.4
14871,6.3142e-05,0.004,31.4
14872,6.3144e-05,0.004,31.4
14873,6.314600000000001e-05,0.012,31.4
14874,6.3148e-05,0.012,31.4
14875,6.315e-05,0.004,31.8
14876,6.3152e-05,0.004,31.4
14877,6.3154e-05,0.004,31.4
14878,6.3156e-05,0.004,31.4
14879,6.315800000000001e-05,0.004,31.4
14880,6.316e-05,0.004,31.4
14881,6.3162e-05,0.004,31.4
14882,6.3164e-05,0.012,31.4
14883,6.3166e-05,0.004,31.4
14884,6.3168e-05,0.012,31.4
14885,6.317e-05,0.004,31.4
14886,6.3172e-05,0.012,31.4
14887,6.3174e-05,0.004,31.4
14888,6.317599999999999e-05,0.004,31.4
14889,6.3178e-05,0.004,31.4
14890,6.318e-05,0.012,31.4
14891,6.3182e-05,0.004,31.4
14892,6.3184e-05,0.012,31.4
14893,6.3186e-05,0.004,31.4
14894,6.3188e-05,0.012,31.4
14895,6.319e-05,0.004,31.4
14896,6.3192e-05,0.012,31.4
14897,6.3194e-05,0.004,31.4
14898,6.3196e-05,0.012,31.4
14899,6.3198e-05,0.004,31.4
14900,6.32e-05,0.012,31.4
14901,6.3202e-05,0.012,31.4
14902,6.3204e-05,0.012,31.4
14903,6.3206e-05,0.004,31.4
14904,6.320800000000001e-05,0.012,31.4
14905,6.321e-05,0.004,31.4
14906,6.3212e-05,0.012,31.4
14907,6.3214e-05,0.004,31.8
14908,6.3216e-05,0.012,31.4
14909,6.3218e-05,0.004,31.4
14910,6.322000000000001e-05,0.012,31.4
14911,6.3222e-05,0.004,31.4
14912,6.3224e-05,0.012,31.4
14913,6.3226e-05,0.004,31.4
14914,6.3228e-05,0.012,31.4
14915,6.323e-05,0.004,31.4
14916,6.323200000000001e-05,0.012,31.4
14917,6.3234e-05,0.012,31.4
14918,6.3236e-05,0.012,31.4
14919,6.323799999999999e-05,0.004,31.4
14920,6.324e-05,0.004,31.4
14921,6.3242e-05,0.012,31.4
14922,6.3244e-05,0.012,31.4
14923,6.3246e-05,0.012,31.8
14924,6.3248e-05,0.012,31.4
14925,6.324999999999999e-05,0.004,31.4
14926,6.3252e-05,0.012,31.4
14927,6.3254e-05,0.012,31.4
14928,6.3256e-05,0.012,31.4
14929,6.3258e-05,0.012,31.4
14930,6.326e-05,0.012,31.4
14931,6.3262e-05,0.004,31.4
14932,6.3264e-05,0.012,31.4
14933,6.3266e-05,0.004,31.4
14934,6.3268e-05,0.012,31.4
14935,6.327e-05,0.012,31.4
14936,6.3272e-05,0.012,31.4
14937,6.3274e-05,0.012,31.4
14938,6.3276e-05,0.012,31.4
14939,6.3278e-05,0.004,31.4
14940,6.328e-05,0.012,31.4
14941,6.328200000000001e-05,0.012,31.4
14942,6.3284e-05,0.012,31.4
14943,6.3286e-05,0.004,31.4
14944,6.3288e-05,0.012,31.4
14945,6.329e-05,0.012,31.4
14946,6.3292e-05,0.012,31.4
14947,6.329400000000001e-05,0.004,31.4
14948,6.3296e-05,0.012,31.4
14949,6.3298e-05,0.012,31.4
14950,6.33e-05,0.012,31.4
14951,6.3302e-05,0.012,31.4
14952,6.3304e-05,0.012,31.4
14953,6.330600000000001e-05,0.004,31.4
14954,6.3308e-05,0.012,31.4
14955,6.331e-05,0.004,31.4
14956,6.331199999999999e-05,0.012,31.4
14957,6.3314e-05,0.012,31.4
14958,6.3316e-05,0.012,31.4
14959,6.3318e-05,0.004,31.4
14960,6.332e-05,0.012,31.4
14961,6.3322e-05,0.012,31.4
14962,6.3324e-05,0.012,31.4
14963,6.3326e-05,0.004,31.4
14964,6.3328e-05,0.012,31.4
14965,6.333e-05,0.012,31.4
14966,6.3332e-05,0.012,31.4
14967,6.3334e-05,0.012,31.4
14968,6.3336e-05,0.012,31.4
14969,6.3338e-05,0.012,31.4
14970,6.334e-05,0.012,31.4
14971,6.3342e-05,0.012,31.4
14972,6.334400000000001e-05,0.012,31.4
14973,6.3346e-05,0.012,31.4
14974,6.3348e-05,0.012,31.4
14975,6.335e-05,0.004,31.4
14976,6.3352e-05,0.004,31.4
14977,6.3354e-05,0.012,31.4
14978,6.335600000000001e-05,0.012,31.4
14979,6.3358e-05,0.012,31.4
14980,6.336e-05,0.012,31.4
14981,6.3362e-05,0.012,31.4
14982,6.3364e-05,0.012,31.4
14983,6.3366e-05,0.004,31.4
14984,6.336800000000001e-05,0.012,31.4
14985,6.337e-05,0.012,31.4
14986,6.3372e-05,0.012,31.4
14987,6.3374e-05,0.012,31.4
14988,6.3376e-05,0.012,31.4
14989,6.3378e-05,0.012,31.4
14990,6.338e-05,0.012,31.4
14991,6.3382e-05,0.012,31.4
14992,6.3384e-05,0.012,31.4
14993,6.338599999999999e-05,0.012,31.4
14994,6.3388e-05,0.012,31.4
14995,6.339e-05,0.004,31.4
14996,6.3392e-05,0.012,31.4
14997,6.3394e-05,0.012,31.4
14998,6.3396e-05,0.012,31.4
14999,6.3398e-05,0.012,31.4
15000,6.34e-05,0.012,31.4
15001,6.3402e-05,0.012,31.4
15002,6.3404e-05,0.012,31.4
15003,6.3406e-05,0.012,31.4
15004,6.3408e-05,0.012,31.4
15005,6.341e-05,0.012,31.4
15006,6.3412e-05,0.012,31.4
15007,6.3414e-05,0.012,31.4
15008,6.3416e-05,0.012,31.4
15009,6.341800000000001e-05,0.012,31.4
15010,6.342e-05,0.012,31.4
15011,6.3422e-05,0.012,31.8
15012,6.3424e-05,0.012,31.4
15013,6.3426e-05,0.012,31.4
15014,6.3428e-05,0.012,31.4
15015,6.343000000000001e-05,0.012,31.4
15016,6.3432e-05,0.012,31.4
15017,6.3434e-05,0.012,31.4
15018,6.3436e-05,0.012,31.4
15019,6.3438e-05,0.012,31.4
15020,6.344e-05,0.012,31.4
15021,6.344200000000001e-05,0.012,31.4
15022,6.3444e-05,0.012,31.4
15023,6.3446e-05,0.012,31.4
15024,6.344799999999999e-05,0.012,31.4
15025,6.345e-05,0.012,31.4
15026,6.3452e-05,0.012,31.4
15027,6.3454e-05,0.012,31.4
15028,6.3456e-05,0.012,31.4
15029,6.3458e-05,0.012,31.4
15030,6.345999999999999e-05,0.012,31.4
15031,6.3462e-05,0.012,31.4
15032,6.3464e-05,0.012,31.4
15033,6.3466e-05,0.012,31.4
15034,6.3468e-05,0.012,31.4
15035,6.347e-05,0.004,31.4
15036,6.3472e-05,0.012,31.4
15037,6.3474e-05,0.012,31.4
15038,6.3476e-05,0.012,31.4
15039,6.3478e-05,0.012,31.4
15040,6.348000000000001e-05,0.012,31.4
15041,6.3482e-05,0.012,31.4
15042,6.3484e-05,0.012,31.4
15043,6.3486e-05,0.012,31.4
15044,6.3488e-05,0.012,31.4
15045,6.349e-05,0.012,31.4
15046,6.349200000000001e-05,0.012,31.4
15047,6.3494e-05,0.012,31.4
15048,6.3496e-05,0.012,31.4
15049,6.3498e-05,0.012,31.4
15050,6.35e-05,0.012,31.4
15051,6.3502e-05,0.012,31.4
15052,6.350400000000001e-05,0.012,31.4
15053,6.3506e-05,0.012,31.4
15054,6.3508e-05,0.012,31.4
15055,6.351e-05,0.012,31.4
15056,6.3512e-05,0.012,31.4
15057,6.3514e-05,0.012,31.4
15058,6.3516e-05,0.012,31.4
15059,6.3518e-05,0.012,31.4
15060,6.352e-05,0.012,31.4
15061,6.352199999999999e-05,0.012,31.4
15062,6.3524e-05,0.012,31.4
15063,6.3526e-05,0.012,31.4
15064,6.3528e-05,0.012,31.4
15065,6.353e-05,0.012,31.4
15066,6.3532e-05,0.012,31.4
15067,6.3534e-05,0.012,31.4
15068,6.3536e-05,0.012,31.4
15069,6.3538e-05,0.012,31.4
15070,6.354e-05,0.012,31.4
15071,6.3542e-05,0.012,31.4
15072,6.3544e-05,0.012,31.8
15073,6.3546e-05,0.012,31.4
15074,6.3548e-05,0.012,31.4
15075,6.355e-05,0.012,31.4
15076,6.3552e-05,0.012,31.4
15077,6.355400000000001e-05,0.012,31.4
15078,6.3556e-05,0.012,31.8
15079,6.3558e-05,0.012,31.4
15080,6.356e-05,0.012,31.4
15081,6.3562e-05,0.012,31.4
15082,6.3564e-05,0.012,31.4
15083,6.356600000000001e-05,0.012,31.4
15084,6.3568e-05,0.012,31.4
15085,6.357e-05,0.012,31.4
15086,6.3572e-05,0.012,31.4
15087,6.3574e-05,0.012,31.4
15088,6.3576e-05,0.012,31.4
15089,6.357800000000001e-05,0.012,31.4
15090,6.358e-05,0.012,31.4
15091,6.3582e-05,0.012,31.4
15092,6.358399999999999e-05,0.012,31.4
15093,6.3586e-05,0.012,31.4
15094,6.3588e-05,0.012,31.4
15095,6.359e-05,0.012,31.4
15096,6.3592e-05,0.012,31.4
15097,6.3594e-05,0.012,31.4
15098,6.359599999999999e-05,0.012,31.4
15099,6.3598e-05,0.012,31.4
15100,6.36e-05,0.012,31.4
15101,6.3602e-05,0.012,31.4
15102,6.3604e-05,0.012,31.4
15103,6.3606e-05,0.012,31.4
15104,6.3608e-05,0.012,31.4
15105,6.361e-05,0.012,31.4
15106,6.3612e-05,0.012,31.4
15107,6.3614e-05,0.012,31.4
15108,6.361600000000001e-05,0.012,31.4
15109,6.3618e-05,0.012,31.4
15110,6.362e-05,0.012,31.4
15111,6.3622e-05,0.012,31.4
15112,6.3624e-05,0.012,31.4
15113,6.3626e-05,0.012,31.4
15114,6.362800000000001e-05,0.012,31.4
15115,6.363e-05,0.012,31.4
15116,6.3632e-05,0.012,31.4
15117,6.3634e-05,0.012,31.4
15118,6.3636e-05,0.012,31.4
15119,6.3638e-05,0.012,31.4
15120,6.364000000000001e-05,0.012,31.4
15121,6.3642e-05,0.012,31.4
15122,6.3644e-05,0.012,31.4
15123,6.3646e-05,0.012,31.4
15124,6.3648e-05,0.012,31.4
15125,6.365e-05,0.012,31.4
15126,6.3652e-05,0.012,31.4
15127,6.3654e-05,0.012,31.4
15128,6.3656e-05,0.012,31.4
15129,6.365799999999999e-05,0.012,31.4
15130,6.366e-05,0.012,31.4
15131,6.3662e-05,0.012,31.4
15132,6.3664e-05,0.012,31.4
15133,6.3666e-05,0.012,31.4
15134,6.3668e-05,0.012,31.4
15135,6.367e-05,0.012,31.4
15136,6.3672e-05,0.012,31.4
15137,6.3674e-05,0.012,31.4
15138,6.3676e-05,0.012,31.4
15139,6.3678e-05,0.012,31.4
15140,6.368e-05,0.012,31.4
15141,6.3682e-05,0.012,31.4
15142,6.3684e-05,0.012,31.4
15143,6.3686e-05,0.012,31.4
15144,6.3688e-05,0.012,31.4
15145,6.369000000000001e-05,0.012,31.4
15146,6.3692e-05,0.012,31.4
15147,6.3694e-05,0.012,31.4
15148,6.3696e-05,0.012,31.4
15149,6.3698e-05,0.012,31.4
15150,6.37e-05,0.012,31.4
15151,6.370200000000001e-05,0.012,31.4
15152,6.3704e-05,0.012,31.4
15153,6.3706e-05,0.012,31.4
15154,6.3708e-05,0.012,31.4
15155,6.371e-05,0.012,31.4
15156,6.3712e-05,0.012,31.4
15157,6.371400000000001e-05,0.012,31.4
15158,6.3716e-05,0.012,31.4
15159,6.3718e-05,0.012,31.4
15160,6.371999999999999e-05,0.012,31.4
15161,6.3722e-05,0.012,31.4
15162,6.3724e-05,0.012,31.4
15163,6.3726e-05,0.012,31.4
15164,6.3728e-05,0.012,31.4
15165,6.373e-05,0.012,31.8
15166,6.373199999999999e-05,0.012,31.4
15167,6.3734e-05,0.012,31.4
15168,6.3736e-05,0.012,31.4
15169,6.3738e-05,0.012,31.4
15170,6.374e-05,0.012,31.4
15171,6.3742e-05,0.012,31.4
15172,6.3744e-05,0.012,31.4
15173,6.3746e-05,0.012,31.4
15174,6.3748e-05,0.012,31.4
15175,6.375e-05,0.012,31.4
15176,6.375200000000001e-05,0.012,31.4
15177,6.3754e-05,0.012,31.4
15178,6.3756e-05,0.02,31.8
15179,6.3758e-05,0.012,31.4
15180,6.376e-05,0.012,31.4
15181,6.3762e-05,0.012,31.4
15182,6.376400000000001e-05,0.02,31.4
15183,6.3766e-05,0.012,31.4
15184,6.3768e-05,0.012,31.4
15185,6.377e-05,0.012,31.4
15186,6.3772e-05,0.02,31.8
15187,6.3774e-05,0.012,31.4
15188,6.377600000000001e-05,0.012,31.4
15189,6.3778e-05,0.012,31.4
15190,6.378e-05,0.012,31.4
15191,6.3782e-05,0.012,31.4
15192,6.3784e-05,0.012,31.4
15193,6.3786e-05,0.012,31.4
15194,6.3788e-05,0.02,31.4
15195,6.379e-05,0.012,31.8
15196,6.3792e-05,0.012,31.4
15197,6.379399999999999e-05,0.012,31.4
15198,6.3796e-05,0.02,31.4
15199,6.3798e-05,0.012,31.4
15200,6.38e-05,0.012,31.4
15201,6.3802e-05,0.012,31.4
15202,6.3804e-05,0.012,31.4
15203,6.3806e-05,0.012,31.4
15204,6.3808e-05,0.012,31.4
15205,6.381e-05,0.012,31.4
15206,6.3812e-05,0.012,31.4
15207,6.3814e-05,0.012,31.4
15208,6.3816e-05,0.012,31.4
15209,6.3818e-05,0.012,31.4
15210,6.382e-05,0.02,31.4
15211,6.3822e-05,0.012,31.4
15212,6.3824e-05,0.012,31.4
15213,6.382600000000001e-05,0.012,31.4
15214,6.3828e-05,0.02,31.4
15215,6.383e-05,0.012,31.4
15216,6.3832e-05,0.012,31.4
15217,6.3834e-05,0.012,31.4
15218,6.3836e-05,0.012,31.4
15219,6.383800000000001e-05,0.012,31.4
15220,6.384e-05,0.012,31.4
15221,6.3842e-05,0.012,31.4
15222,6.3844e-05,0.012,31.4
15223,6.3846e-05,0.012,31.4
15224,6.3848e-05,0.012,31.4
15225,6.385000000000001e-05,0.012,31.4
15226,6.3852e-05,0.012,31.4
15227,6.3854e-05,0.012,31.4
15228,6.385599999999999e-05,0.012,31.4
15229,6.3858e-05,0.012,31.4
15230,6.386e-05,0.012,31.4
15231,6.3862e-05,0.012,31.4
15232,6.3864e-05,0.012,31.4
15233,6.3866e-05,0.012,31.4
15234,6.386799999999999e-05,0.012,31.4
15235,6.387e-05,0.012,31.4
15236,6.3872e-05,0.012,31.4
15237,6.3874e-05,0.02,31.4
15238,6.3876e-05,0.012,31.4
15239,6.3878e-05,0.012,31.4
15240,6.388e-05,0.012,31.4
15241,6.3882e-05,0.02,31.4
15242,6.3884e-05,0.02,31.4
15243,6.3886e-05,0.012,31.4
15244,6.388800000000001e-05,0.012,31.4
15245,6.389e-05,0.012,31.4
15246,6.3892e-05,0.02,31.4
15247,6.3894e-05,0.012,31.4
15248,6.3896e-05,0.012,31.4
15249,6.3898e-05,0.012,31.4
15250,6.390000000000001e-05,0.012,31.8
15251,6.3902e-05,0.012,31.4
15252,6.3904e-05,0.012,31.4
15253,6.3906e-05,0.012,31.4
15254,6.3908e-05,0.02,31.4
15255,6.391e-05,0.012,31.4
15256,6.391200000000001e-05,0.012,31.4
15257,6.3914e-05,0.02,31.4
15258,6.3916e-05,0.02,31.4
15259,6.3918e-05,0.012,31.4
15260,6.392e-05,0.012,31.4
15261,6.3922e-05,0.012,31.8
15262,6.3924e-05,0.012,31.4
15263,6.3926e-05,0.012,31.4
15264,6.3928e-05,0.012,31.4
15265,6.392999999999999e-05,0.012,31.4
15266,6.3932e-05,0.02,31.4
15267,6.3934e-05,0.012,31.8
15268,6.3936e-05,0.012,31.4
15269,6.393800000000001e-05,0.012,31.4
15270,6.394e-05,0.012,31.4
15271,6.394199999999999e-05,0.012,31.4
15272,6.3944e-05,0.012,31.4
15273,6.3946e-05,0.012,31.4
15274,6.3948e-05,0.02,31.4
15275,6.395000000000001e-05,0.012,31.8
15276,6.3952e-05,0.012,31.4
15277,6.395399999999999e-05,0.02,31.4
15278,6.3956e-05,0.02,31.4
15279,6.3958e-05,0.02,31.4
15280,6.396e-05,0.012,31.4
15281,6.396200000000001e-05,0.02,31.4
15282,6.3964e-05,0.02,31.8
15283,6.3966e-05,0.012,31.4
15284,6.3968e-05,0.02,31.8
15285,6.397e-05,0.02,31.4
15286,6.3972e-05,0.02,31.4
15287,6.397400000000001e-05,0.012,31.4
15288,6.3976e-05,0.012,31.4
15289,6.3978e-05,0.012,31.4
15290,6.398e-05,0.02,31.4
15291,6.3982e-05,0.012,31.4
15292,6.3984e-05,0.02,31.4
15293,6.398600000000001e-05,0.012,31.4
15294,6.3988e-05,0.02,31.4
15295,6.399e-05,0.012,31.4
15296,6.399199999999999e-05,0.02,31.4
15297,6.3994e-05,0.02,31.4
15298,6.3996e-05,0.02,31.4
15299,6.3998e-05,0.012,31.4
15300,6.400000000000001e-05,0.012,31.4
15301,6.4002e-05,0.012,31.4
15302,6.400399999999999e-05,0.02,31.8
15303,6.4006e-05,0.012,31.4
15304,6.4008e-05,0.012,31.4
15305,6.401e-05,0.02,31.4
15306,6.401200000000001e-05,0.02,31.4
15307,6.4014e-05,0.012,31.4
15308,6.401599999999999e-05,0.012,31.4
15309,6.4018e-05,0.02,31.4
15310,6.402e-05,0.02,31.4
15311,6.4022e-05,0.012,31.4
15312,6.402400000000001e-05,0.012,31.4
15313,6.4026e-05,0.012,31.4
15314,6.402799999999999e-05,0.02,31.4
15315,6.403e-05,0.012,31.4
15316,6.4032e-05,0.02,31.4
15317,6.4034e-05,0.012,31.4
15318,6.403600000000001e-05,0.02,31.4
15319,6.4038e-05,0.012,31.4
15320,6.404e-05,0.012,31.4
15321,6.4042e-05,0.02,31.4
15322,6.4044e-05,0.02,31.4
15323,6.4046e-05,0.012,31.4
15324,6.404800000000001e-05,0.02,31.4
15325,6.405e-05,0.012,31.8
15326,6.4052e-05,0.02,31.4
15327,6.4054e-05,0.012,31.4
15328,6.4056e-05,0.02,31.4
15329,6.4058e-05,0.02,31.4
15330,6.406e-05,0.02,31.4
15331,6.4062e-05,0.012,31.4
15332,6.4064e-05,0.012,31.4
15333,6.406599999999999e-05,0.012,31.4
15334,6.4068e-05,0.02,31.4
15335,6.407e-05,0.02,31.4
15336,6.4072e-05,0.02,31.4
15337,6.407400000000001e-05,0.02,31.4
15338,6.4076e-05,0.02,31.4
15339,6.407799999999999e-05,0.012,31.4
15340,6.408e-05,0.02,31.4
15341,6.4082e-05,0.02,31.4
15342,6.4084e-05,0.02,31.4
15343,6.408600000000001e-05,0.02,31.4
15344,6.4088e-05,0.02,31.4
15345,6.408999999999999e-05,0.02,31.4
15346,6.4092e-05,0.02,31.8
15347,6.4094e-05,0.012,31.4
15348,6.4096e-05,0.02,31.4
15349,6.409800000000001e-05,0.012,31.4
15350,6.41e-05,0.02,31.4
15351,6.4102e-05,0.012,31.4
15352,6.4104e-05,0.02,31.4
15353,6.4106e-05,0.02,31.4
15354,6.4108e-05,0.02,31.4
15355,6.411000000000001e-05,0.012,31.4
15356,6.4112e-05,0.02,31.4
15357,6.4114e-05,0.02,31.4
15358,6.4116e-05,0.02,31.4
15359,6.4118e-05,0.012,31.4
15360,6.412e-05,0.012,31.4
15361,6.412200000000001e-05,0.02,31.4
15362,6.4124e-05,0.02,31.4
15363,6.4126e-05,0.012,31.4
15364,6.412799999999999e-05,0.02,31.4
15365,6.413e-05,0.02,31.4
15366,6.4132e-05,0.02,31.4
15367,6.4134e-05,0.02,31.4
15368,6.413600000000001e-05,0.02,31.4
15369,6.4138e-05,0.02,31.4
15370,6.413999999999999e-05,0.02,31.4
15371,6.4142e-05,0.02,31.4
15372,6.4144e-05,0.02,31.4
15373,6.4146e-05,0.02,31.4
15374,6.414800000000001e-05,0.02,31.4
15375,6.415e-05,0.012,31.4
15376,6.415199999999999e-05,0.012,31.4
15377,6.4154e-05,0.02,31.4
15378,6.4156e-05,0.02,31.8
15379,6.4158e-05,0.012,31.4
15380,6.416000000000001e-05,0.02,31.4
15381,6.4162e-05,0.02,31.4
15382,6.416399999999999e-05,0.02,31.4
15383,6.4166e-05,0.02,31.4
15384,6.4168e-05,0.012,31.4
15385,6.417e-05,0.02,31.4
15386,6.417200000000001e-05,0.02,31.8
15387,6.4174e-05,0.012,31.4
15388,6.4176e-05,0.012,31.4
15389,6.4178e-05,0.02,31.4
15390,6.418e-05,0.02,31.4
15391,6.4182e-05,0.02,31.4
15392,6.418400000000001e-05,0.02,31.4
15393,6.4186e-05,0.02,31.4
15394,6.4188e-05,0.02,31.4
15395,6.419e-05,0.012,31.8
15396,6.4192e-05,0.02,31.4
15397,6.4194e-05,0.02,31.4
15398,6.4196e-05,0.02,31.4
15399,6.4198e-05,0.02,31.4
15400,6.42e-05,0.02,31.4
15401,6.420199999999999e-05,0.02,31.4
15402,6.4204e-05,0.02,31.4
15403,6.4206e-05,0.02,31.4
15404,6.4208e-05,0.02,31.4
15405,6.421000000000001e-05,0.02,31.4
15406,6.4212e-05,0.02,31.4
15407,6.421399999999999e-05,0.02,31.4
15408,6.4216e-05,0.02,31.4
15409,6.4218e-05,0.02,31.4
15410,6.422e-05,0.02,31.4
15411,6.422200000000001e-05,0.02,31.4
15412,6.4224e-05,0.02,31.4
15413,6.422599999999999e-05,0.02,31.4
15414,6.4228e-05,0.02,31.4
15415,6.423e-05,0.02,31.4
15416,6.4232e-05,0.02,31.4
15417,6.423400000000001e-05,0.02,31.4
15418,6.4236e-05,0.02,31.4
15419,6.4238e-05,0.02,31.4
15420,6.424e-05,0.02,31.4
15421,6.4242e-05,0.02,31.4
15422,6.4244e-05,0.02,31.4
15423,6.424600000000001e-05,0.02,31.4
15424,6.4248e-05,0.02,31.4
15425,6.425e-05,0.02,31.4
15426,6.4252e-05,0.02,31.4
15427,6.4254e-05,0.02,31.4
15428,6.4256e-05,0.02,31.4
15429,6.425800000000001e-05,0.02,31.4
15430,6.426e-05,0.02,31.4
15431,6.4262e-05,0.02,31.4
15432,6.426399999999999e-05,0.02,31.4
15433,6.4266e-05,0.02,31.4
15434,6.4268e-05,0.02,31.4
15435,6.427e-05,0.02,31.4
15436,6.427200000000001e-05,0.02,31.4
15437,6.4274e-05,0.02,31.4
15438,6.427599999999999e-05,0.02,31.4
15439,6.4278e-05,0.02,31.4
15440,6.428e-05,0.02,31.4
15441,6.4282e-05,0.02,31.4
15442,6.428400000000001e-05,0.02,31.4
15443,6.4286e-05,0.02,31.4
15444,6.428799999999999e-05,0.02,31.4
15445,6.429e-05,0.02,31.4
15446,6.4292e-05,0.02,31.4
15447,6.4294e-05,0.02,31.4
15448,6.429600000000001e-05,0.02,31.4
15449,6.4298e-05,0.02,31.4
15450,6.429999999999999e-05,0.02,31.4
15451,6.4302e-05,0.02,31.8
15452,6.4304e-05,0.02,31.4
15453,6.4306e-05,0.02,31.4
15454,6.430800000000001e-05,0.02,31.4
15455,6.431e-05,0.02,31.4
15456,6.4312e-05,0.02,31.4
15457,6.4314e-05,0.02,31.4
15458,6.4316e-05,0.02,31.4
15459,6.4318e-05,0.02,31.4
15460,6.432000000000001e-05,0.02,31.4
15461,6.4322e-05,0.02,31.4
15462,6.4324e-05,0.02,31.4
15463,6.4326e-05,0.02,31.4
15464,6.4328e-05,0.02,31.4
15465,6.433e-05,0.02,31.4
15466,6.433200000000001e-05,0.02,31.4
15467,6.4334e-05,0.02,31.4
15468,6.4336e-05,0.02,31.4
15469,6.433799999999999e-05,0.02,31.4
15470,6.434e-05,0.02,31.4
15471,6.4342e-05,0.02,31.4
15472,6.4344e-05,0.02,31.4
15473,6.434600000000001e-05,0.02,31.4
15474,6.4348e-05,0.02,31.4
15475,6.434999999999999e-05,0.02,31.4
15476,6.4352e-05,0.02,31.4
15477,6.4354e-05,0.02,31.4
15478,6.4356e-05,0.02,31.4
15479,6.435800000000001e-05,0.02,31.4
15480,6.436e-05,0.02,31.4
15481,6.436199999999999e-05,0.02,31.4
15482,6.4364e-05,0.02,31.8
15483,6.4366e-05,0.02,31.4
15484,6.4368e-05,0.02,31.4
15485,6.437000000000001e-05,0.02,31.4
15486,6.4372e-05,0.02,31.4
15487,6.437399999999999e-05,0.02,31.4
15488,6.4376e-05,0.02,31.4
15489,6.4378e-05,0.02,31.4
15490,6.438e-05,0.02,31.4
15491,6.438200000000001e-05,0.02,31.4
15492,6.4384e-05,0.02,31.4
15493,6.4386e-05,0.02,31.4
15494,6.4388e-05,0.02,31.4
15495,6.439e-05,0.02,31.4
15496,6.4392e-05,0.02,31.4
15497,6.439400000000001e-05,0.02,31.4
15498,6.4396e-05,0.02,31.4
15499,6.4398e-05,0.02,31.4
15500,6.44e-05,0.02,31.4
15501,6.4402e-05,0.02,31.4
15502,6.4404e-05,0.02,31.4
15503,6.4406e-05,0.02,31.4
15504,6.4408e-05,0.02,31.4
15505,6.441e-05,0.02,31.4
15506,6.441199999999999e-05,0.02,31.4
15507,6.4414e-05,0.02,31.4
15508,6.4416e-05,0.02,31.4
15509,6.4418e-05,0.02,31.4
15510,6.442000000000001e-05,0.02,31.4
15511,6.4422e-05,0.02,31.4
15512,6.442399999999999e-05,0.02,31.4
15513,6.4426e-05,0.02,31.4
15514,6.4428e-05,0.02,31.4
15515,6.443e-05,0.02,31.4
15516,6.443200000000001e-05,0.02,31.4
15517,6.4434e-05,0.02,31.4
15518,6.443599999999999e-05,0.02,31.4
15519,6.4438e-05,0.02,31.4
15520,6.444e-05,0.02,31.4
15521,6.4442e-05,0.02,31.4
15522,6.444400000000001e-05,0.02,31.4
15523,6.4446e-05,0.02,31.4
15524,6.4448e-05,0.02,31.4
15525,6.445e-05,0.02,31.4
15526,6.4452e-05,0.02,31.4
15527,6.4454e-05,0.02,31.4
15528,6.445600000000001e-05,0.02,31.4
15529,6.4458e-05,0.02,31.4
15530,6.446e-05,0.02,31.4
15531,6.4462e-05,0.02,31.4
15532,6.4464e-05,0.02,31.4
15533,6.4466e-05,0.02,31.4
15534,6.446800000000001e-05,0.02,31.4
15535,6.447e-05,0.02,31.4
15536,6.4472e-05,0.02,31.4
15537,6.447399999999999e-05,0.02,31.4
15538,6.4476e-05,0.02,31.4
15539,6.4478e-05,0.02,31.4
15540,6.448e-05,0.02,31.4
15541,6.448200000000001e-05,0.02,31.4
15542,6.4484e-05,0.02,31.4
15543,6.448599999999999e-05,0.02,31.4
15544,6.4488e-05,0.02,31.4
15545,6.449e-05,0.02,31.4
15546,6.4492e-05,0.02,31.4
15547,6.449400000000001e-05,0.02,31.4
15548,6.4496e-05,0.02,31.4
15549,6.449799999999999e-05,0.02,31.4
15550,6.45e-05,0.02,31.4
15551,6.4502e-05,0.02,31.4
15552,6.4504e-05,0.02,31.4
15553,6.450600000000001e-05,0.02,31.4
15554,6.4508e-05,0.02,31.4
15555,6.450999999999999e-05,0.02,31.8
15556,6.4512e-05,0.02,31.4
15557,6.4514e-05,0.02,31.4
15558,6.4516e-05,0.02,31.4
15559,6.451800000000001e-05,0.02,31.4
15560,6.452e-05,0.02,31.4
15561,6.4522e-05,0.02,31.4
15562,6.4524e-05,0.02,31.4
15563,6.4526e-05,0.02,31.4
15564,6.4528e-05,0.02,31.4
15565,6.453000000000001e-05,0.02,31.4
15566,6.4532e-05,0.02,31.4
15567,6.4534e-05,0.02,31.4
15568,6.4536e-05,0.02,31.4
15569,6.4538e-05,0.02,31.4
15570,6.454e-05,0.02,31.8
15571,6.4542e-05,0.02,31.4
15572,6.4544e-05,0.02,31.4
15573,6.4546e-05,0.02,31.4
15574,6.454799999999999e-05,0.02,31.4
15575,6.455e-05,0.02,31.4
15576,6.4552e-05,0.02,31.4
15577,6.4554e-05,0.02,31.4
15578,6.455600000000001e-05,0.02,31.8
15579,6.4558e-05,0.02,31.4
15580,6.455999999999999e-05,0.02,31.4
15581,6.4562e-05,0.02,31.4
15582,6.4564e-05,0.02,31.4
15583,6.4566e-05,0.02,31.4
15584,6.456800000000001e-05,0.02,31.4
15585,6.457e-05,0.02,31.4
15586,6.457199999999999e-05,0.02,31.4
15587,6.4574e-05,0.02,31.4
15588,6.4576e-05,0.02,31.4
15589,6.4578e-05,0.02,31.4
15590,6.458000000000001e-05,0.02,31.4
15591,6.4582e-05,0.02,31.4
15592,6.4584e-05,0.02,31.4
15593,6.4586e-05,0.02,31.4
15594,6.4588e-05,0.02,31.4
15595,6.459e-05,0.02,31.8
15596,6.459200000000001e-05,0.02,31.4
15597,6.4594e-05,0.02,31.4
15598,6.4596e-05,0.02,31.4
15599,6.4598e-05,0.02,31.4
15600,6.46e-05,0.02,31.4
15601,6.4602e-05,0.02,31.4
15602,6.460400000000001e-05,0.02,31.4
15603,6.4606e-05,0.02,31.4
15604,6.4608e-05,0.02,31.4
15605,6.460999999999999e-05,0.02,31.4
15606,6.4612e-05,0.02,31.4
15607,6.4614e-05,0.02,31.4
15608,6.4616e-05,0.02,31.4
15609,6.461800000000001e-05,0.02,31.4
15610,6.462e-05,0.02,31.4
15611,6.462199999999999e-05,0.02,31.4
15612,6.4624e-05,0.02,31.4
15613,6.4626e-05,0.02,31.4
15614,6.4628e-05,0.02,31.4
15615,6.463000000000001e-05,0.02,31.4
15616,6.4632e-05,0.02,31.4
15617,6.463399999999999e-05,0.02,31.4
15618,6.4636e-05,0.02,31.4
15619,6.4638e-05,0.02,31.4
15620,6.464e-05,0.02,31.4
15621,6.464200000000001e-05,0.02,31.4
15622,6.4644e-05,0.02,31.4
15623,6.464599999999999e-05,0.02,31.4
15624,6.4648e-05,0.02,31.4
15625,6.465e-05,0.02,31.4
15626,6.4652e-05,0.02,31.4
15627,6.465400000000001e-05,0.02,31.4
15628,6.4656e-05,0.02,31.4
15629,6.4658e-05,0.02,31.4
15630,6.466e-05,0.02,31.4
15631,6.4662e-05,0.02,31.4
15632,6.4664e-05,0.02,31.4
15633,6.466600000000001e-05,0.02,31.4
15634,6.4668e-05,0.02,31.4
15635,6.467e-05,0.02,31.4
15636,6.4672e-05,0.02,31.4
15637,6.4674e-05,0.02,31.4
15638,6.4676e-05,0.02,31.4
15639,6.4678e-05,0.02,31.4
15640,6.468e-05,0.02,31.4
15641,6.4682e-05,0.02,31.4
15642,6.468399999999999e-05,0.02,31.4
15643,6.4686e-05,0.02,31.4
15644,6.4688e-05,0.02,31.4
15645,6.469e-05,0.02,31.4
15646,6.469200000000001e-05,0.02,31.4
15647,6.4694e-05,0.02,31.4
15648,6.469599999999999e-05,0.02,31.4
15649,6.4698e-05,0.02,31.4
15650,6.47e-05,0.02,31.4
15651,6.4702e-05,0.02,31.4
15652,6.470400000000001e-05,0.02,31.4
15653,6.4706e-05,0.02,31.4
15654,6.470799999999999e-05,0.02,31.4
15655,6.471e-05,0.02,31.4
15656,6.4712e-05,0.02,31.4
15657,6.4714e-05,0.02,31.4
15658,6.471600000000001e-05,0.02,31.4
15659,6.4718e-05,0.02,31.4
15660,6.472e-05,0.02,31.4
15661,6.4722e-05,0.02,31.4
15662,6.4724e-05,0.02,31.4
15663,6.4726e-05,0.02,31.4
15664,6.472800000000001e-05,0.02,31.4
15665,6.473e-05,0.02,31.4
15666,6.4732e-05,0.02,31.4
15667,6.4734e-05,0.02,31.4
15668,6.4736e-05,0.02,31.4
15669,6.4738e-05,0.02,31.4
15670,6.474000000000001e-05,0.02,31.4
15671,6.4742e-05,0.02,31.4
15672,6.4744e-05,0.02,31.4
15673,6.474599999999999e-05,0.02,31.4
15674,6.4748e-05,0.02,31.4
15675,6.475e-05,0.02,31.4
15676,6.4752e-05,0.02,31.4
15677,6.475400000000001e-05,0.02,31.4
15678,6.4756e-05,0.02,31.4
15679,6.475799999999999e-05,0.02,31.4
15680,6.476e-05,0.02,31.4
15681,6.4762e-05,0.02,31.4
15682,6.4764e-05,0.028,31.8
15683,6.476600000000001e-05,0.02,31.4
15684,6.4768e-05,0.02,31.4
15685,6.476999999999999e-05,0.02,31.4
15686,6.4772e-05,0.028,31.4
15687,6.4774e-05,0.02,31.4
15688,6.4776e-05,0.02,31.4
15689,6.477800000000001e-05,0.02,31.4
15690,6.478e-05,0.02,31.4
15691,6.478199999999999e-05,0.02,31.4
15692,6.4784e-05,0.02,31.4
15693,6.4786e-05,0.02,31.4
15694,6.4788e-05,0.02,31.4
15695,6.479000000000001e-05,0.02,31.4
15696,6.4792e-05,0.02,31.4
15697,6.4794e-05,0.02,31.4
15698,6.4796e-05,0.02,31.4
15699,6.4798e-05,0.02,31.4
15700,6.48e-05,0.02,31.4
15701,6.480200000000001e-05,0.02,31.4
15702,6.4804e-05,0.02,31.4
15703,6.4806e-05,0.02,31.4
15704,6.4808e-05,0.02,31.4
15705,6.481e-05,0.02,31.4
15706,6.4812e-05,0.02,31.4
15707,6.4814e-05,0.02,31.4
15708,6.4816e-05,0.02,31.4
15709,6.4818e-05,0.02,31.4
15710,6.481999999999999e-05,0.02,31.4
15711,6.4822e-05,0.02,31.4
15712,6.4824e-05,0.02,31.4
15713,6.4826e-05,0.02,31.4
15714,6.482800000000001e-05,0.028,31.4
15715,6.483e-05,0.02,31.4
15716,6.483199999999999e-05,0.02,31.4
15717,6.4834e-05,0.02,31.4
15718,6.4836e-05,0.028,31.4
15719,6.4838e-05,0.02,31.4
15720,6.484000000000001e-05,0.02,31.4
15721,6.4842e-05,0.02,31.4
15722,6.484399999999999e-05,0.02,31.4
15723,6.4846e-05,0.02,31.4
15724,6.4848e-05,0.02,31.4
15725,6.485e-05,0.02,31.4
15726,6.485200000000001e-05,0.028,31.4
15727,6.4854e-05,0.02,31.4
15728,6.4856e-05,0.02,31.4
15729,6.4858e-05,0.02,31.4
15730,6.486e-05,0.02,31.4
15731,6.4862e-05,0.02,31.4
15732,6.486400000000001e-05,0.02,31.4
15733,6.4866e-05,0.028,31.4
15734,6.4868e-05,0.02,31.4
15735,6.487e-05,0.02,31.4
15736,6.4872e-05,0.02,31.4
15737,6.4874e-05,0.02,31.4
15738,6.487600000000001e-05,0.02,31.4
15739,6.4878e-05,0.02,31.4
15740,6.488e-05,0.02,31.4
15741,6.488199999999999e-05,0.02,31.4
15742,6.4884e-05,0.02,31.8
15743,6.4886e-05,0.02,31.4
15744,6.4888e-05,0.02,31.4
15745,6.489000000000001e-05,0.02,31.4
15746,6.4892e-05,0.028,31.4
15747,6.489399999999999e-05,0.02,31.4
15748,6.4896e-05,0.02,31.4
15749,6.4898e-05,0.02,31.4
15750,6.49e-05,0.028,31.4
15751,6.490200000000001e-05,0.02,31.4
15752,6.4904e-05,0.02,31.4
15753,6.490599999999999e-05,0.02,31.4
15754,6.4908e-05,0.028,31.4
15755,6.491e-05,0.02,31.4
15756,6.4912e-05,0.02,31.4
15757,6.491400000000001e-05,0.02,31.4
15758,6.4916e-05,0.02,31.4
15759,6.491799999999999e-05,0.02,31.4
15760,6.492e-05,0.02,31.4
15761,6.4922e-05,0.02,31.4
15762,6.4924e-05,0.028,31.4
15763,6.492600000000001e-05,0.02,31.4
15764,6.4928e-05,0.02,31.4
15765,6.493e-05,0.02,31.4
15766,6.4932e-05,0.02,31.4
15767,6.4934e-05,0.02,31.4
15768,6.4936e-05,0.02,31.4
15769,6.493800000000001e-05,0.02,31.4
15770,6.494e-05,0.02,31.4
15771,6.4942e-05,0.02,31.4
15772,6.4944e-05,0.02,31.4
15773,6.4946e-05,0.02,31.4
15774,6.4948e-05,0.028,31.4
15775,6.495e-05,0.02,31.4
15776,6.4952e-05,0.02,31.4
15777,6.4954e-05,0.028,31.4
15778,6.495599999999999e-05,0.02,31.4
15779,6.4958e-05,0.02,31.4
15780,6.496e-05,0.02,31.4
15781,6.4962e-05,0.02,31.8
15782,6.496400000000001e-05,0.02,31.4
15783,6.4966e-05,0.02,31.4
15784,6.496799999999999e-05,0.02,31.4
15785,6.497e-05,0.02,31.4
15786,6.4972e-05,0.02,31.4
15787,6.4974e-05,0.02,31.4
15788,6.497600000000001e-05,0.02,31.4
15789,6.4978e-05,0.02,31.4
15790,6.497999999999999e-05,0.028,31.4
15791,6.4982e-05,0.02,31.4
15792,6.4984e-05,0.02,31.4
15793,6.4986e-05,0.02,31.4
15794,6.498800000000001e-05,0.028,31.4
15795,6.499e-05,0.02,31.4
15796,6.4992e-05,0.028,31.4
15797,6.4994e-05,0.02,31.4
15798,6.4996e-05,0.028,31.4
15799,6.4998e-05,0.02,31.4
15800,6.500000000000001e-05,0.02,31.4
15801,6.5002e-05,0.028,31.4
15802,6.5004e-05,0.028,31.4
15803,6.5006e-05,0.02,31.4
15804,6.5008e-05,0.02,31.4
15805,6.501e-05,0.02,31.4
15806,6.501200000000001e-05,0.02,31.4
15807,6.5014e-05,0.02,31.4
15808,6.5016e-05,0.028,31.4
15809,6.501799999999999e-05,0.028,31.4
15810,6.502e-05,0.02,31.4
15811,6.5022e-05,0.02,31.4
15812,6.5024e-05,0.02,31.4
15813,6.502600000000001e-05,0.02,31.4
15814,6.5028e-05,0.02,31.4
15815,6.502999999999999e-05,0.02,31.4
15816,6.5032e-05,0.02,31.4
15817,6.5034e-05,0.028,31.4
15818,6.5036e-05,0.028,31.4
15819,6.503800000000001e-05,0.02,31.4
15820,6.504e-05,0.02,31.4
15821,6.504199999999999e-05,0.028,31.4
15822,6.5044e-05,0.028,31.4
15823,6.5046e-05,0.02,31.4
15824,6.5048e-05,0.02,31.4
15825,6.505000000000001e-05,0.028,31.4
15826,6.5052e-05,0.02,31.4
15827,6.505399999999999e-05,0.02,31.4
15828,6.5056e-05,0.028,31.4
15829,6.5058e-05,0.02,31.4
15830,6.506e-05,0.028,31.4
15831,6.506200000000001e-05,0.02,31.4
15832,6.5064e-05,0.02,31.4
15833,6.5066e-05,0.028,31.4
15834,6.5068e-05,0.028,31.4
15835,6.507e-05,0.02,31.4
15836,6.5072e-05,0.028,31.4
15837,6.507400000000001e-05,0.02,31.4
15838,6.5076e-05,0.028,31.4
15839,6.5078e-05,0.02,31.4
15840,6.508e-05,0.02,31.4
15841,6.5082e-05,0.02,31.4
15842,6.5084e-05,0.028,31.4
15843,6.5086e-05,0.02,31.4
15844,6.5088e-05,0.02,31.4
15845,6.509e-05,0.02,31.4
15846,6.509199999999999e-05,0.028,31.4
15847,6.5094e-05,0.02,31.4
15848,6.5096e-05,0.02,31.4
15849,6.5098e-05,0.02,31.4
15850,6.510000000000001e-05,0.028,31.4
15851,6.5102e-05,0.02,31.4
15852,6.510399999999999e-05,0.02,31.4
15853,6.5106e-05,0.02,31.4
15854,6.5108e-05,0.028,31.4
15855,6.511e-05,0.02,31.4
15856,6.511200000000001e-05,0.02,31.4
15857,6.5114e-05,0.02,31.4
15858,6.511599999999999e-05,0.028,31.4
15859,6.5118e-05,0.02,31.4
15860,6.512e-05,0.02,31.4
15861,6.5122e-05,0.02,31.4
15862,6.512400000000001e-05,0.02,31.4
15863,6.5126e-05,0.028,31.4
15864,6.5128e-05,0.028,31.4
15865,6.513e-05,0.028,31.4
15866,6.5132e-05,0.028,31.4
15867,6.5134e-05,0.02,31.4
15868,6.513600000000001e-05,0.028,31.4
15869,6.5138e-05,0.028,31.4
15870,6.514e-05,0.028,31.4
15871,6.5142e-05,0.02,31.4
15872,6.5144e-05,0.028,31.4
15873,6.5146e-05,0.02,31.4
15874,6.514800000000001e-05,0.02,31.4
15875,6.515e-05,0.02,31.4
15876,6.5152e-05,0.028,31.4
15877,6.515399999999999e-05,0.02,31.4
15878,6.5156e-05,0.028,31.4
15879,6.5158e-05,0.02,31.4
15880,6.516e-05,0.02,31.4
15881,6.516200000000001e-05,0.028,31.4
15882,6.5164e-05,0.028,31.4
15883,6.516599999999999e-05,0.02,31.4
15884,6.5168e-05,0.028,31.4
15885,6.517e-05,0.02,31.4
15886,6.5172e-05,0.028,31.4
15887,6.517400000000001e-05,0.02,31.4
15888,6.5176e-05,0.02,31.4
15889,6.517799999999999e-05,0.028,31.4
15890,6.518e-05,0.028,31.4
15891,6.5182e-05,0.02,31.4
15892,6.5184e-05,0.028,31.4
15893,6.518600000000001e-05,0.028,31.4
15894,6.5188e-05,0.028,31.4
15895,6.518999999999999e-05,0.02,31.4
15896,6.5192e-05,0.028,31.4
15897,6.5194e-05,0.02,31.4
15898,6.5196e-05,0.028,31.4
15899,6.519800000000001e-05,0.02,31.4
15900,6.52e-05,0.028,31.4
15901,6.5202e-05,0.028,31.4
15902,6.5204e-05,0.028,31.4
15903,6.5206e-05,0.028,31.4
15904,6.5208e-05,0.028,31.4
15905,6.521000000000001e-05,0.028,31.4
15906,6.5212e-05,0.028,31.4
15907,6.5214e-05,0.02,31.4
15908,6.5216e-05,0.028,31.4
15909,6.5218e-05,0.028,31.4
15910,6.522e-05,0.028,31.4
15911,6.5222e-05,0.028,31.4
15912,6.5224e-05,0.028,31.4
15913,6.5226e-05,0.028,31.4
15914,6.522799999999999e-05,0.028,31.4
15915,6.523e-05,0.02,31.4
15916,6.5232e-05,0.028,31.4
15917,6.5234e-05,0.028,31.4
15918,6.523600000000001e-05,0.028,31.4
15919,6.5238e-05,0.02,31.4
15920,6.523999999999999e-05,0.028,31.4
15921,6.5242e-05,0.028,31.4
15922,6.5244e-05,0.028,31.4
15923,6.5246e-05,0.02,31.4
15924,6.524800000000001e-05,0.028,31.4
15925,6.525e-05,0.028,31.4
15926,6.525199999999999e-05,0.028,31.4
15927,6.5254e-05,0.02,31.4
15928,6.5256e-05,0.028,31.4
15929,6.5258e-05,0.02,31.4
15930,6.526000000000001e-05,0.028,31.4
15931,6.5262e-05,0.028,31.4
15932,6.5264e-05,0.02,31.4
15933,6.5266e-05,0.028,31.4
15934,6.5268e-05,0.028,31.4
15935,6.527e-05,0.02,31.4
15936,6.527200000000001e-05,0.028,31.4
15937,6.5274e-05,0.028,31.4
15938,6.5276e-05,0.028,31.4
15939,6.5278e-05,0.02,31.4
15940,6.528e-05,0.028,31.4
15941,6.5282e-05,0.02,31.4
15942,6.528400000000001e-05,0.028,31.4
15943,6.5286e-05,0.02,31.4
15944,6.5288e-05,0.028,31.4
15945,6.528999999999999e-05,0.028,31.4
15946,6.5292e-05,0.028,31.4
15947,6.5294e-05,0.02,31.4
15948,6.5296e-05,0.028,31.4
15949,6.529800000000001e-05,0.028,31.4
15950,6.53e-05,0.028,31.4
15951,6.530199999999999e-05,0.02,31.4
15952,6.5304e-05,0.02,31.4
15953,6.5306e-05,0.028,31.4
15954,6.5308e-05,0.028,31.4
15955,6.531000000000001e-05,0.028,31.4
15956,6.5312e-05,0.028,31.4
15957,6.531399999999999e-05,0.028,31.4
15958,6.5316e-05,0.028,31.4
15959,6.5318e-05,0.02,31.4
15960,6.532e-05,0.02,31.4
15961,6.532200000000001e-05,0.028,31.4
15962,6.5324e-05,0.028,31.4
15963,6.532599999999999e-05,0.028,31.4
15964,6.5328e-05,0.02,31.4
15965,6.533e-05,0.028,31.4
15966,6.5332e-05,0.028,31.4
15967,6.533400000000001e-05,0.028,31.4
15968,6.5336e-05,0.028,31.4
15969,6.5338e-05,0.028,31.4
15970,6.534e-05,0.028,31.4
15971,6.5342e-05,0.028,31.4
15972,6.5344e-05,0.028,31.4
15973,6.534600000000001e-05,0.028,31.4
15974,6.5348e-05,0.028,31.4
15975,6.535e-05,0.02,31.4
15976,6.5352e-05,0.028,31.4
15977,6.5354e-05,0.028,31.4
15978,6.5356e-05,0.028,31.8
15979,6.535800000000001e-05,0.028,31.4
15980,6.536e-05,0.028,31.4
15981,6.5362e-05,0.028,31.4
15982,6.536399999999999e-05,0.028,31.4
15983,6.5366e-05,0.02,31.4
15984,6.5368e-05,0.028,31.4
15985,6.537e-05,0.028,31.4
15986,6.537200000000001e-05,0.028,31.4
15987,6.5374e-05,0.028,31.4
15988,6.537599999999999e-05,0.028,31.4
15989,6.5378e-05,0.028,31.4
15990,6.538e-05,0.028,31.4
15991,6.5382e-05,0.028,31.4
15992,6.538400000000001e-05,0.028,31.4
15993,6.5386e-05,0.028,31.4
15994,6.538799999999999e-05,0.028,31.4
15995,6.539e-05,0.02,31.4
15996,6.5392e-05,0.028,31.4
15997,6.5394e-05,0.02,31.4
15998,6.539600000000001e-05,0.028,31.4
15999,6.5398e-05,0.028,31.4
16000,6.54e-05,0.028,31.4
16001,6.5402e-05,0.028,31.4
16002,6.5404e-05,0.028,31.4
16003,6.5406e-05,0.02,31.4
16004,6.540800000000001e-05,0.028,31.4
16005,6.541e-05,0.028,31.4
16006,6.5412e-05,0.028,31.4
16007,6.5414e-05,0.028,31.4
16008,6.5416e-05,0.028,31.4
16009,6.5418e-05,0.028,31.4
16010,6.542000000000001e-05,0.028,31.4
16011,6.5422e-05,0.028,31.4
16012,6.5424e-05,0.028,31.4
16013,6.5426e-05,0.028,31.4
16014,6.5428e-05,0.028,31.4
16015,6.543e-05,0.028,31.4
16016,6.5432e-05,0.028,31.4
16017,6.543400000000001e-05,0.028,31.4
16018,6.5436e-05,0.028,31.4
16019,6.543799999999999e-05,0.028,31.4
16020,6.544e-05,0.028,31.4
16021,6.5442e-05,0.028,31.4
16022,6.5444e-05,0.028,31.4
16023,6.544600000000001e-05,0.028,31.4
16024,6.5448e-05,0.028,31.4
16025,6.544999999999999e-05,0.028,31.4
16026,6.5452e-05,0.028,31.4
16027,6.5454e-05,0.028,31.4
16028,6.5456e-05,0.028,31.4
16029,6.545800000000001e-05,0.028,31.4
16030,6.546e-05,0.028,31.4
16031,6.546199999999999e-05,0.028,31.4
16032,6.5464e-05,0.028,31.4
16033,6.5466e-05,0.028,31.4
16034,6.5468e-05,0.028,31.4
16035,6.547000000000001e-05,0.028,31.4
16036,6.5472e-05,0.028,31.4
16037,6.5474e-05,0.028,31.4
16038,6.5476e-05,0.028,31.4
16039,6.5478e-05,0.028,31.4
16040,6.548e-05,0.028,31.4
16041,6.548200000000001e-05,0.028,31.4
16042,6.5484e-05,0.028,31.4
16043,6.5486e-05,0.028,31.4
16044,6.5488e-05,0.028,31.4
16045,6.549e-05,0.028,31.4
16046,6.5492e-05,0.028,31.4
16047,6.549400000000001e-05,0.028,31.4
16048,6.5496e-05,0.028,31.4
16049,6.5498e-05,0.028,31.4
16050,6.549999999999999e-05,0.028,31.4
16051,6.5502e-05,0.028,31.4
16052,6.5504e-05,0.028,31.4
16053,6.5506e-05,0.028,31.4
16054,6.550800000000001e-05,0.028,31.4
16055,6.551e-05,0.028,31.4
16056,6.551199999999999e-05,0.028,31.4
16057,6.5514e-05,0.028,31.4
16058,6.5516e-05,0.028,31.4
16059,6.5518e-05,0.028,31.4
16060,6.552000000000001e-05,0.028,31.4
16061,6.5522e-05,0.028,31.4
16062,6.552399999999999e-05,0.028,31.4
16063,6.5526e-05,0.028,31.4
16064,6.5528e-05,0.028,31.4
16065,6.553e-05,0.028,31.4
16066,6.553200000000001e-05,0.028,31.4
16067,6.5534e-05,0.02,31.4
16068,6.5536e-05,0.028,31.4
16069,6.5538e-05,0.028,31.4
16070,6.554e-05,0.028,31.4
16071,6.5542e-05,0.02,31.4
16072,6.554400000000001e-05,0.028,31.4
16073,6.5546e-05,0.028,31.4
16074,6.5548e-05,0.028,31.4
16075,6.555e-05,0.028,31.4
16076,6.5552e-05,0.028,31.4
16077,6.5554e-05,0.028,31.4
16078,6.555600000000001e-05,0.028,31.4
16079,6.5558e-05,0.028,31.4
16080,6.556e-05,0.028,31.4
16081,6.5562e-05,0.028,31.4
16082,6.5564e-05,0.028,31.4
16083,6.5566e-05,0.028,31.4
16084,6.5568e-05,0.028,31.4
16085,6.557e-05,0.028,31.4
16086,6.5572e-05,0.028,31.4
16087,6.557399999999999e-05,0.028,31.4
16088,6.5576e-05,0.028,31.4
16089,6.5578e-05,0.028,31.4
16090,6.558e-05,0.028,31.4
16091,6.558200000000001e-05,0.028,31.4
16092,6.5584e-05,0.028,31.4
16093,6.558599999999999e-05,0.028,31.4
16094,6.5588e-05,0.028,31.4
16095,6.559e-05,0.028,31.4
16096,6.5592e-05,0.028,31.4
16097,6.559400000000001e-05,0.028,31.4
16098,6.5596e-05,0.028,31.4
16099,6.559799999999999e-05,0.028,31.4
16100,6.56e-05,0.028,31.4
16101,6.5602e-05,0.028,31.4
16102,6.5604e-05,0.028,31.4
16103,6.560600000000001e-05,0.028,31.4
16104,6.5608e-05,0.028,31.4
16105,6.561e-05,0.028,31.4
16106,6.5612e-05,0.028,31.4
16107,6.5614e-05,0.028,31.4
16108,6.5616e-05,0.028,31.4
16109,6.561800000000001e-05,0.028,31.4
16110,6.562e-05,0.028,31.4
16111,6.5622e-05,0.028,31.4
16112,6.5624e-05,0.028,31.4
16113,6.5626e-05,0.028,31.4
16114,6.5628e-05,0.028,31.4
16115,6.563000000000001e-05,0.028,31.4
16116,6.5632e-05,0.028,31.4
16117,6.5634e-05,0.028,31.4
16118,6.563599999999999e-05,0.028,31.4
16119,6.5638e-05,0.028,31.4
16120,6.564e-05,0.028,31.4
16121,6.5642e-05,0.028,31.4
16122,6.564400000000001e-05,0.028,31.4
16123,6.5646e-05,0.028,31.4
16124,6.564799999999999e-05,0.028,31.4
16125,6.565e-05,0.028,31.4
16126,6.5652e-05,0.028,31.4
16127,6.5654e-05,0.028,31.4
16128,6.565600000000001e-05,0.028,31.4
16129,6.5658e-05,0.028,31.4
16130,6.565999999999999e-05,0.028,31.4
16131,6.5662e-05,0.028,31.4
16132,6.5664e-05,0.028,31.4
16133,6.5666e-05,0.028,31.4
16134,6.566800000000001e-05,0.028,31.4
16135,6.567e-05,0.028,31.4
16136,6.567199999999999e-05,0.028,31.4
16137,6.5674e-05,0.028,31.4
16138,6.5676e-05,0.028,31.4
16139,6.5678e-05,0.028,31.4
16140,6.568000000000001e-05,0.028,31.4
16141,6.5682e-05,0.028,31.4
16142,6.5684e-05,0.028,31.4
16143,6.5686e-05,0.028,31.4
16144,6.5688e-05,0.028,31.4
16145,6.569e-05,0.028,31.4
16146,6.569200000000001e-05,0.028,31.4
16147,6.5694e-05,0.028,31.4
16148,6.5696e-05,0.028,31.4
16149,6.5698e-05,0.028,31.4
16150,6.57e-05,0.028,31.4
16151,6.5702e-05,0.028,31.4
16152,6.5704e-05,0.028,31.4
16153,6.5706e-05,0.028,31.4
16154,6.5708e-05,0.028,31.4
16155,6.570999999999999e-05,0.028,31.4
16156,6.5712e-05,0.028,31.4
16157,6.5714e-05,0.028,31.4
16158,6.5716e-05,0.028,31.4
16159,6.571800000000001e-05,0.028,31.4
16160,6.572e-05,0.028,31.4
16161,6.572199999999999e-05,0.028,31.4
16162,6.5724e-05,0.028,31.4
16163,6.5726e-05,0.028,31.4
16164,6.5728e-05,0.028,31.4
16165,6.573000000000001e-05,0.028,31.4
16166,6.5732e-05,0.028,31.4
16167,6.573399999999999e-05,0.028,31.4
16168,6.5736e-05,0.028,31.4
16169,6.5738e-05,0.028,31.4
16170,6.574e-05,0.028,31.4
16171,6.574200000000001e-05,0.028,31.4
16172,6.5744e-05,0.028,31.4
16173,6.5746e-05,0.028,31.4
16174,6.5748e-05,0.028,31.4
16175,6.575e-05,0.028,31.4
16176,6.5752e-05,0.028,31.4
16177,6.575400000000001e-05,0.028,31.4
16178,6.5756e-05,0.028,31.4
16179,6.5758e-05,0.028,31.4
16180,6.576e-05,0.028,31.4
16181,6.5762e-05,0.028,31.4
16182,6.5764e-05,0.028,31.4
16183,6.576600000000001e-05,0.028,31.4
16184,6.5768e-05,0.028,31.4
16185,6.577e-05,0.028,31.4
16186,6.577199999999999e-05,0.028,31.4
16187,6.5774e-05,0.028,31.4
16188,6.5776e-05,0.028,31.4
16189,6.5778e-05,0.028,31.4
16190,6.578000000000001e-05,0.028,31.4
16191,6.5782e-05,0.028,31.4
16192,6.578399999999999e-05,0.028,31.4
16193,6.5786e-05,0.028,31.4
16194,6.5788e-05,0.028,31.4
16195,6.579e-05,0.028,31.4
16196,6.579200000000001e-05,0.028,31.4
16197,6.5794e-05,0.028,31.4
16198,6.579599999999999e-05,0.028,31.4
16199,6.5798e-05,0.028,31.4
16200,6.58e-05,0.028,31.4
16201,6.5802e-05,0.028,31.4
16202,6.580400000000001e-05,0.028,31.4
16203,6.5806e-05,0.028,31.4
16204,6.580799999999999e-05,0.028,31.4
16205,6.581e-05,0.028,31.4
16206,6.5812e-05,0.028,31.4
16207,6.5814e-05,0.028,31.4
16208,6.581600000000001e-05,0.028,31.4
16209,6.5818e-05,0.028,31.4
16210,6.582e-05,0.028,31.4
16211,6.5822e-05,0.028,31.4
16212,6.5824e-05,0.028,31.4
16213,6.5826e-05,0.028,31.4
16214,6.582800000000001e-05,0.028,31.4
16215,6.583e-05,0.028,31.4
16216,6.5832e-05,0.028,31.4
16217,6.5834e-05,0.028,31.4
16218,6.5836e-05,0.028,31.4
16219,6.5838e-05,0.028,31.4
16220,6.584e-05,0.028,31.4
16221,6.5842e-05,0.028,31.4
16222,6.5844e-05,0.028,31.4
16223,6.584599999999999e-05,0.028,31.4
16224,6.5848e-05,0.028,31.4
16225,6.585e-05,0.028,31.4
16226,6.5852e-05,0.028,31.4
16227,6.585400000000001e-05,0.028,31.4
16228,6.5856e-05,0.028,31.4
16229,6.585799999999999e-05,0.028,31.4
16230,6.586e-05,0.028,31.4
16231,6.5862e-05,0.028,31.4
16232,6.5864e-05,0.028,31.4
16233,6.586600000000001e-05,0.028,31.4
16234,6.5868e-05,0.028,31.4
16235,6.586999999999999e-05,0.028,31.4
16236,6.5872e-05,0.028,31.4
16237,6.5874e-05,0.028,31.4
16238,6.5876e-05,0.028,31.4
16239,6.587800000000001e-05,0.028,31.4
16240,6.588e-05,0.028,31.4
16241,6.5882e-05,0.028,31.4
16242,6.5884e-05,0.028,31.4
16243,6.5886e-05,0.028,31.4
16244,6.5888e-05,0.028,31.4
16245,6.589000000000001e-05,0.028,31.4
16246,6.5892e-05,0.028,31.4
16247,6.5894e-05,0.028,31.4
16248,6.5896e-05,0.028,31.4
16249,6.5898e-05,0.028,31.4
16250,6.59e-05,0.028,31.4
16251,6.590200000000001e-05,0.028,31.4
16252,6.5904e-05,0.028,31.4
16253,6.5906e-05,0.028,31.4
16254,6.590799999999999e-05,0.028,31.4
16255,6.591e-05,0.028,31.4
16256,6.5912e-05,0.028,31.4
16257,6.5914e-05,0.028,31.4
16258,6.591600000000001e-05,0.028,31.4
16259,6.5918e-05,0.028,31.4
16260,6.591999999999999e-05,0.028,31.4
16261,6.5922e-05,0.028,31.4
16262,6.5924e-05,0.028,31.4
16263,6.5926e-05,0.028,31.4
16264,6.592800000000001e-05,0.028,31.4
16265,6.593e-05,0.028,31.4
16266,6.593199999999999e-05,0.028,31.4
16267,6.5934e-05,0.028,31.4
16268,6.5936e-05,0.028,31.4
16269,6.5938e-05,0.028,31.4
16270,6.594000000000001e-05,0.028,31.4
16271,6.5942e-05,0.028,31.4
16272,6.594399999999999e-05,0.028,31.4
16273,6.5946e-05,0.028,31.4
16274,6.5948e-05,0.028,31.4
16275,6.595e-05,0.028,31.4
16276,6.595200000000001e-05,0.028,31.4
16277,6.5954e-05,0.028,31.4
16278,6.5956e-05,0.028,31.4
16279,6.5958e-05,0.028,31.4
16280,6.596e-05,0.028,31.4
16281,6.5962e-05,0.028,31.4
16282,6.596400000000001e-05,0.028,31.4
16283,6.5966e-05,0.028,31.4
16284,6.5968e-05,0.028,31.4
16285,6.597e-05,0.028,31.4
16286,6.5972e-05,0.028,31.4
16287,6.5974e-05,0.028,31.4
16288,6.5976e-05,0.028,31.4
16289,6.5978e-05,0.028,31.4
16290,6.598e-05,0.028,31.4
16291,6.598199999999999e-05,0.028,31.4
16292,6.5984e-05,0.028,31.4
16293,6.5986e-05,0.028,31.4
16294,6.5988e-05,0.028,31.4
16295,6.599000000000001e-05,0.028,31.4
16296,6.5992e-05,0.028,31.4
16297,6.599399999999999e-05,0.028,31.4
16298,6.5996e-05,0.028,31.4
16299,6.5998e-05,0.028,31.4
16300,6.6e-05,0.028,31.4
16301,6.600200000000001e-05,0.028,31.4
16302,6.6004e-05,0.028,31.4
16303,6.600599999999999e-05,0.028,31.4
16304,6.6008e-05,0.028,31.4
16305,6.601e-05,0.028,31.4
16306,6.6012e-05,0.028,31.4
16307,6.601400000000001e-05,0.028,31.4
16308,6.6016e-05,0.028,31.4
16309,6.6018e-05,0.028,31.4
16310,6.602e-05,0.028,31.4
16311,6.6022e-05,0.028,31.4
16312,6.6024e-05,0.028,31.4
16313,6.602600000000001e-05,0.028,31.4
16314,6.6028e-05,0.028,31.4
16315,6.603e-05,0.028,31.4
16316,6.6032e-05,0.028,31.4
16317,6.6034e-05,0.028,31.4
16318,6.6036e-05,0.028,31.4
16319,6.603800000000001e-05,0.028,31.4
16320,6.604e-05,0.028,31.4
16321,6.6042e-05,0.028,31.4
16322,6.604399999999999e-05,0.028,31.4
16323,6.6046e-05,0.028,31.4
16324,6.6048e-05,0.028,31.4
16325,6.605e-05,0.028,31.4
16326,6.605200000000001e-05,0.028,31.4
16327,6.6054e-05,0.028,31.4
16328,6.605599999999999e-05,0.028,31.4
16329,6.6058e-05,0.028,31.4
16330,6.606e-05,0.028,31.4
16331,6.6062e-05,0.028,31.4
16332,6.606400000000001e-05,0.028,31.4
16333,6.6066e-05,0.028,31.4
16334,6.606799999999999e-05,0.028,31.4
16335,6.607e-05,0.028,31.4
16336,6.6072e-05,0.028,31.4
16337,6.6074e-05,0.028,31.4
16338,6.607600000000001e-05,0.028,31.4
16339,6.6078e-05,0.028,31.4
16340,6.607999999999999e-05,0.028,31.4
16341,6.6082e-05,0.028,31.4
16342,6.6084e-05,0.028,31.4
16343,6.6086e-05,0.028,31.4
16344,6.608800000000001e-05,0.028,31.4
16345,6.609e-05,0.028,31.4
16346,6.6092e-05,0.028,31.4
16347,6.6094e-05,0.028,31.4
16348,6.6096e-05,0.028,31.4
16349,6.6098e-05,0.028,31.4
16350,6.610000000000001e-05,0.028,31.4
16351,6.6102e-05,0.028,31.4
16352,6.6104e-05,0.028,31.4
16353,6.6106e-05,0.028,31.4
16354,6.6108e-05,0.028,31.4
16355,6.611e-05,0.028,31.4
16356,6.6112e-05,0.028,31.4
16357,6.6114e-05,0.028,31.4
16358,6.6116e-05,0.028,31.4
16359,6.611799999999999e-05,0.028,31.4
16360,6.612e-05,0.028,31.4
16361,6.6122e-05,0.028,31.4
16362,6.6124e-05,0.028,31.4
16363,6.612600000000001e-05,0.028,31.4
16364,6.6128e-05,0.028,31.4
16365,6.612999999999999e-05,0.028,31.4
16366,6.6132e-05,0.028,31.4
16367,6.6134e-05,0.028,31.4
16368,6.6136e-05,0.028,31.4
16369,6.613800000000001e-05,0.028,31.4
16370,6.614e-05,0.028,31.4
16371,6.614199999999999e-05,0.028,31.4
16372,6.6144e-05,0.028,31.4
16373,6.6146e-05,0.028,31.4
16374,6.6148e-05,0.028,31.4
16375,6.615000000000001e-05,0.028,31.4
16376,6.6152e-05,0.028,31.4
16377,6.6154e-05,0.028,31.4
16378,6.6156e-05,0.028,31.4
16379,6.6158e-05,0.028,31.4
16380,6.616e-05,0.028,31.4
16381,6.616200000000001e-05,0.028,31.4
16382,6.6164e-05,0.028,31.4
16383,6.6166e-05,0.028,31.4
16384,6.6168e-05,0.028,31.4
16385,6.617e-05,0.028,31.4
16386,6.6172e-05,0.028,31.4
16387,6.617400000000001e-05,0.028,31.4
16388,6.6176e-05,0.028,31.4
16389,6.6178e-05,0.028,31.4
16390,6.617999999999999e-05,0.028,31.4
16391,6.6182e-05,0.028,31.4
16392,6.6184e-05,0.028,31.4
16393,6.6186e-05,0.028,31.4
16394,6.618800000000001e-05,0.028,31.4
16395,6.619e-05,0.028,31.4
16396,6.619199999999999e-05,0.028,31.4
16397,6.6194e-05,0.028,31.4
16398,6.6196e-05,0.028,31.4
16399,6.6198e-05,0.028,31.4
16400,6.620000000000001e-05,0.028,31.4
16401,6.6202e-05,0.028,31.4
16402,6.620399999999999e-05,0.028,31.4
16403,6.6206e-05,0.028,31.4
16404,6.6208e-05,0.028,31.4
16405,6.621e-05,0.028,31.4
16406,6.621200000000001e-05,0.028,31.4
16407,6.6214e-05,0.028,31.4
16408,6.621599999999999e-05,0.028,31.4
16409,6.6218e-05,0.028,31.4
16410,6.622e-05,0.028,31.4
16411,6.6222e-05,0.028,31.4
16412,6.622400000000001e-05,0.028,31.4
16413,6.6226e-05,0.028,31.4
16414,6.6228e-05,0.028,31.4
16415,6.623e-05,0.028,31.4
16416,6.6232e-05,0.028,31.4
16417,6.6234e-05,0.028,31.4
16418,6.623600000000001e-05,0.028,31.4
16419,6.6238e-05,0.028,31.4
16420,6.624e-05,0.028,31.4
16421,6.6242e-05,0.028,31.4
16422,6.6244e-05,0.028,31.4
16423,6.6246e-05,0.028,31.4
16424,6.6248e-05,0.028,31.4
16425,6.625e-05,0.028,31.4
16426,6.6252e-05,0.028,31.4
16427,6.625399999999999e-05,0.028,31.4
16428,6.6256e-05,0.028,31.4
16429,6.6258e-05,0.028,31.4
16430,6.626e-05,0.028,31.4
16431,6.626200000000001e-05,0.028,31.4
16432,6.6264e-05,0.028,31.4
16433,6.626599999999999e-05,0.028,31.4
16434,6.6268e-05,0.028,31.4
16435,6.627e-05,0.028,31.4
16436,6.6272e-05,0.028,31.4
16437,6.627400000000001e-05,0.028,31.4
16438,6.6276e-05,0.028,31.4
16439,6.627799999999999e-05,0.028,31.4
16440,6.628e-05,0.028,31.4
16441,6.6282e-05,0.028,31.4
16442,6.6284e-05,0.028,31.4
16443,6.628600000000001e-05,0.028,31.4
16444,6.6288e-05,0.028,31.4
16445,6.629e-05,0.028,31.4
16446,6.6292e-05,0.028,31.4
16447,6.6294e-05,0.028,31.4
16448,6.6296e-05,0.028,31.4
16449,6.629800000000001e-05,0.028,31.4
16450,6.63e-05,0.036,31.4
16451,6.6302e-05,0.028,31.4
16452,6.6304e-05,0.028,31.4
16453,6.6306e-05,0.028,31.4
16454,6.6308e-05,0.028,31.4
16455,6.631000000000001e-05,0.028,31.4
16456,6.6312e-05,0.028,31.4
16457,6.6314e-05,0.028,31.4
16458,6.6316e-05,0.028,31.4
16459,6.6318e-05,0.028,31.4
16460,6.632e-05,0.028,31.4
16461,6.6322e-05,0.028,31.4
16462,6.632400000000001e-05,0.028,31.4
16463,6.6326e-05,0.028,31.4
16464,6.632799999999999e-05,0.028,31.4
16465,6.633e-05,0.028,31.4
16466,6.6332e-05,0.028,31.4
16467,6.6334e-05,0.028,31.4
16468,6.633600000000001e-05,0.028,31.4
16469,6.6338e-05,0.028,31.4
16470,6.633999999999999e-05,0.028,31.4
16471,6.6342e-05,0.028,31.4
16472,6.6344e-05,0.028,31.4
16473,6.6346e-05,0.028,31.4
16474,6.634800000000001e-05,0.028,31.4
16475,6.635e-05,0.028,31.4
16476,6.635199999999999e-05,0.028,31.4
16477,6.6354e-05,0.028,31.4
16478,6.6356e-05,0.028,31.4
16479,6.6358e-05,0.028,31.4
16480,6.636000000000001e-05,0.028,31.4
16481,6.6362e-05,0.028,31.4
16482,6.6364e-05,0.036,31.4
16483,6.6366e-05,0.028,31.4
16484,6.6368e-05,0.028,31.4
16485,6.637e-05,0.028,31.4
16486,6.637200000000001e-05,0.028,31.4
16487,6.6374e-05,0.028,31.4
16488,6.6376e-05,0.028,31.4
16489,6.6378e-05,0.028,31.4
16490,6.638e-05,0.028,31.4
16491,6.6382e-05,0.028,31.4
16492,6.638400000000001e-05,0.028,31.4
16493,6.6386e-05,0.028,31.4
16494,6.6388e-05,0.028,31.4
16495,6.638999999999999e-05,0.028,31.4
16496,6.6392e-05,0.028,31.4
16497,6.6394e-05,0.028,31.4
16498,6.6396e-05,0.028,31.4
16499,6.639800000000001e-05,0.028,31.4
16500,6.64e-05,0.028,31.4
16501,6.640199999999999e-05,0.028,31.4
16502,6.6404e-05,0.028,31.4
16503,6.6406e-05,0.028,31.4
16504,6.6408e-05,0.028,31.4
16505,6.641000000000001e-05,0.028,31.4
16506,6.6412e-05,0.028,31.4
16507,6.641399999999999e-05,0.028,31.4
16508,6.6416e-05,0.028,31.4
16509,6.6418e-05,0.028,31.4
16510,6.642e-05,0.028,31.4
16511,6.642200000000001e-05,0.028,31.4
16512,6.6424e-05,0.028,31.4
16513,6.6426e-05,0.028,31.4
16514,6.6428e-05,0.028,31.4
16515,6.643e-05,0.028,31.4
16516,6.6432e-05,0.028,31.4
16517,6.643400000000001e-05,0.028,31.4
16518,6.6436e-05,0.028,31.4
16519,6.6438e-05,0.028,31.4
16520,6.644e-05,0.028,31.4
16521,6.6442e-05,0.028,31.4
16522,6.6444e-05,0.028,31.4
16523,6.644600000000001e-05,0.028,31.4
16524,6.6448e-05,0.028,31.4
16525,6.645e-05,0.028,31.4
16526,6.6452e-05,0.028,31.4
16527,6.6454e-05,0.028,31.4
16528,6.6456e-05,0.028,31.4
16529,6.6458e-05,0.028,31.4
16530,6.646000000000001e-05,0.028,31.4
16531,6.6462e-05,0.028,31.4
16532,6.646399999999999e-05,0.028,31.4
16533,6.6466e-05,0.028,31.4
16534,6.6468e-05,0.028,31.4
16535,6.647e-05,0.028,31.4
16536,6.647200000000001e-05,0.028,31.4
16537,6.6474e-05,0.028,31.4
16538,6.647599999999999e-05,0.028,31.4
16539,6.6478e-05,0.028,31.4
16540,6.648e-05,0.028,31.4
16541,6.6482e-05,0.028,31.4
16542,6.648400000000001e-05,0.028,31.4
16543,6.6486e-05,0.028,31.4
16544,6.648799999999999e-05,0.028,31.4
16545,6.649e-05,0.028,31.4
16546,6.6492e-05,0.028,31.4
16547,6.6494e-05,0.028,31.4
16548,6.649600000000001e-05,0.028,31.4
16549,6.6498e-05,0.028,31.4
16550,6.65e-05,0.028,31.4
16551,6.6502e-05,0.028,31.4
16552,6.6504e-05,0.036,31.4
16553,6.6506e-05,0.028,31.4
16554,6.650800000000001e-05,0.028,31.4
16555,6.651e-05,0.028,31.4
16556,6.6512e-05,0.028,31.4
16557,6.6514e-05,0.028,31.4
16558,6.6516e-05,0.028,31.4
16559,6.6518e-05,0.028,31.4
16560,6.652000000000001e-05,0.028,31.4
16561,6.6522e-05,0.028,31.4
16562,6.6524e-05,0.036,31.4
16563,6.652599999999999e-05,0.028,31.4
16564,6.6528e-05,0.036,31.4
16565,6.653e-05,0.028,31.4
16566,6.6532e-05,0.028,31.4
16567,6.653400000000001e-05,0.028,31.4
16568,6.6536e-05,0.028,31.4
16569,6.653799999999999e-05,0.028,31.4
16570,6.654e-05,0.036,31.4
16571,6.6542e-05,0.028,31.4
16572,6.6544e-05,0.028,31.4
16573,6.654600000000001e-05,0.028,31.4
16574,6.6548e-05,0.028,31.4
16575,6.654999999999999e-05,0.028,31.4
16576,6.6552e-05,0.028,31.4
16577,6.6554e-05,0.036,31.0
16578,6.6556e-05,0.028,31.4
16579,6.655800000000001e-05,0.028,31.4
16580,6.656e-05,0.028,31.4
16581,6.6562e-05,0.028,31.4
16582,6.6564e-05,0.028,31.4
16583,6.6566e-05,0.028,31.4
16584,6.6568e-05,0.028,31.4
16585,6.657000000000001e-05,0.028,31.4
16586,6.6572e-05,0.028,31.4
16587,6.6574e-05,0.028,31.4
16588,6.6576e-05,0.028,31.4
16589,6.6578e-05,0.028,31.4
16590,6.658e-05,0.028,31.4
16591,6.658200000000001e-05,0.028,31.4
16592,6.6584e-05,0.028,31.4
16593,6.6586e-05,0.028,31.0
16594,6.6588e-05,0.036,31.4
16595,6.659e-05,0.028,31.4
16596,6.6592e-05,0.028,31.4
16597,6.6594e-05,0.028,31.4
16598,6.659600000000001e-05,0.036,31.4
16599,6.6598e-05,0.028,31.4
16600,6.659999999999999e-05,0.028,31.4
16601,6.6602e-05,0.028,31.4
16602,6.6604e-05,0.028,31.4
16603,6.6606e-05,0.028,31.4
16604,6.660800000000001e-05,0.028,31.4
16605,6.661e-05,0.028,31.4
16606,6.661199999999999e-05,0.028,31.4
16607,6.6614e-05,0.028,31.4
16608,6.6616e-05,0.028,31.4
16609,6.6618e-05,0.028,31.4
16610,6.662000000000001e-05,0.028,31.4
16611,6.6622e-05,0.028,31.4
16612,6.662399999999999e-05,0.028,31.4
16613,6.6626e-05,0.036,31.4
16614,6.6628e-05,0.028,31.4
16615,6.663e-05,0.028,31.4
16616,6.663200000000001e-05,0.028,31.4
16617,6.6634e-05,0.028,31.4
16618,6.6636e-05,0.036,31.4
16619,6.6638e-05,0.028,31.4
16620,6.664e-05,0.028,31.4
16621,6.6642e-05,0.028,31.4
16622,6.664400000000001e-05,0.028,31.4
16623,6.6646e-05,0.028,31.4
16624,6.6648e-05,0.028,31.4
16625,6.665e-05,0.028,31.4
16626,6.6652e-05,0.036,31.4
16627,6.6654e-05,0.028,31.4
16628,6.665600000000001e-05,0.028,31.4
16629,6.6658e-05,0.028,31.4
16630,6.666e-05,0.036,31.4
16631,6.666199999999999e-05,0.028,31.4
16632,6.6664e-05,0.028,31.4
16633,6.6666e-05,0.028,31.4
16634,6.6668e-05,0.036,31.4
16635,6.667000000000001e-05,0.028,31.4
16636,6.6672e-05,0.028,31.4
16637,6.667399999999999e-05,0.028,31.4
16638,6.6676e-05,0.028,31.4
16639,6.6678e-05,0.028,31.4
16640,6.668e-05,0.028,31.4
16641,6.668200000000001e-05,0.028,31.4
16642,6.6684e-05,0.028,31.4
16643,6.668599999999999e-05,0.028,31.4
16644,6.6688e-05,0.028,31.4
16645,6.669e-05,0.028,31.4
16646,6.6692e-05,0.036,31.4
16647,6.669400000000001e-05,0.028,31.4
16648,6.6696e-05,0.028,31.4
16649,6.6698e-05,0.028,31.4
16650,6.67e-05,0.036,31.4
16651,6.6702e-05,0.028,31.4
16652,6.6704e-05,0.028,31.4
16653,6.670600000000001e-05,0.028,31.4
16654,6.6708e-05,0.036,31.4
16655,6.671e-05,0.028,31.4
16656,6.6712e-05,0.036,31.4
16657,6.6714e-05,0.028,31.4
16658,6.6716e-05,0.036,31.4
16659,6.671800000000001e-05,0.028,31.4
16660,6.672e-05,0.036,31.4
16661,6.6722e-05,0.036,31.4
16662,6.6724e-05,0.036,31.4
16663,6.6726e-05,0.028,31.4
16664,6.6728e-05,0.036,31.4
16665,6.673e-05,0.028,31.4
16666,6.673200000000001e-05,0.036,31.4
16667,6.6734e-05,0.028,31.4
16668,6.673599999999999e-05,0.028,31.4
16669,6.6738e-05,0.028,31.4
16670,6.674e-05,0.036,31.4
16671,6.6742e-05,0.028,31.4
16672,6.674400000000001e-05,0.028,31.4
16673,6.6746e-05,0.028,31.4
16674,6.674799999999999e-05,0.036,31.4
16675,6.675e-05,0.028,31.4
16676,6.6752e-05,0.028,31.4
16677,6.6754e-05,0.036,31.4
16678,6.675600000000001e-05,0.036,31.4
16679,6.6758e-05,0.028,31.4
16680,6.675999999999999e-05,0.036,31.4
16681,6.6762e-05,0.028,31.4
16682,6.6764e-05,0.036,31.4
16683,6.6766e-05,0.028,31.4
16684,6.676800000000001e-05,0.036,31.4
16685,6.677e-05,0.028,31.4
16686,6.6772e-05,0.036,31.4
16687,6.6774e-05,0.028,31.4
16688,6.6776e-05,0.028,31.4
16689,6.6778e-05,0.028,31.0
16690,6.678000000000001e-05,0.028,31.4
16691,6.6782e-05,0.028,31.4
16692,6.6784e-05,0.028,31.4
16693,6.6786e-05,0.028,31.4
16694,6.6788e-05,0.036,31.4
16695,6.679e-05,0.028,31.4
16696,6.679200000000001e-05,0.028,31.4
16697,6.6794e-05,0.028,31.4
16698,6.6796e-05,0.036,31.4
16699,6.679799999999999e-05,0.036,31.4
16700,6.68e-05,0.028,31.4
16701,6.6802e-05,0.028,31.4
16702,6.6804e-05,0.028,31.4
16703,6.680600000000001e-05,0.028,31.4
16704,6.6808e-05,0.028,31.4
16705,6.680999999999999e-05,0.028,31.4
16706,6.6812e-05,0.036,31.4
16707,6.6814e-05,0.036,31.4
16708,6.6816e-05,0.028,31.4
16709,6.681800000000001e-05,0.028,31.4
16710,6.682e-05,0.036,31.4
16711,6.682199999999999e-05,0.028,31.4
16712,6.6824e-05,0.028,31.4
16713,6.6826e-05,0.028,31.4
16714,6.6828e-05,0.036,31.0
16715,6.683000000000001e-05,0.028,31.4
16716,6.6832e-05,0.036,31.4
16717,6.683399999999999e-05,0.036,31.4
16718,6.6836e-05,0.036,31.4
16719,6.6838e-05,0.036,31.4
16720,6.684e-05,0.036,31.4
16721,6.684200000000001e-05,0.028,31.4
16722,6.6844e-05,0.036,31.4
16723,6.6846e-05,0.028,31.4
16724,6.6848e-05,0.036,31.4
16725,6.685e-05,0.028,31.4
16726,6.6852e-05,0.036,31.4
16727,6.685400000000001e-05,0.028,31.4
16728,6.6856e-05,0.028,31.4
16729,6.6858e-05,0.028,31.0
16730,6.686e-05,0.036,31.4
16731,6.6862e-05,0.028,31.4
16732,6.6864e-05,0.028,31.4
16733,6.6866e-05,0.028,31.4
16734,6.6868e-05,0.036,31.4
16735,6.687e-05,0.028,31.4
16736,6.687199999999999e-05,0.036,31.0
16737,6.6874e-05,0.028,31.4
16738,6.6876e-05,0.036,31.0
16739,6.6878e-05,0.028,31.4
16740,6.688000000000001e-05,0.028,31.4
16741,6.6882e-05,0.036,31.4
16742,6.688399999999999e-05,0.036,31.4
16743,6.6886e-05,0.028,31.4
16744,6.6888e-05,0.036,31.4
16745,6.689e-05,0.036,31.4
16746,6.689200000000001e-05,0.036,31.4
16747,6.6894e-05,0.028,31.4
16748,6.689599999999999e-05,0.036,31.4
16749,6.6898e-05,0.028,31.4
16750,6.69e-05,0.028,31.4
16751,6.6902e-05,0.036,31.4
16752,6.690400000000001e-05,0.028,31.4
16753,6.6906e-05,0.028,31.4
16754,6.6908e-05,0.036,31.4
16755,6.691e-05,0.028,31.4
16756,6.6912e-05,0.036,31.0
16757,6.6914e-05,0.028,31.4
16758,6.691600000000001e-05,0.036,31.4
16759,6.6918e-05,0.028,31.4
16760,6.692e-05,0.028,31.4
16761,6.6922e-05,0.028,31.4
16762,6.6924e-05,0.036,31.4
16763,6.6926e-05,0.028,31.4
16764,6.692800000000001e-05,0.028,31.4
16765,6.693e-05,0.028,31.4
16766,6.6932e-05,0.036,31.0
16767,6.693399999999999e-05,0.028,31.4
16768,6.6936e-05,0.028,31.4
16769,6.6938e-05,0.028,31.0
16770,6.694e-05,0.036,31.4
16771,6.694200000000001e-05,0.028,31.4
16772,6.6944e-05,0.036,31.4
16773,6.694599999999999e-05,0.028,31.4
16774,6.6948e-05,0.036,31.4
16775,6.695e-05,0.036,31.4
16776,6.6952e-05,0.028,31.4
16777,6.695400000000001e-05,0.036,31.0
16778,6.6956e-05,0.036,31.4
16779,6.695799999999999e-05,0.028,31.4
16780,6.696e-05,0.036,31.4
16781,6.6962e-05,0.028,31.4
16782,6.6964e-05,0.036,31.4
16783,6.696600000000001e-05,0.036,31.4
16784,6.6968e-05,0.028,31.4
16785,6.696999999999999e-05,0.028,31.4
16786,6.6972e-05,0.036,31.4
16787,6.6974e-05,0.028,31.4
16788,6.6976e-05,0.028,31.4
16789,6.697800000000001e-05,0.028,31.4
16790,6.698e-05,0.036,31.4
16791,6.6982e-05,0.028,31.4
16792,6.6984e-05,0.028,31.4
16793,6.6986e-05,0.036,31.0
16794,6.6988e-05,0.036,31.4
16795,6.699000000000001e-05,0.028,31.4
16796,6.6992e-05,0.036,31.4
16797,6.6994e-05,0.028,31.4
16798,6.6996e-05,0.036,31.4
16799,6.6998e-05,0.036,31.0
16800,6.7e-05,0.036,31.4
16801,6.7002e-05,0.028,31.4
16802,6.7004e-05,0.036,31.4
16803,6.7006e-05,0.028,31.4
16804,6.700799999999999e-05,0.036,31.0
16805,6.701e-05,0.028,31.4
16806,6.7012e-05,0.036,31.4
16807,6.7014e-05,0.028,31.4
16808,6.701600000000001e-05,0.028,31.4
16809,6.7018e-05,0.036,31.0
16810,6.701999999999999e-05,0.036,31.4
16811,6.7022e-05,0.028,31.4
16812,6.7024e-05,0.036,31.4
16813,6.7026e-05,0.028,31.4
16814,6.702800000000001e-05,0.036,31.4
16815,6.703e-05,0.036,31.0
16816,6.703199999999999e-05,0.028,31.4
16817,6.7034e-05,0.036,31.4
16818,6.7036e-05,0.036,31.4
16819,6.7038e-05,0.028,31.4
16820,6.704000000000001e-05,0.036,31.4
16821,6.7042e-05,0.036,31.4
16822,6.7044e-05,0.036,31.4
16823,6.7046e-05,0.036,31.0
16824,6.7048e-05,0.036,31.4
16825,6.705e-05,0.028,31.4
16826,6.705200000000001e-05,0.036,31.4
16827,6.7054e-05,0.028,31.4
16828,6.7056e-05,0.028,31.4
16829,6.7058e-05,0.028,31.4
16830,6.706e-05,0.036,31.4
16831,6.7062e-05,0.028,31.4
16832,6.706400000000001e-05,0.036,31.4
16833,6.7066e-05,0.036,31.4
16834,6.7068e-05,0.036,31.4
16835,6.706999999999999e-05,0.028,31.4
16836,6.7072e-05,0.028,31.0
16837,6.7074e-05,0.028,31.4
16838,6.7076e-05,0.036,31.4
16839,6.707800000000001e-05,0.028,31.0
16840,6.708e-05,0.028,31.4
16841,6.708199999999999e-05,0.036,31.4
16842,6.7084e-05,0.036,31.4
16843,6.7086e-05,0.036,31.4
16844,6.7088e-05,0.028,31.0
16845,6.709000000000001e-05,0.036,31.4
16846,6.7092e-05,0.036,31.4
16847,6.709399999999999e-05,0.028,31.4
16848,6.7096e-05,0.036,31.0
16849,6.7098e-05,0.036,31.4
16850,6.71e-05,0.036,31.4
16851,6.710200000000001e-05,0.036,31.4
16852,6.7104e-05,0.036,31.4
16853,6.710599999999999e-05,0.036,31.4
16854,6.7108e-05,0.036,31.4
16855,6.711e-05,0.028,31.4
16856,6.7112e-05,0.036,31.0
16857,6.711400000000001e-05,0.036,31.0
16858,6.7116e-05,0.036,31.4
16859,6.7118e-05,0.036,31.4
16860,6.712e-05,0.028,31.4
16861,6.7122e-05,0.028,31.4
16862,6.7124e-05,0.036,31.0
16863,6.712600000000001e-05,0.028,31.4
16864,6.7128e-05,0.036,31.0
16865,6.713e-05,0.028,31.0
16866,6.7132e-05,0.036,31.4
16867,6.7134e-05,0.028,31.4
16868,6.7136e-05,0.036,31.4
16869,6.7138e-05,0.028,31.0
16870,6.714e-05,0.036,31.4
16871,6.7142e-05,0.036,31.0
16872,6.714399999999999e-05,0.036,31.0
16873,6.7146e-05,0.036,31.0
16874,6.7148e-05,0.036,31.4
16875,6.715e-05,0.028,31.4
16876,6.715200000000001e-05,0.028,31.0
16877,6.7154e-05,0.036,31.4
16878,6.715599999999999e-05,0.028,31.4
16879,6.7158e-05,0.036,31.4
16880,6.716e-05,0.028,31.4
16881,6.7162e-05,0.036,31.0
16882,6.716400000000001e-05,0.036,31.4
16883,6.7166e-05,0.028,31.0
16884,6.716799999999999e-05,0.036,31.4
16885,6.717e-05,0.036,31.4
16886,6.7172e-05,0.036,31.0
16887,6.7174e-05,0.036,31.0
16888,6.717600000000001e-05,0.036,31.0
16889,6.7178e-05,0.028,31.0
16890,6.718e-05,0.036,31.4
16891,6.7182e-05,0.028,31.4
16892,6.7184e-05,0.036,31.0
16893,6.7186e-05,0.036,31.4
16894,6.718800000000001e-05,0.028,31.4
16895,6.719e-05,0.028,31.4
16896,6.7192e-05,0.036,31.0
16897,6.7194e-05,0.028,31.0
16898,6.7196e-05,0.036,31.4
16899,6.7198e-05,0.028,31.4
16900,6.720000000000001e-05,0.036,31.4
16901,6.7202e-05,0.028,31.0
16902,6.7204e-05,0.036,31.4
16903,6.720599999999999e-05,0.028,31.4
16904,6.7208e-05,0.036,31.0
16905,6.721e-05,0.036,31.0
16906,6.7212e-05,0.036,31.4
16907,6.721400000000001e-05,0.028,31.4
16908,6.7216e-05,0.028,31.4
16909,6.721799999999999e-05,0.036,31.0
16910,6.722e-05,0.036,31.0
16911,6.7222e-05,0.036,31.4
16912,6.7224e-05,0.036,31.4
16913,6.722600000000001e-05,0.028,31.4
16914,6.7228e-05,0.036,31.0
16915,6.722999999999999e-05,0.028,31.4
16916,6.7232e-05,0.036,31.0
16917,6.7234e-05,0.028,31.4
16918,6.7236e-05,0.036,31.4
16919,6.723800000000001e-05,0.028,31.4
16920,6.724e-05,0.036,31.0
16921,6.724199999999999e-05,0.036,31.0
16922,6.7244e-05,0.036,31.4
16923,6.7246e-05,0.036,31.4
16924,6.7248e-05,0.036,31.0
16925,6.725000000000001e-05,0.036,31.4
16926,6.7252e-05,0.036,31.4
16927,6.7254e-05,0.028,31.4
16928,6.7256e-05,0.036,31.0
16929,6.7258e-05,0.028,31.0
16930,6.726e-05,0.036,31.4
16931,6.726200000000001e-05,0.036,31.4
16932,6.7264e-05,0.028,31.0
16933,6.7266e-05,0.028,31.4
16934,6.7268e-05,0.036,31.0
16935,6.727e-05,0.036,31.0
16936,6.7272e-05,0.028,31.0
16937,6.7274e-05,0.036,31.0
16938,6.7276e-05,0.036,31.4
16939,6.7278e-05,0.028,31.4
16940,6.727999999999999e-05,0.036,31.0
16941,6.7282e-05,0.036,31.4
16942,6.7284e-05,0.036,31.0
16943,6.7286e-05,0.036,31.0
16944,6.728800000000001e-05,0.036,31.0
16945,6.729e-05,0.028,31.0
16946,6.729199999999999e-05,0.036,31.0
16947,6.7294e-05,0.036,31.4
16948,6.7296e-05,0.036,31.0
16949,6.7298e-05,0.036,31.0
16950,6.730000000000001e-05,0.036,31.0
16951,6.7302e-05,0.036,31.0
16952,6.730399999999999e-05,0.028,31.0
16953,6.7306e-05,0.036,31.0
16954,6.7308e-05,0.036,31.4
16955,6.731e-05,0.028,31.4
16956,6.731200000000001e-05,0.036,31.0
16957,6.7314e-05,0.036,31.0
16958,6.7316e-05,0.036,31.0
16959,6.7318e-05,0.036,31.0
16960,6.732e-05,0.036,31.4
16961,6.7322e-05,0.036,31.0
16962,6.732400000000001e-05,0.036,31.4
16963,6.7326e-05,0.036,31.4
16964,6.7328e-05,0.036,31.0
16965,6.733e-05,0.028,31.4
16966,6.7332e-05,0.036,31.0
16967,6.7334e-05,0.028,31.4
16968,6.733600000000001e-05,0.028,31.4
16969,6.7338e-05,0.036,31.0
16970,6.734e-05,0.036,31.0
16971,6.7342e-05,0.036,31.0
16972,6.7344e-05,0.036,31.0
16973,6.7346e-05,0.036,31.4
16974,6.7348e-05,0.036,31.4
16975,6.735000000000001e-05,0.036,31.4
16976,6.7352e-05,0.036,31.0
16977,6.735399999999999e-05,0.036,31.0
16978,6.7356e-05,0.036,31.4
16979,6.7358e-05,0.036,31.0
16980,6.736e-05,0.036,31.4
16981,6.736200000000001e-05,0.028,31.4
16982,6.7364e-05,0.036,31.0
16983,6.736599999999999e-05,0.036,31.0
16984,6.7368e-05,0.036,31.0
16985,6.737e-05,0.036,31.4
16986,6.7372e-05,0.036,31.4
16987,6.737400000000001e-05,0.036,31.4
16988,6.7376e-05,0.036,31.0
16989,6.737799999999999e-05,0.036,31.0
16990,6.738e-05,0.036,31.0
16991,6.7382e-05,0.028,31.0
16992,6.7384e-05,0.036,31.0
16993,6.738600000000001e-05,0.028,31.0
16994,6.7388e-05,0.036,31.0
16995,6.739e-05,0.028,31.4
16996,6.7392e-05,0.036,31.0
16997,6.7394e-05,0.036,31.0
16998,6.7396e-05,0.036,31.0
16999,6.739800000000001e-05,0.036,31.0
17000,6.74e-05,0.036,31.0
17001,6.7402e-05,0.036,31.0
17002,6.7404e-05,0.036,31.0
17003,6.7406e-05,0.036,31.4
17004,6.7408e-05,0.036,31.4
17005,6.741000000000001e-05,0.036,31.4
17006,6.7412e-05,0.036,31.4
17007,6.7414e-05,0.028,31.0
17008,6.741599999999999e-05,0.036,31.4
17009,6.7418e-05,0.028,31.0
17010,6.742e-05,0.036,31.0
17011,6.7422e-05,0.036,31.4
17012,6.742400000000001e-05,0.036,31.4
17013,6.7426e-05,0.028,31.0
17014,6.742799999999999e-05,0.036,31.4
17015,6.743e-05,0.028,31.4
17016,6.7432e-05,0.036,31.0
17017,6.7434e-05,0.028,31.0
17018,6.743600000000001e-05,0.036,31.0
17019,6.7438e-05,0.028,31.0
17020,6.743999999999999e-05,0.036,31.0
17021,6.7442e-05,0.036,31.0
17022,6.7444e-05,0.036,31.4
17023,6.7446e-05,0.036,31.0
17024,6.744800000000001e-05,0.036,31.0
17025,6.745e-05,0.036,31.0
17026,6.7452e-05,0.036,31.0
17027,6.7454e-05,0.028,31.4
17028,6.7456e-05,0.036,31.0
17029,6.7458e-05,0.036,31.0
17030,6.746000000000001e-05,0.036,31.0
17031,6.7462e-05,0.036,31.0
17032,6.7464e-05,0.036,31.0
17033,6.7466e-05,0.036,31.0
17034,6.7468e-05,0.036,31.0
17035,6.747e-05,0.036,31.0
17036,6.747200000000001e-05,0.036,31.0
17037,6.7474e-05,0.036,31.4
17038,6.7476e-05,0.036,31.4
17039,6.7478e-05,0.036,31.0
17040,6.748e-05,0.036,31.0
17041,6.7482e-05,0.036,31.0
17042,6.7484e-05,0.036,31.0
17043,6.748600000000001e-05,0.028,31.0
17044,6.7488e-05,0.036,31.0
17045,6.748999999999999e-05,0.036,31.0
17046,6.7492e-05,0.036,31.0
17047,6.7494e-05,0.036,31.0
17048,6.7496e-05,0.036,31.0
17049,6.749800000000001e-05,0.036,31.0
17050,6.75e-05,0.036,31.0
17051,6.750199999999999e-05,0.028,31.0
17052,6.7504e-05,0.028,31.0
17053,6.7506e-05,0.036,31.4
17054,6.7508e-05,0.036,31.0
17055,6.751000000000001e-05,0.036,31.0
17056,6.7512e-05,0.036,31.0
17057,6.751399999999999e-05,0.028,31.0
17058,6.7516e-05,0.036,31.0
17059,6.7518e-05,0.036,31.0
17060,6.752e-05,0.028,31.0
17061,6.752200000000001e-05,0.036,31.0
17062,6.7524e-05,0.036,31.0
17063,6.7526e-05,0.036,31.0
17064,6.7528e-05,0.036,31.0
17065,6.753e-05,0.028,31.0
17066,6.7532e-05,0.036,31.0
17067,6.753400000000001e-05,0.036,31.0
17068,6.7536e-05,0.036,31.0
17069,6.7538e-05,0.036,31.0
17070,6.754e-05,0.036,31.0
17071,6.7542e-05,0.036,31.0
17072,6.7544e-05,0.036,31.0
17073,6.754600000000001e-05,0.036,31.0
17074,6.7548e-05,0.036,31.0
17075,6.755e-05,0.036,31.0
17076,6.755199999999999e-05,0.036,31.0
17077,6.7554e-05,0.028,31.0
17078,6.7556e-05,0.036,31.0
17079,6.7558e-05,0.036,31.0
17080,6.756000000000001e-05,0.036,31.0
17081,6.7562e-05,0.036,31.0
17082,6.756399999999999e-05,0.036,31.0
17083,6.7566e-05,0.036,31.0
17084,6.7568e-05,0.036,31.0
17085,6.757e-05,0.036,31.0
17086,6.757200000000001e-05,0.036,31.0
17087,6.7574e-05,0.036,31.0
17088,6.757599999999999e-05,0.036,31.0
17089,6.7578e-05,0.036,31.0
17090,6.758e-05,0.036,31.0
17091,6.7582e-05,0.036,31.0
17092,6.758400000000001e-05,0.036,31.0
17093,6.7586e-05,0.036,31.0
17094,6.7588e-05,0.036,31.0
17095,6.759e-05,0.036,31.0
17096,6.7592e-05,0.036,31.0
17097,6.7594e-05,0.036,31.0
17098,6.759600000000001e-05,0.036,31.0
17099,6.7598e-05,0.036,31.0
17100,6.76e-05,0.036,31.0
17101,6.7602e-05,0.036,31.0
17102,6.7604e-05,0.036,31.0
17103,6.7606e-05,0.036,31.0
17104,6.760800000000001e-05,0.036,31.0
17105,6.761e-05,0.036,31.0
17106,6.7612e-05,0.036,31.0
17107,6.7614e-05,0.036,31.0
17108,6.7616e-05,0.036,31.0
17109,6.7618e-05,0.036,31.0
17110,6.762e-05,0.036,31.0
17111,6.762200000000001e-05,0.036,31.0
17112,6.7624e-05,0.036,31.0
17113,6.762599999999999e-05,0.036,31.0
17114,6.7628e-05,0.036,31.0
17115,6.763e-05,0.036,31.0
17116,6.7632e-05,0.036,31.0
17117,6.763400000000001e-05,0.036,31.0
17118,6.7636e-05,0.036,31.0
17119,6.763799999999999e-05,0.036,31.0
17120,6.764e-05,0.036,31.0
17121,6.7642e-05,0.036,31.0
17122,6.7644e-05,0.036,31.0
17123,6.764600000000001e-05,0.036,31.0
17124,6.7648e-05,0.036,31.0
17125,6.764999999999999e-05,0.036,31.0
17126,6.7652e-05,0.036,31.0
17127,6.7654e-05,0.028,31.0
17128,6.7656e-05,0.036,31.0
17129,6.765800000000001e-05,0.036,31.0
17130,6.766e-05,0.036,31.0
17131,6.7662e-05,0.036,31.0
17132,6.7664e-05,0.036,31.0
17133,6.7666e-05,0.036,31.0
17134,6.7668e-05,0.036,31.0
17135,6.767000000000001e-05,0.036,31.0
17136,6.7672e-05,0.036,31.0
17137,6.7674e-05,0.036,31.0
17138,6.7676e-05,0.036,31.0
17139,6.7678e-05,0.028,31.0
17140,6.768e-05,0.036,31.0
17141,6.768200000000001e-05,0.036,31.0
17142,6.7684e-05,0.036,31.0
17143,6.7686e-05,0.036,31.0
17144,6.768799999999999e-05,0.036,31.0
17145,6.769e-05,0.036,31.0
17146,6.7692e-05,0.036,31.0
17147,6.7694e-05,0.036,31.0
17148,6.769600000000001e-05,0.036,31.0
17149,6.7698e-05,0.036,31.0
17150,6.769999999999999e-05,0.036,31.0
17151,6.7702e-05,0.036,31.0
17152,6.7704e-05,0.036,31.0
17153,6.7706e-05,0.036,31.0
17154,6.770800000000001e-05,0.036,31.0
17155,6.771e-05,0.028,31.0
17156,6.771199999999999e-05,0.036,31.0
17157,6.7714e-05,0.036,31.0
17158,6.7716e-05,0.036,31.0
17159,6.7718e-05,0.036,31.0
17160,6.772000000000001e-05,0.036,31.0
17161,6.7722e-05,0.036,31.0
17162,6.7724e-05,0.036,31.0
17163,6.7726e-05,0.036,31.0
17164,6.7728e-05,0.036,31.0
17165,6.773e-05,0.036,31.0
17166,6.773200000000001e-05,0.036,31.0
17167,6.7734e-05,0.036,31.0
17168,6.7736e-05,0.036,31.0
17169,6.7738e-05,0.036,31.0
17170,6.774e-05,0.036,31.0
17171,6.7742e-05,0.028,31.0
17172,6.774400000000001e-05,0.036,31.0
17173,6.7746e-05,0.036,31.0
17174,6.7748e-05,0.036,31.0
17175,6.775e-05,0.036,31.0
17176,6.7752e-05,0.028,31.0
17177,6.7754e-05,0.036,31.0
17178,6.7756e-05,0.036,31.4
17179,6.775800000000001e-05,0.036,31.0
17180,6.776e-05,0.036,31.0
17181,6.776199999999999e-05,0.036,31.0
17182,6.7764e-05,0.036,31.0
17183,6.7766e-05,0.036,31.0
17184,6.7768e-05,0.036,31.0
17185,6.777000000000001e-05,0.036,31.0
17186,6.7772e-05,0.036,31.0
17187,6.777399999999999e-05,0.036,31.0
17188,6.7776e-05,0.036,31.0
17189,6.7778e-05,0.036,31.0
17190,6.778e-05,0.036,31.0
17191,6.778200000000001e-05,0.028,31.0
17192,6.7784e-05,0.036,31.0
17193,6.778599999999999e-05,0.036,31.0
17194,6.7788e-05,0.036,31.0
17195,6.779e-05,0.036,31.0
17196,6.7792e-05,0.036,31.0
17197,6.779400000000001e-05,0.036,31.0
17198,6.7796e-05,0.036,31.0
17199,6.7798e-05,0.036,31.0
17200,6.78e-05,0.036,31.0
17201,6.7802e-05,0.036,31.0
17202,6.7804e-05,0.036,31.0
17203,6.780600000000001e-05,0.036,31.0
17204,6.7808e-05,0.036,31.0
17205,6.781e-05,0.036,31.0
17206,6.7812e-05,0.036,31.0
17207,6.7814e-05,0.036,31.0
17208,6.7816e-05,0.036,31.0
17209,6.781800000000001e-05,0.036,31.0
17210,6.782e-05,0.036,31.0
17211,6.7822e-05,0.028,31.0
17212,6.782399999999999e-05,0.036,31.0
17213,6.7826e-05,0.036,31.0
17214,6.7828e-05,0.036,31.0
17215,6.783e-05,0.036,31.0
17216,6.783200000000001e-05,0.036,31.0
17217,6.7834e-05,0.036,31.0
17218,6.783599999999999e-05,0.036,31.0
17219,6.7838e-05,0.036,31.0
17220,6.784e-05,0.036,31.0
17221,6.7842e-05,0.036,31.0
17222,6.784400000000001e-05,0.036,31.0
17223,6.7846e-05,0.036,31.0
17224,6.784799999999999e-05,0.036,31.0
17225,6.785e-05,0.036,31.0
17226,6.7852e-05,0.036,31.0
17227,6.7854e-05,0.036,31.0
17228,6.785600000000001e-05,0.036,31.0
17229,6.7858e-05,0.036,31.0
17230,6.786e-05,0.036,31.0
17231,6.7862e-05,0.036,31.0
17232,6.7864e-05,0.036,31.0
17233,6.7866e-05,0.036,31.0
17234,6.786800000000001e-05,0.036,31.0
17235,6.787e-05,0.036,31.0
17236,6.7872e-05,0.036,31.0
17237,6.7874e-05,0.036,31.0
17238,6.7876e-05,0.036,31.0
17239,6.7878e-05,0.036,31.0
17240,6.788000000000001e-05,0.036,31.0
17241,6.7882e-05,0.036,31.0
17242,6.7884e-05,0.036,31.0
17243,6.7886e-05,0.036,31.0
17244,6.7888e-05,0.036,31.0
17245,6.789e-05,0.036,31.0
17246,6.7892e-05,0.036,31.0
17247,6.789400000000001e-05,0.036,31.0
17248,6.7896e-05,0.036,31.0
17249,6.789799999999999e-05,0.036,31.0
17250,6.79e-05,0.036,31.0
17251,6.7902e-05,0.028,31.0
17252,6.7904e-05,0.036,31.0
17253,6.790600000000001e-05,0.036,31.0
17254,6.7908e-05,0.036,31.0
17255,6.790999999999999e-05,0.036,31.0
17256,6.7912e-05,0.036,31.0
17257,6.7914e-05,0.036,31.0
17258,6.7916e-05,0.036,31.0
17259,6.791800000000001e-05,0.028,31.0
17260,6.792e-05,0.036,31.0
17261,6.792199999999999e-05,0.036,31.0
17262,6.7924e-05,0.036,31.0
17263,6.7926e-05,0.036,31.0
17264,6.7928e-05,0.036,31.0
17265,6.793000000000001e-05,0.036,31.0
17266,6.7932e-05,0.036,31.0
17267,6.7934e-05,0.036,31.0
17268,6.7936e-05,0.036,31.0
17269,6.7938e-05,0.036,31.0
17270,6.794e-05,0.036,31.0
17271,6.794200000000001e-05,0.036,31.0
17272,6.7944e-05,0.036,31.0
17273,6.7946e-05,0.036,31.0
17274,6.7948e-05,0.036,31.0
17275,6.795e-05,0.036,31.0
17276,6.7952e-05,0.036,31.0
17277,6.795400000000001e-05,0.036,31.0
17278,6.7956e-05,0.036,31.0
17279,6.7958e-05,0.036,31.0
17280,6.795999999999999e-05,0.036,31.0
17281,6.7962e-05,0.036,31.0
17282,6.7964e-05,0.036,31.0
17283,6.7966e-05,0.036,31.0
17284,6.796800000000001e-05,0.036,31.0
17285,6.797e-05,0.036,31.0
17286,6.797199999999999e-05,0.036,31.0
17287,6.7974e-05,0.036,31.0
17288,6.7976e-05,0.036,31.0
17289,6.7978e-05,0.036,31.0
17290,6.798000000000001e-05,0.036,31.0
17291,6.7982e-05,0.036,31.0
17292,6.798399999999999e-05,0.036,31.0
17293,6.7986e-05,0.036,31.0
17294,6.7988e-05,0.036,31.0
17295,6.799e-05,0.036,31.0
17296,6.799200000000001e-05,0.036,31.0
17297,6.7994e-05,0.036,31.0
17298,6.799599999999999e-05,0.036,31.0
17299,6.7998e-05,0.028,31.0
17300,6.8e-05,0.036,31.0
17301,6.8002e-05,0.036,31.0
17302,6.800400000000001e-05,0.036,31.0
17303,6.8006e-05,0.036,31.0
17304,6.8008e-05,0.036,31.0
17305,6.801e-05,0.036,31.0
17306,6.8012e-05,0.036,31.0
17307,6.8014e-05,0.036,31.0
17308,6.801600000000001e-05,0.036,31.0
17309,6.8018e-05,0.036,31.0
17310,6.802e-05,0.036,31.0
17311,6.8022e-05,0.036,31.0
17312,6.8024e-05,0.036,31.0
17313,6.8026e-05,0.036,31.0
17314,6.8028e-05,0.036,31.0
17315,6.803e-05,0.036,31.0
17316,6.8032e-05,0.036,31.0
17317,6.803399999999999e-05,0.036,31.0
17318,6.8036e-05,0.036,31.0
17319,6.8038e-05,0.036,31.0
17320,6.804e-05,0.036,31.0
17321,6.804200000000001e-05,0.036,31.0
17322,6.8044e-05,0.036,31.0
17323,6.804599999999999e-05,0.036,31.0
17324,6.8048e-05,0.036,31.0
17325,6.805e-05,0.036,31.0
17326,6.8052e-05,0.036,31.0
17327,6.805400000000001e-05,0.036,31.0
17328,6.8056e-05,0.036,31.0
17329,6.805799999999999e-05,0.036,31.0
17330,6.806e-05,0.036,31.0
17331,6.8062e-05,0.036,31.0
17332,6.8064e-05,0.036,31.0
17333,6.806600000000001e-05,0.036,31.0
17334,6.8068e-05,0.036,31.0
17335,6.807e-05,0.036,31.0
17336,6.8072e-05,0.036,31.0
17337,6.8074e-05,0.036,31.0
17338,6.8076e-05,0.036,31.0
17339,6.807800000000001e-05,0.036,31.0
17340,6.808e-05,0.036,31.0
17341,6.8082e-05,0.036,31.0
17342,6.8084e-05,0.036,31.0
17343,6.8086e-05,0.036,31.0
17344,6.8088e-05,0.036,31.0
17345,6.809000000000001e-05,0.036,31.0
17346,6.8092e-05,0.036,31.0
17347,6.8094e-05,0.036,31.0
17348,6.809599999999999e-05,0.036,31.0
17349,6.8098e-05,0.036,31.0
17350,6.81e-05,0.036,31.0
17351,6.8102e-05,0.036,31.0
17352,6.810400000000001e-05,0.036,31.0
17353,6.8106e-05,0.036,31.0
17354,6.810799999999999e-05,0.036,31.0
17355,6.811e-05,0.036,31.0
17356,6.8112e-05,0.036,31.0
17357,6.8114e-05,0.036,31.0
17358,6.811600000000001e-05,0.036,31.0
17359,6.8118e-05,0.036,31.0
17360,6.811999999999999e-05,0.036,31.0
17361,6.8122e-05,0.036,31.0
17362,6.8124e-05,0.036,31.0
17363,6.8126e-05,0.036,31.0
17364,6.812800000000001e-05,0.036,31.0
17365,6.813e-05,0.036,31.0
17366,6.813199999999999e-05,0.036,31.0
17367,6.8134e-05,0.036,31.0
17368,6.8136e-05,0.036,31.0
17369,6.8138e-05,0.036,31.0
17370,6.814000000000001e-05,0.036,31.0
17371,6.8142e-05,0.036,31.0
17372,6.8144e-05,0.036,31.0
17373,6.8146e-05,0.036,31.0
17374,6.8148e-05,0.036,31.0
17375,6.815e-05,0.036,31.0
17376,6.815200000000001e-05,0.036,31.0
17377,6.8154e-05,0.036,31.0
17378,6.8156e-05,0.036,31.0
17379,6.8158e-05,0.036,31.0
17380,6.816e-05,0.036,31.0
17381,6.8162e-05,0.036,31.0
17382,6.8164e-05,0.036,31.0
17383,6.8166e-05,0.036,31.0
17384,6.8168e-05,0.036,31.0
17385,6.816999999999999e-05,0.036,31.0
17386,6.8172e-05,0.036,31.0
17387,6.8174e-05,0.036,31.0
17388,6.8176e-05,0.036,31.0
17389,6.817800000000001e-05,0.036,31.0
17390,6.818e-05,0.036,31.0
17391,6.818199999999999e-05,0.036,31.0
17392,6.8184e-05,0.036,31.0
17393,6.8186e-05,0.036,31.0
17394,6.8188e-05,0.036,31.0
17395,6.819000000000001e-05,0.036,31.0
17396,6.8192e-05,0.036,31.0
17397,6.819399999999999e-05,0.036,31.0
17398,6.8196e-05,0.036,31.0
17399,6.8198e-05,0.036,31.0
17400,6.82e-05,0.036,31.0
17401,6.820200000000001e-05,0.036,31.0
17402,6.8204e-05,0.036,31.0
17403,6.8206e-05,0.036,31.0
17404,6.8208e-05,0.036,31.0
17405,6.821e-05,0.036,31.0
17406,6.8212e-05,0.036,31.0
17407,6.821400000000001e-05,0.036,31.0
17408,6.8216e-05,0.036,31.0
17409,6.8218e-05,0.036,31.0
17410,6.822e-05,0.036,31.0
17411,6.8222e-05,0.036,31.0
17412,6.8224e-05,0.036,31.0
17413,6.822600000000001e-05,0.036,31.0
17414,6.8228e-05,0.036,31.0
17415,6.823e-05,0.036,31.0
17416,6.823199999999999e-05,0.036,31.0
17417,6.8234e-05,0.036,31.0
17418,6.8236e-05,0.036,31.0
17419,6.8238e-05,0.036,31.0
17420,6.824000000000001e-05,0.036,31.0
17421,6.8242e-05,0.036,31.0
17422,6.824399999999999e-05,0.036,31.0
17423,6.8246e-05,0.036,31.0
17424,6.8248e-05,0.036,31.0
17425,6.825e-05,0.036,31.0
17426,6.825200000000001e-05,0.036,31.0
17427,6.8254e-05,0.036,31.0
17428,6.825599999999999e-05,0.036,31.0
17429,6.8258e-05,0.036,31.0
17430,6.826e-05,0.036,31.0
17431,6.8262e-05,0.036,31.0
17432,6.826400000000001e-05,0.036,31.0
17433,6.8266e-05,0.036,31.0
17434,6.826799999999999e-05,0.036,31.0
17435,6.827e-05,0.036,31.0
17436,6.8272e-05,0.036,31.0
17437,6.8274e-05,0.036,31.0
17438,6.827600000000001e-05,0.036,31.0
17439,6.8278e-05,0.036,31.0
17440,6.828e-05,0.036,31.0
17441,6.8282e-05,0.036,31.0
17442,6.8284e-05,0.036,31.0
17443,6.8286e-05,0.036,31.0
17444,6.828800000000001e-05,0.036,31.0
17445,6.829e-05,0.036,31.0
17446,6.8292e-05,0.036,31.0
17447,6.8294e-05,0.036,31.0
17448,6.8296e-05,0.036,31.0
17449,6.8298e-05,0.036,31.0
17450,6.83e-05,0.036,31.0
17451,6.8302e-05,0.036,31.0
17452,6.8304e-05,0.036,31.0
17453,6.830599999999999e-05,0.036,31.0
17454,6.8308e-05,0.036,31.0
17455,6.831e-05,0.036,31.0
17456,6.8312e-05,0.036,31.0
17457,6.831400000000001e-05,0.036,31.0
17458,6.8316e-05,0.036,31.0
17459,6.831799999999999e-05,0.036,31.0
17460,6.832e-05,0.036,31.0
17461,6.8322e-05,0.036,31.0
17462,6.8324e-05,0.036,31.0
17463,6.832600000000001e-05,0.036,31.0
17464,6.8328e-05,0.036,31.0
17465,6.832999999999999e-05,0.036,31.0
17466,6.8332e-05,0.036,31.0
17467,6.8334e-05,0.036,31.0
17468,6.8336e-05,0.036,31.0
17469,6.833800000000001e-05,0.036,31.0
17470,6.834e-05,0.036,31.0
17471,6.8342e-05,0.036,31.0
17472,6.8344e-05,0.036,31.0
17473,6.8346e-05,0.036,31.0
17474,6.8348e-05,0.036,31.0
17475,6.835000000000001e-05,0.036,31.0
17476,6.8352e-05,0.036,31.0
17477,6.8354e-05,0.036,31.0
17478,6.8356e-05,0.036,31.0
17479,6.8358e-05,0.036,31.0
17480,6.836e-05,0.036,31.0
17481,6.836200000000001e-05,0.036,31.0
17482,6.8364e-05,0.036,31.0
17483,6.8366e-05,0.036,31.0
17484,6.8368e-05,0.036,31.0
17485,6.837e-05,0.036,31.0
17486,6.8372e-05,0.036,31.0
17487,6.8374e-05,0.036,31.0
17488,6.837600000000001e-05,0.036,31.0
17489,6.8378e-05,0.036,31.0
17490,6.837999999999999e-05,0.036,31.0
17491,6.8382e-05,0.036,31.0
17492,6.8384e-05,0.036,30.6
17493,6.8386e-05,0.036,31.0
17494,6.838800000000001e-05,0.036,31.0
17495,6.839e-05,0.036,31.0
17496,6.839199999999999e-05,0.036,30.6
17497,6.8394e-05,0.036,31.0
17498,6.8396e-05,0.036,31.0
17499,6.8398e-05,0.036,31.0
17500,6.840000000000001e-05,0.036,30.6
17501,6.8402e-05,0.036,31.0
17502,6.840399999999999e-05,0.036,31.0
17503,6.8406e-05,0.036,31.0
17504,6.8408e-05,0.036,31.0
17505,6.841e-05,0.036,31.0
17506,6.841200000000001e-05,0.036,31.0
17507,6.8414e-05,0.036,31.0
17508,6.8416e-05,0.036,31.0
17509,6.8418e-05,0.036,31.0
17510,6.842e-05,0.036,31.0
17511,6.8422e-05,0.036,31.0
17512,6.842400000000001e-05,0.036,31.0
17513,6.8426e-05,0.036,31.0
17514,6.8428e-05,0.036,31.0
17515,6.843e-05,0.036,31.0
17516,6.8432e-05,0.036,30.6
17517,6.8434e-05,0.036,31.0
17518,6.843600000000001e-05,0.036,31.0
17519,6.8438e-05,0.036,31.0
17520,6.844e-05,0.036,31.0
17521,6.844199999999999e-05,0.036,31.0
17522,6.8444e-05,0.036,31.0
17523,6.8446e-05,0.036,31.0
17524,6.8448e-05,0.036,31.0
17525,6.845000000000001e-05,0.036,31.0
17526,6.8452e-05,0.036,30.6
17527,6.845399999999999e-05,0.036,31.0
17528,6.8456e-05,0.036,30.6
17529,6.8458e-05,0.036,30.6
17530,6.846e-05,0.036,31.0
17531,6.846200000000001e-05,0.036,31.0
17532,6.8464e-05,0.036,30.6
17533,6.846599999999999e-05,0.036,31.0
17534,6.8468e-05,0.036,31.0
17535,6.847e-05,0.036,31.0
17536,6.8472e-05,0.036,31.0
17537,6.847400000000001e-05,0.036,31.0
17538,6.8476e-05,0.036,31.0
17539,6.8478e-05,0.036,31.0
17540,6.848e-05,0.036,30.6
17541,6.8482e-05,0.036,31.0
17542,6.8484e-05,0.036,31.0
17543,6.848600000000001e-05,0.036,30.6
17544,6.8488e-05,0.036,30.6
17545,6.849e-05,0.036,31.0
17546,6.8492e-05,0.036,31.0
17547,6.8494e-05,0.036,31.0
17548,6.8496e-05,0.036,31.0
17549,6.849800000000001e-05,0.036,31.0
17550,6.85e-05,0.036,31.0
17551,6.8502e-05,0.036,30.6
17552,6.8504e-05,0.036,31.0
17553,6.8506e-05,0.036,30.6
17554,6.8508e-05,0.036,31.0
17555,6.851e-05,0.036,31.0
17556,6.851200000000001e-05,0.036,31.0
17557,6.8514e-05,0.036,30.6
17558,6.851599999999999e-05,0.036,31.0
17559,6.8518e-05,0.036,31.0
17560,6.852e-05,0.036,31.0
17561,6.8522e-05,0.036,31.0
17562,6.852400000000001e-05,0.036,31.0
17563,6.8526e-05,0.036,31.0
17564,6.852799999999999e-05,0.036,31.0
17565,6.853e-05,0.036,31.0
17566,6.8532e-05,0.036,31.0
17567,6.8534e-05,0.036,31.0
17568,6.853600000000001e-05,0.036,31.0
17569,6.8538e-05,0.036,30.6
17570,6.853999999999999e-05,0.036,31.0
17571,6.8542e-05,0.036,31.0
17572,6.8544e-05,0.036,31.0
17573,6.8546e-05,0.036,31.0
17574,6.854800000000001e-05,0.036,31.0
17575,6.855e-05,0.036,30.6
17576,6.8552e-05,0.036,31.0
17577,6.8554e-05,0.036,30.6
17578,6.8556e-05,0.036,31.0
17579,6.8558e-05,0.036,30.6
17580,6.856000000000001e-05,0.036,30.6
17581,6.8562e-05,0.036,31.0
17582,6.8564e-05,0.036,30.6
17583,6.8566e-05,0.036,31.0
17584,6.8568e-05,0.036,30.6
17585,6.857e-05,0.036,31.0
17586,6.857200000000001e-05,0.036,31.0
17587,6.8574e-05,0.036,31.0
17588,6.8576e-05,0.036,31.0
17589,6.857799999999999e-05,0.036,30.6
17590,6.858e-05,0.036,31.0
17591,6.8582e-05,0.036,31.0
17592,6.8584e-05,0.036,30.6
17593,6.858600000000001e-05,0.036,30.6
17594,6.8588e-05,0.036,30.6
17595,6.858999999999999e-05,0.036,31.0
17596,6.8592e-05,0.036,30.6
17597,6.8594e-05,0.036,31.0
17598,6.8596e-05,0.036,30.6
17599,6.859800000000001e-05,0.036,31.0
17600,6.86e-05,0.036,31.0
17601,6.860199999999999e-05,0.036,30.6
17602,6.8604e-05,0.036,31.0
17603,6.8606e-05,0.036,31.0
17604,6.8608e-05,0.036,30.6
17605,6.861000000000001e-05,0.036,31.0
17606,6.8612e-05,0.036,31.0
17607,6.8614e-05,0.036,30.6
17608,6.8616e-05,0.036,30.6
17609,6.8618e-05,0.036,30.6
17610,6.862e-05,0.036,31.0
17611,6.862200000000001e-05,0.036,30.6
17612,6.8624e-05,0.036,30.6
17613,6.8626e-05,0.036,31.0
17614,6.8628e-05,0.036,31.0
17615,6.863e-05,0.036,30.6
17616,6.8632e-05,0.036,30.6
17617,6.863400000000001e-05,0.036,30.6
17618,6.8636e-05,0.036,31.0
17619,6.8638e-05,0.036,31.0
17620,6.864e-05,0.036,30.6
17621,6.8642e-05,0.036,30.6
17622,6.8644e-05,0.036,30.6
17623,6.8646e-05,0.036,30.6
17624,6.864800000000001e-05,0.036,30.6
17625,6.865e-05,0.036,30.6
17626,6.865199999999999e-05,0.036,31.0
17627,6.8654e-05,0.036,30.6
17628,6.8656e-05,0.036,30.6
17629,6.8658e-05,0.036,30.6
17630,6.866000000000001e-05,0.036,30.6
17631,6.8662e-05,0.036,30.6
17632,6.866399999999999e-05,0.036,30.6
17633,6.8666e-05,0.036,30.6
17634,6.8668e-05,0.036,31.0
17635,6.867e-05,0.036,31.0
17636,6.867200000000001e-05,0.036,30.6
17637,6.8674e-05,0.036,31.0
17638,6.867599999999999e-05,0.036,31.0
17639,6.8678e-05,0.036,30.6
17640,6.868e-05,0.036,30.6
17641,6.8682e-05,0.036,30.6
17642,6.868400000000001e-05,0.036,31.0
17643,6.8686e-05,0.036,30.6
17644,6.8688e-05,0.036,30.6
17645,6.869e-05,0.036,30.6
17646,6.8692e-05,0.036,30.6
17647,6.8694e-05,0.036,30.6
17648,6.869600000000001e-05,0.036,30.6
17649,6.8698e-05,0.036,30.6
17650,6.87e-05,0.036,30.6
17651,6.8702e-05,0.036,30.6
17652,6.8704e-05,0.036,30.6
17653,6.8706e-05,0.036,30.6
17654,6.870800000000001e-05,0.036,30.6
17655,6.871e-05,0.036,30.6
17656,6.8712e-05,0.036,30.6
17657,6.871399999999999e-05,0.036,30.6
17658,6.8716e-05,0.036,30.6
17659,6.8718e-05,0.036,30.6
17660,6.872e-05,0.036,30.6
17661,6.872200000000001e-05,0.036,30.6
17662,6.8724e-05,0.036,30.6
17663,6.872599999999999e-05,0.036,30.6
17664,6.8728e-05,0.036,30.6
17665,6.873e-05,0.036,30.6
17666,6.8732e-05,0.036,30.6
17667,6.873400000000001e-05,0.036,31.0
17668,6.8736e-05,0.036,30.6
17669,6.873799999999999e-05,0.036,30.6
17670,6.874e-05,0.036,30.6
17671,6.8742e-05,0.036,30.6
17672,6.8744e-05,0.036,31.0
17673,6.874600000000001e-05,0.036,30.6
17674,6.8748e-05,0.036,30.6
17675,6.875e-05,0.036,31.0
17676,6.8752e-05,0.036,30.6
17677,6.8754e-05,0.036,30.6
17678,6.8756e-05,0.036,30.6
17679,6.875800000000001e-05,0.036,30.6
17680,6.876e-05,0.036,30.6
17681,6.8762e-05,0.036,30.6
17682,6.8764e-05,0.036,31.0
17683,6.8766e-05,0.036,30.6
17684,6.8768e-05,0.036,30.6
17685,6.877000000000001e-05,0.036,31.0
17686,6.8772e-05,0.036,30.6
17687,6.8774e-05,0.036,30.6
17688,6.8776e-05,0.036,30.6
17689,6.8778e-05,0.036,30.6
17690,6.878e-05,0.036,31.0
17691,6.8782e-05,0.036,30.6
17692,6.878400000000001e-05,0.036,30.6
17693,6.8786e-05,0.036,30.6
17694,6.878799999999999e-05,0.036,30.6
17695,6.879e-05,0.036,30.6
17696,6.8792e-05,0.036,30.6
17697,6.8794e-05,0.036,30.6
17698,6.879600000000001e-05,0.036,30.6
17699,6.8798e-05,0.036,30.6
17700,6.879999999999999e-05,0.036,30.6
17701,6.8802e-05,0.036,30.6
17702,6.8804e-05,0.036,30.6
17703,6.8806e-05,0.036,30.6
17704,6.880800000000001e-05,0.036,30.6
17705,6.881e-05,0.036,30.6
17706,6.881199999999999e-05,0.036,30.6
17707,6.8814e-05,0.036,30.6
17708,6.8816e-05,0.036,30.6
17709,6.8818e-05,0.036,30.6
17710,6.882000000000001e-05,0.036,30.6
17711,6.8822e-05,0.036,30.6
17712,6.8824e-05,0.036,30.6
17713,6.8826e-05,0.036,30.6
17714,6.8828e-05,0.036,30.6
17715,6.883e-05,0.036,30.6
17716,6.883200000000001e-05,0.036,30.6
17717,6.8834e-05,0.036,30.6
17718,6.8836e-05,0.036,30.6
17719,6.8838e-05,0.036,30.6
17720,6.884e-05,0.036,30.6
17721,6.8842e-05,0.036,30.6
17722,6.884400000000001e-05,0.036,30.6
17723,6.8846e-05,0.036,30.6
17724,6.8848e-05,0.036,30.6
17725,6.884999999999999e-05,0.036,30.6
17726,6.8852e-05,0.036,30.6
17727,6.8854e-05,0.036,30.6
17728,6.8856e-05,0.036,30.6
17729,6.885800000000001e-05,0.036,30.6
17730,6.886e-05,0.036,30.6
17731,6.886199999999999e-05,0.036,30.6
17732,6.8864e-05,0.036,30.6
17733,6.8866e-05,0.036,30.6
17734,6.8868e-05,0.036,30.6
17735,6.887000000000001e-05,0.036,30.6
17736,6.8872e-05,0.036,30.6
17737,6.887399999999999e-05,0.036,30.6
17738,6.8876e-05,0.036,30.6
17739,6.8878e-05,0.036,30.6
17740,6.888e-05,0.036,30.6
17741,6.888200000000001e-05,0.036,30.6
17742,6.8884e-05,0.036,30.6
17743,6.8886e-05,0.036,30.6
17744,6.8888e-05,0.036,30.6
17745,6.889e-05,0.036,30.6
17746,6.8892e-05,0.036,30.6
17747,6.889400000000001e-05,0.036,30.6
17748,6.8896e-05,0.036,30.6
17749,6.8898e-05,0.036,30.6
17750,6.89e-05,0.036,30.6
17751,6.8902e-05,0.036,30.6
17752,6.8904e-05,0.036,30.6
17753,6.890600000000001e-05,0.036,30.6
17754,6.8908e-05,0.036,30.6
17755,6.891e-05,0.036,30.6
17756,6.8912e-05,0.036,30.6
17757,6.8914e-05,0.036,30.6
17758,6.8916e-05,0.036,30.6
17759,6.8918e-05,0.036,30.6
17760,6.892000000000001e-05,0.036,30.6
17761,6.8922e-05,0.036,30.6
17762,6.892399999999999e-05,0.036,30.6
17763,6.8926e-05,0.036,30.6
17764,6.8928e-05,0.036,30.6
17765,6.893e-05,0.036,30.6
17766,6.893200000000001e-05,0.036,30.6
17767,6.8934e-05,0.036,30.6
17768,6.893599999999999e-05,0.036,30.6
17769,6.8938e-05,0.036,30.6
17770,6.894e-05,0.036,30.6
17771,6.8942e-05,0.036,30.6
17772,6.894400000000001e-05,0.036,30.6
17773,6.8946e-05,0.036,30.6
17774,6.894799999999999e-05,0.036,30.6
17775,6.895e-05,0.036,30.6
17776,6.8952e-05,0.036,30.6
17777,6.8954e-05,0.036,30.6
17778,6.895600000000001e-05,0.036,30.6
17779,6.8958e-05,0.036,30.6
17780,6.896e-05,0.036,30.6
17781,6.8962e-05,0.036,30.6
17782,6.8964e-05,0.036,30.6
17783,6.8966e-05,0.036,30.6
17784,6.896800000000001e-05,0.036,30.6
17785,6.897e-05,0.036,30.6
17786,6.8972e-05,0.036,30.6
17787,6.8974e-05,0.036,30.6
17788,6.8976e-05,0.036,30.6
17789,6.8978e-05,0.036,30.6
17790,6.898000000000001e-05,0.036,30.6
17791,6.8982e-05,0.036,30.6
17792,6.8984e-05,0.036,30.6
17793,6.898599999999999e-05,0.036,30.6
17794,6.8988e-05,0.036,30.6
17795,6.899e-05,0.036,30.6
17796,6.8992e-05,0.036,30.2
17797,6.899400000000001e-05,0.036,30.6
17798,6.8996e-05,0.036,30.6
17799,6.899799999999999e-05,0.036,30.2
17800,6.9e-05,0.036,30.2
17801,6.9002e-05,0.036,30.2
17802,6.9004e-05,0.036,30.2
17803,6.900600000000001e-05,0.028,30.2
17804,6.9008e-05,0.036,30.2
17805,6.900999999999999e-05,0.036,30.2
17806,6.9012e-05,0.036,30.2
17807,6.9014e-05,0.028,30.2
17808,6.9016e-05,0.036,29.8
17809,6.901800000000001e-05,0.036,29.8
17810,6.902e-05,0.036,29.8
17811,6.9022e-05,0.036,29.8
17812,6.9024e-05,0.036,29.8
17813,6.9026e-05,0.036,29.8
17814,6.9028e-05,0.036,29.8
17815,6.903000000000001e-05,0.036,29.8
17816,6.9032e-05,0.036,29.0
17817,6.9034e-05,0.036,29.0
17818,6.9036e-05,0.036,29.0
17819,6.9038e-05,0.036,29.0
17820,6.904e-05,0.036,29.0
17821,6.904200000000001e-05,0.036,29.0
17822,6.9044e-05,0.036,29.0
17823,6.9046e-05,0.036,28.6
17824,6.9048e-05,0.036,28.6
17825,6.905e-05,0.036,28.6
17826,6.9052e-05,0.036,28.6
17827,6.9054e-05,0.036,28.6
17828,6.905600000000001e-05,0.036,28.2
17829,6.9058e-05,0.036,28.2
17830,6.905999999999999e-05,0.036,28.2
17831,6.9062e-05,0.036,28.2
17832,6.9064e-05,0.036,28.2
17833,6.9066e-05,0.036,27.8
17834,6.906800000000001e-05,0.036,27.8
17835,6.907e-05,0.028,27.8
17836,6.907199999999999e-05,0.036,27.8
17837,6.9074e-05,0.036,27.4
17838,6.9076e-05,0.036,27.4
17839,6.9078e-05,0.036,27.4
17840,6.908000000000001e-05,0.028,27.4
17841,6.9082e-05,0.036,27.0
17842,6.908399999999999e-05,0.036,27.0
17843,6.9086e-05,0.028,27.0
17844,6.9088e-05,0.036,27.0
17845,6.909e-05,0.036,27.0
17846,6.909200000000001e-05,0.036,26.6
17847,6.9094e-05,0.036,26.6
17848,6.9096e-05,0.036,26.6
17849,6.9098e-05,0.028,26.6
17850,6.91e-05,0.036,26.2
17851,6.9102e-05,0.028,26.2
17852,6.910400000000001e-05,0.028,26.2
17853,6.9106e-05,0.036,26.2
17854,6.9108e-05,0.036,25.8
17855,6.911e-05,0.036,25.8
17856,6.9112e-05,0.036,25.8
17857,6.9114e-05,0.036,25.4
17858,6.911600000000001e-05,0.036,25.4
17859,6.9118e-05,0.028,25.4
17860,6.912e-05,0.036,25.4
17861,6.912199999999999e-05,0.036,25.0
17862,6.9124e-05,0.036,25.0
17863,6.9126e-05,0.036,25.0
17864,6.9128e-05,0.036,24.6
17865,6.913000000000001e-05,0.036,24.6
17866,6.9132e-05,0.036,24.6
17867,6.913399999999999e-05,0.028,24.6
17868,6.9136e-05,0.036,24.2
17869,6.9138e-05,0.036,24.2
17870,6.914e-05,0.036,24.2
17871,6.914200000000001e-05,0.036,23.8
17872,6.9144e-05,0.036,23.8
17873,6.914599999999999e-05,0.036,23.8
17874,6.9148e-05,0.036,23.8
17875,6.915e-05,0.036,23.0
17876,6.9152e-05,0.036,23.0
17877,6.915400000000001e-05,0.036,23.0
17878,6.9156e-05,0.036,22.6
17879,6.9158e-05,0.036,22.6
17880,6.916e-05,0.036,22.6
17881,6.9162e-05,0.036,22.6
17882,6.9164e-05,0.036,22.2
17883,6.916600000000001e-05,0.036,22.2
17884,6.9168e-05,0.036,21.8
17885,6.917e-05,0.036,21.8
17886,6.9172e-05,0.036,21.8
17887,6.9174e-05,0.036,21.8
17888,6.9176e-05,0.036,21.4
17889,6.917800000000001e-05,0.036,21.4
17890,6.918e-05,0.036,21.4
17891,6.9182e-05,0.028,21.4
17892,6.9184e-05,0.036,21.0
17893,6.9186e-05,0.036,21.0
17894,6.9188e-05,0.036,21.0
17895,6.919e-05,0.036,20.6
17896,6.919200000000001e-05,0.036,20.6
17897,6.9194e-05,0.036,20.6
17898,6.919599999999999e-05,0.036,20.6
17899,6.9198e-05,0.028,20.2
17900,6.92e-05,0.036,20.2
17901,6.9202e-05,0.036,20.2
17902,6.920400000000001e-05,0.036,19.8
17903,6.9206e-05,0.036,19.8
17904,6.920799999999999e-05,0.036,19.4
17905,6.921e-05,0.036,19.4
17906,6.9212e-05,0.036,19.4
17907,6.9214e-05,0.036,19.4
17908,6.921600000000001e-05,0.036,19.0
17909,6.9218e-05,0.036,19.0
17910,6.921999999999999e-05,0.036,19.0
17911,6.9222e-05,0.036,19.0
17912,6.9224e-05,0.036,18.6
17913,6.9226e-05,0.036,18.6
17914,6.922800000000001e-05,0.036,18.6
17915,6.923e-05,0.036,18.2
17916,6.9232e-05,0.036,18.2
17917,6.9234e-05,0.036,18.2
17918,6.9236e-05,0.036,18.2
17919,6.9238e-05,0.036,17.8
17920,6.924000000000001e-05,0.036,17.8
17921,6.9242e-05,0.036,17.8
17922,6.9244e-05,0.036,17.8
17923,6.9246e-05,0.036,17.0
17924,6.9248e-05,0.036,17.0
17925,6.925e-05,0.036,17.0
17926,6.925200000000001e-05,0.036,17.0
17927,6.9254e-05,0.036,16.6
17928,6.9256e-05,0.036,16.6
17929,6.925799999999999e-05,0.036,16.2
17930,6.926e-05,0.036,16.6
17931,6.9262e-05,0.036,16.2
17932,6.9264e-05,0.036,16.2
17933,6.926600000000001e-05,0.036,16.2
17934,6.9268e-05,0.036,15.8
17935,6.926999999999999e-05,0.036,15.8
17936,6.9272e-05,0.036,15.4
17937,6.9274e-05,0.036,15.8
17938,6.9276e-05,0.036,15.4
17939,6.927800000000001e-05,0.036,15.4
17940,6.928e-05,0.036,15.4
17941,6.928199999999999e-05,0.028,15.4
17942,6.9284e-05,0.036,15.0
17943,6.9286e-05,0.036,15.0
17944,6.9288e-05,0.036,15.0
17945,6.929000000000001e-05,0.036,15.0
17946,6.9292e-05,0.036,14.6
17947,6.929399999999999e-05,0.036,14.6
17948,6.9296e-05,0.028,14.6
17949,6.9298e-05,0.036,14.6
17950,6.93e-05,0.036,14.2
17951,6.930200000000001e-05,0.036,14.2
17952,6.9304e-05,0.036,14.2
17953,6.9306e-05,0.028,14.2
17954,6.9308e-05,0.036,14.2
17955,6.931e-05,0.028,13.8
17956,6.9312e-05,0.036,13.8
17957,6.931400000000001e-05,0.036,13.8
17958,6.9316e-05,0.036,13.8
17959,6.9318e-05,0.028,13.4
17960,6.932e-05,0.036,13.4
17961,6.9322e-05,0.036,13.4
17962,6.9324e-05,0.036,13.4
17963,6.9326e-05,0.036,13.4
17964,6.9328e-05,0.028,13.0
17965,6.933e-05,0.028,13.0
17966,6.933199999999999e-05,0.036,13.0
17967,6.9334e-05,0.036,13.0
17968,6.9336e-05,0.036,12.6
17969,6.9338e-05,0.036,12.6
17970,6.934000000000001e-05,0.036,12.6
17971,6.9342e-05,0.028,12.6
17972,6.934399999999999e-05,0.036,12.6
17973,6.9346e-05,0.028,12.6
17974,6.9348e-05,0.036,12.6
17975,6.935e-05,0.036,12.2
17976,6.935200000000001e-05,0.036,12.2
17977,6.9354e-05,0.036,12.2
17978,6.935599999999999e-05,0.036,12.2
17979,6.9358e-05,0.036,12.2
17980,6.936e-05,0.036,11.8
17981,6.9362e-05,0.036,11.8
17982,6.936400000000001e-05,0.036,11.8
17983,6.9366e-05,0.036,11.8
17984,6.9368e-05,0.036,11.0
17985,6.937e-05,0.036,11.0
17986,6.9372e-05,0.036,11.0
17987,6.9374e-05,0.036,11.0
17988,6.937600000000001e-05,0.036,11.0
17989,6.9378e-05,0.036,11.0
17990,6.938e-05,0.036,11.0
17991,6.9382e-05,0.028,10.6
17992,6.9384e-05,0.036,10.6
17993,6.9386e-05,0.036,10.6
17994,6.938800000000001e-05,0.036,10.6
17995,6.939e-05,0.028,10.6
17996,6.9392e-05,0.028,10.6
17997,6.9394e-05,0.036,10.6
17998,6.9396e-05,0.036,10.6
17999,6.9398e-05,0.036,10.6
18000,6.94e-05,0.036,10.2
18001,6.940200000000001e-05,0.036,10.2
18002,6.9404e-05,0.036,10.2
18003,6.940599999999999e-05,0.028,10.2
18004,6.9408e-05,0.036,10.2
18005,6.941e-05,0.036,10.2
18006,6.9412e-05,0.036,10.2
18007,6.941400000000001e-05,0.036,10.2
18008,6.9416e-05,0.036,9.8
18009,6.941799999999999e-05,0.036,9.8
18010,6.942e-05,0.036,9.8
18011,6.9422e-05,0.036,9.8
18012,6.9424e-05,0.028,9.8
18013,6.942600000000001e-05,0.028,9.8
18014,6.9428e-05,0.036,9.8
18015,6.942999999999999e-05,0.028,9.8
18016,6.9432e-05,0.028,9.4
18017,6.9434e-05,0.028,9.8
18018,6.9436e-05,0.036,9.4
18019,6.943800000000001e-05,0.028,9.4
18020,6.944e-05,0.036,9.4
18021,6.9442e-05,0.036,9.4
18022,6.9444e-05,0.036,9.4
18023,6.9446e-05,0.036,9.4
18024,6.9448e-05,0.036,9.4
18025,6.945000000000001e-05,0.036,9.4
18026,6.9452e-05,0.036,9.4
18027,6.9454e-05,0.036,9.4
18028,6.9456e-05,0.036,9.0
18029,6.9458e-05,0.036,9.4
18030,6.946e-05,0.036,9.4
18031,6.946200000000001e-05,0.036,9.4
18032,6.9464e-05,0.028,9.0
18033,6.9466e-05,0.028,9.0
18034,6.946799999999999e-05,0.036,9.0
18035,6.947e-05,0.036,9.0
18036,6.9472e-05,0.028,9.0
18037,6.9474e-05,0.036,9.0
18038,6.947600000000001e-05,0.036,9.0
18039,6.9478e-05,0.036,9.0
18040,6.947999999999999e-05,0.036,9.0
18041,6.9482e-05,0.028,9.0
18042,6.9484e-05,0.036,9.0
18043,6.9486e-05,0.036,9.0
18044,6.948800000000001e-05,0.036,9.0
18045,6.949e-05,0.036,9.0
18046,6.949199999999999e-05,0.036,9.0
18047,6.9494e-05,0.036,9.0
18048,6.9496e-05,0.036,9.0
18049,6.9498e-05,0.036,9.0
18050,6.950000000000001e-05,0.036,9.0
18051,6.9502e-05,0.028,9.0
18052,6.9504e-05,0.036,9.0
18053,6.9506e-05,0.036,9.0
18054,6.9508e-05,0.036,9.0
18055,6.951e-05,0.036,9.0
18056,6.951200000000001e-05,0.036,9.0
18057,6.9514e-05,0.036,9.0
18058,6.9516e-05,0.036,9.0
18059,6.9518e-05,0.028,9.0
18060,6.952e-05,0.036,8.6
18061,6.9522e-05,0.028,9.0
18062,6.952400000000001e-05,0.036,9.0
18063,6.9526e-05,0.028,9.0
18064,6.9528e-05,0.036,9.0
18065,6.953e-05,0.036,9.0
18066,6.9532e-05,0.036,9.0
18067,6.9534e-05,0.036,9.0
18068,6.9536e-05,0.028,9.0
18069,6.953800000000001e-05,0.036,9.0
18070,6.954e-05,0.036,9.0
18071,6.954199999999999e-05,0.036,9.0
18072,6.9544e-05,0.028,9.0
18073,6.9546e-05,0.036,9.0
18074,6.9548e-05,0.036,9.0
18075,6.955000000000001e-05,0.036,9.0
18076,6.9552e-05,0.036,9.0
18077,6.955399999999999e-05,0.028,9.0
18078,6.9556e-05,0.036,9.0
18079,6.9558e-05,0.036,9.0
18080,6.956e-05,0.028,9.0
18081,6.956200000000001e-05,0.036,9.0
18082,6.9564e-05,0.036,9.0
18083,6.956599999999999e-05,0.028,9.0
18084,6.9568e-05,0.028,9.0
18085,6.957e-05,0.028,9.4
18086,6.9572e-05,0.036,9.4
18087,6.957400000000001e-05,0.036,9.4
18088,6.9576e-05,0.028,9.0
18089,6.9578e-05,0.028,9.4
18090,6.958e-05,0.036,9.4
18091,6.9582e-05,0.028,9.4
18092,6.9584e-05,0.036,9.0
18093,6.958600000000001e-05,0.028,9.4
18094,6.9588e-05,0.036,9.4
18095,6.959e-05,0.028,9.4
18096,6.9592e-05,0.028,9.4
18097,6.9594e-05,0.036,9.4
18098,6.9596e-05,0.036,9.8
18099,6.959800000000001e-05,0.036,9.8
18100,6.96e-05,0.036,9.4
18101,6.9602e-05,0.028,9.8
18102,6.960399999999999e-05,0.028,9.8
18103,6.9606e-05,0.028,9.8
18104,6.9608e-05,0.028,9.8
18105,6.961e-05,0.028,9.8
18106,6.961200000000001e-05,0.036,9.8
18107,6.9614e-05,0.028,9.8
18108,6.961599999999999e-05,0.028,9.8
18109,6.9618e-05,0.036,10.2
18110,6.962e-05,0.036,9.8
18111,6.9622e-05,0.028,10.2
18112,6.962400000000001e-05,0.028,9.8
18113,6.9626e-05,0.028,10.2
18114,6.962799999999999e-05,0.036,10.2
18115,6.963e-05,0.028,10.2
18116,6.9632e-05,0.036,10.2
18117,6.9634e-05,0.036,10.6
18118,6.963600000000001e-05,0.036,10.6
18119,6.9638e-05,0.028,10.6
18120,6.964e-05,0.028,10.2
18121,6.9642e-05,0.028,10.6
18122,6.9644e-05,0.036,10.6
18123,6.9646e-05,0.028,10.6
18124,6.964800000000001e-05,0.036,10.6
18125,6.965e-05,0.028,10.6
18126,6.9652e-05,0.036,10.6
18127,6.9654e-05,0.028,11.0
18128,6.9656e-05,0.028,10.6
18129,6.9658e-05,0.028,11.0
18130,6.966000000000001e-05,0.036,11.0
18131,6.9662e-05,0.028,11.0
18132,6.9664e-05,0.028,11.0
18133,6.9666e-05,0.036,11.8
18134,6.9668e-05,0.036,11.8
18135,6.967e-05,0.028,11.8
18136,6.9672e-05,0.028,11.8
18137,6.967400000000001e-05,0.028,11.8
18138,6.9676e-05,0.036,11.8
18139,6.967799999999999e-05,0.028,12.2
18140,6.968e-05,0.028,11.8
18141,6.9682e-05,0.028,12.2
18142,6.9684e-05,0.036,12.2
18143,6.968600000000001e-05,0.028,12.2
18144,6.9688e-05,0.028,12.2
18145,6.968999999999999e-05,0.028,12.2
18146,6.9692e-05,0.028,12.6
18147,6.9694e-05,0.028,12.6
18148,6.9696e-05,0.028,12.6
18149,6.969800000000001e-05,0.028,12.6
18150,6.97e-05,0.028,13.0
18151,6.970199999999999e-05,0.028,13.0
18152,6.9704e-05,0.028,12.6
18153,6.9706e-05,0.028,13.0
18154,6.9708e-05,0.036,13.0
18155,6.971000000000001e-05,0.028,13.0
18156,6.9712e-05,0.028,13.0
18157,6.9714e-05,0.028,13.4
18158,6.9716e-05,0.028,13.4
18159,6.9718e-05,0.028,13.4
18160,6.972e-05,0.028,13.4
18161,6.972200000000001e-05,0.028,13.4
18162,6.9724e-05,0.036,13.8
18163,6.9726e-05,0.028,13.8
18164,6.9728e-05,0.028,13.8
18165,6.973e-05,0.028,14.2
18166,6.9732e-05,0.028,14.2
18167,6.973400000000001e-05,0.028,14.2
18168,6.9736e-05,0.028,14.2
18169,6.9738e-05,0.028,14.2
18170,6.973999999999999e-05,0.028,14.2
18171,6.9742e-05,0.028,14.6
18172,6.9744e-05,0.028,14.6
18173,6.9746e-05,0.028,14.6
18174,6.974800000000001e-05,0.036,14.6
18175,6.975e-05,0.028,14.6
18176,6.975199999999999e-05,0.028,14.6
18177,6.9754e-05,0.028,15.0
18178,6.9756e-05,0.028,15.0
18179,6.9758e-05,0.028,15.0
18180,6.976000000000001e-05,0.028,15.4
18181,6.9762e-05,0.028,15.4
18182,6.976399999999999e-05,0.028,15.4
18183,6.9766e-05,0.028,15.4
18184,6.9768e-05,0.028,15.4
18185,6.977e-05,0.028,15.8
18186,6.977200000000001e-05,0.028,15.8
18187,6.9774e-05,0.028,15.8
18188,6.9776e-05,0.028,15.8
18189,6.9778e-05,0.028,16.2
18190,6.978e-05,0.028,16.2
18191,6.9782e-05,0.028,16.2
18192,6.978400000000001e-05,0.028,16.2
18193,6.9786e-05,0.028,16.6
18194,6.9788e-05,0.028,16.6
18195,6.979e-05,0.028,16.6
18196,6.9792e-05,0.028,16.6
18197,6.9794e-05,0.028,17.0
18198,6.979600000000001e-05,0.028,17.0
18199,6.9798e-05,0.028,17.0
18200,6.98e-05,0.028,17.0
18201,6.9802e-05,0.028,17.8
18202,6.9804e-05,0.028,17.8
18203,6.9806e-05,0.028,17.8
18204,6.9808e-05,0.028,17.8
18205,6.981000000000001e-05,0.028,18.2
18206,6.9812e-05,0.028,18.2
18207,6.981399999999999e-05,0.028,18.2
18208,6.9816e-05,0.028,18.2
18209,6.9818e-05,0.028,18.6
18210,6.982e-05,0.028,18.6
18211,6.982200000000001e-05,0.028,18.6
18212,6.9824e-05,0.028,18.6
18213,6.982599999999999e-05,0.028,19.0
18214,6.9828e-05,0.028,19.0
18215,6.983e-05,0.028,19.0
18216,6.9832e-05,0.028,19.0
18217,6.983400000000001e-05,0.028,19.4
18218,6.9836e-05,0.028,19.4
18219,6.983799999999999e-05,0.028,19.4
18220,6.984e-05,0.028,19.4
18221,6.9842e-05,0.028,19.8
18222,6.9844e-05,0.028,19.8
18223,6.984600000000001e-05,0.028,19.8
18224,6.9848e-05,0.028,19.8
18225,6.985e-05,0.028,19.8
18226,6.9852e-05,0.028,20.2
18227,6.9854e-05,0.028,20.2
18228,6.9856e-05,0.028,20.2
18229,6.985800000000001e-05,0.028,20.6
18230,6.986e-05,0.028,20.6
18231,6.9862e-05,0.028,20.6
18232,6.9864e-05,0.028,20.6
18233,6.9866e-05,0.028,20.6
18234,6.9868e-05,0.028,21.0
18235,6.987000000000001e-05,0.028,21.0
18236,6.9872e-05,0.028,21.0
18237,6.9874e-05,0.028,21.0
18238,6.987599999999999e-05,0.028,21.4
18239,6.9878e-05,0.028,21.4
18240,6.988e-05,0.028,21.4
18241,6.9882e-05,0.028,21.4
18242,6.988400000000001e-05,0.028,21.8
18243,6.9886e-05,0.02,21.8
18244,6.988799999999999e-05,0.028,21.8
18245,6.989e-05,0.028,21.8
18246,6.9892e-05,0.028,22.2
18247,6.9894e-05,0.028,22.2
18248,6.989600000000001e-05,0.028,22.2
18249,6.9898e-05,0.028,22.2
18250,6.989999999999999e-05,0.028,22.2
18251,6.9902e-05,0.028,22.6
18252,6.9904e-05,0.028,22.6
18253,6.9906e-05,0.028,22.6
18254,6.990800000000001e-05,0.028,22.6
18255,6.991e-05,0.028,22.6
18256,6.9912e-05,0.028,22.6
18257,6.9914e-05,0.028,23.0
18258,6.9916e-05,0.028,23.0
18259,6.9918e-05,0.028,23.0
18260,6.992000000000001e-05,0.02,23.0
18261,6.9922e-05,0.028,23.8
18262,6.9924e-05,0.028,23.8
18263,6.9926e-05,0.028,23.8
18264,6.9928e-05,0.028,23.8
18265,6.993e-05,0.028,23.8
18266,6.993200000000001e-05,0.028,24.2
18267,6.9934e-05,0.028,24.2
18268,6.9936e-05,0.028,24.2
18269,6.9938e-05,0.028,24.2
18270,6.994e-05,0.028,24.2
18271,6.9942e-05,0.028,24.2
18272,6.9944e-05,0.028,24.2
18273,6.994600000000001e-05,0.028,24.6
18274,6.9948e-05,0.028,24.6
18275,6.994999999999999e-05,0.02,24.6
18276,6.9952e-05,0.028,24.6
18277,6.9954e-05,0.028,25.0
18278,6.9956e-05,0.028,24.6
18279,6.995800000000001e-05,0.028,25.0
18280,6.996e-05,0.028,24.6
18281,6.996199999999999e-05,0.028,25.0
18282,6.9964e-05,0.028,25.0
18283,6.9966e-05,0.02,25.0
18284,6.9968e-05,0.028,25.0
18285,6.997000000000001e-05,0.028,25.0
18286,6.9972e-05,0.028,25.4
18287,6.997399999999999e-05,0.028,25.4
18288,6.9976e-05,0.02,25.4
18289,6.9978e-05,0.028,25.4
18290,6.998e-05,0.028,25.4
18291,6.998200000000001e-05,0.02,25.4
18292,6.9984e-05,0.028,25.4
18293,6.9986e-05,0.02,25.4
18294,6.9988e-05,0.028,25.8
18295,6.999e-05,0.02,25.8
18296,6.9992e-05,0.028,25.8
18297,6.999400000000001e-05,0.028,25.8
18298,6.9996e-05,0.028,25.8
18299,6.9998e-05,0.028,25.8
18300,7e-05,0.028,25.8
18301,7.0002e-05,0.028,25.8
18302,7.0004e-05,0.028,25.8
18303,7.000600000000001e-05,0.028,26.2
18304,7.0008e-05,0.02,25.8
18305,7.001e-05,0.02,25.8
18306,7.001199999999999e-05,0.028,26.2
18307,7.0014e-05,0.02,26.2
18308,7.0016e-05,0.02,26.2
18309,7.0018e-05,0.028,26.2
18310,7.002000000000001e-05,0.028,26.2
18311,7.0022e-05,0.02,26.2
18312,7.002399999999999e-05,0.028,26.2
18313,7.0026e-05,0.02,26.2
18314,7.0028e-05,0.028,26.2
18315,7.003e-05,0.02,26.2
18316,7.003200000000001e-05,0.028,26.2
18317,7.0034e-05,0.02,26.6
18318,7.003599999999999e-05,0.028,26.2
18319,7.0038e-05,0.02,26.6
18320,7.004e-05,0.02,26.2
18321,7.0042e-05,0.02,26.2
18322,7.004400000000001e-05,0.028,26.6
18323,7.0046e-05,0.02,26.6
18324,7.0048e-05,0.02,26.2
18325,7.005e-05,0.02,26.6
18326,7.0052e-05,0.028,26.6
18327,7.0054e-05,0.028,26.6
18328,7.005600000000001e-05,0.02,26.6
18329,7.0058e-05,0.02,26.6
18330,7.006e-05,0.028,26.6
18331,7.0062e-05,0.028,26.6
18332,7.0064e-05,0.02,26.6
18333,7.0066e-05,0.02,26.6
18334,7.006800000000001e-05,0.028,26.6
18335,7.007e-05,0.02,26.6
18336,7.0072e-05,0.02,26.6
18337,7.0074e-05,0.02,26.6
18338,7.0076e-05,0.02,26.6
18339,7.0078e-05,0.02,26.6
18340,7.008e-05,0.02,26.6
18341,7.008200000000001e-05,0.02,26.6
18342,7.0084e-05,0.028,26.6
18343,7.008599999999999e-05,0.028,26.6
18344,7.0088e-05,0.028,26.6
18345,7.009e-05,0.02,26.2
18346,7.0092e-05,0.028,26.6
18347,7.009400000000001e-05,0.02,26.6
18348,7.0096e-05,0.02,26.2
18349,7.009799999999999e-05,0.02,26.2
18350,7.01e-05,0.02,26.2
18351,7.0102e-05,0.02,26.2
18352,7.0104e-05,0.02,26.2
18353,7.010600000000001e-05,0.028,26.2
18354,7.0108e-05,0.028,26.2
18355,7.010999999999999e-05,0.02,26.2
18356,7.0112e-05,0.02,26.2
18357,7.0114e-05,0.02,26.2
18358,7.0116e-05,0.02,26.2
18359,7.011800000000001e-05,0.02,26.2
18360,7.012e-05,0.028,26.2
18361,7.0122e-05,0.02,25.8
18362,7.0124e-05,0.02,25.8
18363,7.0126e-05,0.02,26.2
18364,7.0128e-05,0.02,25.8
18365,7.013000000000001e-05,0.02,25.8
18366,7.0132e-05,0.02,25.8
18367,7.0134e-05,0.02,25.8
18368,7.0136e-05,0.02,25.8
18369,7.0138e-05,0.028,25.8
18370,7.014e-05,0.02,25.8
18371,7.014200000000001e-05,0.02,25.8
18372,7.0144e-05,0.02,25.8
18373,7.0146e-05,0.02,25.8
18374,7.014799999999999e-05,0.02,25.4
18375,7.015e-05,0.02,25.4
18376,7.0152e-05,0.02,25.4
18377,7.0154e-05,0.028,25.4
18378,7.015600000000001e-05,0.02,25.4
18379,7.0158e-05,0.02,25.4
18380,7.015999999999999e-05,0.028,25.4
18381,7.0162e-05,0.02,25.4
18382,7.0164e-05,0.028,25.0
18383,7.0166e-05,0.02,25.0
18384,7.016800000000001e-05,0.02,25.0
18385,7.017e-05,0.02,25.0
18386,7.017199999999999e-05,0.028,25.0
18387,7.0174e-05,0.02,25.0
18388,7.0176e-05,0.02,24.6
18389,7.0178e-05,0.02,25.0
18390,7.018000000000001e-05,0.02,24.6
18391,7.0182e-05,0.02,24.6
18392,7.0184e-05,0.02,24.6
18393,7.0186e-05,0.02,24.6
18394,7.0188e-05,0.028,24.6
18395,7.019e-05,0.02,24.6
18396,7.019200000000001e-05,0.02,24.2
18397,7.0194e-05,0.02,24.2
18398,7.0196e-05,0.02,24.2
18399,7.0198e-05,0.02,24.2
18400,7.02e-05,0.02,24.2
18401,7.0202e-05,0.02,24.2
18402,7.020400000000001e-05,0.02,23.8
18403,7.0206e-05,0.02,23.8
18404,7.0208e-05,0.02,23.8
18405,7.021e-05,0.02,23.8
18406,7.0212e-05,0.028,23.8
18407,7.0214e-05,0.02,23.8
18408,7.0216e-05,0.02,23.0
18409,7.021800000000001e-05,0.028,23.0
18410,7.022e-05,0.028,23.0
18411,7.022199999999999e-05,0.02,23.0
18412,7.0224e-05,0.02,22.6
18413,7.0226e-05,0.02,22.6
18414,7.0228e-05,0.028,22.6
18415,7.023000000000001e-05,0.02,22.6
18416,7.0232e-05,0.02,22.6
18417,7.023399999999999e-05,0.02,22.6
18418,7.0236e-05,0.028,22.6
18419,7.0238e-05,0.02,22.2
18420,7.024e-05,0.02,22.2
18421,7.024200000000001e-05,0.02,22.2
18422,7.0244e-05,0.028,22.2
18423,7.024599999999999e-05,0.02,22.2
18424,7.0248e-05,0.02,21.8
18425,7.025e-05,0.02,21.8
18426,7.0252e-05,0.028,21.8
18427,7.025400000000001e-05,0.02,21.8
18428,7.0256e-05,0.028,21.8
18429,7.0258e-05,0.02,21.8
18430,7.026e-05,0.02,21.4
18431,7.0262e-05,0.02,21.4
18432,7.0264e-05,0.02,21.4
18433,7.026600000000001e-05,0.02,21.4
18434,7.0268e-05,0.02,21.4
18435,7.027e-05,0.02,21.0
18436,7.0272e-05,0.02,21.0
18437,7.0274e-05,0.028,21.0
18438,7.0276e-05,0.02,21.0
18439,7.027800000000001e-05,0.02,21.0
18440,7.028e-05,0.02,20.6
18441,7.0282e-05,0.02,20.6
18442,7.028399999999999e-05,0.02,20.6
18443,7.0286e-05,0.02,20.6
18444,7.0288e-05,0.02,20.2
18445,7.029e-05,0.02,20.2
18446,7.029200000000001e-05,0.02,20.2
18447,7.0294e-05,0.02,20.2
18448,7.029599999999999e-05,0.02,20.2
18449,7.0298e-05,0.02,19.8
18450,7.03e-05,0.028,19.8
18451,7.0302e-05,0.02,19.8
18452,7.030400000000001e-05,0.02,19.8
18453,7.0306e-05,0.02,19.8
18454,7.030799999999999e-05,0.02,19.8
18455,7.031e-05,0.02,19.4
18456,7.0312e-05,0.02,19.4
18457,7.0314e-05,0.02,19.4
18458,7.031600000000001e-05,0.028,19.4
18459,7.0318e-05,0.02,19.0
18460,7.032e-05,0.02,19.0
18461,7.0322e-05,0.02,19.0
18462,7.0324e-05,0.02,19.0
18463,7.0326e-05,0.02,19.0
18464,7.032800000000001e-05,0.02,19.0
18465,7.033e-05,0.02,18.6
18466,7.0332e-05,0.02,18.6
18467,7.0334e-05,0.02,18.6
18468,7.0336e-05,0.02,18.2
18469,7.0338e-05,0.02,18.6
18470,7.034000000000001e-05,0.02,18.2
18471,7.0342e-05,0.02,18.2
18472,7.0344e-05,0.02,18.2
18473,7.0346e-05,0.02,18.2
18474,7.0348e-05,0.028,18.2
18475,7.035e-05,0.02,17.8
18476,7.0352e-05,0.02,17.8
18477,7.035400000000001e-05,0.02,17.8
18478,7.0356e-05,0.028,17.8
18479,7.035799999999999e-05,0.02,17.8
18480,7.036e-05,0.02,17.0
18481,7.0362e-05,0.02,17.0
18482,7.0364e-05,0.02,17.0
18483,7.036600000000001e-05,0.02,17.0
18484,7.0368e-05,0.02,17.0
18485,7.036999999999999e-05,0.02,16.6
18486,7.0372e-05,0.02,16.6
18487,7.0374e-05,0.02,16.6
18488,7.0376e-05,0.02,16.6
18489,7.037800000000001e-05,0.02,16.6
18490,7.038e-05,0.028,16.6
18491,7.038199999999999e-05,0.02,16.6
18492,7.0384e-05,0.02,16.2
18493,7.0386e-05,0.02,16.2
18494,7.0388e-05,0.028,16.2
18495,7.039000000000001e-05,0.02,16.2
18496,7.0392e-05,0.02,15.8
18497,7.0394e-05,0.02,15.8
18498,7.0396e-05,0.028,15.8
18499,7.0398e-05,0.02,15.8
18500,7.04e-05,0.02,15.8
18501,7.040200000000001e-05,0.02,15.8
18502,7.0404e-05,0.02,15.8
18503,7.0406e-05,0.02,15.4
18504,7.0408e-05,0.02,15.4
18505,7.041e-05,0.02,15.4
18506,7.0412e-05,0.028,15.4
18507,7.041400000000001e-05,0.02,15.4
18508,7.0416e-05,0.02,15.0
18509,7.0418e-05,0.02,15.4
18510,7.042e-05,0.02,15.0
18511,7.0422e-05,0.02,15.0
18512,7.0424e-05,0.02,15.0
18513,7.0426e-05,0.02,15.0
18514,7.042800000000001e-05,0.028,15.0
18515,7.043e-05,0.02,15.0
18516,7.043199999999999e-05,0.02,14.6
18517,7.0434e-05,0.02,14.6
18518,7.0436e-05,0.02,14.6
18519,7.0438e-05,0.02,14.6
18520,7.044000000000001e-05,0.02,14.2
18521,7.0442e-05,0.02,14.6
18522,7.044399999999999e-05,0.02,14.2
18523,7.0446e-05,0.02,14.2
18524,7.0448e-05,0.02,14.2
18525,7.045e-05,0.02,14.2
18526,7.045200000000001e-05,0.02,14.2
18527,7.0454e-05,0.02,14.2
18528,7.045599999999999e-05,0.02,13.8
18529,7.0458e-05,0.02,13.8
18530,7.046e-05,0.02,13.8
18531,7.0462e-05,0.02,13.8
18532,7.046400000000001e-05,0.02,13.8
18533,7.0466e-05,0.02,13.8
18534,7.0468e-05,0.02,13.8
18535,7.047e-05,0.02,13.8
18536,7.0472e-05,0.02,13.4
18537,7.0474e-05,0.02,13.4
18538,7.047600000000001e-05,0.02,13.4
18539,7.0478e-05,0.02,13.4
18540,7.048e-05,0.02,13.4
18541,7.0482e-05,0.02,13.4
18542,7.0484e-05,0.02,13.4
18543,7.0486e-05,0.02,13.4
18544,7.048800000000001e-05,0.02,13.4
18545,7.049e-05,0.02,13.0
18546,7.0492e-05,0.02,13.4
18547,7.049399999999999e-05,0.02,13.0
18548,7.0496e-05,0.02,13.0
18549,7.0498e-05,0.028,13.0
18550,7.05e-05,0.028,13.0
18551,7.050200000000001e-05,0.02,13.0
18552,7.0504e-05,0.02,12.6
18553,7.050599999999999e-05,0.02,13.0
18554,7.0508e-05,0.028,13.0
18555,7.051e-05,0.02,13.0
18556,7.0512e-05,0.02,12.6
18557,7.051400000000001e-05,0.02,12.6
18558,7.0516e-05,0.028,12.6
18559,7.051799999999999e-05,0.02,12.6
18560,7.052e-05,0.02,12.6
18561,7.0522e-05,0.02,12.6
18562,7.0524e-05,0.02,12.6
18563,7.052600000000001e-05,0.02,12.6
18564,7.0528e-05,0.02,12.6
18565,7.053e-05,0.02,12.6
18566,7.0532e-05,0.028,12.6
18567,7.0534e-05,0.02,12.2
18568,7.0536e-05,0.02,12.2
18569,7.053800000000001e-05,0.02,12.6
18570,7.054e-05,0.02,12.2
18571,7.0542e-05,0.02,12.2
18572,7.0544e-05,0.02,12.2
18573,7.0546e-05,0.02,12.2
18574,7.0548e-05,0.028,12.2
18575,7.055000000000001e-05,0.02,12.2
18576,7.0552e-05,0.02,12.2
18577,7.0554e-05,0.02,12.2
18578,7.0556e-05,0.02,12.2
18579,7.0558e-05,0.02,12.2
18580,7.056e-05,0.02,12.2
18581,7.0562e-05,0.02,12.2
18582,7.056400000000001e-05,0.02,12.2
18583,7.0566e-05,0.02,12.2
18584,7.056799999999999e-05,0.02,11.8
18585,7.057e-05,0.02,11.8
18586,7.0572e-05,0.02,12.2
18587,7.0574e-05,0.02,12.2
18588,7.057600000000001e-05,0.02,11.8
18589,7.0578e-05,0.02,11.8
18590,7.057999999999999e-05,0.028,11.8
18591,7.0582e-05,0.02,11.8
18592,7.0584e-05,0.02,11.8
18593,7.0586e-05,0.02,11.8
18594,7.058800000000001e-05,0.028,11.8
18595,7.059e-05,0.02,11.8
18596,7.059199999999999e-05,0.02,11.8
18597,7.0594e-05,0.02,11.8
18598,7.0596e-05,0.02,11.8
18599,7.0598e-05,0.02,11.8
18600,7.060000000000001e-05,0.02,11.8
18601,7.0602e-05,0.02,11.8
18602,7.0604e-05,0.028,11.8
18603,7.0606e-05,0.02,11.8
18604,7.0608e-05,0.02,11.8
18605,7.061e-05,0.02,11.8
18606,7.061200000000001e-05,0.02,11.8
18607,7.0614e-05,0.02,11.8
18608,7.0616e-05,0.02,11.0
18609,7.0618e-05,0.02,11.8
18610,7.062e-05,0.02,11.8
18611,7.0622e-05,0.02,11.8
18612,7.062400000000001e-05,0.02,11.8
18613,7.0626e-05,0.02,11.8
18614,7.0628e-05,0.028,11.8
18615,7.062999999999999e-05,0.02,11.8
18616,7.0632e-05,0.02,11.8
18617,7.0634e-05,0.02,11.8
18618,7.0636e-05,0.02,11.8
18619,7.063800000000001e-05,0.02,11.8
18620,7.064e-05,0.02,11.8
18621,7.064199999999999e-05,0.02,11.8
18622,7.0644e-05,0.028,11.8
18623,7.0646e-05,0.02,11.8
18624,7.0648e-05,0.02,11.8
18625,7.065000000000001e-05,0.02,11.8
18626,7.0652e-05,0.02,11.8
18627,7.065399999999999e-05,0.02,11.8
18628,7.0656e-05,0.02,11.8
18629,7.0658e-05,0.02,11.8
18630,7.066e-05,0.02,11.8
18631,7.066200000000001e-05,0.02,11.8
18632,7.0664e-05,0.02,11.8
18633,7.0666e-05,0.02,11.8
18634,7.0668e-05,0.02,12.2
18635,7.067e-05,0.02,11.8
18636,7.0672e-05,0.02,11.8
18637,7.067400000000001e-05,0.02,12.2
18638,7.0676e-05,0.02,12.2
18639,7.0678e-05,0.02,12.2
18640,7.068e-05,0.02,11.8
18641,7.0682e-05,0.02,11.8
18642,7.0684e-05,0.02,12.2
18643,7.068600000000001e-05,0.02,12.2
18644,7.0688e-05,0.02,12.2
18645,7.069e-05,0.02,12.2
18646,7.0692e-05,0.02,12.2
18647,7.0694e-05,0.02,12.2
18648,7.0696e-05,0.02,12.2
18649,7.0698e-05,0.02,12.2
18650,7.070000000000001e-05,0.02,12.2
18651,7.0702e-05,0.02,12.2
18652,7.070399999999999e-05,0.02,12.2
18653,7.0706e-05,0.02,12.2
18654,7.0708e-05,0.02,12.6
18655,7.071e-05,0.02,12.2
18656,7.071200000000001e-05,0.02,12.2
18657,7.0714e-05,0.02,12.6
18658,7.071599999999999e-05,0.02,12.6
18659,7.0718e-05,0.02,12.6
18660,7.072e-05,0.02,12.6
18661,7.0722e-05,0.02,12.6
18662,7.072400000000001e-05,0.02,12.6
18663,7.0726e-05,0.02,12.6
18664,7.072799999999999e-05,0.02,12.6
18665,7.073e-05,0.02,12.6
18666,7.0732e-05,0.02,12.6
18667,7.0734e-05,0.02,13.0
18668,7.073600000000001e-05,0.02,12.6
18669,7.0738e-05,0.02,13.0
18670,7.074e-05,0.02,13.0
18671,7.0742e-05,0.02,13.0
18672,7.0744e-05,0.02,13.0
18673,7.0746e-05,0.02,13.0
18674,7.074800000000001e-05,0.02,13.0
18675,7.075e-05,0.02,13.0
18676,7.0752e-05,0.02,13.0
18677,7.0754e-05,0.02,13.0
18678,7.0756e-05,0.02,13.4
18679,7.0758e-05,0.02,13.0
18680,7.076000000000001e-05,0.02,13.0
18681,7.0762e-05,0.02,13.4
18682,7.0764e-05,0.02,13.4
18683,7.076599999999999e-05,0.02,13.4
18684,7.0768e-05,0.02,13.4
18685,7.077e-05,0.02,13.4
18686,7.0772e-05,0.02,13.4
18687,7.077400000000001e-05,0.02,13.4
18688,7.0776e-05,0.02,13.4
18689,7.077799999999999e-05,0.02,13.8
18690,7.078e-05,0.02,13.8
18691,7.0782e-05,0.02,13.8
18692,7.0784e-05,0.02,13.8
18693,7.078600000000001e-05,0.02,13.8
18694,7.0788e-05,0.02,13.8
18695,7.078999999999999e-05,0.02,13.8
18696,7.0792e-05,0.02,13.8
18697,7.0794e-05,0.02,14.2
18698,7.0796e-05,0.02,14.2
18699,7.079800000000001e-05,0.02,14.2
18700,7.08e-05,0.02,14.2
18701,7.0802e-05,0.02,14.2
18702,7.0804e-05,0.02,14.2
18703,7.0806e-05,0.02,14.2
18704,7.0808e-05,0.02,14.2
18705,7.081000000000001e-05,0.02,14.6
18706,7.0812e-05,0.02,14.6
18707,7.0814e-05,0.02,14.6
18708,7.0816e-05,0.02,14.6
18709,7.0818e-05,0.02,14.6
18710,7.082e-05,0.02,14.6
18711,7.082200000000001e-05,0.02,15.0
18712,7.0824e-05,0.02,14.6
18713,7.0826e-05,0.02,15.0
18714,7.0828e-05,0.02,15.0
18715,7.083e-05,0.02,15.0
18716,7.0832e-05,0.02,15.0
18717,7.0834e-05,0.02,15.0
18718,7.083600000000001e-05,0.02,15.4
18719,7.0838e-05,0.02,15.4
18720,7.083999999999999e-05,0.02,15.4
18721,7.0842e-05,0.02,15.4
18722,7.0844e-05,0.02,15.4
18723,7.0846e-05,0.02,15.4
18724,7.084800000000001e-05,0.02,15.4
18725,7.085e-05,0.02,15.8
18726,7.085199999999999e-05,0.02,15.8
18727,7.0854e-05,0.02,15.8
18728,7.0856e-05,0.02,15.8
18729,7.0858e-05,0.02,15.8
18730,7.086000000000001e-05,0.02,15.8
18731,7.0862e-05,0.02,16.2
18732,7.086399999999999e-05,0.02,15.8
18733,7.0866e-05,0.02,16.2
18734,7.0868e-05,0.02,16.2
18735,7.087e-05,0.02,16.2
18736,7.087200000000001e-05,0.02,16.2
18737,7.0874e-05,0.02,16.6
18738,7.0876e-05,0.02,16.6
18739,7.0878e-05,0.02,16.6
18740,7.088e-05,0.02,16.6
18741,7.0882e-05,0.02,16.6
18742,7.088400000000001e-05,0.02,16.6
18743,7.0886e-05,0.02,16.6
18744,7.0888e-05,0.02,16.6
18745,7.089e-05,0.02,17.0
18746,7.0892e-05,0.02,17.0
18747,7.0894e-05,0.02,17.0
18748,7.089600000000001e-05,0.02,17.0
18749,7.0898e-05,0.02,17.0
18750,7.09e-05,0.02,17.0
18751,7.090199999999999e-05,0.02,17.8
18752,7.0904e-05,0.02,17.8
18753,7.0906e-05,0.02,17.8
18754,7.0908e-05,0.02,17.8
18755,7.091000000000001e-05,0.02,17.8
18756,7.0912e-05,0.02,17.8
18757,7.091399999999999e-05,0.02,18.2
18758,7.0916e-05,0.02,18.2
18759,7.0918e-05,0.02,18.2
18760,7.092e-05,0.02,18.2
18761,7.092200000000001e-05,0.02,18.2
18762,7.0924e-05,0.02,18.6
18763,7.092599999999999e-05,0.012,18.6
18764,7.0928e-05,0.02,18.6
18765,7.093e-05,0.02,18.6
18766,7.0932e-05,0.02,18.6
18767,7.093400000000001e-05,0.02,18.6
18768,7.0936e-05,0.02,18.6
18769,7.0938e-05,0.02,19.0
18770,7.094e-05,0.02,19.0
18771,7.0942e-05,0.02,19.0
18772,7.0944e-05,0.02,19.0
18773,7.094600000000001e-05,0.02,19.0
18774,7.0948e-05,0.02,19.4
18775,7.095e-05,0.02,19.4
18776,7.0952e-05,0.02,19.0
18777,7.0954e-05,0.02,19.4
18778,7.0956e-05,0.02,19.4
18779,7.095800000000001e-05,0.02,19.4
18780,7.096e-05,0.02,19.4
18781,7.0962e-05,0.02,19.4
18782,7.0964e-05,0.02,19.8
18783,7.0966e-05,0.02,19.8
18784,7.0968e-05,0.02,19.8
18785,7.097e-05,0.02,19.8
18786,7.097200000000001e-05,0.02,20.2
18787,7.0974e-05,0.02,20.2
18788,7.097599999999999e-05,0.02,19.8
18789,7.0978e-05,0.02,20.2
18790,7.098e-05,0.02,20.2
18791,7.0982e-05,0.02,20.2
18792,7.098400000000001e-05,0.02,20.2
18793,7.0986e-05,0.02,20.2
18794,7.098799999999999e-05,0.02,20.6
18795,7.099e-05,0.012,20.6
18796,7.0992e-05,0.02,20.6
18797,7.0994e-05,0.02,20.6
18798,7.099600000000001e-05,0.02,20.6
18799,7.0998e-05,0.02,20.6
18800,7.099999999999999e-05,0.02,20.6
18801,7.1002e-05,0.012,20.6
18802,7.1004e-05,0.02,21.0
18803,7.1006e-05,0.012,21.0
18804,7.100800000000001e-05,0.02,21.0
18805,7.101e-05,0.02,21.0
18806,7.1012e-05,0.02,21.0
18807,7.1014e-05,0.02,21.0
18808,7.1016e-05,0.02,21.0
18809,7.1018e-05,0.02,21.4
18810,7.102000000000001e-05,0.02,21.4
18811,7.1022e-05,0.012,21.4
18812,7.1024e-05,0.02,21.4
18813,7.1026e-05,0.02,21.4
18814,7.1028e-05,0.02,21.4
18815,7.103e-05,0.012,21.4
18816,7.103200000000001e-05,0.02,21.8
18817,7.1034e-05,0.02,21.8
18818,7.1036e-05,0.02,21.8
18819,7.103799999999999e-05,0.012,21.8
18820,7.104e-05,0.02,21.8
18821,7.1042e-05,0.02,21.8
18822,7.1044e-05,0.02,21.8
18823,7.104600000000001e-05,0.02,21.8
18824,7.1048e-05,0.02,21.8
18825,7.104999999999999e-05,0.02,22.2
18826,7.1052e-05,0.02,22.2
18827,7.1054e-05,0.02,22.2
18828,7.1056e-05,0.02,22.2
18829,7.105800000000001e-05,0.012,22.2
18830,7.106e-05,0.02,22.2
18831,7.106199999999999e-05,0.02,22.2
18832,7.1064e-05,0.02,22.2
18833,7.1066e-05,0.02,22.2
18834,7.1068e-05,0.02,22.6
18835,7.107000000000001e-05,0.012,22.6
18836,7.1072e-05,0.02,22.6
18837,7.1074e-05,0.02,22.6
18838,7.1076e-05,0.02,22.6
18839,7.1078e-05,0.02,22.6
18840,7.108e-05,0.012,22.6
18841,7.108200000000001e-05,0.02,22.6
18842,7.1084e-05,0.02,22.6
18843,7.1086e-05,0.012,22.6
18844,7.1088e-05,0.012,22.6
18845,7.109e-05,0.012,23.0
18846,7.1092e-05,0.02,23.0
18847,7.109400000000001e-05,0.012,23.0
18848,7.1096e-05,0.012,22.6
18849,7.1098e-05,0.02,22.6
18850,7.11e-05,0.02,23.0
18851,7.1102e-05,0.012,23.0
18852,7.1104e-05,0.012,23.0
18853,7.1106e-05,0.02,23.0
18854,7.110800000000001e-05,0.02,23.0
18855,7.111e-05,0.012,23.0
18856,7.111199999999999e-05,0.02,23.0
18857,7.1114e-05,0.012,23.0
18858,7.1116e-05,0.02,23.0
18859,7.1118e-05,0.012,23.8
18860,7.112000000000001e-05,0.02,23.0
18861,7.1122e-05,0.02,23.0
18862,7.112399999999999e-05,0.02,23.0
18863,7.1126e-05,0.012,23.8
18864,7.1128e-05,0.02,23.0
18865,7.113e-05,0.02,23.8
18866,7.113200000000001e-05,0.02,23.8
18867,7.1134e-05,0.012,23.8
18868,7.113599999999999e-05,0.012,23.8
18869,7.1138e-05,0.012,23.8
18870,7.114e-05,0.02,23.8
18871,7.1142e-05,0.012,23.8
18872,7.114400000000001e-05,0.012,23.8
18873,7.1146e-05,0.012,23.8
18874,7.1148e-05,0.02,23.8
18875,7.115e-05,0.012,23.8
18876,7.1152e-05,0.02,23.8
18877,7.1154e-05,0.012,23.8
18878,7.115600000000001e-05,0.02,23.8
18879,7.1158e-05,0.012,23.8
18880,7.116e-05,0.02,23.8
18881,7.1162e-05,0.012,23.8
18882,7.1164e-05,0.02,23.8
18883,7.1166e-05,0.012,23.8
18884,7.116800000000001e-05,0.012,23.8
18885,7.117e-05,0.012,23.8
18886,7.1172e-05,0.02,23.8
18887,7.117399999999999e-05,0.012,23.8
18888,7.1176e-05,0.012,23.8
18889,7.1178e-05,0.02,23.8
18890,7.118e-05,0.02,23.8
18891,7.118200000000001e-05,0.012,23.8
18892,7.1184e-05,0.012,23.8
18893,7.118599999999999e-05,0.012,23.8
18894,7.1188e-05,0.02,23.8
18895,7.119e-05,0.012,23.8
18896,7.1192e-05,0.012,23.8
18897,7.119400000000001e-05,0.012,23.8
18898,7.1196e-05,0.02,23.8
18899,7.119799999999999e-05,0.012,23.8
18900,7.12e-05,0.012,23.8
18901,7.1202e-05,0.012,23.8
18902,7.1204e-05,0.02,23.8
18903,7.120600000000001e-05,0.012,23.8
18904,7.1208e-05,0.012,23.8
18905,7.121e-05,0.012,23.8
18906,7.1212e-05,0.02,23.8
18907,7.1214e-05,0.012,23.8
18908,7.1216e-05,0.02,23.0
18909,7.121800000000001e-05,0.012,23.8
18910,7.122e-05,0.02,23.0
18911,7.1222e-05,0.012,23.0
18912,7.1224e-05,0.012,23.0
18913,7.1226e-05,0.012,23.0
18914,7.1228e-05,0.02,23.0
18915,7.123000000000001e-05,0.012,23.0
18916,7.1232e-05,0.012,23.0
18917,7.1234e-05,0.012,23.0
18918,7.1236e-05,0.02,23.0
18919,7.1238e-05,0.012,23.0
18920,7.124e-05,0.012,23.0
18921,7.1242e-05,0.012,23.0
18922,7.124400000000001e-05,0.02,23.0
18923,7.1246e-05,0.012,23.0
18924,7.124799999999999e-05,0.012,23.0
18925,7.125e-05,0.012,23.0
18926,7.1252e-05,0.012,22.6
18927,7.1254e-05,0.012,23.0
18928,7.125600000000001e-05,0.012,22.6
18929,7.1258e-05,0.012,22.6
18930,7.125999999999999e-05,0.012,22.6
18931,7.1262e-05,0.012,22.6
18932,7.1264e-05,0.012,22.6
18933,7.1266e-05,0.012,22.6
18934,7.126800000000001e-05,0.012,22.6
18935,7.127e-05,0.012,22.6
18936,7.127199999999999e-05,0.012,22.6
18937,7.1274e-05,0.012,22.6
18938,7.1276e-05,0.012,22.6
18939,7.1278e-05,0.012,22.2
18940,7.128000000000001e-05,0.012,22.2
18941,7.1282e-05,0.012,22.2
18942,7.1284e-05,0.012,22.2
18943,7.1286e-05,0.012,22.2
18944,7.1288e-05,0.012,22.2
18945,7.129e-05,0.012,22.2
18946,7.129200000000001e-05,0.02,22.2
18947,7.1294e-05,0.012,22.2
18948,7.1296e-05,0.012,22.2
18949,7.1298e-05,0.012,22.2
18950,7.13e-05,0.012,21.8
18951,7.1302e-05,0.012,21.8
18952,7.130400000000001e-05,0.012,21.8
18953,7.1306e-05,0.012,21.8
18954,7.1308e-05,0.02,21.8
18955,7.130999999999999e-05,0.012,21.8
18956,7.1312e-05,0.02,21.8
18957,7.1314e-05,0.012,21.8
18958,7.1316e-05,0.02,21.8
18959,7.131800000000001e-05,0.012,21.8
18960,7.132e-05,0.012,21.4
18961,7.132199999999999e-05,0.012,21.4
18962,7.1324e-05,0.012,21.4
18963,7.1326e-05,0.012,21.4
18964,7.1328e-05,0.02,21.4
18965,7.133000000000001e-05,0.012,21.4
18966,7.1332e-05,0.012,21.4
18967,7.133399999999999e-05,0.012,21.0
18968,7.1336e-05,0.012,21.0
18969,7.1338e-05,0.012,21.0
18970,7.134e-05,0.012,21.0
18971,7.134200000000001e-05,0.012,21.0
18972,7.1344e-05,0.012,21.0
18973,7.1346e-05,0.012,21.0
18974,7.1348e-05,0.02,21.0
18975,7.135e-05,0.012,20.6
18976,7.1352e-05,0.012,20.6
18977,7.135400000000001e-05,0.012,20.6
18978,7.1356e-05,0.012,20.6
18979,7.1358e-05,0.012,20.6
18980,7.136e-05,0.012,20.6
18981,7.1362e-05,0.012,20.6
18982,7.1364e-05,0.02,20.6
18983,7.136600000000001e-05,0.012,20.2
18984,7.1368e-05,0.012,20.2
18985,7.137e-05,0.012,20.2
18986,7.1372e-05,0.02,20.2
18987,7.1374e-05,0.012,20.2
18988,7.1376e-05,0.012,20.2
18989,7.1378e-05,0.012,20.2
18990,7.138000000000001e-05,0.02,20.2
18991,7.1382e-05,0.012,19.8
18992,7.138399999999999e-05,0.02,19.8
18993,7.1386e-05,0.012,19.8
18994,7.1388e-05,0.02,19.8
18995,7.139e-05,0.012,19.8
18996,7.139200000000001e-05,0.012,19.8
18997,7.1394e-05,0.012,19.8
18998,7.139599999999999e-05,0.012,19.8
18999,7.1398e-05,0.012,19.4
19000,7.14e-05,0.012,19.4
19001,7.1402e-05,0.012,19.4
19002,7.140400000000001e-05,0.02,19.4
19003,7.1406e-05,0.012,19.4
19004,7.140799999999999e-05,0.012,19.4
19005,7.141e-05,0.012,19.4
19006,7.1412e-05,0.012,19.4
19007,7.1414e-05,0.012,19.0
19008,7.141600000000001e-05,0.012,19.0
19009,7.1418e-05,0.012,19.0
19010,7.142e-05,0.02,19.0
19011,7.1422e-05,0.012,19.0
19012,7.1424e-05,0.012,19.0
19013,7.1426e-05,0.012,18.6
19014,7.142800000000001e-05,0.02,18.6
19015,7.143e-05,0.012,18.6
19016,7.1432e-05,0.012,18.6
19017,7.1434e-05,0.012,18.6
19018,7.1436e-05,0.012,18.6
19019,7.1438e-05,0.012,18.6
19020,7.144000000000001e-05,0.012,18.2
19021,7.1442e-05,0.012,18.2
19022,7.1444e-05,0.02,18.2
19023,7.1446e-05,0.012,18.2
19024,7.1448e-05,0.012,18.2
19025,7.145e-05,0.012,18.2
19026,7.1452e-05,0.02,18.2
19027,7.145400000000001e-05,0.012,18.2
19028,7.1456e-05,0.012,17.8
19029,7.145799999999999e-05,0.012,17.8
19030,7.146e-05,0.02,17.8
19031,7.1462e-05,0.012,17.8
19032,7.1464e-05,0.012,17.8
19033,7.146600000000001e-05,0.012,17.8
19034,7.1468e-05,0.012,17.8
19035,7.146999999999999e-05,0.012,17.8
19036,7.1472e-05,0.012,17.0
19037,7.1474e-05,0.012,17.0
19038,7.1476e-05,0.012,17.0
19039,7.147800000000001e-05,0.012,17.0
19040,7.148e-05,0.012,17.0
19041,7.1482e-05,0.012,17.0
19042,7.1484e-05,0.012,17.0
19043,7.1486e-05,0.012,17.0
19044,7.1488e-05,0.012,16.6
19045,7.149000000000001e-05,0.012,16.6
19046,7.1492e-05,0.02,16.6
19047,7.1494e-05,0.012,16.6
19048,7.1496e-05,0.012,16.6
19049,7.1498e-05,0.012,16.6
19050,7.15e-05,0.012,16.6
19051,7.150200000000001e-05,0.012,16.6
19052,7.1504e-05,0.012,16.2
19053,7.1506e-05,0.012,16.2
19054,7.1508e-05,0.02,16.2
19055,7.151e-05,0.012,16.2
19056,7.1512e-05,0.012,16.2
19057,7.151400000000001e-05,0.012,16.2
19058,7.151600000000001e-05,0.02,16.2
19059,7.1518e-05,0.012,16.2
19060,7.151999999999999e-05,0.012,15.8
19061,7.1522e-05,0.012,15.8
19062,7.1524e-05,0.02,15.8
19063,7.1526e-05,0.012,15.8
19064,7.152800000000001e-05,0.012,15.8
19065,7.153e-05,0.012,15.8
19066,7.153199999999999e-05,0.02,15.8
19067,7.1534e-05,0.012,15.8
19068,7.1536e-05,0.012,15.4
19069,7.1538e-05,0.012,15.8
19070,7.154000000000001e-05,0.02,15.4
19071,7.1542e-05,0.012,15.8
19072,7.154399999999999e-05,0.012,15.4
19073,7.1546e-05,0.012,15.4
19074,7.1548e-05,0.02,15.4
19075,7.155e-05,0.012,15.4
19076,7.155200000000001e-05,0.012,15.4
19077,7.1554e-05,0.012,15.4
19078,7.1556e-05,0.02,15.0
19079,7.1558e-05,0.012,15.4
19080,7.156e-05,0.012,15.0
19081,7.1562e-05,0.012,15.0
19082,7.156400000000001e-05,0.02,15.0
19083,7.1566e-05,0.012,15.0
19084,7.1568e-05,0.012,15.0
19085,7.157e-05,0.012,15.0
19086,7.1572e-05,0.012,15.0
19087,7.1574e-05,0.012,15.0
19088,7.157600000000001e-05,0.012,14.6
19089,7.1578e-05,0.012,15.0
19090,7.158e-05,0.02,15.0
19091,7.1582e-05,0.012,14.6
19092,7.1584e-05,0.012,14.6
19093,7.1586e-05,0.012,14.6
19094,7.1588e-05,0.012,14.6
19095,7.159000000000001e-05,0.012,14.6
19096,7.1592e-05,0.012,14.6
19097,7.159399999999999e-05,0.012,14.6
19098,7.1596e-05,0.02,14.6
19099,7.1598e-05,0.012,14.6
19100,7.16e-05,0.012,14.6
19101,7.160200000000001e-05,0.012,14.6
19102,7.1604e-05,0.012,14.6
19103,7.160599999999999e-05,0.012,14.6
19104,7.1608e-05,0.02,14.2
19105,7.161e-05,0.012,14.2
19106,7.1612e-05,0.012,14.2
19107,7.161400000000001e-05,0.012,14.2
19108,7.1616e-05,0.012,14.2
19109,7.1618e-05,0.012,14.2
19110,7.162e-05,0.012,14.2
19111,7.1622e-05,0.012,14.2
19112,7.1624e-05,0.012,14.2
19113,7.162600000000001e-05,0.012,14.2
19114,7.1628e-05,0.012,14.2
19115,7.163e-05,0.012,14.2
19116,7.1632e-05,0.012,14.2
19117,7.1634e-05,0.012,14.2
19118,7.1636e-05,0.012,14.2
19119,7.163800000000001e-05,0.012,14.2
19120,7.164e-05,0.012,13.8
19121,7.1642e-05,0.012,14.2
19122,7.1644e-05,0.02,14.2
19123,7.1646e-05,0.012,13.8
19124,7.1648e-05,0.012,13.8
19125,7.165000000000001e-05,0.012,13.8
19126,7.1652e-05,0.012,13.8
19127,7.1654e-05,0.012,13.8
19128,7.165599999999999e-05,0.012,13.8
19129,7.1658e-05,0.012,13.8
19130,7.166e-05,0.012,13.8
19131,7.1662e-05,0.012,13.8
19132,7.166400000000001e-05,0.012,13.8
19133,7.1666e-05,0.012,13.8
19134,7.166799999999999e-05,0.012,13.8
19135,7.167e-05,0.012,13.8
19136,7.1672e-05,0.012,13.8
19137,7.1674e-05,0.012,13.8
19138,7.167600000000001e-05,0.012,13.8
19139,7.1678e-05,0.012,13.8
19140,7.167999999999999e-05,0.012,13.4
19141,7.1682e-05,0.012,13.8
19142,7.1684e-05,0.012,13.8
19143,7.1686e-05,0.012,13.8
19144,7.168800000000001e-05,0.012,13.8
19145,7.169e-05,0.012,13.8
19146,7.1692e-05,0.012,13.8
19147,7.1694e-05,0.012,13.8
19148,7.1696e-05,0.012,13.4
19149,7.1698e-05,0.012,13.8
19150,7.170000000000001e-05,0.012,13.8
19151,7.1702e-05,0.012,13.8
19152,7.1704e-05,0.012,13.4
19153,7.1706e-05,0.012,13.4
19154,7.1708e-05,0.02,13.8
19155,7.171e-05,0.012,13.4
19156,7.171200000000001e-05,0.012,13.4
19157,7.1714e-05,0.012,13.8
19158,7.1716e-05,0.012,13.8
19159,7.1718e-05,0.012,13.8
19160,7.172e-05,0.012,13.4
19161,7.1722e-05,0.012,13.8
19162,7.1724e-05,0.012,13.8
19163,7.172600000000001e-05,0.012,13.4
19164,7.1728e-05,0.012,13.4
19165,7.172999999999999e-05,0.012,13.4
19166,7.1732e-05,0.012,13.4
19167,7.1734e-05,0.012,13.8
19168,7.1736e-05,0.012,13.4
19169,7.173800000000001e-05,0.012,13.8
19170,7.174e-05,0.012,13.4
19171,7.174199999999999e-05,0.012,13.8
19172,7.1744e-05,0.012,13.4
19173,7.1746e-05,0.012,13.8
19174,7.1748e-05,0.012,13.8
19175,7.175000000000001e-05,0.012,13.8
19176,7.1752e-05,0.012,13.4
19177,7.175399999999999e-05,0.012,13.8
19178,7.1756e-05,0.012,13.4
19179,7.1758e-05,0.012,13.8
19180,7.176e-05,0.012,13.8
19181,7.176200000000001e-05,0.012,13.8
19182,7.1764e-05,0.012,13.8
19183,7.1766e-05,0.012,13.8
19184,7.1768e-05,0.012,13.8
19185,7.177e-05,0.012,13.8
19186,7.1772e-05,0.012,13.8
19187,7.177400000000001e-05,0.012,13.8
19188,7.1776e-05,0.012,13.8
19189,7.1778e-05,0.012,13.8
19190,7.178e-05,0.012,13.8
19191,7.1782e-05,0.012,13.8
19192,7.1784e-05,0.012,13.8
19193,7.178600000000001e-05,0.012,13.8
19194,7.1788e-05,0.012,13.8
19195,7.179e-05,0.012,13.8
19196,7.179199999999999e-05,0.012,13.8
19197,7.1794e-05,0.012,13.8
19198,7.1796e-05,0.012,13.8
19199,7.1798e-05,0.012,13.8
19200,7.180000000000001e-05,0.012,13.8
19201,7.1802e-05,0.012,13.8
19202,7.180399999999999e-05,0.012,13.8
19203,7.1806e-05,0.012,13.8
19204,7.1808e-05,0.012,13.8
19205,7.181e-05,0.012,14.2
19206,7.181200000000001e-05,0.012,14.2
19207,7.1814e-05,0.012,14.2
19208,7.181599999999999e-05,0.012,13.8
19209,7.1818e-05,0.012,14.2
19210,7.182e-05,0.012,14.2
19211,7.1822e-05,0.012,14.2
19212,7.182400000000001e-05,0.012,14.2
19213,7.1826e-05,0.012,14.2
19214,7.1828e-05,0.012,14.2
19215,7.183e-05,0.012,14.2
19216,7.1832e-05,0.012,14.2
19217,7.1834e-05,0.012,14.2
19218,7.183600000000001e-05,0.012,14.2
19219,7.1838e-05,0.012,14.2
19220,7.184e-05,0.012,14.2
19221,7.1842e-05,0.012,14.6
19222,7.1844e-05,0.012,14.2
19223,7.1846e-05,0.012,14.6
19224,7.184800000000001e-05,0.012,14.2
19225,7.185e-05,0.012,14.2
19226,7.1852e-05,0.012,14.6
19227,7.1854e-05,0.012,14.6
19228,7.1856e-05,0.012,14.6
19229,7.1858e-05,0.012,14.6
19230,7.186e-05,0.012,14.6
19231,7.186200000000001e-05,0.012,14.6
19232,7.1864e-05,0.012,14.6
19233,7.186599999999999e-05,0.012,14.6
19234,7.1868e-05,0.012,15.0
19235,7.187e-05,0.012,15.0
19236,7.1872e-05,0.012,14.6
19237,7.187400000000001e-05,0.012,15.0
19238,7.1876e-05,0.012,15.0
19239,7.187799999999999e-05,0.012,15.0
19240,7.188e-05,0.012,15.0
19241,7.1882e-05,0.012,15.0
19242,7.1884e-05,0.012,15.0
19243,7.188600000000001e-05,0.012,15.0
19244,7.1888e-05,0.012,15.0
19245,7.188999999999999e-05,0.012,15.0
19246,7.1892e-05,0.012,15.0
19247,7.1894e-05,0.012,15.0
19248,7.1896e-05,0.012,15.0
19249,7.189800000000001e-05,0.012,15.0
19250,7.19e-05,0.012,15.4
19251,7.1902e-05,0.012,15.4
19252,7.1904e-05,0.012,15.0
19253,7.1906e-05,0.012,15.4
19254,7.1908e-05,0.012,15.4
19255,7.191000000000001e-05,0.012,15.4
19256,7.1912e-05,0.012,15.4
19257,7.1914e-05,0.012,15.4
19258,7.1916e-05,0.012,15.8
19259,7.1918e-05,0.012,15.8
19260,7.192e-05,0.012,15.4
19261,7.192200000000001e-05,0.012,15.8
19262,7.1924e-05,0.012,15.8
19263,7.1926e-05,0.012,15.8
19264,7.192799999999999e-05,0.012,15.8
19265,7.193e-05,0.012,15.8
19266,7.1932e-05,0.012,15.8
19267,7.1934e-05,0.012,15.8
19268,7.193600000000001e-05,0.012,15.8
19269,7.1938e-05,0.012,16.2
19270,7.193999999999999e-05,0.012,15.8
19271,7.1942e-05,0.012,16.2
19272,7.1944e-05,0.012,16.2
19273,7.1946e-05,0.012,16.2
19274,7.194800000000001e-05,0.012,16.2
19275,7.195e-05,0.012,16.2
19276,7.195199999999999e-05,0.012,16.2
19277,7.1954e-05,0.012,16.2
19278,7.1956e-05,0.012,16.2
19279,7.1958e-05,0.012,16.2
19280,7.196000000000001e-05,0.012,16.2
19281,7.1962e-05,0.012,16.6
19282,7.1964e-05,0.012,16.6
19283,7.1966e-05,0.012,16.6
19284,7.1968e-05,0.012,16.6
19285,7.197e-05,0.012,16.6
19286,7.197200000000001e-05,0.012,16.6
19287,7.1974e-05,0.012,16.6
19288,7.1976e-05,0.012,16.6
19289,7.1978e-05,0.012,17.0
19290,7.198e-05,0.012,16.6
19291,7.1982e-05,0.012,17.0
19292,7.198400000000001e-05,0.012,17.0
19293,7.1986e-05,0.012,17.0
19294,7.1988e-05,0.012,17.0
19295,7.199e-05,0.012,17.0
19296,7.1992e-05,0.012,17.0
19297,7.1994e-05,0.012,17.0
19298,7.1996e-05,0.012,17.8
19299,7.199800000000001e-05,0.012,17.8
19300,7.2e-05,0.012,17.8
19301,7.200199999999999e-05,0.012,17.8
19302,7.2004e-05,0.012,17.8
19303,7.2006e-05,0.012,17.8
19304,7.2008e-05,0.012,17.8
19305,7.201000000000001e-05,0.012,17.8
19306,7.2012e-05,0.012,18.2
19307,7.201399999999999e-05,0.012,18.2
19308,7.2016e-05,0.012,18.2
19309,7.2018e-05,0.012,18.2
19310,7.202e-05,0.012,18.2
19311,7.202200000000001e-05,0.012,18.2
19312,7.2024e-05,0.012,18.2
19313,7.202599999999999e-05,0.012,18.2
19314,7.2028e-05,0.012,18.6
19315,7.203e-05,0.012,18.6
19316,7.2032e-05,0.012,18.2
19317,7.203400000000001e-05,0.012,18.6
19318,7.2036e-05,0.012,18.6
19319,7.2038e-05,0.012,18.6
19320,7.204e-05,0.012,18.6
19321,7.2042e-05,0.012,18.6
19322,7.2044e-05,0.012,18.6
19323,7.204600000000001e-05,0.012,18.6
19324,7.2048e-05,0.012,18.6
19325,7.205e-05,0.012,18.6
19326,7.2052e-05,0.012,19.0
19327,7.2054e-05,0.012,19.0
19328,7.2056e-05,0.012,19.0
19329,7.205800000000001e-05,0.012,19.0
19330,7.206e-05,0.012,19.0
19331,7.2062e-05,0.012,19.0
19332,7.206399999999999e-05,0.012,19.0
19333,7.2066e-05,0.012,19.0
19334,7.2068e-05,0.012,19.4
19335,7.207e-05,0.012,19.4
19336,7.207200000000001e-05,0.012,19.4
19337,7.2074e-05,0.012,19.4
19338,7.207599999999999e-05,0.012,19.4
19339,7.2078e-05,0.012,19.4
19340,7.208e-05,0.012,19.4
19341,7.2082e-05,0.012,19.4
19342,7.208400000000001e-05,0.012,19.4
19343,7.2086e-05,0.012,19.4
19344,7.208799999999999e-05,0.012,19.4
19345,7.209e-05,0.012,19.8
19346,7.2092e-05,0.012,19.8
19347,7.2094e-05,0.012,19.8
19348,7.209600000000001e-05,0.012,19.8
19349,7.2098e-05,0.012,19.8
19350,7.21e-05,0.012,19.8
19351,7.2102e-05,0.012,19.8
19352,7.2104e-05,0.012,19.8
19353,7.2106e-05,0.012,19.8
19354,7.210800000000001e-05,0.012,20.2
19355,7.211e-05,0.012,20.2
19356,7.2112e-05,0.012,19.8
19357,7.2114e-05,0.012,20.2
19358,7.2116e-05,0.012,20.2
19359,7.2118e-05,0.012,20.2
19360,7.212000000000001e-05,0.012,20.2
19361,7.2122e-05,0.012,20.2
19362,7.2124e-05,0.012,20.2
19363,7.2126e-05,0.012,20.2
19364,7.2128e-05,0.012,20.2
19365,7.213e-05,0.012,20.2
19366,7.2132e-05,0.012,20.6
19367,7.213400000000001e-05,0.012,20.6
19368,7.2136e-05,0.012,20.6
19369,7.213799999999999e-05,0.012,20.6
19370,7.214e-05,0.012,20.6
19371,7.2142e-05,0.012,20.6
19372,7.2144e-05,0.012,20.6
19373,7.214600000000001e-05,0.012,20.6
19374,7.2148e-05,0.012,20.6
19375,7.214999999999999e-05,0.012,20.6
19376,7.2152e-05,0.012,20.6
19377,7.2154e-05,0.012,20.6
19378,7.2156e-05,0.012,21.0
19379,7.215800000000001e-05,0.012,21.0
19380,7.216e-05,0.012,21.0
19381,7.216199999999999e-05,0.012,21.0
19382,7.2164e-05,0.012,21.0
19383,7.2166e-05,0.012,21.0
19384,7.2168e-05,0.012,21.0
19385,7.217000000000001e-05,0.012,21.0
19386,7.2172e-05,0.012,21.0
19387,7.2174e-05,0.012,21.0
19388,7.2176e-05,0.012,21.0
19389,7.2178e-05,0.012,21.0
19390,7.218e-05,0.012,21.0
19391,7.218200000000001e-05,0.004,21.0
19392,7.2184e-05,0.012,21.0
19393,7.2186e-05,0.012,21.0
19394,7.2188e-05,0.012,21.4
19395,7.219e-05,0.012,21.4
19396,7.2192e-05,0.012,21.0
19397,7.219400000000001e-05,0.012,21.4
19398,7.2196e-05,0.012,21.4
19399,7.2198e-05,0.012,21.4
19400,7.219999999999999e-05,0.012,21.4
19401,7.2202e-05,0.012,21.4
19402,7.2204e-05,0.012,21.4
19403,7.2206e-05,0.012,21.4
19404,7.220800000000001e-05,0.012,21.4
19405,7.221e-05,0.012,21.4
19406,7.221199999999999e-05,0.012,21.4
19407,7.2214e-05,0.012,21.4
19408,7.2216e-05,0.012,21.4
19409,7.2218e-05,0.012,21.4
19410,7.222000000000001e-05,0.012,21.4
19411,7.2222e-05,0.012,21.4
19412,7.222399999999999e-05,0.012,21.4
19413,7.2226e-05,0.012,21.4
19414,7.2228e-05,0.012,21.4
19415,7.223e-05,0.012,21.4
19416,7.223200000000001e-05,0.012,21.4
19417,7.2234e-05,0.012,21.4
19418,7.2236e-05,0.012,21.8
19419,7.2238e-05,0.012,21.4
19420,7.224e-05,0.012,21.4
19421,7.2242e-05,0.012,21.4
19422,7.224400000000001e-05,0.012,21.8
19423,7.2246e-05,0.012,21.8
19424,7.2248e-05,0.012,21.4
19425,7.225e-05,0.004,21.4
19426,7.2252e-05,0.012,21.8
19427,7.2254e-05,0.012,21.8
19428,7.225600000000001e-05,0.004,21.4
19429,7.2258e-05,0.012,21.8
19430,7.226e-05,0.012,21.4
19431,7.2262e-05,0.012,21.8
19432,7.2264e-05,0.012,21.4
19433,7.2266e-05,0.012,21.4
19434,7.2268e-05,0.012,21.8
19435,7.227000000000001e-05,0.004,21.8
19436,7.2272e-05,0.012,21.8
19437,7.227399999999999e-05,0.012,21.8
19438,7.2276e-05,0.028,21.8
19439,7.2278e-05,0.028,21.8
19440,7.228e-05,0.036,21.8
19441,7.228200000000001e-05,0.06,21.8
19442,7.2284e-05,0.068,21.8
19443,7.228599999999999e-05,0.06,21.8
19444,7.2288e-05,0.052,21.8
19445,7.229e-05,0.052,21.8
19446,7.2292e-05,0.052,21.8
19447,7.229400000000001e-05,0.036,21.8
19448,7.2296e-05,0.052,21.8
19449,7.229799999999999e-05,0.052,21.8
19450,7.23e-05,0.052,21.8
19451,7.2302e-05,0.052,21.8
19452,7.2304e-05,0.052,21.8
19453,7.230600000000001e-05,0.052,21.8
19454,7.2308e-05,0.06,21.8
19455,7.231e-05,0.06,21.8
19456,7.2312e-05,0.06,21.8
19457,7.2314e-05,0.06,21.8
19458,7.2316e-05,0.06,21.8
19459,7.231800000000001e-05,0.052,21.8
19460,7.232e-05,0.028,21.8
19461,7.2322e-05,0.02,21.8
19462,7.2324e-05,0.02,21.8
19463,7.2326e-05,0.02,21.4
19464,7.2328e-05,0.028,20.6
19465,7.233000000000001e-05,0.052,18.2
19466,7.2332e-05,0.116,15.0
19467,7.2334e-05,0.18,12.2
19468,7.233599999999999e-05,0.196,9.0
19469,7.2338e-05,0.172,7.4
19470,7.234e-05,0.156,6.2
19471,7.2342e-05,0.116,4.6
19472,7.234400000000001e-05,0.036,3.8
19473,7.2346e-05,-0.044,3.8
19474,7.234799999999999e-05,-0.092,3.8
19475,7.235e-05,-0.1,3.8
19476,7.2352e-05,-0.052,3.8
19477,7.2354e-05,0.012,3.4
19478,7.235600000000001e-05,0.084,3.4
19479,7.2358e-05,0.132,3.0
19480,7.235999999999999e-05,0.14,2.2
19481,7.2362e-05,0.124,1.8
19482,7.2364e-05,0.092,1.4
19483,7.2366e-05,0.02,1.4
19484,7.236800000000001e-05,-0.028,1.0
19485,7.237e-05,-0.06,1.0
19486,7.2372e-05,-0.052,1.0
19487,7.2374e-05,-0.02,1.0
19488,7.2376e-05,0.036,0.6
19489,7.2378e-05,0.092,0.6
19490,7.238000000000001e-05,0.116,0.2
19491,7.2382e-05,0.116,0.2
19492,7.2384e-05,0.092,-1.0
19493,7.2386e-05,0.052,-0.2
19494,7.2388e-05,-0.004,-0.2
19495,7.239e-05,-0.044,-0.2
19496,7.239200000000001e-05,-0.052,0.2
19497,7.2394e-05,-0.036,0.2
19498,7.2396e-05,0.004,0.6
19499,7.2398e-05,0.052,0.2
19500,7.24e-05,0.084,0.2
19501,7.2402e-05,0.092,0.2
19502,7.2404e-05,0.084,-0.2
19503,7.240600000000001e-05,0.06,-0.2
19504,7.2408e-05,0.02,-0.2
19505,7.240999999999999e-05,-0.012,-0.2
19506,7.2412e-05,-0.028,0.2
19507,7.2414e-05,-0.028,0.2
19508,7.2416e-05,-0.004,0.2
19509,7.241800000000001e-05,0.028,0.2
19510,7.242e-05,0.06,0.2
19511,7.242199999999999e-05,0.076,0.2
19512,7.2424e-05,0.076,-0.2
19513,7.2426e-05,0.06,-0.2
19514,7.2428e-05,0.028,0.2
19515,7.243000000000001e-05,0.004,-0.2
19516,7.2432e-05,-0.012,-0.2
19517,7.243399999999999e-05,-0.02,0.2
19518,7.2436e-05,-0.004,0.2
19519,7.2438e-05,0.02,0.2
19520,7.244e-05,0.036,-0.2
19521,7.244200000000001e-05,0.06,0.2
19522,7.2444e-05,0.068,0.2
19523,7.2446e-05,0.06,-0.2
19524,7.2448e-05,0.036,-0.2
19525,7.245e-05,0.02,-0.2
19526,7.2452e-05,0.004,0.2
19527,7.245400000000001e-05,-0.004,0.2
19528,7.2456e-05,-0.004,-0.2
19529,7.2458e-05,0.012,0.2
19530,7.246e-05,0.028,0.2
19531,7.2462e-05,0.052,0.2
19532,7.2464e-05,0.06,-0.2
19533,7.246600000000001e-05,0.06,0.2
19534,7.2468e-05,0.052,0.2
19535,7.247e-05,0.028,-0.2
19536,7.2472e-05,0.012,-0.2
19537,7.2474e-05,0.004,0.2
19538,7.2476e-05,0.004,0.2
19539,7.2478e-05,0.012,0.2
19540,7.248000000000001e-05,0.02,-0.2
19541,7.2482e-05,0.036,0.2
19542,7.248399999999999e-05,0.052,0.2
19543,7.2486e-05,0.052,0.2
19544,7.2488e-05,0.036,-0.2
19545,7.249e-05,0.028,-0.2
19546,7.249200000000001e-05,0.02,0.2
19547,7.2494e-05,0.012,0.2
19548,7.249599999999999e-05,0.004,-0.2
19549,7.2498e-05,0.012,0.2
19550,7.25e-05,0.02,0.2
19551,7.2502e-05,0.028,0.2
19552,7.250400000000001e-05,0.036,-0.2
19553,7.2506e-05,0.036,0.2
19554,7.2508e-05,0.036,0.2
19555,7.251e-05,0.028,0.2
19556,7.2512e-05,0.02,-0.2
19557,7.2514e-05,0.012,0.2
19558,7.251600000000001e-05,0.012,0.2
19559,7.2518e-05,0.012,0.2
19560,7.252e-05,0.02,-0.2
19561,7.2522e-05,0.02,0.2
19562,7.2524e-05,0.028,0.2
19563,7.2526e-05,0.036,0.2
19564,7.252800000000001e-05,0.036,-0.2
19565,7.253e-05,0.036,0.2
19566,7.2532e-05,0.028,0.2
19567,7.2534e-05,0.02,0.2
19568,7.2536e-05,0.02,-0.2
19569,7.2538e-05,0.02,0.2
19570,7.254000000000001e-05,0.02,0.2
19571,7.254200000000001e-05,0.02,0.2
19572,7.2544e-05,0.028,-0.2
19573,7.254599999999999e-05,0.028,0.2
19574,7.2548e-05,0.036,0.2
19575,7.255e-05,0.028,0.2
19576,7.2552e-05,0.028,-0.2
19577,7.255400000000001e-05,0.028,0.2
19578,7.2556e-05,0.02,-0.2
19579,7.255799999999999e-05,0.02,0.2
19580,7.256e-05,0.02,-0.2
19581,7.2562e-05,0.02,0.2
19582,7.2564e-05,0.028,0.2
19583,7.256600000000001e-05,0.028,0.2
19584,7.2568e-05,0.028,-0.2
19585,7.256999999999999e-05,0.028,0.2
19586,7.2572e-05,0.028,0.2
19587,7.2574e-05,0.028,0.2
19588,7.2576e-05,0.02,-0.2
19589,7.257800000000001e-05,0.02,0.2
19590,7.258e-05,0.02,0.2
19591,7.2582e-05,0.02,0.2
19592,7.2584e-05,0.02,-0.2
19593,7.2586e-05,0.028,0.2
19594,7.2588e-05,0.028,0.2
19595,7.259000000000001e-05,0.028,0.2
19596,7.2592e-05,0.028,0.2
19597,7.2594e-05,0.028,0.2
19598,7.2596e-05,0.028,0.2
19599,7.2598e-05,0.02,0.2
19600,7.26e-05,0.02,-0.2
19601,7.260200000000001e-05,0.02,0.2
19602,7.2604e-05,0.028,0.2
19603,7.2606e-05,0.02,0.2
19604,7.2608e-05,0.028,-0.2
19605,7.261e-05,0.028,0.2
19606,7.2612e-05,0.028,0.2
19607,7.2614e-05,0.028,0.2
19608,7.261600000000001e-05,0.028,-0.2
19609,7.2618e-05,0.02,0.2
19610,7.261999999999999e-05,0.02,0.2
19611,7.2622e-05,0.02,0.2
19612,7.2624e-05,0.02,-0.2
19613,7.2626e-05,0.02,0.2
19614,7.262800000000001e-05,0.028,0.2
19615,7.263e-05,0.028,0.2
19616,7.263199999999999e-05,0.028,-0.2
19617,7.2634e-05,0.028,0.2
19618,7.2636e-05,0.028,0.2
19619,7.2638e-05,0.028,0.2
19620,7.264000000000001e-05,0.028,-0.2
19621,7.2642e-05,0.02,0.2
19622,7.2644e-05,0.028,0.2
19623,7.2646e-05,0.02,0.2
19624,7.2648e-05,0.02,-0.2
19625,7.265e-05,0.028,0.2
19626,7.265200000000001e-05,0.028,0.2
19627,7.2654e-05,0.028,0.2
19628,7.2656e-05,0.028,-0.2
19629,7.2658e-05,0.028,0.2
19630,7.266e-05,0.028,0.2
19631,7.2662e-05,0.02,0.2
19632,7.266400000000001e-05,0.02,-0.2
19633,7.2666e-05,0.02,0.2
19634,7.2668e-05,0.028,0.2
19635,7.267e-05,0.028,0.2
19636,7.2672e-05,0.028,0.2
19637,7.2674e-05,0.028,0.2
19638,7.267600000000001e-05,0.028,0.2
19639,7.267800000000001e-05,0.028,0.2
19640,7.268e-05,0.028,-0.2
19641,7.268199999999999e-05,0.028,0.2
19642,7.2684e-05,0.028,0.2
19643,7.2686e-05,0.028,0.2
19644,7.2688e-05,0.028,0.2
19645,7.269000000000001e-05,0.028,0.2
19646,7.2692e-05,0.028,0.2
19647,7.269399999999999e-05,0.028,0.2
19648,7.2696e-05,0.028,-0.2
19649,7.2698e-05,0.028,0.2
19650,7.27e-05,0.028,0.2
19651,7.270200000000001e-05,0.028,0.2
19652,7.2704e-05,0.028,-0.2
19653,7.270599999999999e-05,0.028,0.2
19654,7.2708e-05,0.028,0.2
19655,7.271e-05,0.028,0.2
19656,7.2712e-05,0.028,0.2
19657,7.271400000000001e-05,0.028,0.2
19658,7.2716e-05,0.028,0.2
19659,7.2718e-05,0.028,0.2
19660,7.272e-05,0.028,-0.2
19661,7.2722e-05,0.028,0.2
19662,7.2724e-05,0.028,0.2
19663,7.272600000000001e-05,0.028,0.2
19664,7.2728e-05,0.028,0.2
19665,7.273e-05,0.028,-0.2
19666,7.2732e-05,0.028,0.2
19667,7.2734e-05,0.028,0.2
19668,7.2736e-05,0.028,-0.2
19669,7.273800000000001e-05,0.028,0.2
19670,7.274e-05,0.028,0.2
19671,7.2742e-05,0.028,0.2
19672,7.2744e-05,0.028,-0.2
19673,7.2746e-05,0.028,0.2
19674,7.2748e-05,0.028,0.2
19675,7.275e-05,0.028,0.2
19676,7.275200000000001e-05,0.028,-0.2
19677,7.2754e-05,0.028,0.2
19678,7.275599999999999e-05,0.028,0.2
19679,7.2758e-05,0.028,0.2
19680,7.276e-05,0.028,-0.2
19681,7.2762e-05,0.028,0.2
19682,7.276400000000001e-05,0.028,0.2
19683,7.2766e-05,0.028,0.2
19684,7.276799999999999e-05,0.028,-0.2
19685,7.277e-05,0.028,0.2
19686,7.2772e-05,0.028,0.2
19687,7.2774e-05,0.028,0.2
19688,7.277600000000001e-05,0.028,-0.2
19689,7.2778e-05,0.028,0.2
19690,7.278e-05,0.028,0.2
19691,7.2782e-05,0.028,0.2
19692,7.2784e-05,0.028,-0.2
19693,7.2786e-05,0.028,0.2
19694,7.278800000000001e-05,0.028,0.2
19695,7.279e-05,0.028,0.2
19696,7.2792e-05,0.028,0.2
19697,7.2794e-05,0.028,-0.2
19698,7.2796e-05,0.028,0.2
19699,7.2798e-05,0.028,0.2
19700,7.280000000000001e-05,0.028,-0.2
19701,7.2802e-05,0.028,0.2
19702,7.2804e-05,0.028,0.2
19703,7.2806e-05,0.028,0.2
19704,7.2808e-05,0.028,0.2
19705,7.281e-05,0.028,0.2
19706,7.281200000000001e-05,0.028,0.2
19707,7.281400000000001e-05,0.028,0.2
19708,7.2816e-05,0.028,-0.2
19709,7.281799999999999e-05,0.028,0.2
19710,7.282e-05,0.028,0.2
19711,7.2822e-05,0.028,0.2
19712,7.2824e-05,0.028,-0.2
19713,7.282600000000001e-05,0.028,0.2
19714,7.2828e-05,0.028,0.2
19715,7.282999999999999e-05,0.028,0.2
19716,7.2832e-05,0.028,0.2
19717,7.2834e-05,0.028,0.2
19718,7.2836e-05,0.028,0.2
19719,7.283800000000001e-05,0.028,0.2
19720,7.284e-05,0.028,-0.2
19721,7.284199999999999e-05,0.028,0.2
19722,7.2844e-05,0.028,0.2
19723,7.2846e-05,0.028,0.2
19724,7.2848e-05,0.028,0.2
19725,7.285000000000001e-05,0.028,0.2
19726,7.2852e-05,0.028,0.2
19727,7.2854e-05,0.028,0.2
19728,7.2856e-05,0.028,-0.2
19729,7.2858e-05,0.028,0.2
19730,7.286e-05,0.028,0.2
19731,7.286200000000001e-05,0.028,0.2
19732,7.2864e-05,0.028,-0.2
19733,7.2866e-05,0.028,0.2
19734,7.2868e-05,0.028,0.2
19735,7.287e-05,0.028,0.2
19736,7.2872e-05,0.028,-0.2
19737,7.287400000000001e-05,0.028,0.2
19738,7.2876e-05,0.028,0.2
19739,7.2878e-05,0.028,0.2
19740,7.288e-05,0.028,-0.2
19741,7.2882e-05,0.028,0.2
19742,7.2884e-05,0.028,0.2
19743,7.2886e-05,0.028,0.2
19744,7.288800000000001e-05,0.028,0.2
19745,7.289e-05,0.028,0.2
19746,7.289199999999999e-05,0.028,0.2
19747,7.2894e-05,0.028,0.2
19748,7.2896e-05,0.028,-0.2
19749,7.2898e-05,0.028,0.2
19750,7.290000000000001e-05,0.036,0.2
19751,7.2902e-05,0.028,0.2
19752,7.290399999999999e-05,0.028,-0.2
19753,7.2906e-05,0.028,0.2
19754,7.2908e-05,0.036,0.2
19755,7.291e-05,0.028,0.2
19756,7.291200000000001e-05,0.028,-0.2
19757,7.2914e-05,0.028,0.2
19758,7.291599999999999e-05,0.028,0.2
19759,7.2918e-05,0.028,0.2
19760,7.292e-05,0.028,-0.2
19761,7.2922e-05,0.036,0.2
19762,7.292400000000001e-05,0.036,0.2
19763,7.2926e-05,0.028,0.2
19764,7.2928e-05,0.028,0.2
19765,7.293e-05,0.036,0.2
19766,7.2932e-05,0.036,0.2
19767,7.2934e-05,0.028,0.2
19768,7.293600000000001e-05,0.028,-0.2
19769,7.2938e-05,0.028,0.2
19770,7.294e-05,0.028,0.2
19771,7.2942e-05,0.028,0.2
19772,7.2944e-05,0.028,-0.2
19773,7.2946e-05,0.028,0.2
19774,7.294800000000001e-05,0.036,0.2
19775,7.295e-05,0.028,0.2
19776,7.2952e-05,0.028,-0.2
19777,7.295399999999999e-05,0.036,0.6
19778,7.2956e-05,0.028,-0.2
19779,7.2958e-05,0.028,0.2
19780,7.296e-05,0.036,0.2
19781,7.296200000000001e-05,0.036,0.2
19782,7.2964e-05,0.036,0.2
19783,7.296599999999999e-05,0.028,0.2
19784,7.2968e-05,0.036,0.2
19785,7.297e-05,0.036,0.2
19786,7.2972e-05,0.036,0.2
19787,7.297400000000001e-05,0.028,0.2
19788,7.2976e-05,0.036,-0.2
19789,7.297799999999999e-05,0.028,0.2
19790,7.298e-05,0.036,0.2
19791,7.2982e-05,0.036,0.2
19792,7.2984e-05,0.028,-0.2
19793,7.298600000000001e-05,0.036,0.2
19794,7.2988e-05,0.036,0.2
19795,7.299e-05,0.028,0.2
19796,7.2992e-05,0.036,0.2
19797,7.2994e-05,0.036,0.2
19798,7.2996e-05,0.036,0.2
19799,7.299800000000001e-05,0.028,0.2
19800,7.3e-05,0.028,-0.2
19801,7.3002e-05,0.036,0.2
19802,7.3004e-05,0.036,0.2
19803,7.3006e-05,0.036,0.2
19804,7.3008e-05,0.036,0.2
19805,7.301000000000001e-05,0.028,0.2
19806,7.3012e-05,0.036,0.2
19807,7.3014e-05,0.036,0.2
19808,7.3016e-05,0.036,-0.2
19809,7.3018e-05,0.036,0.2
19810,7.302e-05,0.036,0.2
19811,7.3022e-05,0.036,0.2
19812,7.302400000000001e-05,0.036,-0.2
19813,7.3026e-05,0.036,0.2
19814,7.302799999999999e-05,0.036,0.2
19815,7.303e-05,0.036,0.2
19816,7.3032e-05,0.036,0.2
19817,7.3034e-05,0.036,0.2
19818,7.303600000000001e-05,0.036,0.2
19819,7.3038e-05,0.036,0.2
19820,7.303999999999999e-05,0.036,-0.2
19821,7.3042e-05,0.036,0.2
19822,7.3044e-05,0.036,0.2
19823,7.3046e-05,0.036,0.2
19824,7.304800000000001e-05,0.036,0.2
19825,7.305e-05,0.036,0.2
19826,7.305199999999999e-05,0.036,0.2
19827,7.3054e-05,0.036,0.2
19828,7.3056e-05,0.036,-0.2
19829,7.3058e-05,0.036,0.2
19830,7.306000000000001e-05,0.036,0.2
19831,7.3062e-05,0.036,0.2
19832,7.3064e-05,0.036,-0.2
19833,7.3066e-05,0.036,0.2
19834,7.3068e-05,0.036,0.2
19835,7.307e-05,0.036,0.2
19836,7.307200000000001e-05,0.036,0.2
19837,7.3074e-05,0.036,0.2
19838,7.3076e-05,0.036,0.2
19839,7.3078e-05,0.036,0.2
19840,7.308e-05,0.036,-0.2
19841,7.3082e-05,0.036,0.2
19842,7.308400000000001e-05,0.036,0.2
19843,7.3086e-05,0.036,0.2
19844,7.3088e-05,0.036,0.2
19845,7.308999999999999e-05,0.036,0.2
19846,7.3092e-05,0.036,0.2
19847,7.3094e-05,0.036,0.2
19848,7.3096e-05,0.036,-0.2
19849,7.309800000000001e-05,0.036,0.2
19850,7.31e-05,0.036,0.2
19851,7.310199999999999e-05,0.036,0.2
19852,7.3104e-05,0.036,-0.2
19853,7.3106e-05,0.036,0.2
19854,7.3108e-05,0.036,0.2
19855,7.311000000000001e-05,0.036,0.2
19856,7.3112e-05,0.036,0.2
19857,7.311399999999999e-05,0.036,0.2
19858,7.3116e-05,0.036,0.2
19859,7.3118e-05,0.036,0.2
19860,7.312e-05,0.036,0.2
19861,7.312200000000001e-05,0.036,0.2
19862,7.3124e-05,0.036,0.2
19863,7.3126e-05,0.036,0.2
19864,7.3128e-05,0.036,0.2
19865,7.313e-05,0.036,0.2
19866,7.3132e-05,0.036,0.2
19867,7.313400000000001e-05,0.036,0.2
19868,7.3136e-05,0.036,0.2
19869,7.3138e-05,0.036,0.2
19870,7.314e-05,0.036,0.2
19871,7.3142e-05,0.036,0.2
19872,7.3144e-05,0.036,-0.2
19873,7.314600000000001e-05,0.036,0.2
19874,7.3148e-05,0.036,0.2
19875,7.315e-05,0.036,0.2
19876,7.3152e-05,0.036,0.2
19877,7.3154e-05,0.036,0.2
19878,7.3156e-05,0.036,0.2
19879,7.3158e-05,0.036,0.2
19880,7.316000000000001e-05,0.036,0.2
19881,7.3162e-05,0.036,0.2
19882,7.316399999999999e-05,0.036,0.2
19883,7.3166e-05,0.036,0.2
19884,7.3168e-05,0.036,0.2
19885,7.317e-05,0.036,0.2
19886,7.317200000000001e-05,0.036,0.2
19887,7.3174e-05,0.036,0.2
19888,7.317599999999999e-05,0.036,-0.2
19889,7.3178e-05,0.036,0.2
19890,7.318e-05,0.036,0.2
19891,7.3182e-05,0.036,0.2
19892,7.318400000000001e-05,0.036,0.2
19893,7.3186e-05,0.052,0.2
19894,7.318799999999999e-05,0.052,0.2
19895,7.319e-05,0.036,0.2
19896,7.3192e-05,0.036,0.2
19897,7.3194e-05,0.052,0.2
19898,7.319600000000001e-05,0.052,0.2
19899,7.3198e-05,0.036,0.2
19900,7.32e-05,0.052,0.2
19901,7.3202e-05,0.036,0.2
19902,7.3204e-05,0.052,0.2
19903,7.3206e-05,0.036,0.2
19904,7.320800000000001e-05,0.036,0.2
19905,7.321e-05,0.052,0.2
19906,7.3212e-05,0.052,0.2
19907,7.3214e-05,0.036,0.2
19908,7.3216e-05,0.052,0.2
19909,7.3218e-05,0.052,0.2
19910,7.322000000000001e-05,0.052,0.2
19911,7.3222e-05,0.036,0.2
19912,7.3224e-05,0.036,-0.2
19913,7.322599999999999e-05,0.036,0.2
19914,7.3228e-05,0.052,0.2
19915,7.323e-05,0.036,0.2
19916,7.3232e-05,0.036,0.2
19917,7.323400000000001e-05,0.052,0.2
19918,7.3236e-05,0.036,0.2
19919,7.323799999999999e-05,0.036,0.2
19920,7.324e-05,0.052,-0.2
19921,7.3242e-05,0.052,0.2
19922,7.3244e-05,0.052,0.2
19923,7.324600000000001e-05,0.052,0.2
19924,7.3248e-05,0.052,0.2
19925,7.324999999999999e-05,0.036,0.2
19926,7.3252e-05,0.052,0.2
19927,7.3254e-05,0.036,0.2
19928,7.3256e-05,0.036,0.2
19929,7.325800000000001e-05,0.052,0.2
19930,7.326e-05,0.052,0.2
19931,7.3262e-05,0.052,0.2
19932,7.3264e-05,0.052,0.2
19933,7.3266e-05,0.052,0.2
19934,7.3268e-05,0.052,0.2
19935,7.327000000000001e-05,0.036,0.2
19936,7.3272e-05,0.052,0.2
19937,7.3274e-05,0.052,0.2
19938,7.3276e-05,0.052,0.2
19939,7.3278e-05,0.052,0.2
19940,7.328e-05,0.052,0.2
19941,7.328200000000001e-05,0.052,0.2
19942,7.3284e-05,0.052,0.2
19943,7.3286e-05,0.052,0.2
19944,7.3288e-05,0.052,0.2
19945,7.329e-05,0.052,0.2
19946,7.3292e-05,0.052,0.2
19947,7.3294e-05,0.052,0.2
19948,7.329600000000001e-05,0.052,-0.2
19949,7.3298e-05,0.052,0.2
19950,7.329999999999999e-05,0.052,0.2
19951,7.3302e-05,0.052,0.2
19952,7.3304e-05,0.052,-0.2
19953,7.3306e-05,0.052,0.2
19954,7.330800000000001e-05,0.052,0.2
19955,7.331e-05,0.052,0.2
19956,7.331199999999999e-05,0.052,0.2
19957,7.3314e-05,0.052,0.2
19958,7.3316e-05,0.052,0.2
19959,7.3318e-05,0.052,0.2
19960,7.332000000000001e-05,0.052,0.2
19961,7.3322e-05,0.052,0.2
19962,7.332399999999999e-05,0.052,0.2
19963,7.3326e-05,0.052,0.2
19964,7.3328e-05,0.052,0.2
19965,7.333e-05,0.052,0.2
19966,7.333200000000001e-05,0.052,0.2
19967,7.3334e-05,0.052,0.2
19968,7.3336e-05,0.052,-0.2
19969,7.3338e-05,0.052,0.2
19970,7.334e-05,0.052,0.2
19971,7.3342e-05,0.052,0.2
19972,7.334400000000001e-05,0.052,-0.2
19973,7.3346e-05,0.052,0.2
19974,7.3348e-05,0.052,0.2
19975,7.335e-05,0.052,0.2
19976,7.3352e-05,0.052,-0.2
19977,7.3354e-05,0.052,0.6
19978,7.335600000000001e-05,0.052,0.2
19979,7.3358e-05,0.052,0.2
19980,7.336e-05,0.052,0.2
19981,7.336199999999999e-05,0.052,0.2
19982,7.3364e-05,0.052,0.2
19983,7.3366e-05,0.052,0.2
19984,7.3368e-05,0.052,0.2
19985,7.337000000000001e-05,0.052,0.2
19986,7.3372e-05,0.052,0.2
19987,7.337399999999999e-05,0.052,0.2
19988,7.3376e-05,0.052,0.2
19989,7.3378e-05,0.052,0.2
19990,7.338e-05,0.052,0.2
19991,7.338200000000001e-05,0.052,0.2
19992,7.3384e-05,0.052,0.2
19993,7.338599999999999e-05,0.052,0.2
19994,7.3388e-05,0.052,0.2
19995,7.339e-05,0.052,0.2
19996,7.3392e-05,0.052,0.2
19997,7.339400000000001e-05,0.052,0.2
19998,7.3396e-05,0.052,0.2
19999,7.3398e-05,0.052,0.2
20000,7.34e-05,0.052,-0.2
20001,7.3402e-05,0.052,0.2
20002,7.3404e-05,0.052,0.2
20003,7.340600000000001e-05,0.052,0.2
20004,7.3408e-05,0.052,0.2
20005,7.341e-05,0.052,0.2
20006,7.3412e-05,0.052,0.2
20007,7.3414e-05,0.052,0.2
20008,7.3416e-05,0.052,-0.2
20009,7.341800000000001e-05,0.052,0.2
20010,7.342e-05,0.052,0.2
20011,7.3422e-05,0.052,0.2
20012,7.3424e-05,0.052,0.2
20013,7.3426e-05,0.052,0.2
20014,7.3428e-05,0.052,0.2
20015,7.343e-05,0.052,0.2
20016,7.343200000000001e-05,0.052,0.2
20017,7.3434e-05,0.052,0.2
20018,7.343599999999999e-05,0.06,0.2
20019,7.3438e-05,0.052,0.2
20020,7.344e-05,0.052,-0.2
20021,7.3442e-05,0.052,0.2
20022,7.344400000000001e-05,0.052,0.2
20023,7.3446e-05,0.052,0.2
20024,7.344799999999999e-05,0.052,0.2
20025,7.345e-05,0.052,0.2
20026,7.3452e-05,0.06,0.2
20027,7.3454e-05,0.052,0.2
20028,7.345600000000001e-05,0.052,0.2
20029,7.3458e-05,0.052,0.2
20030,7.345999999999999e-05,0.052,0.2
20031,7.3462e-05,0.052,0.2
20032,7.3464e-05,0.052,0.2
20033,7.3466e-05,0.052,0.2
20034,7.346800000000001e-05,0.06,0.2
20035,7.347e-05,0.052,0.2
20036,7.3472e-05,0.052,0.2
20037,7.3474e-05,0.052,0.2
20038,7.3476e-05,0.052,0.2
20039,7.3478e-05,0.06,0.2
20040,7.348000000000001e-05,0.052,0.2
20041,7.3482e-05,0.052,0.2
20042,7.3484e-05,0.06,0.2
20043,7.3486e-05,0.052,0.2
20044,7.3488e-05,0.06,0.2
20045,7.349e-05,0.052,0.2
20046,7.349200000000001e-05,0.052,0.2
20047,7.3494e-05,0.06,0.2
20048,7.3496e-05,0.052,0.2
20049,7.3498e-05,0.06,0.2
20050,7.35e-05,0.06,0.2
20051,7.3502e-05,0.052,0.2
20052,7.3504e-05,0.06,0.2
20053,7.350600000000001e-05,0.06,0.2
20054,7.3508e-05,0.06,0.2
20055,7.350999999999999e-05,0.052,0.2
20056,7.3512e-05,0.052,0.2
20057,7.3514e-05,0.06,0.2
20058,7.3516e-05,0.06,0.2
20059,7.351800000000001e-05,0.052,0.2
20060,7.352e-05,0.06,-0.2
20061,7.352199999999999e-05,0.06,0.2
20062,7.3524e-05,0.06,0.2
20063,7.3526e-05,0.06,0.2
20064,7.3528e-05,0.052,0.2
20065,7.353000000000001e-05,0.06,0.2
20066,7.3532e-05,0.06,0.2
20067,7.3534e-05,0.06,0.2
20068,7.3536e-05,0.06,0.2
20069,7.3538e-05,0.06,0.2
20070,7.354e-05,0.06,0.2
20071,7.354200000000001e-05,0.052,0.2
20072,7.3544e-05,0.06,0.2
20073,7.3546e-05,0.06,0.2
20074,7.3548e-05,0.06,0.2
20075,7.355e-05,0.06,0.2
20076,7.3552e-05,0.06,0.2
20077,7.355400000000001e-05,0.06,0.2
20078,7.3556e-05,0.06,0.2
20079,7.3558e-05,0.06,0.2
20080,7.356e-05,0.06,0.2
20081,7.3562e-05,0.06,0.2
20082,7.3564e-05,0.06,0.2
20083,7.356600000000001e-05,0.052,0.2
20084,7.356800000000001e-05,0.06,0.2
20085,7.357e-05,0.06,0.2
20086,7.357199999999999e-05,0.06,0.2
20087,7.3574e-05,0.06,0.2
20088,7.3576e-05,0.06,0.2
20089,7.3578e-05,0.06,0.2
20090,7.358000000000001e-05,0.06,0.2
20091,7.3582e-05,0.06,0.2
20092,7.358399999999999e-05,0.06,0.2
20093,7.3586e-05,0.06,0.2
20094,7.3588e-05,0.06,0.2
20095,7.359e-05,0.06,0.2
20096,7.359200000000001e-05,0.06,-0.2
20097,7.3594e-05,0.06,0.2
20098,7.359599999999999e-05,0.06,0.2
20099,7.3598e-05,0.06,0.2
20100,7.36e-05,0.06,0.2
20101,7.3602e-05,0.06,0.2
20102,7.360400000000001e-05,0.06,0.2
20103,7.3606e-05,0.06,0.2
20104,7.3608e-05,0.06,0.2
20105,7.361e-05,0.06,0.2
20106,7.3612e-05,0.06,0.2
20107,7.3614e-05,0.06,0.2
20108,7.361600000000001e-05,0.06,0.2
20109,7.3618e-05,0.06,0.2
20110,7.362e-05,0.06,0.2
20111,7.3622e-05,0.06,0.2
20112,7.3624e-05,0.06,0.2
20113,7.3626e-05,0.06,0.2
20114,7.362800000000001e-05,0.06,0.2
20115,7.363e-05,0.06,0.2
20116,7.3632e-05,0.06,0.2
20117,7.3634e-05,0.06,0.2
20118,7.3636e-05,0.06,0.2
20119,7.3638e-05,0.06,0.2
20120,7.364e-05,0.06,0.2
20121,7.364200000000001e-05,0.06,0.2
20122,7.3644e-05,0.06,0.2
20123,7.364599999999999e-05,0.06,0.2
20124,7.3648e-05,0.06,0.2
20125,7.365e-05,0.06,0.2
20126,7.3652e-05,0.06,0.2
20127,7.365400000000001e-05,0.06,0.2
20128,7.3656e-05,0.06,0.2
20129,7.365799999999999e-05,0.06,0.2
20130,7.366e-05,0.06,0.2
20131,7.3662e-05,0.06,0.2
20132,7.3664e-05,0.06,-0.2
20133,7.366600000000001e-05,0.06,0.2
20134,7.3668e-05,0.06,0.2
20135,7.367e-05,0.06,0.2
20136,7.3672e-05,0.06,0.2
20137,7.3674e-05,0.06,0.2
20138,7.3676e-05,0.06,0.2
20139,7.367800000000001e-05,0.06,0.2
20140,7.368e-05,0.06,0.2
20141,7.3682e-05,0.06,0.2
20142,7.3684e-05,0.06,0.2
20143,7.3686e-05,0.06,0.2
20144,7.3688e-05,0.06,0.2
20145,7.369000000000001e-05,0.06,0.2
20146,7.3692e-05,0.06,0.2
20147,7.3694e-05,0.06,0.2
20148,7.3696e-05,0.06,0.2
20149,7.3698e-05,0.06,0.2
20150,7.37e-05,0.068,0.2
20151,7.370200000000001e-05,0.06,0.2
20152,7.370400000000001e-05,0.06,0.2
20153,7.3706e-05,0.06,0.2
20154,7.370799999999999e-05,0.06,0.2
20155,7.371e-05,0.06,0.2
20156,7.3712e-05,0.06,0.2
20157,7.3714e-05,0.06,0.2
20158,7.371600000000001e-05,0.06,0.2
20159,7.3718e-05,0.06,0.2
20160,7.371999999999999e-05,0.06,0.2
20161,7.3722e-05,0.06,0.2
20162,7.3724e-05,0.06,0.2
20163,7.3726e-05,0.06,0.2
20164,7.372800000000001e-05,0.06,0.2
20165,7.373e-05,0.06,0.2
20166,7.373199999999999e-05,0.06,0.2
20167,7.3734e-05,0.06,0.2
20168,7.3736e-05,0.068,0.2
20169,7.3738e-05,0.06,0.2
20170,7.374000000000001e-05,0.068,0.2
20171,7.3742e-05,0.06,0.2
20172,7.3744e-05,0.06,0.2
20173,7.3746e-05,0.068,0.2
20174,7.3748e-05,0.06,0.6
20175,7.375e-05,0.06,0.2
20176,7.375200000000001e-05,0.06,-0.2
20177,7.3754e-05,0.068,0.6
20178,7.3756e-05,0.068,0.2
20179,7.3758e-05,0.06,0.2
20180,7.376e-05,0.068,0.2
20181,7.3762e-05,0.06,0.2
20182,7.376400000000001e-05,0.068,0.2
20183,7.3766e-05,0.06,0.2
20184,7.3768e-05,0.068,0.2
20185,7.377e-05,0.06,0.2
20186,7.3772e-05,0.06,0.2
20187,7.3774e-05,0.068,0.2
20188,7.3776e-05,0.068,0.2
20189,7.377800000000001e-05,0.068,0.2
20190,7.378e-05,0.068,0.2
20191,7.378199999999999e-05,0.068,0.2
20192,7.3784e-05,0.06,0.2
20193,7.3786e-05,0.068,0.2
20194,7.3788e-05,0.068,0.6
20195,7.379000000000001e-05,0.068,0.2
20196,7.3792e-05,0.068,0.2
20197,7.379399999999999e-05,0.068,0.2
20198,7.3796e-05,0.068,0.2
20199,7.3798e-05,0.068,0.2
20200,7.38e-05,0.068,0.2
20201,7.380200000000001e-05,0.06,0.2
20202,7.3804e-05,0.068,0.2
20203,7.3806e-05,0.068,0.2
20204,7.3808e-05,0.068,0.2
20205,7.381e-05,0.068,0.2
20206,7.3812e-05,0.068,0.2
20207,7.381400000000001e-05,0.068,0.2
20208,7.3816e-05,0.068,0.2
20209,7.3818e-05,0.068,0.2
20210,7.382e-05,0.068,0.2
20211,7.3822e-05,0.068,0.2
20212,7.3824e-05,0.068,-0.2
20213,7.382600000000001e-05,0.068,0.2
20214,7.3828e-05,0.068,0.2
20215,7.383e-05,0.068,0.2
20216,7.3832e-05,0.068,0.2
20217,7.3834e-05,0.068,0.2
20218,7.3836e-05,0.068,0.2
20219,7.383800000000001e-05,0.068,0.2
20220,7.384000000000001e-05,0.068,0.2
20221,7.3842e-05,0.068,0.2
20222,7.384399999999999e-05,0.068,0.2
20223,7.3846e-05,0.068,0.2
20224,7.3848e-05,0.068,0.2
20225,7.385e-05,0.068,0.2
20226,7.385200000000001e-05,0.068,0.2
20227,7.3854e-05,0.068,0.2
20228,7.385599999999999e-05,0.068,-0.2
20229,7.3858e-05,0.068,0.2
20230,7.386e-05,0.068,0.2
20231,7.3862e-05,0.068,0.2
20232,7.386400000000001e-05,0.068,0.2
20233,7.3866e-05,0.068,0.2
20234,7.386799999999999e-05,0.068,0.2
20235,7.387e-05,0.068,0.2
20236,7.3872e-05,0.068,0.2
20237,7.3874e-05,0.068,0.2
20238,7.387600000000001e-05,0.068,0.2
20239,7.3878e-05,0.068,0.2
20240,7.388e-05,0.068,0.2
20241,7.3882e-05,0.068,0.2
20242,7.3884e-05,0.068,0.2
20243,7.3886e-05,0.068,0.2
20244,7.388800000000001e-05,0.068,0.2
20245,7.389e-05,0.068,0.2
20246,7.3892e-05,0.068,0.2
20247,7.3894e-05,0.068,0.2
20248,7.3896e-05,0.068,-0.2
20249,7.3898e-05,0.068,0.2
20250,7.390000000000001e-05,0.068,0.2
20251,7.3902e-05,0.068,0.2
20252,7.3904e-05,0.068,-0.2
20253,7.3906e-05,0.068,0.2
20254,7.3908e-05,0.068,0.6
20255,7.391e-05,0.068,0.2
20256,7.3912e-05,0.068,0.2
20257,7.391400000000001e-05,0.068,0.2
20258,7.3916e-05,0.068,0.2
20259,7.391799999999999e-05,0.068,0.2
20260,7.392e-05,0.068,0.2
20261,7.3922e-05,0.068,0.2
20262,7.3924e-05,0.068,0.2
20263,7.392600000000001e-05,0.068,0.2
20264,7.3928e-05,0.068,0.2
20265,7.392999999999999e-05,0.068,0.2
20266,7.3932e-05,0.068,0.2
20267,7.3934e-05,0.068,0.2
20268,7.3936e-05,0.068,0.2
20269,7.393800000000001e-05,0.068,0.2
20270,7.394e-05,0.068,0.2
20271,7.3942e-05,0.068,0.2
20272,7.3944e-05,0.068,0.2
20273,7.3946e-05,0.068,0.2
20274,7.3948e-05,0.068,0.6
20275,7.395000000000001e-05,0.068,0.2
20276,7.3952e-05,0.068,0.2
20277,7.3954e-05,0.068,0.2
20278,7.3956e-05,0.068,0.2
20279,7.3958e-05,0.068,0.2
20280,7.396e-05,0.068,-0.2
20281,7.396200000000001e-05,0.068,0.2
20282,7.3964e-05,0.076,0.2
20283,7.3966e-05,0.068,0.2
20284,7.3968e-05,0.068,0.2
20285,7.397e-05,0.068,0.2
20286,7.3972e-05,0.068,0.2
20287,7.397400000000001e-05,0.068,0.2
20288,7.397600000000001e-05,0.068,0.2
20289,7.3978e-05,0.068,0.2
20290,7.397999999999999e-05,0.076,0.2
20291,7.3982e-05,0.068,0.2
20292,7.3984e-05,0.068,0.2
20293,7.3986e-05,0.068,0.2
20294,7.398800000000001e-05,0.068,0.2
20295,7.399e-05,0.076,0.2
20296,7.399199999999999e-05,0.068,0.2
20297,7.3994e-05,0.068,0.2
20298,7.3996e-05,0.076,0.2
20299,7.3998e-05,0.068,0.2
20300,7.400000000000001e-05,0.076,0.2
20301,7.4002e-05,0.068,0.2
20302,7.400399999999999e-05,0.076,0.2
20303,7.4006e-05,0.076,0.2
20304,7.4008e-05,0.076,0.2
20305,7.401e-05,0.076,0.2
20306,7.401200000000001e-05,0.076,0.2
20307,7.4014e-05,0.076,0.2
20308,7.4016e-05,0.076,0.2
20309,7.4018e-05,0.068,0.2
20310,7.402e-05,0.076,0.2
20311,7.4022e-05,0.076,0.2
20312,7.402400000000001e-05,0.076,-0.2
20313,7.4026e-05,0.068,0.2
20314,7.4028e-05,0.076,0.2
20315,7.403e-05,0.076,0.2
20316,7.4032e-05,0.076,0.2
20317,7.4034e-05,0.076,0.2
20318,7.403600000000001e-05,0.076,0.2
20319,7.4038e-05,0.076,0.2
20320,7.404e-05,0.068,0.2
20321,7.4042e-05,0.076,0.2
20322,7.4044e-05,0.076,0.2
20323,7.4046e-05,0.068,0.2
20324,7.4048e-05,0.076,0.2
20325,7.405000000000001e-05,0.076,0.2
20326,7.4052e-05,0.076,0.2
20327,7.405399999999999e-05,0.076,0.2
20328,7.4056e-05,0.076,0.2
20329,7.4058e-05,0.076,0.2
20330,7.406e-05,0.076,0.2
20331,7.406200000000001e-05,0.068,0.2
20332,7.4064e-05,0.076,0.2
20333,7.406599999999999e-05,0.076,0.2
20334,7.4068e-05,0.076,0.2
20335,7.407e-05,0.076,0.2
20336,7.4072e-05,0.076,0.2
20337,7.407400000000001e-05,0.076,0.2
20338,7.4076e-05,0.076,0.2
20339,7.407799999999999e-05,0.076,0.2
20340,7.408e-05,0.076,0.2
20341,7.4082e-05,0.076,0.2
20342,7.4084e-05,0.076,0.2
20343,7.408600000000001e-05,0.076,0.2
20344,7.4088e-05,0.076,0.2
20345,7.409e-05,0.076,0.2
20346,7.4092e-05,0.076,0.2
20347,7.4094e-05,0.076,0.2
20348,7.4096e-05,0.076,0.2
20349,7.409800000000001e-05,0.076,0.2
20350,7.41e-05,0.076,0.2
20351,7.4102e-05,0.076,0.2
20352,7.4104e-05,0.076,0.2
20353,7.4106e-05,0.076,0.2
20354,7.4108e-05,0.076,0.2
20355,7.411000000000001e-05,0.076,0.2
20356,7.4112e-05,0.076,0.2
20357,7.4114e-05,0.076,0.2
20358,7.411599999999999e-05,0.076,0.2
20359,7.4118e-05,0.076,0.2
20360,7.412e-05,0.076,0.2
20361,7.4122e-05,0.076,0.2
20362,7.412400000000001e-05,0.076,0.2
20363,7.4126e-05,0.076,0.2
20364,7.412799999999999e-05,0.076,0.2
20365,7.413e-05,0.076,0.2
20366,7.4132e-05,0.076,0.2
20367,7.4134e-05,0.076,0.2
20368,7.413600000000001e-05,0.076,0.2
20369,7.4138e-05,0.076,0.2
20370,7.413999999999999e-05,0.076,0.2
20371,7.4142e-05,0.076,0.2
20372,7.4144e-05,0.076,0.2
20373,7.4146e-05,0.076,0.2
20374,7.414800000000001e-05,0.076,0.6
20375,7.415e-05,0.076,0.2
20376,7.4152e-05,0.076,-0.2
20377,7.4154e-05,0.076,0.6
20378,7.4156e-05,0.076,0.2
20379,7.4158e-05,0.076,0.2
20380,7.416000000000001e-05,0.076,0.2
20381,7.4162e-05,0.076,0.2
20382,7.4164e-05,0.076,0.2
20383,7.4166e-05,0.076,0.2
20384,7.4168e-05,0.076,0.2
20385,7.417e-05,0.076,0.2
20386,7.417200000000001e-05,0.076,0.2
20387,7.4174e-05,0.076,0.2
20388,7.4176e-05,0.076,0.2
20389,7.4178e-05,0.076,0.2
20390,7.418e-05,0.076,0.2
20391,7.4182e-05,0.076,0.2
20392,7.4184e-05,0.076,0.2
20393,7.418600000000001e-05,0.076,0.2
20394,7.4188e-05,0.076,0.2
20395,7.418999999999999e-05,0.076,0.2
20396,7.4192e-05,0.076,0.2
20397,7.4194e-05,0.076,0.2
20398,7.4196e-05,0.076,0.2
20399,7.419800000000001e-05,0.076,0.6
20400,7.42e-05,0.076,0.2
20401,7.420199999999999e-05,0.076,0.2
20402,7.4204e-05,0.076,0.6
20403,7.4206e-05,0.076,0.2
20404,7.4208e-05,0.076,0.2
20405,7.421000000000001e-05,0.076,0.2
20406,7.4212e-05,0.076,0.2
20407,7.421399999999999e-05,0.076,0.2
20408,7.4216e-05,0.076,0.2
20409,7.4218e-05,0.076,0.2
20410,7.422e-05,0.076,0.2
20411,7.422200000000001e-05,0.076,0.2
20412,7.4224e-05,0.076,0.2
20413,7.4226e-05,0.076,0.2
20414,7.4228e-05,0.076,0.2
20415,7.423e-05,0.076,0.2
20416,7.4232e-05,0.076,0.2
20417,7.423400000000001e-05,0.076,0.2
20418,7.4236e-05,0.076,0.2
20419,7.4238e-05,0.084,0.2
20420,7.424e-05,0.076,0.2
20421,7.4242e-05,0.076,0.2
20422,7.4244e-05,0.084,0.2
20423,7.424600000000001e-05,0.084,0.2
20424,7.4248e-05,0.076,0.2
20425,7.425e-05,0.076,0.2
20426,7.425199999999999e-05,0.084,0.2
20427,7.4254e-05,0.076,0.2
20428,7.4256e-05,0.076,0.2
20429,7.4258e-05,0.084,0.2
20430,7.426000000000001e-05,0.084,0.2
20431,7.4262e-05,0.084,0.2
20432,7.426399999999999e-05,0.084,0.2
20433,7.4266e-05,0.084,0.2
20434,7.4268e-05,0.084,0.2
20435,7.427e-05,0.076,0.2
20436,7.427200000000001e-05,0.084,0.2
20437,7.4274e-05,0.084,0.2
20438,7.427599999999999e-05,0.084,0.2
20439,7.4278e-05,0.084,0.2
20440,7.428e-05,0.076,0.2
20441,7.4282e-05,0.084,0.2
20442,7.428400000000001e-05,0.084,0.2
20443,7.4286e-05,0.084,0.2
20444,7.4288e-05,0.084,0.2
20445,7.429e-05,0.084,0.2
20446,7.4292e-05,0.084,0.2
20447,7.4294e-05,0.084,0.2
20448,7.429600000000001e-05,0.084,0.2
20449,7.4298e-05,0.084,0.2
20450,7.43e-05,0.084,0.2
20451,7.4302e-05,0.084,0.2
20452,7.4304e-05,0.084,0.2
20453,7.4306e-05,0.084,0.2
20454,7.430800000000001e-05,0.084,0.2
20455,7.431e-05,0.084,0.2
20456,7.4312e-05,0.084,0.2
20457,7.4314e-05,0.084,0.2
20458,7.4316e-05,0.084,0.2
20459,7.4318e-05,0.084,0.2
20460,7.432e-05,0.084,0.2
20461,7.432200000000001e-05,0.084,0.6
20462,7.4324e-05,0.084,0.2
20463,7.432599999999999e-05,0.084,0.2
20464,7.4328e-05,0.084,0.2
20465,7.433e-05,0.084,0.2
20466,7.4332e-05,0.084,0.2
20467,7.433400000000001e-05,0.084,0.2
20468,7.4336e-05,0.084,0.2
20469,7.433799999999999e-05,0.084,0.2
20470,7.434e-05,0.084,0.2
20471,7.4342e-05,0.084,0.2
20472,7.4344e-05,0.084,0.2
20473,7.434600000000001e-05,0.084,0.2
20474,7.4348e-05,0.084,0.2
20475,7.434999999999999e-05,0.084,0.2
20476,7.4352e-05,0.084,0.2
20477,7.4354e-05,0.084,0.2
20478,7.4356e-05,0.084,0.2
20479,7.435800000000001e-05,0.084,0.2
20480,7.436e-05,0.084,0.2
20481,7.4362e-05,0.084,0.2
20482,7.4364e-05,0.084,0.2
20483,7.4366e-05,0.084,0.2
20484,7.4368e-05,0.084,0.2
20485,7.437000000000001e-05,0.084,0.2
20486,7.4372e-05,0.084,0.6
20487,7.4374e-05,0.084,0.2
20488,7.4376e-05,0.084,0.2
20489,7.4378e-05,0.084,0.2
20490,7.438e-05,0.084,0.2
20491,7.438200000000001e-05,0.084,0.2
20492,7.4384e-05,0.084,0.2
20493,7.4386e-05,0.084,0.2
20494,7.438799999999999e-05,0.084,0.6
20495,7.439e-05,0.084,0.2
20496,7.4392e-05,0.084,0.2
20497,7.4394e-05,0.084,0.2
20498,7.439600000000001e-05,0.084,0.2
20499,7.4398e-05,0.084,0.2
20500,7.439999999999999e-05,0.084,0.2
20501,7.4402e-05,0.084,0.2
20502,7.4404e-05,0.084,0.2
20503,7.4406e-05,0.084,0.2
20504,7.440800000000001e-05,0.084,0.2
20505,7.441e-05,0.084,0.2
20506,7.441199999999999e-05,0.084,0.6
20507,7.4414e-05,0.084,0.2
20508,7.4416e-05,0.084,0.2
20509,7.4418e-05,0.084,0.6
20510,7.442000000000001e-05,0.084,0.2
20511,7.4422e-05,0.084,0.2
20512,7.4424e-05,0.084,0.2
20513,7.4426e-05,0.084,0.2
20514,7.4428e-05,0.084,0.6
20515,7.443e-05,0.084,0.2
20516,7.443200000000001e-05,0.084,0.2
20517,7.4434e-05,0.092,0.2
20518,7.4436e-05,0.084,0.2
20519,7.4438e-05,0.084,0.2
20520,7.444e-05,0.084,0.2
20521,7.4442e-05,0.084,0.2
20522,7.444400000000001e-05,0.084,0.2
20523,7.4446e-05,0.084,0.2
20524,7.4448e-05,0.084,0.2
20525,7.445e-05,0.084,0.2
20526,7.4452e-05,0.084,0.2
20527,7.4454e-05,0.084,0.2
20528,7.4456e-05,0.084,0.2
20529,7.445800000000001e-05,0.084,0.2
20530,7.446e-05,0.084,0.2
20531,7.446199999999999e-05,0.084,0.2
20532,7.4464e-05,0.084,0.2
20533,7.4466e-05,0.084,0.2
20534,7.4468e-05,0.084,0.2
20535,7.447000000000001e-05,0.084,0.2
20536,7.4472e-05,0.092,0.2
20537,7.447399999999999e-05,0.092,0.2
20538,7.4476e-05,0.092,0.2
20539,7.4478e-05,0.084,0.2
20540,7.448e-05,0.092,0.2
20541,7.448200000000001e-05,0.092,0.6
20542,7.4484e-05,0.092,0.2
20543,7.448599999999999e-05,0.084,0.2
20544,7.4488e-05,0.084,0.2
20545,7.449e-05,0.084,0.2
20546,7.4492e-05,0.084,0.6
20547,7.449400000000001e-05,0.084,0.2
20548,7.4496e-05,0.084,0.2
20549,7.4498e-05,0.092,0.6
20550,7.45e-05,0.084,0.2
20551,7.4502e-05,0.092,0.6
20552,7.4504e-05,0.092,0.2
20553,7.450600000000001e-05,0.092,0.2
20554,7.4508e-05,0.092,0.6
20555,7.451e-05,0.084,0.2
20556,7.4512e-05,0.092,0.2
20557,7.4514e-05,0.092,0.2
20558,7.4516e-05,0.092,0.2
20559,7.451800000000001e-05,0.092,0.2
20560,7.452e-05,0.092,0.2
20561,7.4522e-05,0.092,0.2
20562,7.4524e-05,0.092,0.2
20563,7.4526e-05,0.092,0.2
20564,7.4528e-05,0.092,0.2
20565,7.453e-05,0.092,0.2
20566,7.453200000000001e-05,0.092,0.6
20567,7.4534e-05,0.092,0.2
20568,7.453599999999999e-05,0.092,0.2
20569,7.4538e-05,0.092,0.2
20570,7.454e-05,0.092,0.2
20571,7.4542e-05,0.092,0.2
20572,7.454400000000001e-05,0.092,0.2
20573,7.4546e-05,0.092,0.2
20574,7.454799999999999e-05,0.092,0.6
20575,7.455e-05,0.092,0.2
20576,7.4552e-05,0.092,-0.2
20577,7.4554e-05,0.092,0.6
20578,7.455600000000001e-05,0.092,0.2
20579,7.4558e-05,0.092,0.2
20580,7.456e-05,0.092,0.2
20581,7.4562e-05,0.092,0.2
20582,7.4564e-05,0.092,0.6
20583,7.4566e-05,0.092,0.2
20584,7.456800000000001e-05,0.092,0.2
20585,7.457e-05,0.092,0.2
20586,7.4572e-05,0.092,0.2
20587,7.4574e-05,0.092,0.2
20588,7.4576e-05,0.092,0.2
20589,7.4578e-05,0.092,0.2
20590,7.458000000000001e-05,0.092,0.6
20591,7.4582e-05,0.092,0.2
20592,7.4584e-05,0.092,0.2
20593,7.4586e-05,0.092,0.2
20594,7.4588e-05,0.092,0.6
20595,7.459e-05,0.092,0.2
20596,7.459200000000001e-05,0.092,0.2
20597,7.459400000000001e-05,0.092,0.2
20598,7.4596e-05,0.092,0.2
20599,7.459799999999999e-05,0.092,0.2
20600,7.46e-05,0.092,0.2
20601,7.4602e-05,0.092,0.2
20602,7.4604e-05,0.092,0.2
20603,7.460600000000001e-05,0.092,0.2
20604,7.4608e-05,0.092,0.2
20605,7.460999999999999e-05,0.092,0.2
20606,7.4612e-05,0.092,0.6
20607,7.4614e-05,0.092,0.2
20608,7.4616e-05,0.092,0.2
20609,7.461800000000001e-05,0.092,0.2
20610,7.462e-05,0.092,0.2
20611,7.462199999999999e-05,0.092,0.2
20612,7.4624e-05,0.092,0.2
20613,7.4626e-05,0.092,0.2
20614,7.4628e-05,0.092,0.2
20615,7.463000000000001e-05,0.092,0.2
20616,7.4632e-05,0.092,0.2
20617,7.4634e-05,0.092,0.2
20618,7.4636e-05,0.092,0.2
20619,7.4638e-05,0.092,0.2
20620,7.464e-05,0.092,0.2
20621,7.464200000000001e-05,0.092,0.6
20622,7.4644e-05,0.092,0.6
20623,7.4646e-05,0.092,0.2
20624,7.4648e-05,0.092,0.2
20625,7.465e-05,0.092,0.2
20626,7.4652e-05,0.092,0.6
20627,7.465400000000001e-05,0.092,0.2
20628,7.4656e-05,0.092,0.2
20629,7.4658e-05,0.092,0.2
20630,7.466e-05,0.092,0.2
20631,7.4662e-05,0.092,0.2
20632,7.4664e-05,0.092,0.2
20633,7.4666e-05,0.092,0.2
20634,7.466800000000001e-05,0.092,0.6
20635,7.467e-05,0.092,0.2
20636,7.467199999999999e-05,0.092,0.2
20637,7.4674e-05,0.092,0.2
20638,7.4676e-05,0.092,0.2
20639,7.4678e-05,0.092,0.2
20640,7.468000000000001e-05,0.092,0.2
20641,7.4682e-05,0.092,0.2
20642,7.468399999999999e-05,0.092,0.2
20643,7.4686e-05,0.092,0.2
20644,7.4688e-05,0.092,0.2
20645,7.469e-05,0.092,0.2
20646,7.469200000000001e-05,0.092,0.6
20647,7.4694e-05,0.092,0.2
20648,7.4696e-05,0.092,0.2
20649,7.4698e-05,0.092,0.2
20650,7.47e-05,0.092,0.2
20651,7.4702e-05,0.092,0.6
20652,7.470400000000001e-05,0.092,0.2
20653,7.4706e-05,0.1,0.2
20654,7.4708e-05,0.1,0.6
20655,7.471e-05,0.092,0.2
20656,7.4712e-05,0.092,0.2
20657,7.4714e-05,0.1,0.2
20658,7.471600000000001e-05,0.1,0.2
20659,7.4718e-05,0.1,0.2
20660,7.472e-05,0.092,0.2
20661,7.4722e-05,0.092,0.2
20662,7.4724e-05,0.1,0.2
20663,7.4726e-05,0.1,0.2
20664,7.472800000000001e-05,0.092,0.2
20665,7.473000000000001e-05,0.092,0.2
20666,7.4732e-05,0.1,0.2
20667,7.473399999999999e-05,0.1,0.2
20668,7.4736e-05,0.1,0.2
20669,7.4738e-05,0.1,0.2
20670,7.474e-05,0.1,0.2
20671,7.474200000000001e-05,0.1,0.2
20672,7.4744e-05,0.092,0.2
20673,7.474599999999999e-05,0.1,0.2
20674,7.4748e-05,0.1,0.6
20675,7.475e-05,0.1,0.2
20676,7.4752e-05,0.1,0.2
20677,7.475400000000001e-05,0.1,0.2
20678,7.4756e-05,0.1,0.2
20679,7.475799999999999e-05,0.1,0.2
20680,7.476e-05,0.1,0.2
20681,7.4762e-05,0.1,0.6
20682,7.4764e-05,0.1,0.2
20683,7.476600000000001e-05,0.1,0.2
20684,7.4768e-05,0.1,0.2
20685,7.477e-05,0.1,0.2
20686,7.4772e-05,0.1,0.2
20687,7.4774e-05,0.1,0.2
20688,7.4776e-05,0.1,0.2
20689,7.477800000000001e-05,0.1,0.2
20690,7.478e-05,0.1,0.2
20691,7.4782e-05,0.1,0.2
20692,7.4784e-05,0.1,0.2
20693,7.4786e-05,0.1,0.2
20694,7.4788e-05,0.1,0.2
20695,7.479000000000001e-05,0.1,0.2
20696,7.4792e-05,0.1,0.2
20697,7.4794e-05,0.1,0.2
20698,7.4796e-05,0.1,0.6
20699,7.4798e-05,0.1,0.2
20700,7.48e-05,0.1,0.2
20701,7.4802e-05,0.1,0.2
20702,7.480400000000001e-05,0.1,0.2
20703,7.4806e-05,0.1,0.6
20704,7.480799999999999e-05,0.1,0.2
20705,7.481e-05,0.1,0.2
20706,7.4812e-05,0.1,0.6
20707,7.4814e-05,0.1,0.2
20708,7.481600000000001e-05,0.1,0.2
20709,7.4818e-05,0.1,0.6
20710,7.481999999999999e-05,0.1,0.2
20711,7.4822e-05,0.1,0.6
20712,7.4824e-05,0.1,0.2
20713,7.4826e-05,0.1,0.2
20714,7.482800000000001e-05,0.1,0.6
20715,7.483e-05,0.1,0.2
20716,7.4832e-05,0.1,0.2
20717,7.4834e-05,0.1,0.2
20718,7.4836e-05,0.1,0.2
20719,7.4838e-05,0.1,0.6
20720,7.484000000000001e-05,0.1,0.2
20721,7.4842e-05,0.1,0.6
20722,7.4844e-05,0.1,0.2
20723,7.4846e-05,0.1,0.2
20724,7.4848e-05,0.1,0.2
20725,7.485e-05,0.1,0.2
20726,7.485200000000001e-05,0.1,0.2
20727,7.4854e-05,0.1,0.6
20728,7.4856e-05,0.1,0.2
20729,7.4858e-05,0.1,0.2
20730,7.486e-05,0.1,0.2
20731,7.4862e-05,0.1,0.2
20732,7.486400000000001e-05,0.1,0.2
20733,7.486600000000001e-05,0.1,0.2
20734,7.4868e-05,0.1,0.6
20735,7.486999999999999e-05,0.1,0.2
20736,7.4872e-05,0.1,0.2
20737,7.4874e-05,0.1,0.2
20738,7.4876e-05,0.1,0.2
20739,7.487800000000001e-05,0.1,0.2
20740,7.488e-05,0.1,0.2
20741,7.488199999999999e-05,0.1,0.2
20742,7.4884e-05,0.1,0.2
20743,7.4886e-05,0.1,0.2
20744,7.4888e-05,0.1,0.2
20745,7.489000000000001e-05,0.1,0.2
20746,7.4892e-05,0.1,0.2
20747,7.489399999999999e-05,0.1,0.2
20748,7.4896e-05,0.1,0.2
20749,7.4898e-05,0.1,0.2
20750,7.49e-05,0.1,0.2
20751,7.490200000000001e-05,0.1,0.2
20752,7.4904e-05,0.1,0.2
20753,7.4906e-05,0.1,0.2
20754,7.4908e-05,0.1,0.6
20755,7.491e-05,0.1,0.2
20756,7.4912e-05,0.1,0.2
20757,7.491400000000001e-05,0.1,0.2
20758,7.4916e-05,0.1,0.2
20759,7.4918e-05,0.1,0.2
20760,7.492e-05,0.108,0.2
20761,7.4922e-05,0.108,0.6
20762,7.4924e-05,0.1,0.6
20763,7.492600000000001e-05,0.1,0.2
20764,7.4928e-05,0.1,0.2
20765,7.493e-05,0.1,0.2
20766,7.4932e-05,0.108,0.6
20767,7.4934e-05,0.108,0.2
20768,7.4936e-05,0.1,0.2
20769,7.4938e-05,0.1,0.2
20770,7.494000000000001e-05,0.1,0.2
20771,7.4942e-05,0.108,0.2
20772,7.494399999999999e-05,0.1,0.2
20773,7.4946e-05,0.1,0.2
20774,7.4948e-05,0.1,0.6
20775,7.495e-05,0.108,0.2
20776,7.495200000000001e-05,0.1,0.2
20777,7.4954e-05,0.108,0.6
20778,7.495599999999999e-05,0.108,0.2
20779,7.4958e-05,0.108,0.2
20780,7.496e-05,0.108,0.2
20781,7.4962e-05,0.108,0.2
20782,7.496400000000001e-05,0.108,0.2
20783,7.4966e-05,0.108,0.2
20784,7.4968e-05,0.108,0.2
20785,7.497e-05,0.108,0.2
20786,7.4972e-05,0.108,0.2
20787,7.4974e-05,0.108,0.6
20788,7.497600000000001e-05,0.108,0.2
20789,7.4978e-05,0.108,0.2
20790,7.498e-05,0.108,0.6
20791,7.4982e-05,0.108,0.2
20792,7.4984e-05,0.108,0.2
20793,7.4986e-05,0.108,0.6
20794,7.498800000000001e-05,0.108,0.6
20795,7.499e-05,0.108,0.2
20796,7.4992e-05,0.108,0.2
20797,7.4994e-05,0.108,0.6
20798,7.4996e-05,0.108,0.2
20799,7.4998e-05,0.108,0.2
20800,7.500000000000001e-05,0.108,0.2
20801,7.500200000000001e-05,0.108,0.2
20802,7.5004e-05,0.108,0.2
20803,7.500599999999999e-05,0.108,0.2
20804,7.5008e-05,0.108,0.2
20805,7.501e-05,0.108,0.2
20806,7.5012e-05,0.108,0.2
20807,7.501400000000001e-05,0.108,0.2
20808,7.5016e-05,0.108,0.2
20809,7.501799999999999e-05,0.108,0.6
20810,7.502e-05,0.108,0.2
20811,7.5022e-05,0.108,0.6
20812,7.5024e-05,0.108,0.2
20813,7.502600000000001e-05,0.108,0.2
20814,7.5028e-05,0.108,0.6
20815,7.502999999999999e-05,0.108,0.2
20816,7.5032e-05,0.108,0.2
20817,7.5034e-05,0.108,0.2
20818,7.5036e-05,0.108,0.6
20819,7.503800000000001e-05,0.108,0.6
20820,7.504e-05,0.108,0.2
20821,7.5042e-05,0.108,0.2
20822,7.5044e-05,0.108,0.2
20823,7.5046e-05,0.108,0.2
20824,7.5048e-05,0.108,0.2
20825,7.505000000000001e-05,0.108,0.2
20826,7.5052e-05,0.108,0.6
20827,7.5054e-05,0.108,0.2
20828,7.5056e-05,0.108,0.2
20829,7.5058e-05,0.108,0.2
20830,7.506e-05,0.108,0.2
20831,7.506200000000001e-05,0.108,0.6
20832,7.5064e-05,0.108,0.2
20833,7.5066e-05,0.108,0.2
20834,7.5068e-05,0.108,0.6
20835,7.507e-05,0.108,0.6
20836,7.5072e-05,0.108,0.2
20837,7.5074e-05,0.108,0.2
20838,7.507600000000001e-05,0.108,0.2
20839,7.5078e-05,0.108,0.2
20840,7.507999999999999e-05,0.108,0.2
20841,7.5082e-05,0.108,0.2
20842,7.5084e-05,0.108,0.6
20843,7.5086e-05,0.108,0.2
20844,7.508800000000001e-05,0.108,0.2
20845,7.509e-05,0.108,0.2
20846,7.509199999999999e-05,0.108,0.6
20847,7.5094e-05,0.108,0.2
20848,7.5096e-05,0.108,0.2
20849,7.5098e-05,0.108,0.2
20850,7.510000000000001e-05,0.108,0.2
20851,7.5102e-05,0.108,0.2
20852,7.5104e-05,0.108,0.2
20853,7.5106e-05,0.108,0.2
20854,7.5108e-05,0.108,0.6
20855,7.511e-05,0.108,0.2
20856,7.511200000000001e-05,0.108,0.2
20857,7.5114e-05,0.108,0.2
20858,7.5116e-05,0.108,0.6
20859,7.5118e-05,0.108,0.6
20860,7.512e-05,0.108,0.2
20861,7.5122e-05,0.108,0.2
20862,7.512400000000001e-05,0.108,0.6
20863,7.5126e-05,0.108,0.2
20864,7.5128e-05,0.108,0.2
20865,7.513e-05,0.108,0.2
20866,7.5132e-05,0.108,0.6
20867,7.5134e-05,0.108,0.2
20868,7.513600000000001e-05,0.108,0.2
20869,7.513800000000001e-05,0.108,0.2
20870,7.514e-05,0.108,0.2
20871,7.514199999999999e-05,0.108,0.2
20872,7.5144e-05,0.108,0.2
20873,7.5146e-05,0.108,0.2
20874,7.5148e-05,0.116,0.6
20875,7.515000000000001e-05,0.116,0.2
20876,7.5152e-05,0.108,0.2
20877,7.515399999999999e-05,0.108,0.2
20878,7.5156e-05,0.116,0.2
20879,7.5158e-05,0.108,0.2
20880,7.516e-05,0.108,0.2
20881,7.516200000000001e-05,0.108,0.6
20882,7.5164e-05,0.116,0.2
20883,7.516599999999999e-05,0.116,0.2
20884,7.5168e-05,0.116,0.2
20885,7.517e-05,0.116,0.2
20886,7.5172e-05,0.116,0.6
20887,7.517400000000001e-05,0.116,0.2
20888,7.5176e-05,0.108,0.2
20889,7.5178e-05,0.108,0.2
20890,7.518e-05,0.116,0.6
20891,7.5182e-05,0.116,0.2
20892,7.5184e-05,0.108,0.2
20893,7.518600000000001e-05,0.116,0.2
20894,7.5188e-05,0.116,0.6
20895,7.519e-05,0.116,0.2
20896,7.5192e-05,0.116,0.2
20897,7.5194e-05,0.116,0.2
20898,7.5196e-05,0.116,0.6
20899,7.519800000000001e-05,0.116,0.2
20900,7.52e-05,0.116,0.2
20901,7.5202e-05,0.116,0.6
20902,7.5204e-05,0.116,0.6
20903,7.5206e-05,0.116,0.6
20904,7.5208e-05,0.116,0.2
20905,7.521e-05,0.116,0.2
20906,7.521200000000001e-05,0.116,0.6
20907,7.5214e-05,0.116,0.6
20908,7.521599999999999e-05,0.116,0.2
20909,7.5218e-05,0.116,0.6
20910,7.522e-05,0.116,0.2
20911,7.5222e-05,0.116,0.6
20912,7.522400000000001e-05,0.116,0.2
20913,7.5226e-05,0.116,0.2
20914,7.522799999999999e-05,0.116,0.6
20915,7.523e-05,0.116,0.2
20916,7.5232e-05,0.116,0.2
20917,7.5234e-05,0.116,0.6
20918,7.523600000000001e-05,0.116,0.2
20919,7.5238e-05,0.116,0.2
20920,7.524e-05,0.116,0.2
20921,7.5242e-05,0.116,0.2
20922,7.5244e-05,0.116,0.6
20923,7.5246e-05,0.116,0.2
20924,7.524800000000001e-05,0.116,0.2
20925,7.525e-05,0.116,0.2
20926,7.5252e-05,0.116,0.2
20927,7.5254e-05,0.116,0.6
20928,7.5256e-05,0.116,0.2
20929,7.5258e-05,0.116,0.6
20930,7.526000000000001e-05,0.116,0.6
20931,7.5262e-05,0.116,0.6
20932,7.5264e-05,0.116,0.2
20933,7.5266e-05,0.116,0.6
20934,7.5268e-05,0.116,0.6
20935,7.527e-05,0.116,0.2
20936,7.527200000000001e-05,0.116,0.2
20937,7.5274e-05,0.116,0.2
20938,7.5276e-05,0.116,0.6
20939,7.527799999999999e-05,0.116,0.6
20940,7.528e-05,0.116,0.2
20941,7.5282e-05,0.116,0.6
20942,7.5284e-05,0.116,0.6
20943,7.528600000000001e-05,0.116,0.6
20944,7.5288e-05,0.116,0.2
20945,7.528999999999999e-05,0.116,0.2
20946,7.5292e-05,0.116,0.6
20947,7.5294e-05,0.116,0.6
20948,7.5296e-05,0.116,0.2
20949,7.529800000000001e-05,0.116,0.6
20950,7.53e-05,0.116,0.2
20951,7.530199999999999e-05,0.116,0.2
20952,7.5304e-05,0.116,0.2
20953,7.5306e-05,0.116,0.6
20954,7.5308e-05,0.116,0.6
20955,7.531000000000001e-05,0.116,0.2
20956,7.5312e-05,0.116,0.2
20957,7.5314e-05,0.116,0.6
20958,7.5316e-05,0.116,0.2
20959,7.5318e-05,0.116,0.6
20960,7.532e-05,0.116,0.2
20961,7.532200000000001e-05,0.116,0.2
20962,7.5324e-05,0.116,0.2
20963,7.5326e-05,0.116,0.6
20964,7.5328e-05,0.116,0.2
20965,7.533e-05,0.116,0.6
20966,7.5332e-05,0.116,0.6
20967,7.533400000000001e-05,0.116,0.6
20968,7.5336e-05,0.116,0.2
20969,7.5338e-05,0.116,0.6
20970,7.534e-05,0.116,0.2
20971,7.5342e-05,0.116,0.6
20972,7.5344e-05,0.116,0.2
20973,7.5346e-05,0.116,0.2
20974,7.534800000000001e-05,0.116,0.6
20975,7.535e-05,0.116,0.6
20976,7.535199999999999e-05,0.116,0.2
20977,7.5354e-05,0.116,0.6
20978,7.5356e-05,0.116,0.2
20979,7.5358e-05,0.116,0.6
20980,7.536000000000001e-05,0.116,0.2
20981,7.5362e-05,0.116,0.2
20982,7.536399999999999e-05,0.124,0.6
20983,7.5366e-05,0.124,0.2
20984,7.5368e-05,0.116,0.2
20985,7.537e-05,0.116,0.6
20986,7.537200000000001e-05,0.116,0.6
20987,7.5374e-05,0.124,0.6
20988,7.537599999999999e-05,0.116,0.2
20989,7.5378e-05,0.124,0.6
20990,7.538e-05,0.124,0.6
20991,7.5382e-05,0.124,0.2
20992,7.538400000000001e-05,0.116,0.2
20993,7.5386e-05,0.116,0.2
20994,7.5388e-05,0.124,0.6
20995,7.539e-05,0.124,0.2
20996,7.5392e-05,0.124,0.2
20997,7.5394e-05,0.124,0.6
20998,7.539600000000001e-05,0.116,0.2
20999,7.5398e-05,0.124,0.6
21000,7.54e-05,0.116,0.2
21001,7.5402e-05,0.116,0.2
21002,7.5404e-05,0.124,0.6
21003,7.5406e-05,0.124,0.2
21004,7.540800000000001e-05,0.124,0.2
21005,7.541e-05,0.124,0.2
21006,7.5412e-05,0.124,0.6
21007,7.541399999999999e-05,0.124,0.6
21008,7.5416e-05,0.124,0.2
21009,7.5418e-05,0.124,0.2
21010,7.542e-05,0.124,0.6
21011,7.542200000000001e-05,0.124,0.6
21012,7.5424e-05,0.124,0.2
21013,7.542599999999999e-05,0.124,0.6
21014,7.5428e-05,0.124,0.6
21015,7.543e-05,0.124,0.2
21016,7.5432e-05,0.124,0.2
21017,7.543400000000001e-05,0.124,0.2
21018,7.5436e-05,0.124,0.6
21019,7.543799999999999e-05,0.124,0.6
21020,7.544e-05,0.124,0.2
21021,7.5442e-05,0.124,0.6
21022,7.5444e-05,0.124,0.6
21023,7.544600000000001e-05,0.124,0.6
21024,7.5448e-05,0.124,0.2
21025,7.545e-05,0.124,0.2
21026,7.5452e-05,0.124,0.6
21027,7.5454e-05,0.124,0.2
21028,7.5456e-05,0.124,0.2
21029,7.545800000000001e-05,0.124,0.6
21030,7.546e-05,0.124,0.6
21031,7.5462e-05,0.124,0.6
21032,7.5464e-05,0.124,0.2
21033,7.5466e-05,0.124,0.2
21034,7.5468e-05,0.124,0.6
21035,7.547000000000001e-05,0.124,0.2
21036,7.5472e-05,0.124,0.2
21037,7.5474e-05,0.124,0.2
21038,7.5476e-05,0.124,0.2
21039,7.5478e-05,0.124,0.6
21040,7.548e-05,0.124,0.2
21041,7.5482e-05,0.124,0.2
21042,7.548400000000001e-05,0.124,0.6
21043,7.5486e-05,0.124,0.2
21044,7.548799999999999e-05,0.124,0.2
21045,7.549e-05,0.124,0.2
21046,7.5492e-05,0.124,0.6
21047,7.5494e-05,0.124,0.6
21048,7.549600000000001e-05,0.124,0.2
21049,7.5498e-05,0.124,0.6
21050,7.549999999999999e-05,0.124,0.6
21051,7.5502e-05,0.124,0.6
21052,7.5504e-05,0.124,0.2
21053,7.5506e-05,0.124,0.6
21054,7.550800000000001e-05,0.124,0.6
21055,7.551e-05,0.124,0.2
21056,7.551199999999999e-05,0.124,0.2
21057,7.5514e-05,0.124,0.2
21058,7.5516e-05,0.124,0.6
21059,7.5518e-05,0.124,0.6
21060,7.552000000000001e-05,0.124,0.2
21061,7.5522e-05,0.124,0.6
21062,7.5524e-05,0.124,0.6
21063,7.5526e-05,0.124,0.2
21064,7.5528e-05,0.124,0.2
21065,7.553e-05,0.124,0.2
21066,7.553200000000001e-05,0.124,0.6
21067,7.5534e-05,0.124,0.6
21068,7.5536e-05,0.124,0.2
21069,7.5538e-05,0.124,0.6
21070,7.554e-05,0.124,0.6
21071,7.5542e-05,0.124,0.6
21072,7.554400000000001e-05,0.124,0.2
21073,7.5546e-05,0.124,0.2
21074,7.5548e-05,0.124,0.6
21075,7.555e-05,0.124,0.6
21076,7.5552e-05,0.124,0.2
21077,7.5554e-05,0.124,0.6
21078,7.5556e-05,0.124,0.6
21079,7.555800000000001e-05,0.124,0.2
21080,7.556e-05,0.124,0.2
21081,7.556199999999999e-05,0.124,0.6
21082,7.5564e-05,0.132,0.6
21083,7.5566e-05,0.132,0.6
21084,7.5568e-05,0.124,0.2
21085,7.557000000000001e-05,0.132,0.6
21086,7.5572e-05,0.124,0.6
21087,7.557399999999999e-05,0.124,0.6
21088,7.5576e-05,0.124,0.2
21089,7.5578e-05,0.124,0.2
21090,7.558e-05,0.124,0.6
21091,7.558200000000001e-05,0.132,0.6
21092,7.5584e-05,0.124,0.2
21093,7.5586e-05,0.132,0.6
21094,7.5588e-05,0.124,0.6
21095,7.559e-05,0.132,0.2
21096,7.5592e-05,0.124,0.2
21097,7.559400000000001e-05,0.132,0.6
21098,7.5596e-05,0.132,0.6
21099,7.5598e-05,0.132,0.6
21100,7.56e-05,0.124,0.2
21101,7.5602e-05,0.132,0.6
21102,7.5604e-05,0.132,0.6
21103,7.560600000000001e-05,0.132,0.6
21104,7.5608e-05,0.132,0.2
21105,7.561e-05,0.132,0.2
21106,7.5612e-05,0.124,0.6
21107,7.5614e-05,0.132,0.2
21108,7.5616e-05,0.124,0.2
21109,7.561800000000001e-05,0.132,0.6
21110,7.562000000000001e-05,0.132,0.6
21111,7.5622e-05,0.132,0.6
21112,7.562399999999999e-05,0.132,0.2
21113,7.5626e-05,0.124,0.6
21114,7.5628e-05,0.132,0.6
21115,7.563e-05,0.132,0.6
21116,7.563200000000001e-05,0.132,0.2
21117,7.5634e-05,0.132,0.6
21118,7.563599999999999e-05,0.132,0.6
21119,7.5638e-05,0.132,0.6
21120,7.564e-05,0.132,0.2
21121,7.5642e-05,0.132,0.2
21122,7.564400000000001e-05,0.132,0.6
21123,7.5646e-05,0.132,0.6
21124,7.564799999999999e-05,0.132,0.2
21125,7.565e-05,0.132,0.6
21126,7.5652e-05,0.132,0.6
21127,7.5654e-05,0.132,0.6
21128,7.565600000000001e-05,0.132,0.2
21129,7.5658e-05,0.132,0.6
21130,7.566e-05,0.132,0.6
21131,7.5662e-05,0.132,0.6
21132,7.5664e-05,0.132,0.2
21133,7.5666e-05,0.132,0.6
21134,7.566800000000001e-05,0.132,0.6
21135,7.567e-05,0.132,0.6
21136,7.5672e-05,0.132,0.2
21137,7.5674e-05,0.132,0.6
21138,7.5676e-05,0.132,0.6
21139,7.5678e-05,0.132,0.6
21140,7.568000000000001e-05,0.132,0.2
21141,7.5682e-05,0.132,0.6
21142,7.5684e-05,0.132,0.2
21143,7.5686e-05,0.132,0.2
21144,7.5688e-05,0.132,0.2
21145,7.569e-05,0.132,0.2
21146,7.5692e-05,0.132,0.6
21147,7.569400000000001e-05,0.132,0.6
21148,7.5696e-05,0.132,0.2
21149,7.569799999999999e-05,0.132,0.6
21150,7.57e-05,0.132,0.6
21151,7.5702e-05,0.132,0.6
21152,7.5704e-05,0.132,0.2
21153,7.570600000000001e-05,0.132,0.2
21154,7.5708e-05,0.132,0.6
21155,7.570999999999999e-05,0.132,0.2
21156,7.5712e-05,0.132,0.2
21157,7.5714e-05,0.132,0.6
21158,7.5716e-05,0.132,0.2
21159,7.571800000000001e-05,0.132,0.6
21160,7.572e-05,0.132,0.2
21161,7.5722e-05,0.132,0.6
21162,7.5724e-05,0.132,0.6
21163,7.5726e-05,0.132,0.6
21164,7.5728e-05,0.132,0.2
21165,7.573000000000001e-05,0.132,0.2
21166,7.5732e-05,0.132,0.6
21167,7.5734e-05,0.132,0.6
21168,7.5736e-05,0.132,0.2
21169,7.5738e-05,0.132,0.6
21170,7.574e-05,0.132,0.6
21171,7.574200000000001e-05,0.132,0.6
21172,7.5744e-05,0.132,0.2
21173,7.5746e-05,0.132,0.6
21174,7.5748e-05,0.132,0.6
21175,7.575e-05,0.132,0.6
21176,7.5752e-05,0.132,0.2
21177,7.575400000000001e-05,0.132,0.6
21178,7.575600000000001e-05,0.132,0.2
21179,7.5758e-05,0.132,0.6
21180,7.575999999999999e-05,0.132,0.2
21181,7.5762e-05,0.132,0.6
21182,7.5764e-05,0.132,0.6
21183,7.5766e-05,0.132,0.2
21184,7.576800000000001e-05,0.132,0.2
21185,7.577e-05,0.132,0.6
21186,7.577199999999999e-05,0.132,0.6
21187,7.5774e-05,0.132,0.6
21188,7.5776e-05,0.132,0.2
21189,7.5778e-05,0.132,0.6
21190,7.578000000000001e-05,0.14,0.6
21191,7.5782e-05,0.132,0.6
21192,7.578399999999999e-05,0.132,0.2
21193,7.5786e-05,0.132,0.6
21194,7.5788e-05,0.132,0.6
21195,7.579e-05,0.14,0.2
21196,7.579200000000001e-05,0.132,0.2
21197,7.5794e-05,0.132,0.6
21198,7.5796e-05,0.132,0.6
21199,7.5798e-05,0.14,0.6
21200,7.58e-05,0.132,0.2
21201,7.5802e-05,0.132,0.6
21202,7.580400000000001e-05,0.132,0.6
21203,7.5806e-05,0.14,0.6
21204,7.5808e-05,0.132,0.2
21205,7.581e-05,0.132,0.2
21206,7.5812e-05,0.14,0.6
21207,7.5814e-05,0.14,0.6
21208,7.581600000000001e-05,0.132,0.2
21209,7.5818e-05,0.14,0.6
21210,7.582e-05,0.14,0.6
21211,7.5822e-05,0.14,0.6
21212,7.5824e-05,0.14,0.2
21213,7.5826e-05,0.132,0.6
21214,7.5828e-05,0.132,0.6
21215,7.583000000000001e-05,0.14,0.6
21216,7.5832e-05,0.132,0.2
21217,7.583399999999999e-05,0.14,0.6
21218,7.5836e-05,0.14,0.6
21219,7.5838e-05,0.14,0.6
21220,7.584e-05,0.14,0.2
21221,7.584200000000001e-05,0.14,0.6
21222,7.5844e-05,0.14,0.2
21223,7.584599999999999e-05,0.14,0.6
21224,7.5848e-05,0.14,0.2
21225,7.585e-05,0.14,0.6
21226,7.5852e-05,0.14,0.6
21227,7.585400000000001e-05,0.14,0.6
21228,7.5856e-05,0.14,0.2
21229,7.5858e-05,0.14,0.6
21230,7.586e-05,0.14,0.6
21231,7.5862e-05,0.14,0.2
21232,7.5864e-05,0.14,0.2
21233,7.586600000000001e-05,0.14,0.6
21234,7.5868e-05,0.14,0.6
21235,7.587e-05,0.14,0.2
21236,7.5872e-05,0.14,0.2
21237,7.5874e-05,0.14,0.6
21238,7.5876e-05,0.14,0.6
21239,7.587800000000001e-05,0.14,0.6
21240,7.588e-05,0.14,0.2
21241,7.5882e-05,0.14,0.6
21242,7.5884e-05,0.14,0.6
21243,7.5886e-05,0.14,0.6
21244,7.5888e-05,0.14,0.2
21245,7.589000000000001e-05,0.14,0.2
21246,7.589200000000001e-05,0.14,0.6
21247,7.5894e-05,0.14,0.6
21248,7.589599999999999e-05,0.14,0.2
21249,7.5898e-05,0.14,0.6
21250,7.59e-05,0.14,0.6
21251,7.5902e-05,0.14,0.6
21252,7.590400000000001e-05,0.14,0.2
21253,7.5906e-05,0.14,0.6
21254,7.590799999999999e-05,0.14,0.6
21255,7.591e-05,0.14,0.6
21256,7.5912e-05,0.14,0.2
21257,7.5914e-05,0.14,0.2
21258,7.591600000000001e-05,0.14,0.6
21259,7.5918e-05,0.14,0.6
21260,7.591999999999999e-05,0.14,0.2
21261,7.5922e-05,0.14,0.6
21262,7.5924e-05,0.14,0.6
21263,7.5926e-05,0.14,0.6
21264,7.592800000000001e-05,0.14,0.2
21265,7.593e-05,0.14,0.6
21266,7.5932e-05,0.14,0.6
21267,7.5934e-05,0.14,0.6
21268,7.5936e-05,0.14,0.2
21269,7.5938e-05,0.14,0.6
21270,7.594000000000001e-05,0.14,0.6
21271,7.5942e-05,0.14,0.6
21272,7.5944e-05,0.14,0.2
21273,7.5946e-05,0.14,0.6
21274,7.5948e-05,0.14,0.6
21275,7.595e-05,0.14,0.2
21276,7.595200000000001e-05,0.14,0.2
21277,7.5954e-05,0.14,0.6
21278,7.5956e-05,0.14,0.6
21279,7.5958e-05,0.14,0.6
21280,7.596e-05,0.14,0.2
21281,7.5962e-05,0.14,0.6
21282,7.5964e-05,0.14,0.6
21283,7.596600000000001e-05,0.14,0.6
21284,7.5968e-05,0.14,0.2
21285,7.596999999999999e-05,0.14,0.6
21286,7.5972e-05,0.14,0.6
21287,7.5974e-05,0.14,0.6
21288,7.5976e-05,0.14,0.2
21289,7.597800000000001e-05,0.14,0.6
21290,7.598e-05,0.14,0.6
21291,7.598199999999999e-05,0.148,0.6
21292,7.5984e-05,0.14,0.2
21293,7.5986e-05,0.14,0.6
21294,7.5988e-05,0.14,0.6
21295,7.599000000000001e-05,0.14,0.2
21296,7.5992e-05,0.14,0.2
21297,7.5994e-05,0.14,0.2
21298,7.5996e-05,0.14,0.6
21299,7.5998e-05,0.14,0.6
21300,7.6e-05,0.14,0.2
21301,7.600200000000001e-05,0.14,0.6
21302,7.6004e-05,0.14,0.6
21303,7.6006e-05,0.14,0.6
21304,7.6008e-05,0.14,0.2
21305,7.601e-05,0.14,0.2
21306,7.6012e-05,0.14,0.6
21307,7.601400000000001e-05,0.148,0.6
21308,7.6016e-05,0.14,0.2
21309,7.6018e-05,0.14,0.6
21310,7.602e-05,0.14,0.6
21311,7.6022e-05,0.148,0.6
21312,7.6024e-05,0.14,0.2
21313,7.602600000000001e-05,0.14,0.6
21314,7.602800000000001e-05,0.14,0.6
21315,7.603e-05,0.148,0.6
21316,7.603199999999999e-05,0.14,0.2
21317,7.6034e-05,0.14,0.6
21318,7.6036e-05,0.148,0.6
21319,7.6038e-05,0.14,0.6
21320,7.604000000000001e-05,0.148,0.2
21321,7.6042e-05,0.148,0.6
21322,7.604399999999999e-05,0.148,0.6
21323,7.6046e-05,0.148,0.6
21324,7.6048e-05,0.148,0.2
21325,7.605e-05,0.148,0.6
21326,7.605200000000001e-05,0.148,0.6
21327,7.6054e-05,0.148,0.6
21328,7.605599999999999e-05,0.148,0.2
21329,7.6058e-05,0.148,0.6
21330,7.606e-05,0.148,0.6
21331,7.6062e-05,0.148,0.6
21332,7.606400000000001e-05,0.148,0.2
21333,7.6066e-05,0.148,0.6
21334,7.6068e-05,0.148,0.6
21335,7.607e-05,0.148,0.6
21336,7.6072e-05,0.148,0.2
21337,7.6074e-05,0.148,0.6
21338,7.607600000000001e-05,0.148,0.6
21339,7.6078e-05,0.148,0.6
21340,7.608e-05,0.148,0.2
21341,7.6082e-05,0.148,0.6
21342,7.6084e-05,0.148,0.6
21343,7.6086e-05,0.148,0.6
21344,7.608800000000001e-05,0.148,0.2
21345,7.609e-05,0.148,0.2
21346,7.6092e-05,0.148,0.6
21347,7.6094e-05,0.148,0.6
21348,7.6096e-05,0.148,0.2
21349,7.6098e-05,0.148,0.6
21350,7.61e-05,0.148,0.6
21351,7.610200000000001e-05,0.148,0.6
21352,7.6104e-05,0.148,0.2
21353,7.610599999999999e-05,0.148,0.6
21354,7.6108e-05,0.148,0.6
21355,7.611e-05,0.148,0.2
21356,7.6112e-05,0.148,0.2
21357,7.611400000000001e-05,0.148,0.6
21358,7.6116e-05,0.148,0.6
21359,7.611799999999999e-05,0.148,0.6
21360,7.612e-05,0.148,0.2
21361,7.6122e-05,0.148,0.6
21362,7.6124e-05,0.148,0.6
21363,7.612600000000001e-05,0.148,0.6
21364,7.6128e-05,0.148,0.2
21365,7.613e-05,0.148,0.6
21366,7.6132e-05,0.148,0.6
21367,7.6134e-05,0.148,0.6
21368,7.6136e-05,0.148,0.2
21369,7.613800000000001e-05,0.148,0.6
21370,7.614e-05,0.148,0.6
21371,7.6142e-05,0.148,0.6
21372,7.6144e-05,0.148,0.2
21373,7.6146e-05,0.148,0.6
21374,7.6148e-05,0.148,0.6
21375,7.615000000000001e-05,0.148,0.6
21376,7.6152e-05,0.148,0.2
21377,7.6154e-05,0.148,0.6
21378,7.6156e-05,0.148,0.2
21379,7.6158e-05,0.148,0.6
21380,7.616e-05,0.148,0.2
21381,7.616200000000001e-05,0.148,0.6
21382,7.616400000000001e-05,0.148,0.6
21383,7.6166e-05,0.148,0.2
21384,7.616799999999999e-05,0.148,0.6
21385,7.617e-05,0.148,0.6
21386,7.6172e-05,0.148,0.6
21387,7.6174e-05,0.156,0.6
21388,7.617600000000001e-05,0.148,0.2
21389,7.6178e-05,0.148,0.6
21390,7.617999999999999e-05,0.148,0.6
21391,7.6182e-05,0.148,0.6
21392,7.6184e-05,0.148,0.2
21393,7.6186e-05,0.148,0.6
21394,7.618800000000001e-05,0.156,0.6
21395,7.619e-05,0.156,0.2
21396,7.619199999999999e-05,0.148,0.2
21397,7.6194e-05,0.148,0.6
21398,7.6196e-05,0.148,0.2
21399,7.6198e-05,0.156,0.6
21400,7.620000000000001e-05,0.148,0.2
21401,7.6202e-05,0.148,0.6
21402,7.6204e-05,0.148,0.6
21403,7.6206e-05,0.156,0.6
21404,7.6208e-05,0.148,0.6
21405,7.621e-05,0.156,0.6
21406,7.621200000000001e-05,0.156,0.6
21407,7.6214e-05,0.156,0.6
21408,7.6216e-05,0.148,0.2
21409,7.6218e-05,0.156,0.6
21410,7.622e-05,0.156,0.6
21411,7.6222e-05,0.156,0.6
21412,7.622400000000001e-05,0.148,0.2
21413,7.6226e-05,0.148,0.6
21414,7.6228e-05,0.156,0.6
21415,7.623e-05,0.156,0.6
21416,7.6232e-05,0.148,0.2
21417,7.6234e-05,0.148,0.6
21418,7.6236e-05,0.156,0.6
21419,7.623800000000001e-05,0.156,0.6
21420,7.624e-05,0.148,0.2
21421,7.624199999999999e-05,0.156,0.6
21422,7.6244e-05,0.156,0.2
21423,7.6246e-05,0.156,0.6
21424,7.6248e-05,0.156,0.2
21425,7.625000000000001e-05,0.156,0.6
21426,7.6252e-05,0.156,0.6
21427,7.625399999999999e-05,0.156,0.6
21428,7.6256e-05,0.156,0.2
21429,7.6258e-05,0.156,0.6
21430,7.626e-05,0.156,0.6
21431,7.626200000000001e-05,0.156,0.6
21432,7.6264e-05,0.156,0.2
21433,7.6266e-05,0.156,0.6
21434,7.6268e-05,0.156,0.6
21435,7.627e-05,0.156,0.2
21436,7.6272e-05,0.156,0.2
21437,7.627400000000001e-05,0.156,0.6
21438,7.6276e-05,0.156,0.6
21439,7.6278e-05,0.156,0.6
21440,7.628e-05,0.156,0.2
21441,7.6282e-05,0.156,0.6
21442,7.6284e-05,0.156,0.6
21443,7.628600000000001e-05,0.156,0.6
21444,7.6288e-05,0.156,0.2
21445,7.629e-05,0.156,0.6
21446,7.6292e-05,0.156,0.6
21447,7.6294e-05,0.156,0.6
21448,7.6296e-05,0.156,0.2
21449,7.629800000000001e-05,0.156,0.6
21450,7.630000000000001e-05,0.156,0.6
21451,7.6302e-05,0.156,0.6
21452,7.630399999999999e-05,0.156,0.2
21453,7.6306e-05,0.156,0.6
21454,7.6308e-05,0.156,0.6
21455,7.631e-05,0.156,0.6
21456,7.631200000000001e-05,0.156,0.2
21457,7.6314e-05,0.156,0.6
21458,7.631599999999999e-05,0.156,0.6
21459,7.6318e-05,0.156,0.6
21460,7.632e-05,0.156,0.2
21461,7.6322e-05,0.156,0.6
21462,7.632400000000001e-05,0.156,0.6
21463,7.6326e-05,0.156,0.6
21464,7.632799999999999e-05,0.156,0.2
21465,7.633e-05,0.156,0.6
21466,7.6332e-05,0.156,0.6
21467,7.6334e-05,0.156,0.6
21468,7.633600000000001e-05,0.156,0.2
21469,7.6338e-05,0.156,0.6
21470,7.634e-05,0.156,0.6
21471,7.6342e-05,0.156,0.6
21472,7.6344e-05,0.156,0.2
21473,7.6346e-05,0.156,0.6
21474,7.634800000000001e-05,0.156,0.6
21475,7.635e-05,0.156,0.6
21476,7.6352e-05,0.156,0.2
21477,7.6354e-05,0.156,0.6
21478,7.6356e-05,0.156,0.6
21479,7.6358e-05,0.156,0.6
21480,7.636000000000001e-05,0.156,0.2
21481,7.6362e-05,0.156,0.6
21482,7.6364e-05,0.156,0.6
21483,7.6366e-05,0.164,0.6
21484,7.6368e-05,0.156,0.2
21485,7.637e-05,0.156,0.6
21486,7.6372e-05,0.156,0.6
21487,7.637400000000001e-05,0.164,0.6
21488,7.6376e-05,0.156,0.2
21489,7.637799999999999e-05,0.156,0.6
21490,7.638e-05,0.156,0.6
21491,7.6382e-05,0.164,0.6
21492,7.6384e-05,0.156,0.2
21493,7.638600000000001e-05,0.156,0.6
21494,7.6388e-05,0.156,0.6
21495,7.638999999999999e-05,0.164,0.6
21496,7.6392e-05,0.156,0.2
21497,7.6394e-05,0.156,0.6
21498,7.6396e-05,0.156,0.6
21499,7.639800000000001e-05,0.156,0.6
21500,7.64e-05,0.156,0.2
21501,7.6402e-05,0.156,0.6
21502,7.6404e-05,0.156,0.6
21503,7.6406e-05,0.156,0.2
21504,7.6408e-05,0.156,0.2
21505,7.641000000000001e-05,0.156,0.6
21506,7.6412e-05,0.156,0.6
21507,7.6414e-05,0.164,0.6
21508,7.6416e-05,0.156,0.2
21509,7.6418e-05,0.156,0.6
21510,7.642e-05,0.156,0.6
21511,7.642200000000001e-05,0.164,0.6
21512,7.6424e-05,0.164,0.2
21513,7.6426e-05,0.156,0.6
21514,7.6428e-05,0.156,0.6
21515,7.643e-05,0.164,0.6
21516,7.6432e-05,0.164,0.2
21517,7.643400000000001e-05,0.164,0.6
21518,7.643600000000001e-05,0.156,0.6
21519,7.6438e-05,0.164,0.6
21520,7.643999999999999e-05,0.164,0.2
21521,7.6442e-05,0.164,0.6
21522,7.6444e-05,0.164,0.6
21523,7.6446e-05,0.164,0.6
21524,7.644800000000001e-05,0.164,0.2
21525,7.645e-05,0.164,0.6
21526,7.645199999999999e-05,0.164,0.6
21527,7.6454e-05,0.164,0.6
21528,7.6456e-05,0.164,0.2
21529,7.6458e-05,0.156,0.6
21530,7.646000000000001e-05,0.164,0.6
21531,7.6462e-05,0.164,0.6
21532,7.646399999999999e-05,0.164,0.2
21533,7.6466e-05,0.164,0.6
21534,7.6468e-05,0.164,0.6
21535,7.647e-05,0.164,0.6
21536,7.647200000000001e-05,0.164,0.2
21537,7.6474e-05,0.164,0.6
21538,7.6476e-05,0.164,0.6
21539,7.6478e-05,0.164,0.6
21540,7.648e-05,0.164,0.2
21541,7.6482e-05,0.164,0.6
21542,7.648400000000001e-05,0.164,0.6
21543,7.6486e-05,0.164,0.6
21544,7.6488e-05,0.164,0.6
21545,7.649e-05,0.164,0.6
21546,7.6492e-05,0.164,0.6
21547,7.6494e-05,0.164,0.6
21548,7.649600000000001e-05,0.164,0.2
21549,7.6498e-05,0.164,0.6
21550,7.65e-05,0.164,0.6
21551,7.6502e-05,0.164,0.6
21552,7.6504e-05,0.164,0.2
21553,7.6506e-05,0.164,0.6
21554,7.6508e-05,0.164,0.6
21555,7.651000000000001e-05,0.164,0.2
21556,7.6512e-05,0.164,0.2
21557,7.651399999999999e-05,0.164,0.6
21558,7.6516e-05,0.164,0.6
21559,7.6518e-05,0.164,0.6
21560,7.652e-05,0.164,0.2
21561,7.652200000000001e-05,0.164,0.6
21562,7.6524e-05,0.164,0.6
21563,7.652599999999999e-05,0.164,0.6
21564,7.6528e-05,0.164,0.2
21565,7.653e-05,0.164,0.6
21566,7.6532e-05,0.164,0.6
21567,7.653400000000001e-05,0.164,0.6
21568,7.6536e-05,0.164,0.2
21569,7.653799999999999e-05,0.164,0.6
21570,7.654e-05,0.164,0.6
21571,7.6542e-05,0.164,0.6
21572,7.6544e-05,0.164,0.2
21573,7.654600000000001e-05,0.164,0.6
21574,7.6548e-05,0.164,0.6
21575,7.655e-05,0.164,0.6
21576,7.6552e-05,0.164,0.2
21577,7.6554e-05,0.164,0.6
21578,7.6556e-05,0.164,0.6
21579,7.655800000000001e-05,0.164,0.6
21580,7.656e-05,0.164,0.2
21581,7.6562e-05,0.164,0.6
21582,7.6564e-05,0.164,0.6
21583,7.6566e-05,0.164,0.6
21584,7.6568e-05,0.164,0.2
21585,7.657000000000001e-05,0.164,0.6
21586,7.6572e-05,0.164,0.6
21587,7.6574e-05,0.164,0.6
21588,7.6576e-05,0.164,0.2
21589,7.6578e-05,0.164,0.6
21590,7.658e-05,0.164,0.6
21591,7.6582e-05,0.164,0.6
21592,7.658400000000001e-05,0.164,0.2
21593,7.6586e-05,0.164,0.6
21594,7.658799999999999e-05,0.164,0.6
21595,7.659e-05,0.172,0.6
21596,7.6592e-05,0.164,0.2
21597,7.6594e-05,0.164,0.6
21598,7.659600000000001e-05,0.164,0.6
21599,7.6598e-05,0.172,0.6
21600,7.659999999999999e-05,0.164,0.2
21601,7.6602e-05,0.164,0.6
21602,7.6604e-05,0.164,0.6
21603,7.6606e-05,0.164,0.6
21604,7.660800000000001e-05,0.164,0.2
21605,7.661e-05,0.164,0.6
21606,7.6612e-05,0.164,0.6
21607,7.6614e-05,0.172,0.6
21608,7.6616e-05,0.164,0.2
21609,7.6618e-05,0.164,0.6
21610,7.662000000000001e-05,0.164,0.6
21611,7.6622e-05,0.172,0.6
21612,7.6624e-05,0.164,0.2
21613,7.6626e-05,0.172,0.6
21614,7.6628e-05,0.164,0.6
21615,7.663e-05,0.172,0.6
21616,7.663200000000001e-05,0.172,0.2
21617,7.6634e-05,0.172,0.6
21618,7.6636e-05,0.164,0.6
21619,7.6638e-05,0.172,0.6
21620,7.664e-05,0.164,0.2
21621,7.6642e-05,0.164,0.6
21622,7.664400000000001e-05,0.172,0.6
21623,7.664600000000001e-05,0.172,0.6
21624,7.6648e-05,0.172,0.2
21625,7.664999999999999e-05,0.172,0.6
21626,7.6652e-05,0.172,0.6
21627,7.6654e-05,0.172,0.6
21628,7.6656e-05,0.172,0.2
21629,7.665800000000001e-05,0.172,0.6
21630,7.666e-05,0.172,0.6
21631,7.666199999999999e-05,0.172,0.6
21632,7.6664e-05,0.172,0.2
21633,7.6666e-05,0.172,0.6
21634,7.6668e-05,0.172,0.6
21635,7.667000000000001e-05,0.172,0.6
21636,7.6672e-05,0.172,0.2
21637,7.667399999999999e-05,0.172,0.6
21638,7.6676e-05,0.172,0.6
21639,7.6678e-05,0.172,0.6
21640,7.668e-05,0.172,0.2
21641,7.668200000000001e-05,0.172,0.6
21642,7.6684e-05,0.172,0.6
21643,7.6686e-05,0.172,0.6
21644,7.6688e-05,0.172,0.6
21645,7.669e-05,0.172,0.6
21646,7.6692e-05,0.172,0.6
21647,7.669400000000001e-05,0.172,0.6
21648,7.6696e-05,0.172,0.2
21649,7.6698e-05,0.172,0.6
21650,7.67e-05,0.172,0.6
21651,7.6702e-05,0.172,0.6
21652,7.6704e-05,0.172,0.2
21653,7.670600000000001e-05,0.172,0.6
21654,7.6708e-05,0.172,0.6
21655,7.671e-05,0.172,0.6
21656,7.6712e-05,0.172,0.2
21657,7.6714e-05,0.172,0.6
21658,7.6716e-05,0.172,0.6
21659,7.6718e-05,0.172,0.6
21660,7.672000000000001e-05,0.172,0.2
21661,7.6722e-05,0.172,0.6
21662,7.672399999999999e-05,0.172,0.6
21663,7.6726e-05,0.172,0.6
21664,7.6728e-05,0.172,0.2
21665,7.673e-05,0.172,0.6
21666,7.673200000000001e-05,0.172,0.6
21667,7.6734e-05,0.172,0.6
21668,7.673599999999999e-05,0.172,0.2
21669,7.6738e-05,0.172,0.6
21670,7.674e-05,0.172,0.6
21671,7.6742e-05,0.172,0.6
21672,7.674400000000001e-05,0.172,0.2
21673,7.6746e-05,0.172,0.6
21674,7.6748e-05,0.172,0.6
21675,7.675e-05,0.172,0.6
21676,7.6752e-05,0.172,0.2
21677,7.6754e-05,0.172,0.6
21678,7.675600000000001e-05,0.172,0.6
21679,7.6758e-05,0.172,0.6
21680,7.676e-05,0.172,0.2
21681,7.6762e-05,0.172,0.6
21682,7.6764e-05,0.172,0.6
21683,7.6766e-05,0.172,0.6
21684,7.676800000000001e-05,0.172,0.6
21685,7.677e-05,0.172,0.6
21686,7.6772e-05,0.172,0.6
21687,7.6774e-05,0.172,0.6
21688,7.6776e-05,0.172,0.2
21689,7.6778e-05,0.172,0.6
21690,7.678000000000001e-05,0.172,0.6
21691,7.678200000000001e-05,0.18,0.6
21692,7.6784e-05,0.172,0.2
21693,7.678599999999999e-05,0.172,0.6
21694,7.6788e-05,0.172,0.6
21695,7.679e-05,0.172,0.6
21696,7.6792e-05,0.172,0.6
21697,7.679400000000001e-05,0.172,0.6
21698,7.6796e-05,0.172,0.6
21699,7.679799999999999e-05,0.18,0.6
21700,7.68e-05,0.172,0.2
21701,7.6802e-05,0.172,0.6
21702,7.6804e-05,0.172,0.6
21703,7.680600000000001e-05,0.18,0.6
21704,7.6808e-05,0.172,0.2
21705,7.680999999999999e-05,0.172,0.6
21706,7.6812e-05,0.172,0.6
21707,7.6814e-05,0.18,0.6
21708,7.6816e-05,0.172,0.2
21709,7.681800000000001e-05,0.172,0.6
21710,7.682e-05,0.172,0.6
21711,7.6822e-05,0.18,0.6
21712,7.6824e-05,0.18,0.2
21713,7.6826e-05,0.18,0.6
21714,7.6828e-05,0.18,0.6
21715,7.683000000000001e-05,0.18,0.6
21716,7.6832e-05,0.172,0.6
21717,7.6834e-05,0.172,0.6
21718,7.6836e-05,0.172,0.6
21719,7.6838e-05,0.18,0.6
21720,7.684e-05,0.18,0.2
21721,7.684200000000001e-05,0.18,0.6
21722,7.6844e-05,0.18,0.6
21723,7.6846e-05,0.18,0.6
21724,7.6848e-05,0.172,0.6
21725,7.685e-05,0.172,0.6
21726,7.6852e-05,0.18,0.6
21727,7.6854e-05,0.18,0.6
21728,7.685600000000001e-05,0.18,0.2
21729,7.6858e-05,0.18,0.6
21730,7.685999999999999e-05,0.18,0.6
21731,7.6862e-05,0.18,0.6
21732,7.6864e-05,0.18,0.2
21733,7.6866e-05,0.18,0.6
21734,7.686800000000001e-05,0.18,0.6
21735,7.687e-05,0.18,0.6
21736,7.687199999999999e-05,0.18,0.2
21737,7.6874e-05,0.18,0.6
21738,7.6876e-05,0.18,0.6
21739,7.6878e-05,0.18,0.6
21740,7.688000000000001e-05,0.172,0.2
21741,7.6882e-05,0.18,0.6
21742,7.6884e-05,0.18,0.6
21743,7.6886e-05,0.18,0.6
21744,7.6888e-05,0.18,0.6
21745,7.689e-05,0.18,0.6
21746,7.689200000000001e-05,0.18,0.6
21747,7.6894e-05,0.18,0.6
21748,7.6896e-05,0.18,0.2
21749,7.6898e-05,0.18,0.6
21750,7.69e-05,0.18,0.6
21751,7.6902e-05,0.18,0.6
21752,7.690400000000001e-05,0.18,0.2
21753,7.6906e-05,0.18,0.6
21754,7.6908e-05,0.18,0.6
21755,7.691e-05,0.18,0.6
21756,7.6912e-05,0.18,0.2
21757,7.6914e-05,0.18,0.6
21758,7.691600000000001e-05,0.18,0.6
21759,7.691800000000001e-05,0.18,0.6
21760,7.692e-05,0.18,0.2
21761,7.692199999999999e-05,0.18,0.6
21762,7.6924e-05,0.18,0.6
21763,7.6926e-05,0.18,0.6
21764,7.6928e-05,0.18,0.2
21765,7.693000000000001e-05,0.18,0.6
21766,7.6932e-05,0.18,0.6
21767,7.693399999999999e-05,0.18,0.6
21768,7.6936e-05,0.18,0.2
21769,7.6938e-05,0.18,0.6
21770,7.694e-05,0.18,0.6
21771,7.694200000000001e-05,0.18,0.6
21772,7.6944e-05,0.18,0.2
21773,7.694599999999999e-05,0.18,0.6
21774,7.6948e-05,0.18,0.6
21775,7.695e-05,0.18,0.6
21776,7.6952e-05,0.18,0.2
21777,7.695400000000001e-05,0.18,0.6
21778,7.6956e-05,0.18,0.2
21779,7.6958e-05,0.18,0.6
21780,7.696e-05,0.18,0.6
21781,7.6962e-05,0.18,0.6
21782,7.6964e-05,0.18,0.6
21783,7.696600000000001e-05,0.18,0.6
21784,7.6968e-05,0.18,0.2
21785,7.697e-05,0.18,0.6
21786,7.6972e-05,0.18,0.6
21787,7.6974e-05,0.18,0.6
21788,7.6976e-05,0.18,0.2
21789,7.697800000000001e-05,0.18,0.6
21790,7.698e-05,0.18,0.6
21791,7.6982e-05,0.18,0.6
21792,7.6984e-05,0.18,0.2
21793,7.6986e-05,0.18,0.6
21794,7.6988e-05,0.18,0.6
21795,7.699e-05,0.18,0.6
21796,7.699200000000001e-05,0.18,0.6
21797,7.6994e-05,0.18,0.6
21798,7.699599999999999e-05,0.18,0.6
21799,7.6998e-05,0.188,0.6
21800,7.7e-05,0.18,0.2
21801,7.7002e-05,0.18,0.6
21802,7.700400000000001e-05,0.18,0.6
21803,7.7006e-05,0.188,0.6
21804,7.700799999999999e-05,0.18,0.2
21805,7.701e-05,0.18,0.6
21806,7.7012e-05,0.18,0.6
21807,7.7014e-05,0.18,0.6
21808,7.701600000000001e-05,0.18,0.2
21809,7.7018e-05,0.18,0.6
21810,7.702e-05,0.18,0.6
21811,7.7022e-05,0.188,0.6
21812,7.7024e-05,0.188,0.2
21813,7.7026e-05,0.18,0.6
21814,7.702800000000001e-05,0.18,0.6
21815,7.703e-05,0.18,0.6
21816,7.7032e-05,0.18,0.2
21817,7.7034e-05,0.188,0.6
21818,7.7036e-05,0.18,0.6
21819,7.7038e-05,0.188,0.6
21820,7.704000000000001e-05,0.188,0.2
21821,7.7042e-05,0.188,0.6
21822,7.7044e-05,0.188,0.6
21823,7.7046e-05,0.188,0.6
21824,7.7048e-05,0.188,0.2
21825,7.705e-05,0.188,0.6
21826,7.705200000000001e-05,0.18,0.6
21827,7.705400000000001e-05,0.188,0.6
21828,7.7056e-05,0.188,0.2
21829,7.705799999999999e-05,0.188,0.6
21830,7.706e-05,0.188,0.6
21831,7.7062e-05,0.188,0.6
21832,7.7064e-05,0.188,0.2
21833,7.706600000000001e-05,0.188,0.6
21834,7.7068e-05,0.188,0.6
21835,7.706999999999999e-05,0.188,0.6
21836,7.7072e-05,0.188,0.2
21837,7.7074e-05,0.188,0.6
21838,7.7076e-05,0.188,0.6
21839,7.707800000000001e-05,0.188,0.6
21840,7.708e-05,0.188,0.2
21841,7.708199999999999e-05,0.188,0.6
21842,7.7084e-05,0.188,0.6
21843,7.7086e-05,0.188,0.6
21844,7.7088e-05,0.188,0.6
21845,7.709000000000001e-05,0.188,0.6
21846,7.7092e-05,0.188,0.6
21847,7.7094e-05,0.188,0.6
21848,7.7096e-05,0.188,0.2
21849,7.7098e-05,0.188,0.6
21850,7.71e-05,0.188,0.6
21851,7.710200000000001e-05,0.188,0.6
21852,7.7104e-05,0.188,0.2
21853,7.7106e-05,0.188,0.6
21854,7.7108e-05,0.188,0.6
21855,7.711e-05,0.188,0.6
21856,7.7112e-05,0.188,0.2
21857,7.711400000000001e-05,0.188,0.6
21858,7.7116e-05,0.188,0.6
21859,7.7118e-05,0.188,0.6
21860,7.712e-05,0.188,0.2
21861,7.7122e-05,0.188,0.6
21862,7.7124e-05,0.188,0.6
21863,7.7126e-05,0.188,0.6
21864,7.712800000000001e-05,0.188,0.6
21865,7.713e-05,0.188,0.6
21866,7.713199999999999e-05,0.188,0.6
21867,7.7134e-05,0.188,0.6
21868,7.7136e-05,0.188,0.2
21869,7.7138e-05,0.188,0.6
21870,7.714000000000001e-05,0.188,0.6
21871,7.7142e-05,0.188,0.6
21872,7.714399999999999e-05,0.188,0.2
21873,7.7146e-05,0.188,0.6
21874,7.7148e-05,0.188,0.6
21875,7.715e-05,0.188,0.6
21876,7.715200000000001e-05,0.188,0.6
21877,7.7154e-05,0.188,0.6
21878,7.7156e-05,0.188,0.6
21879,7.7158e-05,0.188,0.6
21880,7.716e-05,0.188,0.2
21881,7.7162e-05,0.188,0.6
21882,7.716400000000001e-05,0.188,0.6
21883,7.7166e-05,0.188,0.6
21884,7.7168e-05,0.188,0.6
21885,7.717e-05,0.188,0.6
21886,7.7172e-05,0.188,0.6
21887,7.7174e-05,0.188,0.6
21888,7.717600000000001e-05,0.188,0.2
21889,7.7178e-05,0.188,0.6
21890,7.718e-05,0.188,0.6
21891,7.7182e-05,0.188,0.6
21892,7.7184e-05,0.188,0.2
21893,7.7186e-05,0.188,0.6
21894,7.718800000000001e-05,0.188,0.6
21895,7.719000000000001e-05,0.188,0.6
21896,7.7192e-05,0.188,0.2
21897,7.719399999999999e-05,0.196,0.6
21898,7.7196e-05,0.188,0.6
21899,7.7198e-05,0.196,0.6
21900,7.72e-05,0.188,0.6
21901,7.720200000000001e-05,0.188,0.6
21902,7.7204e-05,0.188,0.6
21903,7.720599999999999e-05,0.188,0.6
21904,7.7208e-05,0.188,0.6
21905,7.721e-05,0.188,0.6
21906,7.7212e-05,0.188,0.6
21907,7.721400000000001e-05,0.196,0.6
21908,7.7216e-05,0.188,0.6
21909,7.721799999999999e-05,0.188,0.6
21910,7.722e-05,0.188,0.6
21911,7.7222e-05,0.196,0.6
21912,7.7224e-05,0.196,0.6
21913,7.722600000000001e-05,0.196,0.6
21914,7.7228e-05,0.196,0.6
21915,7.723e-05,0.196,0.6
21916,7.7232e-05,0.188,0.6
21917,7.7234e-05,0.196,0.6
21918,7.7236e-05,0.188,0.6
21919,7.723800000000001e-05,0.196,0.6
21920,7.724e-05,0.188,0.2
21921,7.7242e-05,0.188,0.6
21922,7.7244e-05,0.196,0.6
21923,7.7246e-05,0.196,0.6
21924,7.7248e-05,0.196,0.2
21925,7.725000000000001e-05,0.196,0.6
21926,7.7252e-05,0.196,0.6
21927,7.7254e-05,0.196,0.6
21928,7.7256e-05,0.188,0.2
21929,7.7258e-05,0.196,0.6
21930,7.726e-05,0.196,0.6
21931,7.7262e-05,0.196,0.6
21932,7.726400000000001e-05,0.196,0.2
21933,7.7266e-05,0.196,0.6
21934,7.726799999999999e-05,0.196,0.6
21935,7.727e-05,0.196,0.6
21936,7.7272e-05,0.196,0.6
21937,7.7274e-05,0.196,0.6
21938,7.727600000000001e-05,0.196,0.6
21939,7.7278e-05,0.196,0.6
21940,7.727999999999999e-05,0.196,0.2
21941,7.7282e-05,0.196,0.6
21942,7.7284e-05,0.196,0.6
21943,7.7286e-05,0.196,0.6
21944,7.728800000000001e-05,0.196,0.6
21945,7.729e-05,0.196,0.6
21946,7.7292e-05,0.196,0.6
21947,7.7294e-05,0.196,0.6
21948,7.7296e-05,0.196,0.6
21949,7.7298e-05,0.196,0.6
21950,7.730000000000001e-05,0.196,0.6
21951,7.7302e-05,0.196,0.6
21952,7.7304e-05,0.196,0.2
21953,7.7306e-05,0.196,0.6
21954,7.7308e-05,0.196,0.6
21955,7.731e-05,0.196,0.6
21956,7.731200000000001e-05,0.196,0.6
21957,7.7314e-05,0.196,0.6
21958,7.7316e-05,0.196,0.6
21959,7.7318e-05,0.196,0.6
21960,7.732e-05,0.196,0.6
21961,7.7322e-05,0.196,0.6
21962,7.732400000000001e-05,0.196,0.6
21963,7.732600000000001e-05,0.196,0.6
21964,7.7328e-05,0.196,0.6
21965,7.732999999999999e-05,0.196,0.6
21966,7.7332e-05,0.196,0.6
21967,7.7334e-05,0.196,0.6
21968,7.7336e-05,0.196,0.2
21969,7.733800000000001e-05,0.196,0.6
21970,7.734e-05,0.196,0.6
21971,7.734199999999999e-05,0.196,0.6
21972,7.7344e-05,0.196,0.6
21973,7.7346e-05,0.196,0.6
21974,7.7348e-05,0.196,0.6
21975,7.735000000000001e-05,0.204,0.6
21976,7.7352e-05,0.196,0.2
21977,7.735399999999999e-05,0.196,0.6
21978,7.7356e-05,0.196,0.6
21979,7.7358e-05,0.196,0.6
21980,7.736e-05,0.196,0.6
21981,7.736200000000001e-05,0.196,0.6
21982,7.7364e-05,0.196,0.6
21983,7.7366e-05,0.196,0.6
21984,7.7368e-05,0.196,0.6
21985,7.737e-05,0.196,0.6
21986,7.7372e-05,0.196,0.6
21987,7.737400000000001e-05,0.196,0.6
21988,7.7376e-05,0.196,0.2
21989,7.7378e-05,0.196,0.6
21990,7.738e-05,0.196,0.6
21991,7.7382e-05,0.204,0.6
21992,7.7384e-05,0.196,0.2
21993,7.738600000000001e-05,0.196,0.6
21994,7.7388e-05,0.196,0.6
21995,7.739e-05,0.204,0.6
21996,7.7392e-05,0.196,0.2
21997,7.7394e-05,0.196,0.6
21998,7.7396e-05,0.196,0.6
21999,7.7398e-05,0.196,0.6
22000,7.740000000000001e-05,0.196,0.2
22001,7.7402e-05,0.196,0.6
22002,7.740399999999999e-05,0.196,0.6
22003,7.7406e-05,0.196,0.6
22004,7.7408e-05,0.196,0.6
22005,7.741e-05,0.196,0.6
22006,7.741200000000001e-05,0.196,0.6
22007,7.7414e-05,0.204,0.6
22008,7.741599999999999e-05,0.204,0.6
22009,7.7418e-05,0.196,0.6
22010,7.742e-05,0.196,0.6
22011,7.7422e-05,0.204,0.6
22012,7.742400000000001e-05,0.196,0.2
22013,7.7426e-05,0.196,0.6
22014,7.7428e-05,0.196,0.6
22015,7.743e-05,0.204,0.6
22016,7.7432e-05,0.196,0.6
22017,7.7434e-05,0.196,0.6
22018,7.743600000000001e-05,0.196,0.6
22019,7.7438e-05,0.204,0.6
22020,7.744e-05,0.204,0.6
22021,7.7442e-05,0.196,0.6
22022,7.7444e-05,0.196,0.6
22023,7.7446e-05,0.204,0.6
22024,7.744800000000001e-05,0.204,0.6
22025,7.745e-05,0.204,0.6
22026,7.7452e-05,0.204,0.6
22027,7.7454e-05,0.204,0.6
22028,7.7456e-05,0.204,0.6
22029,7.7458e-05,0.204,0.6
22030,7.746000000000001e-05,0.204,0.6
22031,7.746200000000001e-05,0.204,0.6
22032,7.7464e-05,0.204,0.2
22033,7.746599999999999e-05,0.204,0.6
22034,7.7468e-05,0.204,0.6
22035,7.747e-05,0.204,0.6
22036,7.7472e-05,0.204,0.6
22037,7.747400000000001e-05,0.204,0.6
22038,7.7476e-05,0.204,0.6
22039,7.747799999999999e-05,0.204,0.6
22040,7.748e-05,0.204,0.2
22041,7.7482e-05,0.204,0.6
22042,7.7484e-05,0.204,0.6
22043,7.748600000000001e-05,0.204,0.6
22044,7.7488e-05,0.204,0.6
22045,7.748999999999999e-05,0.204,0.6
22046,7.7492e-05,0.204,0.6
22047,7.7494e-05,0.204,0.6
22048,7.7496e-05,0.204,0.2
22049,7.749800000000001e-05,0.204,0.6
22050,7.75e-05,0.204,0.6
22051,7.7502e-05,0.204,0.6
22052,7.7504e-05,0.204,0.2
22053,7.7506e-05,0.204,0.6
22054,7.7508e-05,0.204,0.6
22055,7.751000000000001e-05,0.204,0.6
22056,7.7512e-05,0.204,0.6
22057,7.7514e-05,0.204,0.6
22058,7.7516e-05,0.204,0.6
22059,7.7518e-05,0.204,0.6
22060,7.752e-05,0.204,0.2
22061,7.752200000000001e-05,0.204,0.6
22062,7.7524e-05,0.204,0.6
22063,7.7526e-05,0.204,0.6
22064,7.7528e-05,0.204,0.6
22065,7.753e-05,0.204,0.6
22066,7.7532e-05,0.204,0.6
22067,7.753400000000001e-05,0.204,0.6
22068,7.753600000000001e-05,0.204,0.2
22069,7.7538e-05,0.204,0.6
22070,7.753999999999999e-05,0.204,0.6
22071,7.7542e-05,0.204,0.6
22072,7.7544e-05,0.204,0.6
22073,7.7546e-05,0.204,0.6
22074,7.754800000000001e-05,0.204,0.6
22075,7.755e-05,0.204,0.6
22076,7.755199999999999e-05,0.204,0.6
22077,7.7554e-05,0.204,0.6
22078,7.7556e-05,0.204,0.6
22079,7.7558e-05,0.212,0.6
22080,7.756000000000001e-05,0.204,0.6
22081,7.7562e-05,0.204,0.6
22082,7.7564e-05,0.204,0.6
22083,7.7566e-05,0.212,0.6
22084,7.7568e-05,0.204,0.6
22085,7.757e-05,0.204,0.6
22086,7.757200000000001e-05,0.204,0.6
22087,7.7574e-05,0.204,0.6
22088,7.7576e-05,0.204,0.6
22089,7.7578e-05,0.204,0.6
22090,7.758e-05,0.204,0.6
22091,7.7582e-05,0.212,0.6
22092,7.758400000000001e-05,0.204,0.6
22093,7.7586e-05,0.204,0.6
22094,7.7588e-05,0.204,0.6
22095,7.759e-05,0.212,0.6
22096,7.7592e-05,0.204,0.6
22097,7.7594e-05,0.204,0.6
22098,7.759600000000001e-05,0.204,0.6
22099,7.759800000000001e-05,0.212,0.6
22100,7.76e-05,0.204,0.2
22101,7.7602e-05,0.204,0.6
22102,7.7604e-05,0.204,0.6
22103,7.7606e-05,0.212,0.6
22104,7.7608e-05,0.204,0.6
22105,7.761000000000001e-05,0.204,0.6
22106,7.7612e-05,0.204,0.6
22107,7.761399999999999e-05,0.212,0.6
22108,7.7616e-05,0.204,0.6
22109,7.7618e-05,0.212,0.6
22110,7.762e-05,0.212,0.6
22111,7.762200000000001e-05,0.212,0.6
22112,7.7624e-05,0.204,0.6
22113,7.762599999999999e-05,0.212,0.6
22114,7.7628e-05,0.204,0.6
22115,7.763e-05,0.212,0.6
22116,7.7632e-05,0.204,0.6
22117,7.763400000000001e-05,0.212,0.6
22118,7.7636e-05,0.204,0.6
22119,7.7638e-05,0.212,0.6
22120,7.764e-05,0.212,0.6
22121,7.7642e-05,0.212,0.6
22122,7.7644e-05,0.204,0.6
22123,7.764600000000001e-05,0.212,0.6
22124,7.7648e-05,0.204,0.6
22125,7.765e-05,0.212,0.6
22126,7.7652e-05,0.212,0.6
22127,7.7654e-05,0.212,0.6
22128,7.7656e-05,0.204,0.2
22129,7.765800000000001e-05,0.212,0.6
22130,7.766e-05,0.212,0.6
22131,7.7662e-05,0.212,0.6
22132,7.7664e-05,0.212,0.6
22133,7.7666e-05,0.212,0.6
22134,7.7668e-05,0.212,0.6
22135,7.767000000000001e-05,0.212,0.6
22136,7.767200000000001e-05,0.212,0.6
22137,7.7674e-05,0.212,0.6
22138,7.767599999999999e-05,0.212,0.6
22139,7.7678e-05,0.212,0.6
22140,7.768e-05,0.212,0.6
22141,7.7682e-05,0.212,0.6
22142,7.768400000000001e-05,0.212,0.6
22143,7.7686e-05,0.212,0.6
22144,7.768799999999999e-05,0.212,0.6
22145,7.769e-05,0.212,0.6
22146,7.7692e-05,0.212,0.6
22147,7.7694e-05,0.212,0.6
22148,7.769600000000001e-05,0.212,0.2
22149,7.7698e-05,0.212,0.6
22150,7.769999999999999e-05,0.212,0.6
22151,7.7702e-05,0.212,0.6
22152,7.7704e-05,0.212,0.6
22153,7.7706e-05,0.212,0.6
22154,7.770800000000001e-05,0.212,0.6
22155,7.771e-05,0.212,0.6
22156,7.7712e-05,0.212,0.6
22157,7.7714e-05,0.212,0.6
22158,7.7716e-05,0.212,0.6
22159,7.7718e-05,0.212,0.6
22160,7.772000000000001e-05,0.212,0.6
22161,7.7722e-05,0.212,0.6
22162,7.7724e-05,0.212,0.6
22163,7.7726e-05,0.212,0.6
22164,7.7728e-05,0.212,0.6
22165,7.773e-05,0.212,0.6
22166,7.773200000000001e-05,0.212,0.6
22167,7.7734e-05,0.212,0.6
22168,7.7736e-05,0.212,0.2
22169,7.7738e-05,0.212,0.6
22170,7.774e-05,0.212,0.6
22171,7.7742e-05,0.212,0.6
22172,7.7744e-05,0.212,0.2
22173,7.774600000000001e-05,0.212,0.6
22174,7.7748e-05,0.212,0.6
22175,7.774999999999999e-05,0.22,0.6
22176,7.7752e-05,0.212,0.2
22177,7.7754e-05,0.212,1.0
22178,7.7756e-05,0.212,0.6
22179,7.775800000000001e-05,0.212,0.6
22180,7.776e-05,0.212,0.6
22181,7.776199999999999e-05,0.212,0.6
22182,7.7764e-05,0.212,0.6
22183,7.7766e-05,0.22,0.6
22184,7.7768e-05,0.212,0.6
22185,7.777000000000001e-05,0.212,0.6
22186,7.7772e-05,0.212,0.6
22187,7.7774e-05,0.212,0.6
22188,7.7776e-05,0.212,0.2
22189,7.7778e-05,0.212,0.6
22190,7.778e-05,0.22,0.6
22191,7.778200000000001e-05,0.22,0.6
22192,7.7784e-05,0.212,0.6
22193,7.7786e-05,0.212,0.6
22194,7.7788e-05,0.212,0.6
22195,7.779e-05,0.22,0.6
22196,7.7792e-05,0.212,0.6
22197,7.779400000000001e-05,0.212,0.6
22198,7.7796e-05,0.212,0.6
22199,7.7798e-05,0.22,0.6
22200,7.78e-05,0.212,0.2
22201,7.7802e-05,0.212,0.6
22202,7.7804e-05,0.212,0.6
22203,7.780600000000001e-05,0.22,0.6
22204,7.780800000000001e-05,0.212,0.6
22205,7.781e-05,0.212,0.6
22206,7.781199999999999e-05,0.212,0.6
22207,7.7814e-05,0.22,0.6
22208,7.7816e-05,0.212,0.6
22209,7.7818e-05,0.212,0.6
22210,7.782000000000001e-05,0.212,0.6
22211,7.7822e-05,0.22,0.6
22212,7.782399999999999e-05,0.212,0.6
22213,7.7826e-05,0.212,0.6
22214,7.7828e-05,0.212,0.6
22215,7.783e-05,0.22,0.6
22216,7.783200000000001e-05,0.22,0.6
22217,7.7834e-05,0.22,0.6
22218,7.783599999999999e-05,0.22,0.6
22219,7.7838e-05,0.22,0.6
22220,7.784e-05,0.212,0.6
22221,7.7842e-05,0.22,0.6
22222,7.784400000000001e-05,0.212,0.6
22223,7.7846e-05,0.22,0.6
22224,7.7848e-05,0.22,0.6
22225,7.785e-05,0.212,0.6
22226,7.7852e-05,0.22,0.6
22227,7.7854e-05,0.22,0.6
22228,7.785600000000001e-05,0.22,0.6
22229,7.7858e-05,0.22,0.6
22230,7.786e-05,0.22,0.6
22231,7.7862e-05,0.22,0.6
22232,7.7864e-05,0.22,0.6
22233,7.7866e-05,0.22,0.6
22234,7.786800000000001e-05,0.22,0.6
22235,7.787e-05,0.22,0.6
22236,7.7872e-05,0.22,0.6
22237,7.7874e-05,0.22,0.6
22238,7.7876e-05,0.22,0.6
22239,7.7878e-05,0.22,0.6
22240,7.788e-05,0.22,0.6
22241,7.788200000000001e-05,0.22,0.6
22242,7.7884e-05,0.22,0.6
22243,7.788599999999999e-05,0.22,0.6
22244,7.7888e-05,0.22,0.6
22245,7.789e-05,0.22,0.6
22246,7.7892e-05,0.22,0.6
22247,7.789400000000001e-05,0.22,0.6
22248,7.7896e-05,0.22,0.2
22249,7.789799999999999e-05,0.22,0.6
22250,7.79e-05,0.22,0.6
22251,7.7902e-05,0.22,0.6
22252,7.7904e-05,0.22,0.6
22253,7.790600000000001e-05,0.22,0.6
22254,7.7908e-05,0.22,0.6
22255,7.791e-05,0.22,0.6
22256,7.7912e-05,0.22,0.6
22257,7.7914e-05,0.22,0.6
22258,7.7916e-05,0.22,0.6
22259,7.791800000000001e-05,0.22,0.6
22260,7.792e-05,0.22,0.6
22261,7.7922e-05,0.22,0.6
22262,7.7924e-05,0.22,0.6
22263,7.7926e-05,0.22,0.6
22264,7.7928e-05,0.22,0.6
22265,7.793000000000001e-05,0.22,0.6
22266,7.7932e-05,0.22,0.6
22267,7.7934e-05,0.22,0.6
22268,7.7936e-05,0.22,0.6
22269,7.7938e-05,0.22,0.6
22270,7.794e-05,0.22,0.6
22271,7.794200000000001e-05,0.22,0.6
22272,7.794400000000001e-05,0.22,0.6
22273,7.7946e-05,0.22,0.6
22274,7.794799999999999e-05,0.22,0.6
22275,7.795e-05,0.236,0.6
22276,7.7952e-05,0.22,0.6
22277,7.7954e-05,0.22,0.6
22278,7.795600000000001e-05,0.22,0.6
22279,7.7958e-05,0.22,0.6
22280,7.795999999999999e-05,0.22,0.2
22281,7.7962e-05,0.22,0.6
22282,7.7964e-05,0.22,0.6
22283,7.7966e-05,0.236,0.6
22284,7.796800000000001e-05,0.22,0.6
22285,7.797e-05,0.22,0.6
22286,7.797199999999999e-05,0.22,0.6
22287,7.7974e-05,0.236,0.6
22288,7.7976e-05,0.22,0.6
22289,7.7978e-05,0.22,0.6
22290,7.798000000000001e-05,0.22,0.6
22291,7.7982e-05,0.22,0.6
22292,7.7984e-05,0.22,0.6
22293,7.7986e-05,0.22,0.6
22294,7.7988e-05,0.22,0.6
22295,7.799e-05,0.236,0.6
22296,7.799200000000001e-05,0.22,0.6
22297,7.7994e-05,0.236,0.6
22298,7.7996e-05,0.22,0.6
22299,7.7998e-05,0.236,0.6
22300,7.8e-05,0.22,0.6
22301,7.8002e-05,0.22,0.6
22302,7.800400000000001e-05,0.22,0.6
22303,7.8006e-05,0.236,0.6
22304,7.8008e-05,0.22,0.6
22305,7.801e-05,0.22,0.6
22306,7.8012e-05,0.236,0.6
22307,7.8014e-05,0.22,0.6
22308,7.8016e-05,0.236,0.2
22309,7.801800000000001e-05,0.22,0.6
22310,7.802e-05,0.22,0.6
22311,7.802199999999999e-05,0.236,0.6
22312,7.8024e-05,0.22,0.6
22313,7.8026e-05,0.22,0.6
22314,7.8028e-05,0.22,0.6
22315,7.803000000000001e-05,0.236,0.6
22316,7.8032e-05,0.236,0.6
22317,7.803399999999999e-05,0.236,0.6
22318,7.8036e-05,0.22,0.6
22319,7.8038e-05,0.236,0.6
22320,7.804e-05,0.236,0.6
22321,7.804200000000001e-05,0.236,0.6
22322,7.8044e-05,0.236,0.6
22323,7.8046e-05,0.236,0.6
22324,7.8048e-05,0.236,0.6
22325,7.805e-05,0.236,0.6
22326,7.8052e-05,0.22,0.6
22327,7.805400000000001e-05,0.236,0.6
22328,7.8056e-05,0.236,0.2
22329,7.8058e-05,0.236,0.6
22330,7.806e-05,0.236,0.6
22331,7.8062e-05,0.236,0.6
22332,7.8064e-05,0.236,0.6
22333,7.806600000000001e-05,0.236,0.6
22334,7.8068e-05,0.236,0.6
22335,7.807e-05,0.236,0.6
22336,7.8072e-05,0.236,0.6
22337,7.8074e-05,0.236,0.6
22338,7.8076e-05,0.236,0.6
22339,7.807800000000001e-05,0.236,0.6
22340,7.808000000000001e-05,0.236,0.6
22341,7.8082e-05,0.236,0.6
22342,7.808399999999999e-05,0.236,0.6
22343,7.8086e-05,0.236,0.6
22344,7.8088e-05,0.236,0.6
22345,7.809e-05,0.236,0.6
22346,7.809200000000001e-05,0.236,0.6
22347,7.8094e-05,0.236,0.6
22348,7.809599999999999e-05,0.236,0.6
22349,7.8098e-05,0.236,0.6
22350,7.81e-05,0.236,0.6
22351,7.8102e-05,0.236,0.6
22352,7.810400000000001e-05,0.236,0.6
22353,7.8106e-05,0.236,0.6
22354,7.810799999999999e-05,0.236,0.6
22355,7.811e-05,0.236,0.6
22356,7.8112e-05,0.236,0.6
22357,7.8114e-05,0.236,0.6
22358,7.811600000000001e-05,0.236,0.6
22359,7.8118e-05,0.236,0.6
22360,7.812e-05,0.236,0.6
22361,7.8122e-05,0.236,0.6
22362,7.8124e-05,0.236,0.6
22363,7.8126e-05,0.236,0.6
22364,7.812800000000001e-05,0.236,0.6
22365,7.813e-05,0.236,0.6
22366,7.8132e-05,0.236,0.6
22367,7.8134e-05,0.236,0.6
22368,7.8136e-05,0.236,0.6
22369,7.8138e-05,0.236,0.6
22370,7.814000000000001e-05,0.236,0.6
22371,7.8142e-05,0.236,0.6
22372,7.8144e-05,0.236,0.6
22373,7.8146e-05,0.236,0.6
22374,7.8148e-05,0.236,0.6
22375,7.815e-05,0.244,0.6
22376,7.8152e-05,0.236,0.2
22377,7.815400000000001e-05,0.236,1.0
22378,7.8156e-05,0.236,0.6
22379,7.815799999999999e-05,0.244,0.6
22380,7.816e-05,0.236,0.6
22381,7.8162e-05,0.236,0.6
22382,7.8164e-05,0.236,0.6
22383,7.816600000000001e-05,0.244,0.6
22384,7.8168e-05,0.236,0.6
22385,7.816999999999999e-05,0.236,0.6
22386,7.8172e-05,0.236,0.6
22387,7.8174e-05,0.244,0.6
22388,7.8176e-05,0.236,0.6
22389,7.817800000000001e-05,0.236,0.6
22390,7.818e-05,0.236,0.6
22391,7.8182e-05,0.244,0.6
22392,7.8184e-05,0.236,0.6
22393,7.8186e-05,0.236,0.6
22394,7.8188e-05,0.236,0.6
22395,7.819000000000001e-05,0.244,0.6
22396,7.8192e-05,0.236,0.6
22397,7.8194e-05,0.236,0.6
22398,7.8196e-05,0.236,0.6
22399,7.8198e-05,0.244,0.6
22400,7.82e-05,0.236,0.6
22401,7.820200000000001e-05,0.244,0.6
22402,7.8204e-05,0.236,0.6
22403,7.8206e-05,0.244,0.6
22404,7.8208e-05,0.236,0.6
22405,7.821e-05,0.244,0.6
22406,7.8212e-05,0.236,0.6
22407,7.821400000000001e-05,0.244,0.6
22408,7.821600000000001e-05,0.244,0.6
22409,7.8218e-05,0.244,0.6
22410,7.821999999999999e-05,0.236,0.6
22411,7.8222e-05,0.244,0.6
22412,7.8224e-05,0.244,0.6
22413,7.8226e-05,0.244,0.6
22414,7.822800000000001e-05,0.244,0.6
22415,7.823e-05,0.244,0.6
22416,7.823199999999999e-05,0.244,0.6
22417,7.8234e-05,0.236,0.6
22418,7.8236e-05,0.244,0.6
22419,7.8238e-05,0.244,0.6
22420,7.824000000000001e-05,0.244,0.6
22421,7.8242e-05,0.244,0.6
22422,7.824399999999999e-05,0.236,0.6
22423,7.8246e-05,0.244,0.6
22424,7.8248e-05,0.244,0.6
22425,7.825e-05,0.244,0.6
22426,7.825200000000001e-05,0.244,1.0
22427,7.8254e-05,0.244,0.6
22428,7.8256e-05,0.244,0.6
22429,7.8258e-05,0.244,0.6
22430,7.826e-05,0.244,0.6
22431,7.8262e-05,0.244,0.6
22432,7.826400000000001e-05,0.244,0.6
22433,7.8266e-05,0.244,0.6
22434,7.8268e-05,0.244,0.6
22435,7.827e-05,0.244,0.6
22436,7.8272e-05,0.244,0.6
22437,7.8274e-05,0.244,0.6
22438,7.827600000000001e-05,0.244,0.6
22439,7.8278e-05,0.244,0.6
22440,7.828e-05,0.244,0.6
22441,7.8282e-05,0.244,0.6
22442,7.8284e-05,0.244,0.6
22443,7.8286e-05,0.244,0.6
22444,7.8288e-05,0.244,0.6
22445,7.829000000000001e-05,0.244,0.6
22446,7.8292e-05,0.244,0.6
22447,7.829399999999999e-05,0.244,0.6
22448,7.8296e-05,0.244,0.6
22449,7.8298e-05,0.244,0.6
22450,7.83e-05,0.244,0.6
22451,7.830200000000001e-05,0.244,0.6
22452,7.8304e-05,0.244,0.6
22453,7.830599999999999e-05,0.244,0.6
22454,7.8308e-05,0.244,1.0
22455,7.831e-05,0.244,0.6
22456,7.8312e-05,0.244,0.6
22457,7.831400000000001e-05,0.244,0.6
22458,7.8316e-05,0.244,0.6
22459,7.8318e-05,0.244,0.6
22460,7.832e-05,0.244,0.2
22461,7.8322e-05,0.244,0.6
22462,7.8324e-05,0.244,0.6
22463,7.832600000000001e-05,0.244,0.6
22464,7.8328e-05,0.244,0.6
22465,7.833e-05,0.244,0.6
22466,7.8332e-05,0.244,0.6
22467,7.8334e-05,0.252,0.6
22468,7.8336e-05,0.244,0.6
22469,7.833800000000001e-05,0.244,0.6
22470,7.834e-05,0.244,0.6
22471,7.8342e-05,0.252,0.6
22472,7.8344e-05,0.244,0.6
22473,7.8346e-05,0.244,0.6
22474,7.8348e-05,0.244,0.6
22475,7.835000000000001e-05,0.252,0.6
22476,7.835200000000001e-05,0.244,0.6
22477,7.8354e-05,0.244,0.6
22478,7.835599999999999e-05,0.244,0.6
22479,7.8358e-05,0.252,0.6
22480,7.836e-05,0.244,0.6
22481,7.8362e-05,0.244,0.6
22482,7.836400000000001e-05,0.244,0.6
22483,7.8366e-05,0.252,0.6
22484,7.836799999999999e-05,0.244,0.6
22485,7.837e-05,0.244,0.6
22486,7.8372e-05,0.244,0.6
22487,7.8374e-05,0.252,0.6
22488,7.837600000000001e-05,0.244,0.6
22489,7.8378e-05,0.244,0.6
22490,7.837999999999999e-05,0.244,0.6
22491,7.8382e-05,0.252,0.6
22492,7.8384e-05,0.244,0.6
22493,7.8386e-05,0.244,0.6
22494,7.838800000000001e-05,0.252,0.6
22495,7.839e-05,0.252,0.6
22496,7.8392e-05,0.244,0.6
22497,7.8394e-05,0.252,0.6
22498,7.8396e-05,0.244,0.6
22499,7.8398e-05,0.252,0.6
22500,7.840000000000001e-05,0.252,0.6
22501,7.8402e-05,0.244,0.6
22502,7.8404e-05,0.244,0.6
22503,7.8406e-05,0.252,0.6
22504,7.8408e-05,0.252,0.6
22505,7.841e-05,0.252,0.6
22506,7.841200000000001e-05,0.252,0.6
22507,7.8414e-05,0.252,0.6
22508,7.8416e-05,0.252,0.6
22509,7.8418e-05,0.244,0.6
22510,7.842e-05,0.244,0.6
22511,7.8422e-05,0.252,0.6
22512,7.8424e-05,0.252,0.6
22513,7.842600000000001e-05,0.252,0.6
22514,7.8428e-05,0.252,0.6
22515,7.842999999999999e-05,0.252,0.6
22516,7.8432e-05,0.252,0.6
22517,7.8434e-05,0.252,0.6
22518,7.8436e-05,0.244,0.6
22519,7.843800000000001e-05,0.252,0.6
22520,7.844e-05,0.252,0.6
22521,7.844199999999999e-05,0.252,0.6
22522,7.8444e-05,0.252,0.6
22523,7.8446e-05,0.252,0.6
22524,7.8448e-05,0.252,0.6
22525,7.845000000000001e-05,0.252,0.6
22526,7.8452e-05,0.252,0.6
22527,7.8454e-05,0.252,0.6
22528,7.8456e-05,0.252,0.6
22529,7.8458e-05,0.252,0.6
22530,7.846e-05,0.252,0.6
22531,7.846200000000001e-05,0.252,0.6
22532,7.8464e-05,0.252,0.6
22533,7.8466e-05,0.252,0.6
22534,7.8468e-05,0.252,0.6
22535,7.847e-05,0.252,0.6
22536,7.8472e-05,0.252,0.6
22537,7.847400000000001e-05,0.252,0.6
22538,7.8476e-05,0.252,0.6
22539,7.8478e-05,0.252,0.6
22540,7.848e-05,0.252,0.6
22541,7.8482e-05,0.252,0.6
22542,7.8484e-05,0.252,0.6
22543,7.848600000000001e-05,0.252,0.6
22544,7.848800000000001e-05,0.252,0.6
22545,7.849e-05,0.252,0.6
22546,7.849199999999999e-05,0.252,0.6
22547,7.8494e-05,0.252,0.6
22548,7.8496e-05,0.252,0.6
22549,7.8498e-05,0.252,0.6
22550,7.850000000000001e-05,0.252,0.6
22551,7.8502e-05,0.252,0.6
22552,7.850399999999999e-05,0.252,0.6
22553,7.8506e-05,0.252,0.6
22554,7.8508e-05,0.252,1.0
22555,7.851e-05,0.26,0.6
22556,7.851200000000001e-05,0.252,0.6
22557,7.8514e-05,0.252,0.6
22558,7.851599999999999e-05,0.252,0.6
22559,7.8518e-05,0.252,0.6
22560,7.852e-05,0.252,0.6
22561,7.8522e-05,0.252,0.6
22562,7.852400000000001e-05,0.252,0.6
22563,7.8526e-05,0.252,0.6
22564,7.8528e-05,0.252,0.6
22565,7.853e-05,0.252,0.6
22566,7.8532e-05,0.252,0.6
22567,7.8534e-05,0.26,0.6
22568,7.853600000000001e-05,0.252,0.6
22569,7.8538e-05,0.252,0.6
22570,7.854e-05,0.252,0.6
22571,7.8542e-05,0.26,0.6
22572,7.8544e-05,0.252,0.6
22573,7.8546e-05,0.252,0.6
22574,7.854800000000001e-05,0.252,1.0
22575,7.855e-05,0.26,0.6
22576,7.8552e-05,0.252,0.6
22577,7.8554e-05,0.252,1.0
22578,7.8556e-05,0.252,0.6
22579,7.8558e-05,0.26,0.6
22580,7.856000000000001e-05,0.252,0.6
22581,7.856200000000001e-05,0.252,0.6
22582,7.8564e-05,0.252,1.0
22583,7.856599999999999e-05,0.26,0.6
22584,7.8568e-05,0.252,0.6
22585,7.857e-05,0.252,0.6
22586,7.8572e-05,0.252,0.6
22587,7.857400000000001e-05,0.26,0.6
22588,7.8576e-05,0.26,0.6
22589,7.857799999999999e-05,0.252,0.6
22590,7.858e-05,0.252,0.6
22591,7.8582e-05,0.26,0.6
22592,7.8584e-05,0.252,0.6
22593,7.858600000000001e-05,0.26,0.6
22594,7.8588e-05,0.252,0.6
22595,7.859e-05,0.26,0.6
22596,7.8592e-05,0.252,0.6
22597,7.8594e-05,0.26,0.6
22598,7.8596e-05,0.252,0.6
22599,7.859800000000001e-05,0.26,0.6
22600,7.86e-05,0.252,0.6
22601,7.8602e-05,0.252,0.6
22602,7.8604e-05,0.252,0.6
22603,7.8606e-05,0.26,0.6
22604,7.8608e-05,0.26,0.6
22605,7.861000000000001e-05,0.26,0.6
22606,7.8612e-05,0.26,0.6
22607,7.8614e-05,0.26,0.6
22608,7.8616e-05,0.252,0.6
22609,7.8618e-05,0.26,0.6
22610,7.862e-05,0.26,0.6
22611,7.862200000000001e-05,0.26,0.6
22612,7.862400000000001e-05,0.26,0.6
22613,7.8626e-05,0.26,0.6
22614,7.8628e-05,0.26,1.0
22615,7.863e-05,0.26,0.6
22616,7.8632e-05,0.26,0.6
22617,7.8634e-05,0.26,0.6
22618,7.863600000000001e-05,0.252,0.6
22619,7.8638e-05,0.26,0.6
22620,7.863999999999999e-05,0.252,0.6
22621,7.8642e-05,0.26,0.6
22622,7.8644e-05,0.26,0.6
22623,7.8646e-05,0.26,0.6
22624,7.864800000000001e-05,0.252,0.6
22625,7.865e-05,0.26,0.6
22626,7.865199999999999e-05,0.26,0.6
22627,7.8654e-05,0.26,0.6
22628,7.8656e-05,0.26,0.6
22629,7.8658e-05,0.26,0.6
22630,7.866000000000001e-05,0.26,0.6
22631,7.8662e-05,0.26,1.0
22632,7.8664e-05,0.26,0.6
22633,7.8666e-05,0.26,0.6
22634,7.8668e-05,0.26,0.6
22635,7.867e-05,0.26,0.6
22636,7.867200000000001e-05,0.26,0.6
22637,7.8674e-05,0.26,0.6
22638,7.8676e-05,0.26,0.6
22639,7.8678e-05,0.26,0.6
22640,7.868e-05,0.26,0.6
22641,7.8682e-05,0.26,0.6
22642,7.868400000000001e-05,0.26,0.6
22643,7.8686e-05,0.26,0.6
22644,7.8688e-05,0.26,0.6
22645,7.869e-05,0.26,0.6
22646,7.8692e-05,0.26,1.0
22647,7.8694e-05,0.26,0.6
22648,7.869600000000001e-05,0.26,0.6
22649,7.869800000000001e-05,0.26,0.6
22650,7.87e-05,0.26,0.6
22651,7.870199999999999e-05,0.26,0.6
22652,7.8704e-05,0.26,0.6
22653,7.8706e-05,0.26,0.6
22654,7.8708e-05,0.26,0.6
22655,7.871000000000001e-05,0.268,0.6
22656,7.8712e-05,0.26,0.6
22657,7.871399999999999e-05,0.26,0.6
22658,7.8716e-05,0.26,0.6
22659,7.8718e-05,0.268,0.6
22660,7.872e-05,0.26,0.6
22661,7.872200000000001e-05,0.26,0.6
22662,7.8724e-05,0.26,0.6
22663,7.8726e-05,0.268,0.6
22664,7.8728e-05,0.26,0.6
22665,7.873e-05,0.26,0.6
22666,7.8732e-05,0.26,0.6
22667,7.873400000000001e-05,0.268,0.6
22668,7.8736e-05,0.26,0.6
22669,7.8738e-05,0.26,0.6
22670,7.874e-05,0.26,0.6
22671,7.8742e-05,0.268,0.6
22672,7.8744e-05,0.26,0.6
22673,7.874600000000001e-05,0.26,0.6
22674,7.8748e-05,0.26,0.6
22675,7.875e-05,0.268,0.6
22676,7.8752e-05,0.26,0.6
22677,7.8754e-05,0.268,0.6
22678,7.8756e-05,0.268,0.6
22679,7.875800000000001e-05,0.268,1.0
22680,7.876000000000001e-05,0.26,0.6
22681,7.8762e-05,0.26,0.6
22682,7.8764e-05,0.26,0.6
22683,7.8766e-05,0.268,0.6
22684,7.8768e-05,0.26,0.6
22685,7.877e-05,0.26,0.6
22686,7.877200000000001e-05,0.26,1.0
22687,7.8774e-05,0.268,0.6
22688,7.877599999999999e-05,0.26,0.6
22689,7.8778e-05,0.26,0.6
22690,7.878e-05,0.26,0.6
22691,7.8782e-05,0.268,0.6
22692,7.878400000000001e-05,0.26,0.6
22693,7.8786e-05,0.26,0.6
22694,7.878799999999999e-05,0.26,1.0
22695,7.879e-05,0.268,0.6
22696,7.8792e-05,0.26,0.6
22697,7.8794e-05,0.268,0.6
22698,7.879600000000001e-05,0.268,1.0
22699,7.8798e-05,0.268,0.6
22700,7.88e-05,0.268,0.6
22701,7.8802e-05,0.268,0.6
22702,7.8804e-05,0.268,0.6
22703,7.8806e-05,0.268,0.6
22704,7.880800000000001e-05,0.26,0.6
22705,7.881e-05,0.268,0.6
22706,7.8812e-05,0.26,0.6
22707,7.8814e-05,0.268,0.6
22708,7.8816e-05,0.26,0.6
22709,7.8818e-05,0.268,0.6
22710,7.882000000000001e-05,0.268,0.6
22711,7.8822e-05,0.268,0.6
22712,7.8824e-05,0.268,0.6
22713,7.8826e-05,0.268,0.6
22714,7.8828e-05,0.268,1.0
22715,7.883e-05,0.268,0.6
22716,7.883200000000001e-05,0.268,0.6
22717,7.883400000000001e-05,0.268,0.6
22718,7.8836e-05,0.268,0.6
22719,7.883799999999999e-05,0.268,0.6
22720,7.884e-05,0.268,0.6
22721,7.8842e-05,0.268,0.6
22722,7.8844e-05,0.268,0.6
22723,7.884600000000001e-05,0.268,0.6
22724,7.8848e-05,0.268,0.6
22725,7.884999999999999e-05,0.268,0.6
22726,7.8852e-05,0.268,0.6
22727,7.8854e-05,0.268,0.6
22728,7.8856e-05,0.268,0.6
22729,7.885800000000001e-05,0.268,0.6
22730,7.886e-05,0.268,0.6
22731,7.8862e-05,0.268,0.6
22732,7.8864e-05,0.268,0.6
22733,7.8866e-05,0.268,0.6
22734,7.8868e-05,0.268,0.6
22735,7.887000000000001e-05,0.268,0.6
22736,7.8872e-05,0.268,0.6
22737,7.8874e-05,0.268,0.6
22738,7.8876e-05,0.268,1.0
22739,7.8878e-05,0.268,0.6
22740,7.888e-05,0.268,0.6
22741,7.888200000000001e-05,0.268,0.6
22742,7.8884e-05,0.268,0.6
22743,7.8886e-05,0.268,0.6
22744,7.8888e-05,0.268,0.6
22745,7.889e-05,0.268,0.6
22746,7.8892e-05,0.268,1.0
22747,7.889400000000001e-05,0.268,1.0
22748,7.889600000000001e-05,0.268,0.6
22749,7.8898e-05,0.268,0.6
22750,7.89e-05,0.268,0.6
22751,7.8902e-05,0.268,0.6
22752,7.8904e-05,0.268,0.6
22753,7.8906e-05,0.268,0.6
22754,7.890800000000001e-05,0.268,1.0
22755,7.891e-05,0.276,0.6
22756,7.891199999999999e-05,0.268,0.6
22757,7.8914e-05,0.268,0.6
22758,7.8916e-05,0.268,0.6
22759,7.8918e-05,0.268,0.6
22760,7.892000000000001e-05,0.268,0.6
22761,7.8922e-05,0.268,0.6
22762,7.892399999999999e-05,0.268,0.6
22763,7.8926e-05,0.276,0.6
22764,7.8928e-05,0.268,0.6
22765,7.893e-05,0.268,0.6
22766,7.893200000000001e-05,0.268,0.6
22767,7.8934e-05,0.276,0.6
22768,7.8936e-05,0.268,0.6
22769,7.8938e-05,0.268,0.6
22770,7.894e-05,0.268,0.6
22771,7.8942e-05,0.276,0.6
22772,7.894400000000001e-05,0.268,0.6
22773,7.8946e-05,0.268,0.6
22774,7.8948e-05,0.268,0.6
22775,7.895e-05,0.276,0.6
22776,7.8952e-05,0.268,0.2
22777,7.8954e-05,0.268,1.0
22778,7.895600000000001e-05,0.276,0.6
22779,7.8958e-05,0.276,0.6
22780,7.896e-05,0.268,0.6
22781,7.8962e-05,0.276,0.6
22782,7.8964e-05,0.268,1.0
22783,7.8966e-05,0.276,0.6
22784,7.896800000000001e-05,0.268,0.6
22785,7.897000000000001e-05,0.276,0.6
22786,7.8972e-05,0.268,0.6
22787,7.897399999999999e-05,0.276,0.6
22788,7.8976e-05,0.268,0.6
22789,7.8978e-05,0.276,1.0
22790,7.898e-05,0.268,1.0
22791,7.898200000000001e-05,0.276,0.6
22792,7.8984e-05,0.276,0.6
22793,7.898599999999999e-05,0.276,0.6
22794,7.8988e-05,0.268,1.0
22795,7.899e-05,0.276,0.6
22796,7.8992e-05,0.276,0.6
22797,7.899400000000001e-05,0.276,0.6
22798,7.8996e-05,0.276,0.6
22799,7.899799999999999e-05,0.276,0.6
22800,7.9e-05,0.276,0.6
22801,7.9002e-05,0.276,0.6
22802,7.9004e-05,0.276,0.6
22803,7.900600000000001e-05,0.276,0.6
22804,7.9008e-05,0.268,0.6
22805,7.901e-05,0.276,0.6
22806,7.9012e-05,0.276,1.0
22807,7.9014e-05,0.276,0.6
22808,7.9016e-05,0.276,0.6
22809,7.901800000000001e-05,0.276,0.6
22810,7.902e-05,0.276,0.6
22811,7.9022e-05,0.276,0.6
22812,7.9024e-05,0.276,0.6
22813,7.9026e-05,0.276,0.6
22814,7.9028e-05,0.276,0.6
22815,7.903000000000001e-05,0.276,0.6
22816,7.9032e-05,0.276,0.6
22817,7.9034e-05,0.276,0.6
22818,7.9036e-05,0.276,0.6
22819,7.9038e-05,0.276,0.6
22820,7.904e-05,0.276,0.6
22821,7.9042e-05,0.276,0.6
22822,7.904400000000001e-05,0.276,0.6
22823,7.9046e-05,0.276,0.6
22824,7.904799999999999e-05,0.276,0.6
22825,7.905e-05,0.276,0.6
22826,7.9052e-05,0.276,1.0
22827,7.9054e-05,0.276,0.6
22828,7.905600000000001e-05,0.276,0.6
22829,7.9058e-05,0.276,0.6
22830,7.905999999999999e-05,0.276,0.6
22831,7.9062e-05,0.276,1.0
22832,7.9064e-05,0.276,0.6
22833,7.9066e-05,0.276,0.6
22834,7.906800000000001e-05,0.276,1.0
22835,7.907e-05,0.284,0.6
22836,7.9072e-05,0.276,0.6
22837,7.9074e-05,0.276,1.0
22838,7.9076e-05,0.276,0.6
22839,7.9078e-05,0.276,0.6
22840,7.908000000000001e-05,0.276,0.6
22841,7.9082e-05,0.276,0.6
22842,7.9084e-05,0.276,0.6
22843,7.9086e-05,0.284,0.6
22844,7.9088e-05,0.276,0.6
22845,7.909e-05,0.276,0.6
22846,7.909200000000001e-05,0.276,0.6
22847,7.9094e-05,0.284,0.6
22848,7.9096e-05,0.276,0.6
22849,7.9098e-05,0.276,0.6
22850,7.91e-05,0.276,1.0
22851,7.9102e-05,0.276,0.6
22852,7.910400000000001e-05,0.276,0.6
22853,7.910600000000001e-05,0.276,0.6
22854,7.9108e-05,0.276,0.6
22855,7.910999999999999e-05,0.284,0.6
22856,7.9112e-05,0.276,0.6
22857,7.9114e-05,0.276,0.6
22858,7.9116e-05,0.276,0.6
22859,7.911800000000001e-05,0.284,0.6
22860,7.912e-05,0.276,0.6
22861,7.912199999999999e-05,0.276,0.6
22862,7.9124e-05,0.276,0.6
22863,7.9126e-05,0.284,0.6
22864,7.9128e-05,0.276,0.6
22865,7.913000000000001e-05,0.284,0.6
22866,7.9132e-05,0.276,0.6
22867,7.913399999999999e-05,0.284,0.6
22868,7.9136e-05,0.276,0.6
22869,7.9138e-05,0.276,0.6
22870,7.914e-05,0.276,0.6
22871,7.914200000000001e-05,0.284,0.6
22872,7.9144e-05,0.276,0.6
22873,7.9146e-05,0.276,0.6
22874,7.9148e-05,0.276,1.0
22875,7.915e-05,0.284,0.6
22876,7.9152e-05,0.276,0.6
22877,7.915400000000001e-05,0.276,0.6
22878,7.9156e-05,0.276,0.6
22879,7.9158e-05,0.284,0.6
22880,7.916e-05,0.276,0.6
22881,7.9162e-05,0.276,0.6
22882,7.9164e-05,0.276,0.6
22883,7.916600000000001e-05,0.284,0.6
22884,7.9168e-05,0.284,0.6
22885,7.917e-05,0.284,0.6
22886,7.9172e-05,0.284,1.0
22887,7.9174e-05,0.284,0.6
22888,7.9176e-05,0.276,0.6
22889,7.9178e-05,0.276,0.6
22890,7.918000000000001e-05,0.276,0.6
22891,7.9182e-05,0.284,0.6
22892,7.918399999999999e-05,0.284,0.6
22893,7.9186e-05,0.284,1.0
22894,7.9188e-05,0.276,1.0
22895,7.919e-05,0.284,0.6
22896,7.919200000000001e-05,0.284,0.6
22897,7.9194e-05,0.284,0.6
22898,7.919599999999999e-05,0.284,1.0
22899,7.9198e-05,0.284,1.0
22900,7.92e-05,0.284,0.6
22901,7.9202e-05,0.284,1.0
22902,7.920400000000001e-05,0.284,0.6
22903,7.9206e-05,0.284,1.0
22904,7.9208e-05,0.284,0.6
22905,7.921e-05,0.284,0.6
22906,7.9212e-05,0.284,1.0
22907,7.9214e-05,0.284,0.6
22908,7.921600000000001e-05,0.284,0.6
22909,7.9218e-05,0.284,0.6
22910,7.922e-05,0.284,0.6
22911,7.9222e-05,0.284,0.6
22912,7.9224e-05,0.284,0.6
22913,7.9226e-05,0.284,0.6
22914,7.922800000000001e-05,0.284,1.0
22915,7.923e-05,0.284,0.6
22916,7.9232e-05,0.284,0.6
22917,7.9234e-05,0.284,1.0
22918,7.9236e-05,0.284,0.6
22919,7.9238e-05,0.284,1.0
22920,7.924000000000001e-05,0.284,0.6
22921,7.924200000000001e-05,0.284,0.6
22922,7.9244e-05,0.284,0.6
22923,7.924599999999999e-05,0.284,0.6
22924,7.9248e-05,0.284,0.6
22925,7.925e-05,0.284,0.6
22926,7.9252e-05,0.284,0.6
22927,7.925400000000001e-05,0.284,1.0
22928,7.9256e-05,0.284,0.6
22929,7.925799999999999e-05,0.284,0.6
22930,7.926e-05,0.284,1.0
22931,7.9262e-05,0.284,0.6
22932,7.9264e-05,0.284,0.6
22933,7.926600000000001e-05,0.284,0.6
22934,7.9268e-05,0.284,1.0
22935,7.926999999999999e-05,0.284,0.6
22936,7.9272e-05,0.284,0.6
22937,7.9274e-05,0.284,0.6
22938,7.9276e-05,0.284,0.6
22939,7.927800000000001e-05,0.284,1.0
22940,7.928e-05,0.284,0.6
22941,7.9282e-05,0.284,1.0
22942,7.9284e-05,0.284,1.0
22943,7.9286e-05,0.292,0.6
22944,7.9288e-05,0.284,0.6
22945,7.929000000000001e-05,0.284,0.6
22946,7.9292e-05,0.284,1.0
22947,7.9294e-05,0.284,1.0
22948,7.9296e-05,0.284,0.6
22949,7.9298e-05,0.284,1.0
22950,7.93e-05,0.284,1.0
22951,7.930200000000001e-05,0.292,1.0
22952,7.9304e-05,0.284,0.6
22953,7.9306e-05,0.284,0.6
22954,7.9308e-05,0.284,1.0
22955,7.931e-05,0.292,0.6
22956,7.9312e-05,0.284,0.6
22957,7.9314e-05,0.284,1.0
22958,7.931600000000001e-05,0.284,0.6
22959,7.9318e-05,0.292,1.0
22960,7.931999999999999e-05,0.284,0.6
22961,7.9322e-05,0.284,0.6
22962,7.9324e-05,0.284,0.6
22963,7.9326e-05,0.292,1.0
22964,7.932800000000001e-05,0.284,0.6
22965,7.933e-05,0.292,0.6
22966,7.933199999999999e-05,0.284,1.0
22967,7.9334e-05,0.292,1.0
22968,7.9336e-05,0.284,0.6
22969,7.9338e-05,0.284,0.6
22970,7.934000000000001e-05,0.284,0.6
22971,7.9342e-05,0.292,1.0
22972,7.9344e-05,0.284,0.6
22973,7.9346e-05,0.284,0.6
22974,7.9348e-05,0.284,0.6
22975,7.935e-05,0.292,0.6
22976,7.935200000000001e-05,0.276,0.6
22977,7.9354e-05,0.268,1.0
22978,7.9356e-05,0.252,0.2
22979,7.9358e-05,0.236,0.6
22980,7.936e-05,0.212,0.6
22981,7.9362e-05,0.204,0.6
22982,7.936400000000001e-05,0.204,0.6
22983,7.9366e-05,0.212,0.6
22984,7.9368e-05,0.212,0.6
22985,7.937e-05,0.236,0.6
22986,7.9372e-05,0.244,0.6
22987,7.9374e-05,0.26,0.6
22988,7.937600000000001e-05,0.26,0.6
22989,7.937800000000001e-05,0.26,0.6
22990,7.938e-05,0.268,0.6
22991,7.938199999999999e-05,0.268,0.6
22992,7.9384e-05,0.268,0.6
22993,7.9386e-05,0.268,0.6
22994,7.9388e-05,0.268,1.0
22995,7.939000000000001e-05,0.268,0.6
22996,7.9392e-05,0.268,0.6
22997,7.939399999999999e-05,0.268,1.0
22998,7.9396e-05,0.276,0.6
22999,7.9398e-05,0.276,1.0
23000,7.94e-05,0.276,0.6
23001,7.940200000000001e-05,0.276,0.6
23002,7.9404e-05,0.276,1.0
23003,7.940599999999999e-05,0.276,0.6
23004,7.9408e-05,0.268,0.6
23005,7.941e-05,0.268,0.6
23006,7.9412e-05,0.276,0.6
23007,7.941400000000001e-05,0.276,1.0
23008,7.9416e-05,0.276,0.6
23009,7.9418e-05,0.276,0.6
23010,7.942e-05,0.276,1.0
23011,7.9422e-05,0.284,0.6
23012,7.9424e-05,0.276,0.6
23013,7.942600000000001e-05,0.276,1.0
23014,7.9428e-05,0.276,1.0
23015,7.943e-05,0.276,0.6
23016,7.9432e-05,0.276,0.6
23017,7.9434e-05,0.276,0.6
23018,7.9436e-05,0.276,0.6
23019,7.943800000000001e-05,0.284,0.6
23020,7.944e-05,0.284,0.6
23021,7.9442e-05,0.284,1.0
23022,7.9444e-05,0.284,0.6
23023,7.9446e-05,0.284,0.6
23024,7.9448e-05,0.276,0.6
23025,7.945e-05,0.276,0.6
23026,7.945200000000001e-05,0.276,1.0
23027,7.9454e-05,0.284,1.0
23028,7.945599999999999e-05,0.284,0.6
23029,7.9458e-05,0.284,1.0
23030,7.946e-05,0.284,0.6
23031,7.9462e-05,0.284,0.6
23032,7.946400000000001e-05,0.284,0.6
23033,7.9466e-05,0.284,0.6
23034,7.946799999999999e-05,0.284,1.0
23035,7.947e-05,0.284,0.6
23036,7.9472e-05,0.284,0.6
23037,7.9474e-05,0.284,0.6
23038,7.947600000000001e-05,0.284,1.0
23039,7.9478e-05,0.292,1.0
23040,7.948e-05,0.284,0.6
23041,7.9482e-05,0.284,1.0
23042,7.9484e-05,0.284,1.0
23043,7.9486e-05,0.292,0.6
23044,7.948800000000001e-05,0.284,0.6
23045,7.949e-05,0.284,1.0
23046,7.9492e-05,0.284,1.0
23047,7.9494e-05,0.292,0.6
23048,7.9496e-05,0.284,0.6
23049,7.9498e-05,0.284,1.0
23050,7.950000000000001e-05,0.284,1.0
23051,7.9502e-05,0.292,1.0
23052,7.9504e-05,0.284,0.6
23053,7.9506e-05,0.292,0.6
23054,7.9508e-05,0.284,1.0
23055,7.951e-05,0.292,0.6
23056,7.951200000000001e-05,0.284,0.6
23057,7.951400000000001e-05,0.284,0.6
23058,7.9516e-05,0.284,1.0
23059,7.951799999999999e-05,0.292,0.6
23060,7.952e-05,0.284,0.6
23061,7.9522e-05,0.284,1.0
23062,7.9524e-05,0.292,1.0
23063,7.952600000000001e-05,0.292,1.0
23064,7.9528e-05,0.284,0.6
23065,7.952999999999999e-05,0.292,0.6
23066,7.9532e-05,0.284,1.0
23067,7.9534e-05,0.292,1.0
23068,7.9536e-05,0.292,0.6
23069,7.953800000000001e-05,0.292,1.0
23070,7.954e-05,0.292,1.0
23071,7.954199999999999e-05,0.292,0.6
23072,7.9544e-05,0.292,0.6
23073,7.9546e-05,0.292,1.0
23074,7.9548e-05,0.292,1.0
23075,7.955000000000001e-05,0.292,0.6
23076,7.9552e-05,0.292,0.6
23077,7.9554e-05,0.292,1.0
23078,7.9556e-05,0.292,1.0
23079,7.9558e-05,0.292,1.0
23080,7.956e-05,0.292,0.6
23081,7.956200000000001e-05,0.292,1.0
23082,7.9564e-05,0.292,1.0
23083,7.9566e-05,0.292,1.0
23084,7.9568e-05,0.292,1.0
23085,7.957e-05,0.292,1.0
23086,7.9572e-05,0.292,1.0
23087,7.957400000000001e-05,0.292,1.0
23088,7.9576e-05,0.292,0.6
23089,7.9578e-05,0.292,1.0
23090,7.958e-05,0.292,1.0
23091,7.9582e-05,0.292,1.0
23092,7.9584e-05,0.292,1.0
23093,7.958600000000001e-05,0.292,1.4
23094,7.958800000000001e-05,0.284,1.4
23095,7.959e-05,0.292,1.4
23096,7.959199999999999e-05,0.284,1.4
23097,7.9594e-05,0.284,1.8
23098,7.9596e-05,0.284,1.8
23099,7.9598e-05,0.292,1.8
23100,7.960000000000001e-05,0.284,1.8
23101,7.9602e-05,0.292,2.2
23102,7.960399999999999e-05,0.284,2.2
23103,7.9606e-05,0.292,2.2
23104,7.9608e-05,0.284,2.2
23105,7.961e-05,0.284,2.6
23106,7.961200000000001e-05,0.284,2.6
23107,7.9614e-05,0.292,2.6
23108,7.9616e-05,0.284,2.6
23109,7.9618e-05,0.292,3.0
23110,7.962e-05,0.284,3.0
23111,7.9622e-05,0.292,3.0
23112,7.962400000000001e-05,0.292,3.0
23113,7.9626e-05,0.292,3.4
23114,7.9628e-05,0.284,3.4
23115,7.963e-05,0.292,3.4
23116,7.9632e-05,0.284,3.4
23117,7.9634e-05,0.292,3.8
23118,7.963600000000001e-05,0.284,3.8
23119,7.9638e-05,0.292,4.2
23120,7.964e-05,0.284,4.2
23121,7.9642e-05,0.292,4.2
23122,7.9644e-05,0.284,4.6
23123,7.9646e-05,0.292,4.6
23124,7.964800000000001e-05,0.284,4.6
23125,7.965000000000001e-05,0.292,5.0
23126,7.9652e-05,0.284,5.0
23127,7.9654e-05,0.292,5.0
23128,7.9656e-05,0.292,5.8
23129,7.9658e-05,0.284,5.8
23130,7.966e-05,0.284,6.2
23131,7.966200000000001e-05,0.292,6.2
23132,7.9664e-05,0.284,6.2
23133,7.966599999999999e-05,0.284,6.6
23134,7.9668e-05,0.284,7.0
23135,7.967e-05,0.292,7.0
23136,7.9672e-05,0.284,7.0
23137,7.967400000000001e-05,0.284,7.4
23138,7.9676e-05,0.284,7.8
23139,7.967799999999999e-05,0.284,8.2
23140,7.968e-05,0.276,8.6
23141,7.9682e-05,0.276,9.4
23142,7.9684e-05,0.268,10.2
23143,7.968600000000001e-05,0.268,11.0
23144,7.9688e-05,0.26,12.2
23145,7.969e-05,0.26,13.4
23146,7.9692e-05,0.252,14.6
23147,7.9694e-05,0.252,15.8
23148,7.9696e-05,0.236,17.8
23149,7.969800000000001e-05,0.22,19.8
23150,7.97e-05,0.204,22.2
23151,7.9702e-05,0.196,25.0
23152,7.9704e-05,0.172,27.8
23153,7.9706e-05,0.156,31.0
23154,7.9708e-05,0.14,34.6
23155,7.971000000000001e-05,0.124,38.2
23156,7.9712e-05,0.092,39.8
23157,7.9714e-05,0.02,41.8
23158,7.9716e-05,-0.252,42.6
23159,7.9718e-05,-0.564,42.6
23160,7.972e-05,-0.756,43.0
23161,7.972200000000001e-05,-0.86,42.6
23162,7.972400000000001e-05,-0.86,42.6
23163,7.9726e-05,-0.86,42.2
23164,7.972799999999999e-05,-0.86,42.2
23165,7.973e-05,-0.812,41.8
23166,7.9732e-05,-0.732,41.8
23167,7.9734e-05,-0.66,41.8
23168,7.973600000000001e-05,-0.548,41.8
23169,7.9738e-05,-0.436,41.8
23170,7.973999999999999e-05,-0.34,42.2
23171,7.9742e-05,-0.252,42.2
23172,7.9744e-05,-0.164,42.6
23173,7.9746e-05,-0.092,43.0
23174,7.974800000000001e-05,-0.044,43.4
23175,7.975e-05,-0.028,44.6
23176,7.9752e-05,-0.036,45.4
23177,7.9754e-05,-0.06,45.4
23178,7.9756e-05,-0.092,46.6
23179,7.9758e-05,-0.14,47.0
23180,7.976000000000001e-05,-0.156,47.0
23181,7.9762e-05,-0.164,47.8
23182,7.9764e-05,-0.14,47.8
23183,7.9766e-05,-0.116,48.2
23184,7.9768e-05,-0.076,48.6
23185,7.977e-05,-0.052,49.0
23186,7.977200000000001e-05,-0.036,49.4
23187,7.9774e-05,-0.052,50.2
23188,7.9776e-05,-0.068,50.6
23189,7.9778e-05,-0.1,51.0
23190,7.978e-05,-0.116,51.0
23191,7.9782e-05,-0.148,51.4
23192,7.978400000000001e-05,-0.14,51.4
23193,7.978600000000001e-05,-0.124,51.4
23194,7.9788e-05,-0.092,51.4
23195,7.979e-05,-0.076,51.8
23196,7.9792e-05,-0.06,51.8
23197,7.9794e-05,-0.06,52.2
23198,7.9796e-05,-0.068,52.6
23199,7.979800000000001e-05,-0.084,52.6
23200,7.98e-05,-0.108,52.6
23201,7.980199999999999e-05,-0.124,52.2
23202,7.9804e-05,-0.124,52.2
23203,7.9806e-05,-0.124,52.2
23204,7.9808e-05,-0.108,52.2
23205,7.981000000000001e-05,-0.092,51.8
23206,7.9812e-05,-0.076,51.8
23207,7.981399999999999e-05,-0.068,51.8
23208,7.9816e-05,-0.076,51.8
23209,7.9818e-05,-0.084,51.4
23210,7.982e-05,-0.092,51.4
23211,7.982200000000001e-05,-0.108,51.0
23212,7.9824e-05,-0.116,50.6
23213,7.9826e-05,-0.116,50.2
23214,7.9828e-05,-0.108,49.8
23215,7.983e-05,-0.1,49.4
23216,7.9832e-05,-0.084,49.0
23217,7.983400000000001e-05,-0.076,48.6
23218,7.9836e-05,-0.068,48.2
23219,7.9838e-05,-0.084,47.8
23220,7.984e-05,-0.092,46.2
23221,7.9842e-05,-0.108,41.8
23222,7.9844e-05,-0.244,36.6
23223,7.984600000000001e-05,-0.828,32.6
23224,7.9848e-05,-0.86,28.6
23225,7.985e-05,-0.636,23.8
23226,7.9852e-05,0.076,18.6
23227,7.9854e-05,0.148,15.8
23228,7.9856e-05,-0.164,14.2
23229,7.985800000000001e-05,-0.204,12.6
23230,7.986000000000001e-05,0.028,10.6
23231,7.9862e-05,0.124,9.4
23232,7.986399999999999e-05,0.092,9.0
23233,7.9866e-05,0.14,8.2
23234,7.9868e-05,0.204,8.2
23235,7.987e-05,0.212,8.2
23236,7.987200000000001e-05,0.196,8.2
23237,7.9874e-05,0.212,8.6
23238,7.987599999999999e-05,0.236,9.0
23239,7.9878e-05,0.244,9.8
23240,7.988e-05,0.236,10.6
23241,7.9882e-05,0.22,12.6
23242,7.988400000000001e-05,0.212,14.2
23243,7.9886e-05,0.204,16.2
23244,7.9888e-05,0.172,18.6
23245,7.989e-05,0.14,21.4
23246,7.9892e-05,0.108,25.0
23247,7.9894e-05,0.068,28.2
23248,7.989600000000001e-05,0.012,32.2
23249,7.9898e-05,-0.036,36.2
23250,7.99e-05,-0.084,39.8
23251,7.9902e-05,-0.14,43.4
23252,7.9904e-05,-0.18,46.2
23253,7.9906e-05,-0.228,49.0
23254,7.990800000000001e-05,-0.252,49.8
23255,7.991e-05,-0.3,50.2
23256,7.9912e-05,-0.356,49.8
23257,7.9914e-05,-0.476,48.6
23258,7.9916e-05,-0.452,47.0
23259,7.9918e-05,-0.356,45.8
23260,7.992000000000001e-05,-0.156,45.4
23261,7.992200000000001e-05,0.028,45.0
23262,7.9924e-05,0.156,45.4
23263,7.9926e-05,0.204,43.4
23264,7.9928e-05,0.148,39.4
23265,7.993e-05,-0.348,42.6
23266,7.9932e-05,-0.86,39.0
23267,7.993400000000001e-05,0.18,33.0
23268,7.9936e-05,0.42,33.8
23269,7.993799999999999e-05,-0.532,32.2
23270,7.994e-05,-0.212,28.6
23271,7.9942e-05,0.212,27.8
23272,7.9944e-05,-0.188,26.6
23273,7.994600000000001e-05,-0.084,25.0
23274,7.9948e-05,0.068,24.6
23275,7.994999999999999e-05,-0.036,23.8
23276,7.9952e-05,0.06,23.0
23277,7.9954e-05,0.06,23.0
23278,7.9956e-05,0.004,22.6
23279,7.995800000000001e-05,0.068,22.6
23280,7.996e-05,0.076,23.0
23281,7.9962e-05,0.028,23.8
23282,7.9964e-05,0.06,24.2
23283,7.9966e-05,0.06,25.0
23284,7.9968e-05,0.028,25.8
23285,7.997000000000001e-05,0.036,26.6
23286,7.9972e-05,0.02,27.8
23287,7.9974e-05,-0.004,28.6
23288,7.9976e-05,-0.004,30.2
23289,7.9978e-05,-0.02,31.4
23290,7.998e-05,-0.036,32.2
23291,7.998200000000001e-05,-0.052,33.4
23292,7.9984e-05,-0.068,34.2
23293,7.9986e-05,-0.076,35.8
23294,7.9988e-05,-0.084,36.2
23295,7.999e-05,-0.108,37.0
23296,7.9992e-05,-0.108,37.4
23297,7.999400000000001e-05,-0.116,37.8
23298,7.999600000000001e-05,-0.116,37.8
23299,7.9998e-05,-0.14,37.8
23300,7.999999999999999e-05,-0.14,37.4
23301,8.0002e-05,-0.124,37.4
23302,8.0004e-05,-0.116,37.0
23303,8.0006e-05,-0.124,36.2
23304,8.000800000000001e-05,-0.116,35.8
23305,8.001e-05,-0.108,34.6
23306,8.001199999999999e-05,-0.1,33.8
23307,8.0014e-05,-0.1,33.4
23308,8.0016e-05,-0.092,32.6
23309,8.0018e-05,-0.076,32.2
23310,8.002000000000001e-05,-0.068,31.4
23311,8.0022e-05,-0.068,31.0
23312,8.0024e-05,-0.06,30.6
23313,8.0026e-05,-0.044,29.8
23314,8.0028e-05,-0.036,29.8
23315,8.003e-05,-0.036,29.0
23316,8.003200000000001e-05,-0.036,28.6
23317,8.0034e-05,-0.028,28.6
23318,8.0036e-05,-0.02,28.6
23319,8.0038e-05,-0.028,28.6
23320,8.004e-05,-0.02,28.6
23321,8.0042e-05,-0.02,29.0
23322,8.004400000000001e-05,-0.02,29.0
23323,8.0046e-05,-0.02,29.8
23324,8.0048e-05,-0.028,29.8
23325,8.005e-05,-0.028,30.2
23326,8.0052e-05,-0.028,30.6
23327,8.0054e-05,-0.036,31.0
23328,8.005600000000001e-05,-0.044,31.4
23329,8.005800000000001e-05,-0.044,31.8
23330,8.006e-05,-0.052,32.2
23331,8.0062e-05,-0.06,32.2
23332,8.0064e-05,-0.06,32.6
23333,8.0066e-05,-0.06,33.0
23334,8.0068e-05,-0.06,33.0
23335,8.007000000000001e-05,-0.068,33.4
23336,8.0072e-05,-0.076,33.4
23337,8.007399999999999e-05,-0.076,33.4
23338,8.0076e-05,-0.076,33.4
23339,8.0078e-05,-0.076,33.4
23340,8.008e-05,-0.076,33.4
23341,8.008200000000001e-05,-0.076,33.4
23342,8.0084e-05,-0.076,33.4
23343,8.008599999999999e-05,-0.076,33.0
23344,8.0088e-05,-0.076,33.0
23345,8.009e-05,-0.076,32.6
23346,8.0092e-05,-0.068,32.6
23347,8.009400000000001e-05,-0.068,32.2
23348,8.0096e-05,-0.068,32.2
23349,8.0098e-05,-0.06,31.8
23350,8.01e-05,-0.06,31.8
23351,8.0102e-05,-0.06,31.4
23352,8.0104e-05,-0.052,31.4
23353,8.010600000000001e-05,-0.052,31.0
23354,8.0108e-05,-0.044,31.0
23355,8.011e-05,-0.052,31.0
23356,8.0112e-05,-0.044,31.0
23357,8.0114e-05,-0.044,31.0
23358,8.0116e-05,-0.044,31.0
23359,8.011800000000001e-05,-0.044,31.0
23360,8.012e-05,-0.044,31.0
23361,8.0122e-05,-0.044,31.0
23362,8.0124e-05,-0.044,31.0
23363,8.0126e-05,-0.044,31.0
23364,8.0128e-05,-0.044,31.0
23365,8.013000000000001e-05,-0.044,31.0
23366,8.013200000000001e-05,-0.044,31.4
23367,8.0134e-05,-0.044,31.4
23368,8.013599999999999e-05,-0.044,31.4
23369,8.0138e-05,-0.044,31.8
23370,8.014e-05,-0.052,31.8
23371,8.0142e-05,-0.052,31.8
23372,8.014400000000001e-05,-0.052,32.2
23373,8.0146e-05,-0.052,32.2
23374,8.014799999999999e-05,-0.052,32.2
23375,8.015e-05,-0.06,32.2
23376,8.0152e-05,-0.06,32.2
23377,8.0154e-05,-0.06,32.2
23378,8.015600000000001e-05,-0.06,32.2
23379,8.0158e-05,-0.06,32.2
23380,8.015999999999999e-05,-0.06,32.2
23381,8.0162e-05,-0.06,32.2
23382,8.0164e-05,-0.052,32.2
23383,8.0166e-05,-0.06,32.2
23384,8.016800000000001e-05,-0.06,32.2
23385,8.017e-05,-0.052,31.8
23386,8.0172e-05,-0.052,31.8
23387,8.0174e-05,-0.06,31.8
23388,8.0176e-05,-0.052,31.8
23389,8.0178e-05,-0.052,31.8
23390,8.018000000000001e-05,-0.052,31.8
23391,8.0182e-05,-0.052,31.4
23392,8.0184e-05,-0.052,31.8
23393,8.0186e-05,-0.052,31.4
23394,8.0188e-05,-0.044,31.4
23395,8.019e-05,-0.052,31.4
23396,8.019200000000001e-05,-0.044,31.4
23397,8.0194e-05,-0.044,31.4
23398,8.0196e-05,-0.044,31.4
23399,8.0198e-05,-0.044,31.4
23400,8.02e-05,-0.044,31.4
23401,8.0202e-05,-0.044,31.4
23402,8.0204e-05,-0.044,31.4
23403,8.020600000000001e-05,-0.044,31.4
23404,8.0208e-05,-0.044,31.4
23405,8.020999999999999e-05,-0.044,31.4
23406,8.0212e-05,-0.044,31.4
23407,8.0214e-05,-0.044,31.4
23408,8.0216e-05,-0.044,31.4
23409,8.021800000000001e-05,-0.044,31.4
23410,8.022e-05,-0.044,31.8
23411,8.022199999999999e-05,-0.052,31.8
23412,8.0224e-05,-0.052,31.8
23413,8.0226e-05,-0.052,31.8
23414,8.0228e-05,-0.044,31.8
23415,8.023000000000001e-05,-0.052,31.8
23416,8.0232e-05,-0.052,31.8
23417,8.0234e-05,-0.052,31.8
23418,8.0236e-05,-0.044,31.8
23419,8.0238e-05,-0.052,31.8
23420,8.024e-05,-0.052,31.8
23421,8.024200000000001e-05,-0.052,31.8
23422,8.0244e-05,-0.044,31.8
23423,8.0246e-05,-0.052,31.8
23424,8.0248e-05,-0.044,31.8
23425,8.025e-05,-0.052,31.8
23426,8.0252e-05,-0.044,31.8
23427,8.025400000000001e-05,-0.052,31.8
23428,8.0256e-05,-0.044,31.8
23429,8.0258e-05,-0.052,31.8
23430,8.026e-05,-0.044,31.8
23431,8.0262e-05,-0.044,31.4
23432,8.0264e-05,-0.044,31.4
23433,8.026600000000001e-05,-0.044,31.4
23434,8.026800000000001e-05,-0.044,31.4
23435,8.027e-05,-0.044,31.4
23436,8.027199999999999e-05,-0.044,31.4
23437,8.0274e-05,-0.044,31.4
23438,8.0276e-05,-0.044,31.4
23439,8.0278e-05,-0.044,31.4
23440,8.028000000000001e-05,-0.044,31.4
23441,8.0282e-05,-0.044,31.4
23442,8.028399999999999e-05,-0.044,31.4
23443,8.0286e-05,-0.052,31.4
23444,8.0288e-05,-0.044,31.4
23445,8.029e-05,-0.044,31.4
23446,8.029200000000001e-05,-0.044,31.4
23447,8.0294e-05,-0.052,31.8
23448,8.029599999999999e-05,-0.044,31.4
23449,8.0298e-05,-0.044,31.4
23450,8.03e-05,-0.044,31.8
23451,8.0302e-05,-0.052,31.8
23452,8.030400000000001e-05,-0.044,31.4
23453,8.0306e-05,-0.044,31.8
23454,8.0308e-05,-0.044,31.4
23455,8.031e-05,-0.052,31.8
23456,8.0312e-05,-0.044,31.4
23457,8.0314e-05,-0.044,31.4
23458,8.031600000000001e-05,-0.044,31.8
23459,8.0318e-05,-0.052,31.4
23460,8.032e-05,-0.044,31.8
23461,8.0322e-05,-0.044,31.4
23462,8.0324e-05,-0.044,31.8
23463,8.0326e-05,-0.052,31.4
23464,8.032800000000001e-05,-0.044,31.4
23465,8.033e-05,-0.044,31.8
23466,8.0332e-05,-0.044,31.8
23467,8.0334e-05,-0.052,31.8
23468,8.0336e-05,-0.044,31.4
23469,8.0338e-05,-0.044,31.4
23470,8.034e-05,-0.044,31.4
23471,8.034200000000001e-05,-0.044,31.4
23472,8.0344e-05,-0.044,31.4
23473,8.034599999999999e-05,-0.044,31.4
23474,8.0348e-05,-0.044,31.4
23475,8.035e-05,-0.044,31.4
23476,8.0352e-05,-0.044,31.4
23477,8.035400000000001e-05,-0.044,31.4
23478,8.0356e-05,-0.044,31.4
23479,8.035799999999999e-05,-0.044,31.4
23480,8.036e-05,-0.044,31.4
23481,8.0362e-05,-0.044,31.4
23482,8.0364e-05,-0.044,31.4
23483,8.036600000000001e-05,-0.044,31.4
23484,8.0368e-05,-0.044,31.4
23485,8.037e-05,-0.044,31.4
23486,8.0372e-05,-0.044,31.4
23487,8.0374e-05,-0.044,31.4
23488,8.0376e-05,-0.044,31.4
23489,8.037800000000001e-05,-0.044,31.4
23490,8.038e-05,-0.044,31.4
23491,8.0382e-05,-0.044,31.4
23492,8.0384e-05,-0.044,31.4
23493,8.0386e-05,-0.044,31.4
23494,8.0388e-05,-0.044,31.4
23495,8.039000000000001e-05,-0.044,31.4
23496,8.0392e-05,-0.044,31.4
23497,8.0394e-05,-0.044,31.4
23498,8.0396e-05,-0.044,31.4
23499,8.0398e-05,-0.044,31.4
23500,8.04e-05,-0.044,31.4
23501,8.040200000000001e-05,-0.044,31.4
23502,8.040400000000001e-05,-0.044,31.4
23503,8.0406e-05,-0.044,31.4
23504,8.040799999999999e-05,-0.044,31.4
23505,8.041e-05,-0.044,31.4
23506,8.0412e-05,-0.044,31.4
23507,8.0414e-05,-0.044,31.4
23508,8.041600000000001e-05,-0.044,31.4
23509,8.0418e-05,-0.044,31.4
23510,8.041999999999999e-05,-0.044,31.8
23511,8.0422e-05,-0.044,31.4
23512,8.0424e-05,-0.044,31.4
23513,8.0426e-05,-0.044,31.4
23514,8.042800000000001e-05,-0.036,31.4
23515,8.043e-05,-0.044,31.4
23516,8.043199999999999e-05,-0.044,31.4
23517,8.0434e-05,-0.044,31.4
23518,8.0436e-05,-0.036,31.8
23519,8.0438e-05,-0.044,31.4
23520,8.044000000000001e-05,-0.044,31.4
23521,8.0442e-05,-0.044,31.4
23522,8.0444e-05,-0.036,31.4
23523,8.0446e-05,-0.044,31.4
23524,8.0448e-05,-0.044,31.4
23525,8.045e-05,-0.044,31.4
23526,8.045200000000001e-05,-0.036,31.4
23527,8.0454e-05,-0.044,31.4
23528,8.0456e-05,-0.036,31.4
23529,8.0458e-05,-0.044,31.4
23530,8.046e-05,-0.036,31.4
23531,8.0462e-05,-0.044,31.4
23532,8.046400000000001e-05,-0.036,31.4
23533,8.0466e-05,-0.036,31.4
23534,8.0468e-05,-0.036,31.4
23535,8.047e-05,-0.044,31.4
23536,8.0472e-05,-0.036,31.4
23537,8.0474e-05,-0.036,31.4
23538,8.0476e-05,-0.036,31.4
23539,8.047800000000001e-05,-0.044,31.4
23540,8.048e-05,-0.036,31.4
23541,8.048199999999999e-05,-0.036,31.4
23542,8.0484e-05,-0.036,31.4
23543,8.0486e-05,-0.044,31.4
23544,8.0488e-05,-0.036,31.4
23545,8.049000000000001e-05,-0.036,31.4
23546,8.0492e-05,-0.036,31.4
23547,8.049399999999999e-05,-0.036,31.4
23548,8.0496e-05,-0.036,31.4
23549,8.0498e-05,-0.036,31.4
23550,8.05e-05,-0.036,31.4
23551,8.050200000000001e-05,-0.036,31.4
23552,8.0504e-05,-0.036,31.4
23553,8.0506e-05,-0.036,31.4
23554,8.0508e-05,-0.036,31.4
23555,8.051e-05,-0.044,31.4
23556,8.0512e-05,-0.036,31.4
23557,8.051400000000001e-05,-0.036,31.4
23558,8.0516e-05,-0.036,31.4
23559,8.0518e-05,-0.036,31.4
23560,8.052e-05,-0.036,31.4
23561,8.0522e-05,-0.036,31.4
23562,8.0524e-05,-0.036,31.4
23563,8.052600000000001e-05,-0.044,31.4
23564,8.0528e-05,-0.036,31.4
23565,8.053e-05,-0.036,31.4
23566,8.0532e-05,-0.036,31.4
23567,8.0534e-05,-0.036,31.4
23568,8.0536e-05,-0.036,31.4
23569,8.053800000000001e-05,-0.036,31.4
23570,8.054000000000001e-05,-0.036,31.4
23571,8.0542e-05,-0.036,31.4
23572,8.054399999999999e-05,-0.036,31.4
23573,8.0546e-05,-0.036,31.4
23574,8.0548e-05,-0.036,31.4
23575,8.055e-05,-0.036,31.4
23576,8.055200000000001e-05,-0.036,31.4
23577,8.0554e-05,-0.036,31.4
23578,8.055599999999999e-05,-0.036,31.4
23579,8.0558e-05,-0.036,31.4
23580,8.056e-05,-0.036,31.4
23581,8.0562e-05,-0.036,31.4
23582,8.056400000000001e-05,-0.036,31.4
23583,8.0566e-05,-0.036,31.4
23584,8.056799999999999e-05,-0.036,31.4
23585,8.057e-05,-0.036,31.4
23586,8.0572e-05,-0.036,31.4
23587,8.0574e-05,-0.036,31.4
23588,8.057600000000001e-05,-0.036,31.4
23589,8.0578e-05,-0.036,31.4
23590,8.058e-05,-0.036,31.4
23591,8.0582e-05,-0.036,31.4
23592,8.0584e-05,-0.036,31.4
23593,8.0586e-05,-0.036,31.4
23594,8.058800000000001e-05,-0.036,31.4
23595,8.059e-05,-0.044,31.4
23596,8.0592e-05,-0.036,31.4
23597,8.0594e-05,-0.036,31.4
23598,8.0596e-05,-0.036,31.4
23599,8.0598e-05,-0.036,31.4
23600,8.060000000000001e-05,-0.036,31.4
23601,8.0602e-05,-0.036,31.4
23602,8.0604e-05,-0.036,31.4
23603,8.0606e-05,-0.036,31.4
23604,8.0608e-05,-0.036,31.4
23605,8.061e-05,-0.036,31.4
23606,8.061200000000001e-05,-0.036,31.4
23607,8.061400000000001e-05,-0.036,31.4
23608,8.0616e-05,-0.036,31.4
23609,8.061799999999999e-05,-0.036,31.4
23610,8.062e-05,-0.036,31.4
23611,8.0622e-05,-0.036,31.4
23612,8.0624e-05,-0.036,31.4
23613,8.062600000000001e-05,-0.036,31.4
23614,8.0628e-05,-0.036,31.4
23615,8.062999999999999e-05,-0.036,31.4
23616,8.0632e-05,-0.036,31.4
23617,8.0634e-05,-0.036,31.4
23618,8.0636e-05,-0.036,31.4
23619,8.063800000000001e-05,-0.036,31.4
23620,8.064e-05,-0.036,31.4
23621,8.0642e-05,-0.036,31.4
23622,8.0644e-05,-0.036,31.4
23623,8.0646e-05,-0.036,31.4
23624,8.0648e-05,-0.036,31.4
23625,8.065000000000001e-05,-0.036,31.4
23626,8.0652e-05,-0.036,31.4
23627,8.0654e-05,-0.036,31.4
23628,8.0656e-05,-0.036,31.4
23629,8.0658e-05,-0.036,31.4
23630,8.066e-05,-0.036,31.4
23631,8.066200000000001e-05,-0.036,31.4
23632,8.0664e-05,-0.036,31.4
23633,8.0666e-05,-0.036,31.4
23634,8.0668e-05,-0.036,31.4
23635,8.067e-05,-0.036,31.4
23636,8.0672e-05,-0.036,31.4
23637,8.067400000000001e-05,-0.036,31.4
23638,8.067600000000001e-05,-0.028,31.4
23639,8.0678e-05,-0.036,31.4
23640,8.068e-05,-0.036,31.4
23641,8.0682e-05,-0.036,31.4
23642,8.0684e-05,-0.028,31.4
23643,8.0686e-05,-0.036,31.4
23644,8.068800000000001e-05,-0.036,31.4
23645,8.069e-05,-0.036,31.4
23646,8.069199999999999e-05,-0.036,31.4
23647,8.0694e-05,-0.036,31.4
23648,8.0696e-05,-0.036,31.4
23649,8.0698e-05,-0.036,31.4
23650,8.070000000000001e-05,-0.028,31.4
23651,8.0702e-05,-0.036,31.4
23652,8.070399999999999e-05,-0.036,31.4
23653,8.0706e-05,-0.036,31.4
23654,8.0708e-05,-0.028,31.4
23655,8.071e-05,-0.036,31.4
23656,8.071200000000001e-05,-0.036,31.4
23657,8.0714e-05,-0.036,31.4
23658,8.0716e-05,-0.028,31.4
23659,8.0718e-05,-0.036,31.4
23660,8.072e-05,-0.036,31.4
23661,8.0722e-05,-0.036,31.4
23662,8.072400000000001e-05,-0.028,31.4
23663,8.0726e-05,-0.036,31.4
23664,8.0728e-05,-0.028,31.4
23665,8.073e-05,-0.036,31.4
23666,8.0732e-05,-0.028,31.4
23667,8.0734e-05,-0.036,31.4
23668,8.073600000000001e-05,-0.036,31.4
23669,8.0738e-05,-0.036,31.4
23670,8.074e-05,-0.028,31.4
23671,8.0742e-05,-0.036,31.4
23672,8.0744e-05,-0.028,31.4
23673,8.0746e-05,-0.028,31.4
23674,8.074800000000001e-05,-0.028,31.4
23675,8.075000000000001e-05,-0.036,31.4
23676,8.0752e-05,-0.036,31.4
23677,8.075399999999999e-05,-0.028,31.4
23678,8.0756e-05,-0.028,31.4
23679,8.0758e-05,-0.036,31.4
23680,8.076e-05,-0.028,31.4
23681,8.076200000000001e-05,-0.036,31.4
23682,8.0764e-05,-0.028,31.4
23683,8.076599999999999e-05,-0.036,31.4
23684,8.0768e-05,-0.028,31.4
23685,8.077e-05,-0.028,31.4
23686,8.0772e-05,-0.028,31.4
23687,8.077400000000001e-05,-0.036,31.4
23688,8.0776e-05,-0.028,31.4
23689,8.0778e-05,-0.028,31.4
23690,8.078e-05,-0.028,31.4
23691,8.0782e-05,-0.036,31.4
23692,8.0784e-05,-0.028,31.4
23693,8.078600000000001e-05,-0.028,31.4
23694,8.0788e-05,-0.028,31.4
23695,8.079e-05,-0.036,31.4
23696,8.0792e-05,-0.028,31.4
23697,8.0794e-05,-0.028,31.4
23698,8.0796e-05,-0.028,31.4
23699,8.079800000000001e-05,-0.028,31.4
23700,8.08e-05,-0.028,31.4
23701,8.0802e-05,-0.028,31.4
23702,8.0804e-05,-0.028,31.4
23703,8.0806e-05,-0.036,31.4
23704,8.0808e-05,-0.028,31.4
23705,8.081000000000001e-05,-0.036,31.4
23706,8.081200000000001e-05,-0.028,31.4
23707,8.0814e-05,-0.036,31.4
23708,8.0816e-05,-0.028,31.4
23709,8.0818e-05,-0.028,31.4
23710,8.082e-05,-0.028,31.4
23711,8.0822e-05,-0.028,31.4
23712,8.082400000000001e-05,-0.028,31.4
23713,8.0826e-05,-0.028,31.4
23714,8.082799999999999e-05,-0.028,31.4
23715,8.083e-05,-0.036,31.4
23716,8.0832e-05,-0.028,31.4
23717,8.0834e-05,-0.028,31.4
23718,8.083600000000001e-05,-0.028,31.4
23719,8.0838e-05,-0.028,31.4
23720,8.083999999999999e-05,-0.028,31.4
23721,8.0842e-05,-0.028,31.4
23722,8.0844e-05,-0.028,31.4
23723,8.0846e-05,-0.028,31.4
23724,8.084800000000001e-05,-0.028,31.4
23725,8.085e-05,-0.028,31.4
23726,8.0852e-05,-0.028,31.4
23727,8.0854e-05,-0.028,31.4
23728,8.0856e-05,-0.028,31.4
23729,8.0858e-05,-0.028,31.4
23730,8.086000000000001e-05,-0.028,31.4
23731,8.0862e-05,-0.028,31.4
23732,8.0864e-05,-0.028,31.4
23733,8.0866e-05,-0.028,31.4
23734,8.0868e-05,-0.028,31.4
23735,8.087e-05,-0.028,31.4
23736,8.087200000000001e-05,-0.028,31.4
23737,8.0874e-05,-0.028,31.4
23738,8.0876e-05,-0.028,31.4
23739,8.0878e-05,-0.028,31.4
23740,8.088e-05,-0.028,31.4
23741,8.0882e-05,-0.028,31.4
23742,8.088400000000001e-05,-0.028,31.4
23743,8.088600000000001e-05,-0.028,31.4
23744,8.0888e-05,-0.028,31.4
23745,8.088999999999999e-05,-0.028,31.4
23746,8.0892e-05,-0.028,31.4
23747,8.0894e-05,-0.028,31.4
23748,8.0896e-05,-0.028,31.4
23749,8.089800000000001e-05,-0.028,31.4
23750,8.09e-05,-0.028,31.4
23751,8.090199999999999e-05,-0.028,31.4
23752,8.0904e-05,-0.028,31.4
23753,8.0906e-05,-0.028,31.4
23754,8.0908e-05,-0.028,31.4
23755,8.091000000000001e-05,-0.028,31.4
23756,8.0912e-05,-0.028,31.4
23757,8.0914e-05,-0.028,31.4
23758,8.0916e-05,-0.028,31.4
23759,8.0918e-05,-0.028,31.4
23760,8.092e-05,-0.028,31.4
23761,8.092200000000001e-05,-0.028,31.4
23762,8.0924e-05,-0.028,31.4
23763,8.0926e-05,-0.028,31.4
23764,8.0928e-05,-0.028,31.4
23765,8.093e-05,-0.028,31.4
23766,8.0932e-05,-0.028,31.4
23767,8.093400000000001e-05,-0.028,31.4
23768,8.0936e-05,-0.028,31.4
23769,8.0938e-05,-0.028,31.4
23770,8.094e-05,-0.028,31.4
23771,8.0942e-05,-0.028,31.4
23772,8.0944e-05,-0.028,31.4
23773,8.094600000000001e-05,-0.028,31.4
23774,8.094800000000001e-05,-0.028,31.4
23775,8.095e-05,-0.028,31.4
23776,8.0952e-05,-0.028,31.4
23777,8.0954e-05,-0.028,31.4
23778,8.0956e-05,-0.028,31.4
23779,8.0958e-05,-0.028,31.4
23780,8.096000000000001e-05,-0.028,31.4
23781,8.0962e-05,-0.028,31.4
23782,8.096399999999999e-05,-0.028,31.4
23783,8.0966e-05,-0.028,31.4
23784,8.0968e-05,-0.028,31.4
23785,8.097e-05,-0.028,31.4
23786,8.097200000000001e-05,-0.028,31.4
23787,8.0974e-05,-0.028,31.4
23788,8.097599999999999e-05,-0.028,31.4
23789,8.0978e-05,-0.028,31.4
23790,8.098e-05,-0.028,31.4
23791,8.0982e-05,-0.028,31.4
23792,8.098400000000001e-05,-0.028,31.4
23793,8.0986e-05,-0.028,31.4
23794,8.0988e-05,-0.028,31.4
23795,8.099e-05,-0.028,31.4
23796,8.0992e-05,-0.028,31.4
23797,8.0994e-05,-0.028,31.4
23798,8.099600000000001e-05,-0.028,31.4
23799,8.0998e-05,-0.028,31.4
23800,8.1e-05,-0.028,31.4
23801,8.1002e-05,-0.028,31.4
23802,8.1004e-05,-0.02,31.4
23803,8.1006e-05,-0.028,31.4
23804,8.100800000000001e-05,-0.028,31.4
23805,8.101e-05,-0.028,31.4
23806,8.1012e-05,-0.02,31.4
23807,8.1014e-05,-0.028,31.4
23808,8.1016e-05,-0.028,31.4
23809,8.1018e-05,-0.028,31.4
23810,8.102000000000001e-05,-0.028,31.4
23811,8.102200000000001e-05,-0.028,31.4
23812,8.1024e-05,-0.028,31.4
23813,8.102599999999999e-05,-0.028,31.4
23814,8.1028e-05,-0.028,31.4
23815,8.103e-05,-0.028,31.4
23816,8.1032e-05,-0.028,31.4
23817,8.103400000000001e-05,-0.028,31.4
23818,8.1036e-05,-0.02,31.4
23819,8.103799999999999e-05,-0.028,31.4
23820,8.104e-05,-0.02,31.4
23821,8.1042e-05,-0.028,31.4
23822,8.1044e-05,-0.028,31.4
23823,8.104600000000001e-05,-0.028,31.4
23824,8.1048e-05,-0.02,31.4
23825,8.105e-05,-0.028,31.4
23826,8.1052e-05,-0.02,31.4
23827,8.1054e-05,-0.028,31.4
23828,8.1056e-05,-0.028,31.4
23829,8.105800000000001e-05,-0.028,31.4
23830,8.106e-05,-0.02,31.4
23831,8.1062e-05,-0.028,31.4
23832,8.1064e-05,-0.02,31.4
23833,8.1066e-05,-0.02,31.4
23834,8.1068e-05,-0.02,31.4
23835,8.107000000000001e-05,-0.028,31.4
23836,8.1072e-05,-0.02,31.4
23837,8.1074e-05,-0.02,31.4
23838,8.1076e-05,-0.02,31.4
23839,8.1078e-05,-0.028,31.4
23840,8.108e-05,-0.028,31.4
23841,8.108200000000001e-05,-0.02,31.4
23842,8.108400000000001e-05,-0.02,31.4
23843,8.1086e-05,-0.028,31.4
23844,8.1088e-05,-0.02,31.4
23845,8.109e-05,-0.028,31.4
23846,8.1092e-05,-0.02,31.4
23847,8.1094e-05,-0.02,31.4
23848,8.109600000000001e-05,-0.02,31.4
23849,8.1098e-05,-0.028,31.4
23850,8.109999999999999e-05,-0.02,31.4
23851,8.1102e-05,-0.028,31.4
23852,8.1104e-05,-0.02,31.4
23853,8.1106e-05,-0.028,31.4
23854,8.110800000000001e-05,-0.02,31.4
23855,8.111e-05,-0.028,31.4
23856,8.111199999999999e-05,-0.02,31.4
23857,8.1114e-05,-0.02,31.4
23858,8.1116e-05,-0.02,31.4
23859,8.1118e-05,-0.02,31.4
23860,8.112000000000001e-05,-0.02,31.4
23861,8.1122e-05,-0.02,31.4
23862,8.1124e-05,-0.02,31.4
23863,8.1126e-05,-0.02,31.4
23864,8.1128e-05,-0.02,31.4
23865,8.113e-05,-0.02,31.4
23866,8.113200000000001e-05,-0.02,31.4
23867,8.1134e-05,-0.02,31.4
23868,8.1136e-05,-0.02,31.4
23869,8.1138e-05,-0.02,31.4
23870,8.114e-05,-0.02,31.4
23871,8.1142e-05,-0.02,31.4
23872,8.114400000000001e-05,-0.02,31.4
23873,8.1146e-05,-0.02,31.4
23874,8.1148e-05,-0.02,31.4
23875,8.115e-05,-0.028,31.4
23876,8.1152e-05,-0.02,31.4
23877,8.1154e-05,-0.02,31.4
23878,8.115600000000001e-05,-0.02,31.4
23879,8.115800000000001e-05,-0.028,31.4
23880,8.116e-05,-0.02,31.4
23881,8.116199999999999e-05,-0.02,31.4
23882,8.1164e-05,-0.02,31.4
23883,8.1166e-05,-0.028,31.4
23884,8.1168e-05,-0.02,31.4
23885,8.117000000000001e-05,-0.02,31.4
23886,8.1172e-05,-0.02,31.4
23887,8.117399999999999e-05,-0.02,31.4
23888,8.1176e-05,-0.02,31.4
23889,8.1178e-05,-0.02,31.4
23890,8.118e-05,-0.02,31.4
23891,8.118200000000001e-05,-0.028,31.4
23892,8.1184e-05,-0.02,31.4
23893,8.1186e-05,-0.02,31.4
23894,8.1188e-05,-0.02,31.4
23895,8.119e-05,-0.02,31.4
23896,8.1192e-05,-0.02,31.4
23897,8.119400000000001e-05,-0.02,31.4
23898,8.1196e-05,-0.02,31.4
23899,8.1198e-05,-0.02,31.4
23900,8.12e-05,-0.02,31.4
23901,8.1202e-05,-0.02,31.4
23902,8.1204e-05,-0.02,31.4
23903,8.120600000000001e-05,-0.028,31.4
23904,8.1208e-05,-0.02,31.4
23905,8.121e-05,-0.02,31.4
23906,8.1212e-05,-0.02,31.4
23907,8.1214e-05,-0.028,31.4
23908,8.1216e-05,-0.02,31.4
23909,8.121800000000001e-05,-0.02,31.4
23910,8.122000000000001e-05,-0.02,31.4
23911,8.1222e-05,-0.02,31.4
23912,8.1224e-05,-0.02,31.4
23913,8.1226e-05,-0.02,31.4
23914,8.1228e-05,-0.02,31.4
23915,8.123e-05,-0.02,31.4
23916,8.123200000000001e-05,-0.02,31.4
23917,8.1234e-05,-0.02,31.4
23918,8.123599999999999e-05,-0.02,31.4
23919,8.1238e-05,-0.02,31.4
23920,8.124e-05,-0.02,31.4
23921,8.1242e-05,-0.02,31.4
23922,8.124400000000001e-05,-0.02,31.4
23923,8.1246e-05,-0.02,31.4
23924,8.124799999999999e-05,-0.02,31.4
23925,8.125e-05,-0.02,31.4
23926,8.1252e-05,-0.02,31.4
23927,8.1254e-05,-0.02,31.4
23928,8.125600000000001e-05,-0.02,31.4
23929,8.1258e-05,-0.02,31.4
23930,8.126e-05,-0.02,31.4
23931,8.1262e-05,-0.02,31.4
23932,8.1264e-05,-0.02,31.4
23933,8.1266e-05,-0.02,31.4
23934,8.126800000000001e-05,-0.02,31.4
23935,8.127e-05,-0.02,31.4
23936,8.1272e-05,-0.02,31.4
23937,8.1274e-05,-0.02,31.4
23938,8.1276e-05,-0.02,31.4
23939,8.1278e-05,-0.02,31.4
23940,8.128000000000001e-05,-0.02,31.4
23941,8.1282e-05,-0.02,31.4
23942,8.1284e-05,-0.02,31.4
23943,8.1286e-05,-0.02,31.4
23944,8.1288e-05,-0.02,31.4
23945,8.129e-05,-0.02,31.4
23946,8.129200000000001e-05,-0.02,31.4
23947,8.129400000000001e-05,-0.02,31.4
23948,8.1296e-05,-0.02,31.4
23949,8.129799999999999e-05,-0.02,31.4
23950,8.13e-05,-0.02,31.4
23951,8.1302e-05,-0.02,31.4
23952,8.1304e-05,-0.02,31.4
23953,8.130600000000001e-05,-0.02,31.4
23954,8.1308e-05,-0.02,31.4
23955,8.130999999999999e-05,-0.02,31.4
23956,8.1312e-05,-0.02,31.4
23957,8.1314e-05,-0.02,31.4
23958,8.1316e-05,-0.02,31.4
23959,8.131800000000001e-05,-0.02,31.4
23960,8.132e-05,-0.02,31.4
23961,8.1322e-05,-0.02,31.4
23962,8.1324e-05,-0.02,31.4
23963,8.1326e-05,-0.02,31.4
23964,8.1328e-05,-0.02,31.4
23965,8.133000000000001e-05,-0.02,31.4
23966,8.1332e-05,-0.02,31.4
23967,8.1334e-05,-0.02,31.4
23968,8.1336e-05,-0.02,31.4
23969,8.1338e-05,-0.02,31.4
23970,8.134e-05,-0.02,31.4
23971,8.134200000000001e-05,-0.02,31.4
23972,8.1344e-05,-0.02,31.4
23973,8.1346e-05,-0.02,31.4
23974,8.1348e-05,-0.02,31.4
23975,8.135e-05,-0.02,31.4
23976,8.1352e-05,-0.02,31.4
23977,8.135400000000001e-05,-0.012,31.4
23978,8.1356e-05,-0.02,31.4
23979,8.1358e-05,-0.02,31.4
23980,8.136e-05,-0.02,31.4
23981,8.1362e-05,-0.02,31.4
23982,8.1364e-05,-0.02,31.4
23983,8.1366e-05,-0.02,31.4
23984,8.136800000000001e-05,-0.02,31.4
23985,8.137e-05,-0.02,31.4
23986,8.137199999999999e-05,-0.02,31.4
23987,8.1374e-05,-0.02,31.4
23988,8.1376e-05,-0.02,31.4
23989,8.1378e-05,-0.02,31.4
23990,8.138000000000001e-05,-0.02,31.4
23991,8.1382e-05,-0.02,31.4
23992,8.138399999999999e-05,-0.02,31.4
23993,8.1386e-05,-0.02,31.4
23994,8.1388e-05,-0.012,31.4
23995,8.139e-05,-0.02,31.4
23996,8.139200000000001e-05,-0.012,31.4
23997,8.1394e-05,-0.02,31.4
23998,8.1396e-05,-0.02,31.4
23999,8.1398e-05,-0.02,31.4
24000,8.14e-05,-0.02,31.4
24001,8.1402e-05,-0.02,31.4
24002,8.140400000000001e-05,-0.02,31.4
24003,8.1406e-05,-0.02,31.4
24004,8.1408e-05,-0.02,31.4
24005,8.141e-05,-0.02,31.4
24006,8.1412e-05,-0.012,31.4
24007,8.1414e-05,-0.02,31.4
24008,8.141600000000001e-05,-0.02,31.4
24009,8.1418e-05,-0.02,31.4
24010,8.142e-05,-0.012,31.4
24011,8.1422e-05,-0.02,31.4
24012,8.1424e-05,-0.012,31.4
24013,8.1426e-05,-0.02,31.4
24014,8.142800000000001e-05,-0.012,31.4
24015,8.143000000000001e-05,-0.02,31.4
24016,8.1432e-05,-0.02,31.4
24017,8.143399999999999e-05,-0.02,31.4
24018,8.1436e-05,-0.012,31.4
24019,8.1438e-05,-0.02,31.4
24020,8.144e-05,-0.012,31.4
24021,8.144200000000001e-05,-0.02,31.4
24022,8.1444e-05,-0.012,31.4
24023,8.144599999999999e-05,-0.02,31.4
24024,8.1448e-05,-0.012,31.4
24025,8.145e-05,-0.02,31.4
24026,8.1452e-05,-0.012,31.4
24027,8.145400000000001e-05,-0.02,31.4
24028,8.1456e-05,-0.012,31.4
24029,8.145799999999999e-05,-0.012,31.4
24030,8.146e-05,-0.012,31.4
24031,8.1462e-05,-0.02,31.4
24032,8.1464e-05,-0.012,31.4
24033,8.146600000000001e-05,-0.02,31.4
24034,8.1468e-05,-0.012,31.4
24035,8.147e-05,-0.02,31.4
24036,8.1472e-05,-0.012,31.4
24037,8.1474e-05,-0.012,31.4
24038,8.1476e-05,-0.012,31.4
24039,8.147800000000001e-05,-0.02,31.4
24040,8.148e-05,-0.012,31.4
24041,8.1482e-05,-0.012,31.4
24042,8.1484e-05,-0.012,31.4
24043,8.1486e-05,-0.02,31.4
24044,8.1488e-05,-0.012,31.4
24045,8.149000000000001e-05,-0.012,31.4
24046,8.1492e-05,-0.012,31.4
24047,8.1494e-05,-0.02,31.4
24048,8.1496e-05,-0.012,31.4
24049,8.1498e-05,-0.012,31.4
24050,8.15e-05,-0.012,31.4
24051,8.1502e-05,-0.02,31.4
24052,8.150400000000001e-05,-0.012,31.4
24053,8.1506e-05,-0.012,31.4
24054,8.150799999999999e-05,-0.012,31.4
24055,8.151e-05,-0.02,31.4
24056,8.1512e-05,-0.012,31.4
24057,8.1514e-05,-0.02,31.4
24058,8.151600000000001e-05,-0.012,31.4
24059,8.1518e-05,-0.012,31.4
24060,8.151999999999999e-05,-0.012,31.4
24061,8.1522e-05,-0.012,31.4
24062,8.1524e-05,-0.012,31.4
24063,8.1526e-05,-0.02,31.4
24064,8.152800000000001e-05,-0.012,31.4
24065,8.153e-05,-0.012,31.4
24066,8.1532e-05,-0.012,31.4
24067,8.1534e-05,-0.02,31.4
24068,8.1536e-05,-0.012,31.4
24069,8.1538e-05,-0.012,31.4
24070,8.154000000000001e-05,-0.012,31.4
24071,8.1542e-05,-0.02,31.4
24072,8.1544e-05,-0.012,31.4
24073,8.1546e-05,-0.012,31.4
24074,8.1548e-05,-0.012,31.4
24075,8.155e-05,-0.012,31.4
24076,8.155200000000001e-05,-0.012,31.4
24077,8.1554e-05,-0.012,31.4
24078,8.1556e-05,-0.012,31.4
24079,8.1558e-05,-0.02,31.4
24080,8.156e-05,-0.012,31.4
24081,8.1562e-05,-0.012,31.4
24082,8.156400000000001e-05,-0.012,31.4
24083,8.156600000000001e-05,-0.02,31.4
24084,8.1568e-05,-0.012,31.4
24085,8.156999999999999e-05,-0.012,31.4
24086,8.1572e-05,-0.012,31.4
24087,8.1574e-05,-0.012,31.4
24088,8.1576e-05,-0.012,31.4
24089,8.157800000000001e-05,-0.012,31.4
24090,8.158e-05,-0.012,31.4
24091,8.158199999999999e-05,-0.02,31.4
24092,8.1584e-05,-0.012,31.4
24093,8.1586e-05,-0.012,31.4
24094,8.1588e-05,-0.012,31.4
24095,8.159000000000001e-05,-0.012,31.4
24096,8.1592e-05,-0.012,31.4
24097,8.159399999999999e-05,-0.012,31.4
24098,8.1596e-05,-0.012,31.4
24099,8.1598e-05,-0.012,31.4
24100,8.16e-05,-0.012,31.4
24101,8.160200000000001e-05,-0.012,31.4
24102,8.1604e-05,-0.012,31.4
24103,8.1606e-05,-0.012,31.4
24104,8.1608e-05,-0.012,31.4
24105,8.161e-05,-0.012,31.4
24106,8.1612e-05,-0.012,31.4
24107,8.161400000000001e-05,-0.012,31.4
24108,8.1616e-05,-0.012,31.4
24109,8.1618e-05,-0.012,31.4
24110,8.162e-05,-0.012,31.4
24111,8.1622e-05,-0.02,31.4
24112,8.1624e-05,-0.012,31.4
24113,8.162600000000001e-05,-0.012,31.4
24114,8.1628e-05,-0.012,31.4
24115,8.163e-05,-0.012,31.4
24116,8.1632e-05,-0.012,31.4
24117,8.1634e-05,-0.012,31.4
24118,8.1636e-05,-0.012,31.4
24119,8.163800000000001e-05,-0.02,31.4
24120,8.164000000000001e-05,-0.012,31.4
24121,8.1642e-05,-0.012,31.4
24122,8.164399999999999e-05,-0.012,31.4
24123,8.1646e-05,-0.02,31.4
24124,8.1648e-05,-0.012,31.4
24125,8.165e-05,-0.012,31.4
24126,8.165200000000001e-05,-0.012,31.4
24127,8.1654e-05,-0.012,31.4
24128,8.165599999999999e-05,-0.012,31.4
24129,8.1658e-05,-0.012,31.4
24130,8.166e-05,-0.012,31.4
24131,8.1662e-05,-0.012,31.4
24132,8.166400000000001e-05,-0.012,31.4
24133,8.1666e-05,-0.012,31.4
24134,8.1668e-05,-0.012,31.4
24135,8.167e-05,-0.012,31.4
24136,8.1672e-05,-0.012,31.4
24137,8.1674e-05,-0.012,31.4
24138,8.167600000000001e-05,-0.012,31.4
24139,8.1678e-05,-0.012,31.4
24140,8.168e-05,-0.012,31.4
24141,8.1682e-05,-0.012,31.4
24142,8.1684e-05,-0.012,31.4
24143,8.1686e-05,-0.012,31.4
24144,8.168800000000001e-05,-0.012,31.4
24145,8.169e-05,-0.012,31.4
24146,8.1692e-05,-0.012,31.4
24147,8.1694e-05,-0.012,31.4
24148,8.1696e-05,-0.012,31.4
24149,8.1698e-05,-0.012,31.4
24150,8.170000000000001e-05,-0.012,31.4
24151,8.170200000000001e-05,-0.012,31.4
24152,8.1704e-05,-0.012,31.4
24153,8.1706e-05,-0.012,31.4
24154,8.1708e-05,-0.012,31.4
24155,8.171e-05,-0.012,31.4
24156,8.1712e-05,-0.012,31.4
24157,8.171400000000001e-05,-0.012,31.4
24158,8.1716e-05,-0.012,31.4
24159,8.171799999999999e-05,-0.012,31.4
24160,8.172e-05,-0.012,31.4
24161,8.1722e-05,-0.012,31.4
24162,8.1724e-05,-0.012,31.4
24163,8.172600000000001e-05,-0.012,31.4
24164,8.1728e-05,-0.012,31.4
24165,8.172999999999999e-05,-0.012,31.4
24166,8.1732e-05,-0.012,31.4
24167,8.1734e-05,-0.012,31.4
24168,8.1736e-05,-0.012,31.4
24169,8.173800000000001e-05,-0.012,31.4
24170,8.174e-05,-0.012,31.4
24171,8.1742e-05,-0.012,31.4
24172,8.1744e-05,-0.012,31.4
24173,8.1746e-05,-0.012,31.4
24174,8.1748e-05,-0.012,31.4
24175,8.175000000000001e-05,-0.012,31.4
24176,8.1752e-05,-0.012,31.4
24177,8.1754e-05,-0.012,31.4
24178,8.1756e-05,-0.012,31.4
24179,8.1758e-05,-0.012,31.4
24180,8.176e-05,-0.012,31.4
24181,8.176200000000001e-05,-0.012,31.8
24182,8.1764e-05,-0.004,31.4
24183,8.1766e-05,-0.012,31.4
24184,8.1768e-05,-0.012,31.4
24185,8.177e-05,-0.012,31.4
24186,8.1772e-05,-0.012,31.4
24187,8.177400000000001e-05,-0.012,31.4
24188,8.177600000000001e-05,-0.012,31.4
24189,8.1778e-05,-0.012,31.4
24190,8.177999999999999e-05,-0.012,31.4
24191,8.1782e-05,-0.012,31.4
24192,8.1784e-05,-0.012,31.4
24193,8.1786e-05,-0.012,31.4
24194,8.178800000000001e-05,-0.012,31.4
24195,8.179e-05,-0.012,31.4
24196,8.179199999999999e-05,-0.012,31.4
24197,8.1794e-05,-0.012,31.4
24198,8.1796e-05,-0.004,31.4
24199,8.1798e-05,-0.012,31.4
24200,8.180000000000001e-05,-0.012,31.4
24201,8.1802e-05,-0.012,31.4
24202,8.1804e-05,-0.012,31.4
24203,8.1806e-05,-0.012,31.4
24204,8.1808e-05,-0.012,31.4
24205,8.181e-05,-0.012,31.4
24206,8.181200000000001e-05,-0.004,31.4
24207,8.1814e-05,-0.012,31.4
24208,8.1816e-05,-0.012,31.4
24209,8.1818e-05,-0.012,31.4
24210,8.182e-05,-0.012,31.4
24211,8.1822e-05,-0.012,31.4
24212,8.182400000000001e-05,-0.012,31.4
24213,8.1826e-05,-0.012,31.4
24214,8.1828e-05,-0.004,31.4
24215,8.183e-05,-0.012,31.4
24216,8.1832e-05,-0.012,31.4
24217,8.1834e-05,-0.012,31.4
24218,8.183600000000001e-05,-0.004,31.4
24219,8.183800000000001e-05,-0.012,31.4
24220,8.184e-05,-0.004,31.4
24221,8.1842e-05,-0.004,31.4
24222,8.1844e-05,-0.004,31.4
24223,8.1846e-05,-0.012,31.4
24224,8.1848e-05,-0.012,31.4
24225,8.185000000000001e-05,-0.012,31.4
24226,8.1852e-05,-0.012,31.4
24227,8.185399999999999e-05,-0.012,31.4
24228,8.1856e-05,-0.012,31.4
24229,8.1858e-05,-0.012,31.4
24230,8.186e-05,-0.012,31.4
24231,8.186200000000001e-05,-0.012,31.4
24232,8.1864e-05,-0.012,31.4
24233,8.186599999999999e-05,-0.012,31.4
24234,8.1868e-05,-0.004,31.4
24235,8.187e-05,-0.012,31.4
24236,8.1872e-05,-0.004,31.4
24237,8.187400000000001e-05,-0.012,31.4
24238,8.1876e-05,-0.012,31.4
24239,8.1878e-05,-0.012,31.4
24240,8.188e-05,-0.012,31.4
24241,8.1882e-05,-0.012,31.4
24242,8.1884e-05,-0.004,31.4
24243,8.188600000000001e-05,-0.012,31.4
24244,8.1888e-05,-0.012,31.4
24245,8.189e-05,-0.012,31.4
24246,8.1892e-05,-0.004,31.4
24247,8.1894e-05,-0.012,31.4
24248,8.1896e-05,-0.012,31.4
24249,8.189800000000001e-05,-0.012,31.4
24250,8.19e-05,-0.004,31.4
24251,8.1902e-05,-0.012,31.4
24252,8.1904e-05,-0.004,31.4
24253,8.1906e-05,-0.012,31.4
24254,8.1908e-05,-0.004,31.4
24255,8.191000000000001e-05,-0.012,31.4
24256,8.191200000000001e-05,-0.012,31.4
24257,8.1914e-05,-0.012,31.4
24258,8.191599999999999e-05,-0.004,31.4
24259,8.1918e-05,-0.012,31.4
24260,8.192e-05,-0.004,31.4
24261,8.1922e-05,-0.004,31.4
24262,8.192400000000001e-05,-0.004,31.4
24263,8.1926e-05,-0.012,31.4
24264,8.192799999999999e-05,-0.004,31.4
24265,8.193e-05,-0.012,31.4
24266,8.1932e-05,-0.004,31.4
24267,8.1934e-05,-0.012,31.4
24268,8.193600000000001e-05,-0.004,31.4
24269,8.1938e-05,-0.012,31.4
24270,8.194e-05,-0.004,31.4
24271,8.1942e-05,-0.012,31.4
24272,8.1944e-05,-0.012,31.4
24273,8.1946e-05,-0.004,31.4
24274,8.194800000000001e-05,-0.004,31.4
24275,8.195e-05,-0.012,31.4
24276,8.1952e-05,-0.012,31.4
24277,8.1954e-05,-0.012,31.4
24278,8.1956e-05,-0.004,31.4
24279,8.1958e-05,-0.012,31.4
24280,8.196000000000001e-05,-0.012,31.4
24281,8.1962e-05,-0.004,31.4
24282,8.1964e-05,-0.004,31.4
24283,8.1966e-05,-0.012,31.4
24284,8.1968e-05,-0.004,31.4
24285,8.197e-05,-0.012,31.4
24286,8.197200000000001e-05,-0.004,31.4
24287,8.197400000000001e-05,-0.004,31.4
24288,8.1976e-05,-0.004,31.4
24289,8.1978e-05,-0.004,31.4
24290,8.198e-05,-0.004,31.4
24291,8.1982e-05,-0.012,31.4
24292,8.1984e-05,-0.012,31.4
24293,8.198600000000001e-05,-0.004,31.4
24294,8.1988e-05,-0.004,31.4
24295,8.198999999999999e-05,-0.012,31.4
24296,8.1992e-05,-0.004,31.4
24297,8.1994e-05,-0.004,31.4
24298,8.1996e-05,-0.004,31.4
24299,8.199800000000001e-05,-0.012,31.4
24300,8.2e-05,-0.004,31.8
24301,8.200199999999999e-05,-0.004,31.4
24302,8.2004e-05,-0.004,31.4
24303,8.2006e-05,-0.012,31.4
24304,8.2008e-05,-0.004,31.4
24305,8.201000000000001e-05,-0.004,31.4
24306,8.2012e-05,-0.004,31.4
24307,8.2014e-05,-0.012,31.4
24308,8.2016e-05,-0.004,31.4
24309,8.2018e-05,-0.004,31.4
24310,8.202e-05,-0.004,31.4
24311,8.202200000000001e-05,-0.004,31.4
24312,8.2024e-05,-0.012,31.4
24313,8.2026e-05,-0.004,31.4
24314,8.2028e-05,-0.004,31.4
24315,8.203e-05,-0.012,31.4
24316,8.2032e-05,-0.004,31.4
24317,8.203400000000001e-05,-0.004,31.4
24318,8.2036e-05,-0.004,31.4
24319,8.2038e-05,-0.004,31.4
24320,8.204e-05,-0.004,31.4
24321,8.2042e-05,-0.004,31.4
24322,8.2044e-05,-0.004,31.4
24323,8.204600000000001e-05,-0.012,31.4
24324,8.204800000000001e-05,-0.004,31.4
24325,8.205e-05,-0.004,31.4
24326,8.205199999999999e-05,-0.004,31.4
24327,8.2054e-05,-0.004,31.4
24328,8.2056e-05,-0.004,31.4
24329,8.2058e-05,-0.004,31.4
24330,8.206000000000001e-05,-0.004,31.4
24331,8.2062e-05,-0.004,31.4
24332,8.206399999999999e-05,-0.004,31.4
24333,8.2066e-05,-0.004,31.4
24334,8.2068e-05,-0.004,31.4
24335,8.207e-05,-0.004,31.4
24336,8.207200000000001e-05,-0.004,31.4
24337,8.2074e-05,-0.004,31.4
24338,8.2076e-05,-0.004,31.8
24339,8.2078e-05,-0.004,31.4
24340,8.208e-05,-0.004,31.4
24341,8.2082e-05,-0.004,31.4
24342,8.208400000000001e-05,-0.004,31.4
24343,8.2086e-05,-0.004,31.4
24344,8.2088e-05,-0.004,31.4
24345,8.209e-05,-0.004,31.4
24346,8.2092e-05,-0.004,31.4
24347,8.2094e-05,-0.004,31.4
24348,8.209600000000001e-05,-0.004,31.4
24349,8.2098e-05,-0.004,31.4
24350,8.21e-05,-0.004,31.4
24351,8.2102e-05,-0.004,31.4
24352,8.2104e-05,-0.004,31.4
24353,8.2106e-05,-0.004,31.4
24354,8.210800000000001e-05,-0.004,31.4
24355,8.211000000000001e-05,-0.004,31.4
24356,8.2112e-05,-0.004,31.4
24357,8.2114e-05,-0.004,31.4
24358,8.2116e-05,-0.004,31.4
24359,8.2118e-05,-0.004,31.4
24360,8.212e-05,-0.004,31.4
24361,8.212200000000001e-05,-0.004,31.4
24362,8.2124e-05,-0.004,31.4
24363,8.212599999999999e-05,-0.004,31.4
24364,8.2128e-05,-0.004,31.4
24365,8.213e-05,-0.004,31.4
24366,8.2132e-05,-0.004,31.4
24367,8.213400000000001e-05,-0.004,31.4
24368,8.2136e-05,-0.004,31.4
24369,8.213799999999999e-05,-0.004,31.4
24370,8.214e-05,-0.004,31.4
24371,8.2142e-05,-0.004,31.4
24372,8.2144e-05,-0.004,31.4
24373,8.214600000000001e-05,-0.004,31.4
24374,8.2148e-05,-0.004,31.4
24375,8.215e-05,-0.004,31.4
24376,8.2152e-05,-0.004,31.4
24377,8.2154e-05,-0.004,31.4
24378,8.2156e-05,-0.004,31.8
24379,8.215800000000001e-05,-0.004,31.4
24380,8.216e-05,-0.004,31.4
24381,8.2162e-05,-0.004,31.4
24382,8.2164e-05,-0.004,31.4
24383,8.2166e-05,-0.004,31.4
24384,8.2168e-05,-0.004,31.4
24385,8.217000000000001e-05,-0.004,31.4
24386,8.2172e-05,-0.004,31.4
24387,8.2174e-05,-0.004,31.4
24388,8.2176e-05,-0.004,31.4
24389,8.2178e-05,-0.004,31.4
24390,8.218e-05,-0.004,31.4
24391,8.218200000000001e-05,-0.004,31.4
24392,8.218400000000001e-05,-0.004,31.4
24393,8.2186e-05,-0.004,31.4
24394,8.218799999999999e-05,-0.004,31.4
24395,8.219e-05,-0.004,31.4
24396,8.2192e-05,-0.004,31.4
24397,8.2194e-05,-0.004,31.4
24398,8.219600000000001e-05,-0.004,31.4
24399,8.2198e-05,-0.004,31.4
24400,8.219999999999999e-05,-0.004,31.4
24401,8.2202e-05,-0.004,31.4
24402,8.2204e-05,-0.004,31.4
24403,8.2206e-05,-0.004,31.4
24404,8.220800000000001e-05,-0.004,31.4
24405,8.221e-05,-0.004,31.4
24406,8.2212e-05,-0.004,31.4
24407,8.2214e-05,-0.004,31.4
24408,8.2216e-05,-0.004,31.4
24409,8.2218e-05,-0.004,31.4
24410,8.222000000000001e-05,-0.004,31.4
24411,8.2222e-05,-0.004,31.4
24412,8.2224e-05,-0.004,31.4
24413,8.2226e-05,-0.004,31.4
24414,8.2228e-05,-0.004,31.4
24415,8.223e-05,-0.004,31.4
24416,8.223200000000001e-05,-0.004,31.4
24417,8.2234e-05,-0.004,31.4
24418,8.2236e-05,-0.004,31.4
24419,8.2238e-05,-0.004,31.4
24420,8.224e-05,-0.004,31.4
24421,8.2242e-05,-0.004,31.4
24422,8.224400000000001e-05,-0.004,31.4
24423,8.224600000000001e-05,-0.004,31.4
24424,8.2248e-05,-0.004,31.4
24425,8.225e-05,-0.004,31.4
24426,8.2252e-05,-0.004,31.4
24427,8.2254e-05,-0.004,31.4
24428,8.2256e-05,-0.004,31.4
24429,8.225800000000001e-05,-0.004,31.4
24430,8.226e-05,-0.004,31.4
24431,8.226199999999999e-05,-0.004,31.4
24432,8.2264e-05,-0.004,31.4
24433,8.2266e-05,-0.004,31.4
24434,8.2268e-05,-0.004,31.4
24435,8.227000000000001e-05,-0.004,31.4
24436,8.2272e-05,-0.004,31.4
24437,8.227399999999999e-05,-0.004,31.4
24438,8.2276e-05,-0.004,31.4
24439,8.2278e-05,-0.004,31.4
24440,8.228e-05,-0.004,31.4
24441,8.228200000000001e-05,-0.004,31.4
24442,8.2284e-05,-0.004,31.4
24443,8.2286e-05,-0.004,31.4
24444,8.2288e-05,-0.004,31.4
24445,8.229e-05,-0.004,31.4
24446,8.2292e-05,-0.004,31.4
24447,8.229400000000001e-05,-0.004,31.4
24448,8.2296e-05,-0.004,31.4
24449,8.2298e-05,-0.004,31.4
24450,8.23e-05,-0.004,31.4
24451,8.2302e-05,-0.004,31.4
24452,8.2304e-05,-0.004,31.4
24453,8.230600000000001e-05,-0.004,31.4
24454,8.2308e-05,0.004,31.4
24455,8.231e-05,-0.004,31.4
24456,8.2312e-05,-0.004,31.4
24457,8.2314e-05,-0.004,31.4
24458,8.2316e-05,-0.004,31.4
24459,8.231800000000001e-05,-0.004,31.4
24460,8.232000000000001e-05,-0.004,31.4
24461,8.2322e-05,-0.004,31.4
24462,8.232399999999999e-05,-0.004,31.4
24463,8.2326e-05,-0.004,31.4
24464,8.2328e-05,-0.004,31.4
24465,8.233e-05,-0.004,31.4
24466,8.233200000000001e-05,-0.004,31.4
24467,8.2334e-05,-0.004,31.4
24468,8.233599999999999e-05,-0.004,31.4
24469,8.2338e-05,-0.004,31.4
24470,8.234e-05,0.004,31.4
24471,8.2342e-05,-0.004,31.4
24472,8.234400000000001e-05,-0.004,31.4
24473,8.2346e-05,-0.004,31.4
24474,8.2348e-05,0.004,31.4
24475,8.235e-05,-0.004,31.4
24476,8.2352e-05,-0.004,31.4
24477,8.2354e-05,-0.004,31.4
24478,8.235600000000001e-05,-0.004,31.4
24479,8.2358e-05,-0.004,31.4
24480,8.236e-05,-0.004,31.4
24481,8.2362e-05,-0.004,31.4
24482,8.2364e-05,0.004,31.4
24483,8.2366e-05,-0.004,31.4
24484,8.236800000000001e-05,-0.004,31.4
24485,8.237e-05,-0.004,31.4
24486,8.2372e-05,-0.004,31.4
24487,8.2374e-05,-0.004,31.4
24488,8.2376e-05,-0.004,31.4
24489,8.2378e-05,0.004,31.4
24490,8.238000000000001e-05,0.004,31.8
24491,8.238200000000001e-05,-0.004,31.4
24492,8.2384e-05,-0.004,31.4
24493,8.2386e-05,-0.004,31.4
24494,8.2388e-05,0.004,31.4
24495,8.239e-05,-0.004,31.4
24496,8.2392e-05,-0.004,31.4
24497,8.239400000000001e-05,0.004,31.4
24498,8.2396e-05,0.004,31.4
24499,8.239799999999999e-05,-0.004,31.4
24500,8.24e-05,0.004,31.4
24501,8.2402e-05,-0.004,31.4
24502,8.2404e-05,0.004,31.4
24503,8.240600000000001e-05,-0.004,31.4
24504,8.2408e-05,-0.004,31.4
24505,8.240999999999999e-05,-0.004,31.4
24506,8.2412e-05,0.004,31.4
24507,8.2414e-05,-0.004,31.4
24508,8.2416e-05,-0.004,31.4
24509,8.241800000000001e-05,-0.004,31.4
24510,8.242e-05,0.004,31.4
24511,8.2422e-05,-0.004,31.4
24512,8.2424e-05,0.004,31.4
24513,8.2426e-05,0.004,31.4
24514,8.2428e-05,0.004,31.4
24515,8.243000000000001e-05,-0.004,31.4
24516,8.2432e-05,-0.004,31.4
24517,8.2434e-05,0.004,31.4
24518,8.2436e-05,0.004,31.4
24519,8.2438e-05,-0.004,31.4
24520,8.244e-05,0.004,31.4
24521,8.244200000000001e-05,-0.004,31.4
24522,8.2444e-05,0.004,31.4
24523,8.2446e-05,-0.004,31.4
24524,8.2448e-05,0.004,31.4
24525,8.245e-05,0.004,31.4
24526,8.2452e-05,0.004,31.4
24527,8.245400000000001e-05,-0.004,31.4
24528,8.245600000000001e-05,0.004,31.4
24529,8.2458e-05,0.004,31.4
24530,8.245999999999999e-05,0.004,31.4
24531,8.2462e-05,-0.004,31.4
24532,8.2464e-05,-0.004,31.4
24533,8.2466e-05,-0.004,31.4
24534,8.246800000000001e-05,0.004,31.4
24535,8.247e-05,-0.004,31.4
24536,8.247199999999999e-05,0.004,31.4
24537,8.2474e-05,0.004,31.4
24538,8.2476e-05,0.004,31.4
24539,8.2478e-05,-0.004,31.4
24540,8.248000000000001e-05,0.004,31.4
24541,8.2482e-05,-0.004,31.4
24542,8.2484e-05,0.004,31.4
24543,8.2486e-05,-0.004,31.4
24544,8.2488e-05,0.004,31.4
24545,8.249e-05,0.004,31.4
24546,8.249200000000001e-05,0.004,31.4
24547,8.2494e-05,-0.004,31.4
24548,8.2496e-05,-0.004,31.4
24549,8.2498e-05,0.004,31.4
24550,8.25e-05,0.004,31.4
24551,8.2502e-05,-0.004,31.4
24552,8.250400000000001e-05,-0.004,31.4
24553,8.2506e-05,0.004,31.4
24554,8.2508e-05,0.004,31.4
24555,8.251e-05,-0.004,31.4
24556,8.2512e-05,0.004,31.4
24557,8.2514e-05,0.004,31.4
24558,8.251600000000001e-05,0.004,31.4
24559,8.251800000000001e-05,0.004,31.4
24560,8.252e-05,0.004,31.4
24561,8.2522e-05,0.004,31.4
24562,8.2524e-05,0.004,31.4
24563,8.2526e-05,-0.004,31.4
24564,8.2528e-05,0.004,31.4
24565,8.253000000000001e-05,0.004,31.4
24566,8.2532e-05,0.004,31.4
24567,8.253399999999999e-05,-0.004,31.4
24568,8.2536e-05,0.004,31.4
24569,8.2538e-05,0.004,31.4
24570,8.254e-05,0.004,31.8
24571,8.254200000000001e-05,-0.004,31.4
24572,8.2544e-05,0.004,31.4
24573,8.254599999999999e-05,-0.004,31.4
24574,8.2548e-05,0.004,31.4
24575,8.255e-05,-0.004,31.4
24576,8.2552e-05,0.004,31.4
24577,8.255400000000001e-05,0.004,31.4
24578,8.2556e-05,0.004,31.4
24579,8.2558e-05,0.004,31.4
24580,8.256e-05,0.004,31.4
24581,8.2562e-05,0.004,31.4
24582,8.2564e-05,0.004,31.4
24583,8.256600000000001e-05,-0.004,31.4
24584,8.2568e-05,0.004,31.4
24585,8.257e-05,0.004,31.4
24586,8.2572e-05,0.004,31.8
24587,8.2574e-05,0.004,31.4
24588,8.2576e-05,0.004,31.4
24589,8.257800000000001e-05,0.004,31.4
24590,8.258e-05,0.004,31.4
24591,8.2582e-05,-0.004,31.4
24592,8.2584e-05,0.004,31.4
24593,8.2586e-05,0.004,31.4
24594,8.2588e-05,0.004,31.4
24595,8.259000000000001e-05,-0.004,31.4
24596,8.259200000000001e-05,0.004,31.4
24597,8.2594e-05,0.004,31.4
24598,8.259599999999999e-05,0.004,31.4
24599,8.2598e-05,0.004,31.4
24600,8.26e-05,0.004,31.4
24601,8.2602e-05,0.004,31.4
24602,8.260400000000001e-05,0.004,31.4
24603,8.2606e-05,-0.004,31.4
24604,8.260799999999999e-05,0.004,31.4
24605,8.261e-05,0.004,31.4
24606,8.2612e-05,0.004,31.4
24607,8.2614e-05,-0.004,31.4
24608,8.261600000000001e-05,0.004,31.4
24609,8.2618e-05,0.004,31.4
24610,8.261999999999999e-05,0.004,31.8
24611,8.2622e-05,0.004,31.4
24612,8.2624e-05,0.004,31.4
24613,8.2626e-05,0.004,31.4
24614,8.262800000000001e-05,0.004,31.4
24615,8.263e-05,0.004,31.4
24616,8.2632e-05,0.004,31.4
24617,8.2634e-05,0.004,31.4
24618,8.2636e-05,0.004,31.4
24619,8.2638e-05,0.004,31.4
24620,8.264000000000001e-05,0.004,31.4
24621,8.2642e-05,0.004,31.4
24622,8.2644e-05,0.004,31.4
24623,8.2646e-05,0.004,31.4
24624,8.2648e-05,0.004,31.4
24625,8.265e-05,0.004,31.4
24626,8.265200000000001e-05,0.004,31.4
24627,8.2654e-05,0.004,31.4
24628,8.2656e-05,0.004,31.4
24629,8.2658e-05,0.004,31.4
24630,8.266e-05,0.004,31.4
24631,8.2662e-05,0.004,31.4
24632,8.266400000000001e-05,0.004,31.4
24633,8.266600000000001e-05,0.004,31.4
24634,8.2668e-05,0.004,31.4
24635,8.266999999999999e-05,0.004,31.4
24636,8.2672e-05,0.004,31.4
24637,8.2674e-05,0.004,31.4
24638,8.2676e-05,0.004,31.4
24639,8.267800000000001e-05,0.004,31.4
24640,8.268e-05,0.004,31.4
24641,8.268199999999999e-05,0.004,31.4
24642,8.2684e-05,0.004,31.4
24643,8.2686e-05,0.004,31.4
24644,8.2688e-05,0.004,31.4
24645,8.269000000000001e-05,0.004,31.4
24646,8.2692e-05,0.004,31.4
24647,8.2694e-05,0.004,31.4
24648,8.2696e-05,0.004,31.4
24649,8.2698e-05,0.004,31.4
24650,8.27e-05,0.004,31.4
24651,8.270200000000001e-05,0.004,31.4
24652,8.2704e-05,0.004,31.4
24653,8.2706e-05,0.004,31.4
24654,8.2708e-05,0.004,31.4
24655,8.271e-05,0.004,31.4
24656,8.2712e-05,0.004,31.4
24657,8.271400000000001e-05,0.004,31.4
24658,8.2716e-05,0.004,31.4
24659,8.2718e-05,0.004,31.4
24660,8.272e-05,0.004,31.4
24661,8.2722e-05,0.004,31.4
24662,8.2724e-05,0.004,31.4
24663,8.272600000000001e-05,0.004,31.4
24664,8.272800000000001e-05,0.004,31.4
24665,8.273e-05,0.004,31.4
24666,8.2732e-05,0.004,31.4
24667,8.2734e-05,0.004,31.4
24668,8.2736e-05,0.004,31.4
24669,8.2738e-05,0.004,31.4
24670,8.274000000000001e-05,0.004,31.4
24671,8.2742e-05,0.004,31.4
24672,8.274399999999999e-05,0.004,31.4
24673,8.2746e-05,0.004,31.4
24674,8.2748e-05,0.004,31.4
24675,8.275e-05,0.004,31.4
24676,8.275200000000001e-05,0.004,31.4
24677,8.2754e-05,0.004,31.4
24678,8.275599999999999e-05,0.004,31.4
24679,8.2758e-05,0.004,31.4
24680,8.276e-05,0.004,31.4
24681,8.2762e-05,0.004,31.4
24682,8.276400000000001e-05,0.004,31.8
24683,8.2766e-05,0.004,31.4
24684,8.2768e-05,0.004,31.4
24685,8.277e-05,0.004,31.4
24686,8.2772e-05,0.004,31.4
24687,8.2774e-05,0.004,31.4
24688,8.277600000000001e-05,0.004,31.4
24689,8.2778e-05,0.004,31.4
24690,8.278e-05,0.004,31.4
24691,8.2782e-05,0.004,31.4
24692,8.2784e-05,0.004,31.4
24693,8.2786e-05,0.004,31.4
24694,8.278800000000001e-05,0.004,31.4
24695,8.279e-05,0.004,31.4
24696,8.2792e-05,0.004,31.4
24697,8.2794e-05,0.004,31.4
24698,8.2796e-05,0.004,31.8
24699,8.2798e-05,0.004,31.4
24700,8.280000000000001e-05,0.004,31.4
24701,8.280200000000001e-05,0.004,31.8
24702,8.2804e-05,0.004,31.4
24703,8.280599999999999e-05,0.004,31.4
24704,8.2808e-05,0.004,31.4
24705,8.281e-05,0.004,31.4
24706,8.2812e-05,0.004,31.4
24707,8.281400000000001e-05,0.004,31.8
24708,8.2816e-05,0.004,31.4
24709,8.281799999999999e-05,0.004,31.4
24710,8.282e-05,0.004,31.4
24711,8.2822e-05,0.004,31.4
24712,8.2824e-05,0.004,31.4
24713,8.282600000000001e-05,0.004,31.4
24714,8.2828e-05,0.004,31.4
24715,8.283e-05,0.004,31.4
24716,8.2832e-05,0.004,31.4
24717,8.2834e-05,0.004,31.4
24718,8.2836e-05,0.004,31.4
24719,8.283800000000001e-05,0.004,31.4
24720,8.284e-05,0.004,31.4
24721,8.2842e-05,0.004,31.4
24722,8.2844e-05,0.004,31.4
24723,8.2846e-05,0.004,31.4
24724,8.2848e-05,0.004,31.4
24725,8.285000000000001e-05,0.004,31.4
24726,8.2852e-05,0.004,31.4
24727,8.2854e-05,0.004,31.4
24728,8.2856e-05,0.004,31.4
24729,8.2858e-05,0.004,31.4
24730,8.286e-05,0.004,31.8
24731,8.286200000000001e-05,0.004,31.4
24732,8.286400000000001e-05,0.004,31.4
24733,8.2866e-05,0.004,31.4
24734,8.2868e-05,0.004,31.4
24735,8.287e-05,0.004,31.4
24736,8.2872e-05,0.004,31.4
24737,8.2874e-05,0.004,31.4
24738,8.287600000000001e-05,0.004,31.4
24739,8.2878e-05,0.004,31.4
24740,8.287999999999999e-05,0.004,31.4
24741,8.2882e-05,0.004,31.4
24742,8.2884e-05,0.004,31.4
24743,8.2886e-05,0.004,31.4
24744,8.288800000000001e-05,0.004,31.4
24745,8.289e-05,0.004,31.4
24746,8.289199999999999e-05,0.004,31.4
24747,8.2894e-05,0.004,31.4
24748,8.2896e-05,0.004,31.8
24749,8.2898e-05,0.004,31.4
24750,8.290000000000001e-05,0.004,31.8
24751,8.2902e-05,0.004,31.4
24752,8.2904e-05,0.004,31.4
24753,8.2906e-05,0.004,31.4
24754,8.2908e-05,0.004,31.4
24755,8.291e-05,0.004,31.4
24756,8.291200000000001e-05,0.004,31.4
24757,8.2914e-05,0.004,31.4
24758,8.2916e-05,0.004,31.4
24759,8.2918e-05,0.004,31.4
24760,8.292e-05,0.004,31.4
24761,8.2922e-05,0.004,31.4
24762,8.292400000000001e-05,0.004,31.4
24763,8.2926e-05,0.004,31.4
24764,8.2928e-05,0.012,31.4
24765,8.293e-05,0.004,31.4
24766,8.2932e-05,0.004,31.4
24767,8.2934e-05,0.004,31.4
24768,8.293600000000001e-05,0.004,31.4
24769,8.293800000000001e-05,0.004,31.4
24770,8.294e-05,0.012,31.4
24771,8.294199999999999e-05,0.004,31.4
24772,8.2944e-05,0.004,31.4
24773,8.2946e-05,0.004,31.4
24774,8.2948e-05,0.004,31.4
24775,8.295000000000001e-05,0.004,31.4
24776,8.2952e-05,0.004,31.4
24777,8.295399999999999e-05,0.004,31.4
24778,8.2956e-05,0.004,31.8
24779,8.2958e-05,0.004,31.4
24780,8.296e-05,0.004,31.4
24781,8.296200000000001e-05,0.004,31.4
24782,8.2964e-05,0.004,31.4
24783,8.2966e-05,0.004,31.4
24784,8.2968e-05,0.004,31.4
24785,8.297e-05,0.004,31.4
24786,8.2972e-05,0.012,31.4
24787,8.297400000000001e-05,0.004,31.4
24788,8.2976e-05,0.004,31.4
24789,8.2978e-05,0.004,31.4
24790,8.298e-05,0.012,31.4
24791,8.2982e-05,0.004,31.4
24792,8.2984e-05,0.004,31.4
24793,8.298600000000001e-05,0.004,31.4
24794,8.2988e-05,0.004,31.4
24795,8.299e-05,0.004,31.4
24796,8.2992e-05,0.004,31.4
24797,8.2994e-05,0.004,31.4
24798,8.2996e-05,0.004,31.4
24799,8.299800000000001e-05,0.004,31.4
24800,8.300000000000001e-05,0.004,31.4
24801,8.3002e-05,0.004,31.4
24802,8.3004e-05,0.012,31.4
24803,8.3006e-05,0.004,31.4
24804,8.3008e-05,0.004,31.4
24805,8.301e-05,0.004,31.4
24806,8.301200000000001e-05,0.012,31.4
24807,8.3014e-05,0.004,31.4
24808,8.301599999999999e-05,0.004,31.4
24809,8.3018e-05,0.004,31.4
24810,8.302e-05,0.012,31.4
24811,8.3022e-05,0.004,31.4
24812,8.302400000000001e-05,0.004,31.4
24813,8.3026e-05,0.004,31.4
24814,8.302799999999999e-05,0.012,31.4
24815,8.303e-05,0.004,31.4
24816,8.3032e-05,0.004,31.4
24817,8.3034e-05,0.004,31.4
24818,8.303600000000001e-05,0.012,31.4
24819,8.3038e-05,0.004,31.4
24820,8.304e-05,0.004,31.4
24821,8.3042e-05,0.004,31.4
24822,8.3044e-05,0.012,31.4
24823,8.3046e-05,0.004,31.4
24824,8.304800000000001e-05,0.004,31.4
24825,8.305e-05,0.004,31.4
24826,8.3052e-05,0.012,31.4
24827,8.3054e-05,0.004,31.4
24828,8.3056e-05,0.012,31.4
24829,8.3058e-05,0.004,31.4
24830,8.306000000000001e-05,0.004,31.4
24831,8.3062e-05,0.004,31.4
24832,8.3064e-05,0.004,31.4
24833,8.3066e-05,0.004,31.4
24834,8.3068e-05,0.012,31.4
24835,8.307e-05,0.012,31.8
24836,8.307200000000001e-05,0.012,31.4
24837,8.307400000000001e-05,0.004,31.4
24838,8.3076e-05,0.012,31.4
24839,8.307799999999999e-05,0.004,31.4
24840,8.308e-05,0.004,31.4
24841,8.3082e-05,0.004,31.4
24842,8.3084e-05,0.012,31.4
24843,8.308600000000001e-05,0.004,31.4
24844,8.3088e-05,0.012,31.4
24845,8.308999999999999e-05,0.004,31.4
24846,8.3092e-05,0.004,31.4
24847,8.3094e-05,0.004,31.4
24848,8.3096e-05,0.004,31.4
24849,8.309800000000001e-05,0.012,31.4
24850,8.31e-05,0.012,31.4
24851,8.3102e-05,0.004,31.4
24852,8.3104e-05,0.004,31.8
24853,8.3106e-05,0.004,31.4
24854,8.3108e-05,0.012,31.4
24855,8.311000000000001e-05,0.004,31.4
24856,8.3112e-05,0.004,31.4
24857,8.3114e-05,0.012,31.4
24858,8.3116e-05,0.012,31.4
24859,8.3118e-05,0.004,31.4
24860,8.312e-05,0.012,31.4
24861,8.312200000000001e-05,0.012,31.4
24862,8.3124e-05,0.004,31.4
24863,8.3126e-05,0.004,31.4
24864,8.3128e-05,0.004,31.4
24865,8.313e-05,0.004,31.4
24866,8.3132e-05,0.012,31.8
24867,8.313400000000001e-05,0.004,31.4
24868,8.313600000000001e-05,0.004,31.4
24869,8.3138e-05,0.012,31.4
24870,8.314e-05,0.012,31.4
24871,8.3142e-05,0.004,31.4
24872,8.3144e-05,0.004,31.4
24873,8.3146e-05,0.012,31.4
24874,8.314800000000001e-05,0.012,31.4
24875,8.315e-05,0.004,31.4
24876,8.315199999999999e-05,0.012,31.4
24877,8.3154e-05,0.012,31.4
24878,8.3156e-05,0.012,31.4
24879,8.3158e-05,0.004,31.4
24880,8.316000000000001e-05,0.004,31.4
24881,8.3162e-05,0.012,31.4
24882,8.316399999999999e-05,0.012,31.8
24883,8.3166e-05,0.004,31.4
24884,8.3168e-05,0.012,31.4
24885,8.317e-05,0.004,31.8
24886,8.317200000000001e-05,0.012,31.4
24887,8.3174e-05,0.004,31.4
24888,8.3176e-05,0.004,31.4
24889,8.3178e-05,0.012,31.4
24890,8.318e-05,0.004,31.4
24891,8.3182e-05,0.004,31.4
24892,8.318400000000001e-05,0.004,31.8
24893,8.3186e-05,0.012,31.4
24894,8.3188e-05,0.012,31.4
24895,8.319e-05,0.004,31.4
24896,8.3192e-05,0.004,31.4
24897,8.3194e-05,0.004,31.4
24898,8.319600000000001e-05,0.012,31.8
24899,8.3198e-05,0.004,31.4
24900,8.32e-05,0.012,31.4
24901,8.3202e-05,0.012,31.4
24902,8.3204e-05,0.012,31.4
24903,8.3206e-05,0.012,31.4
24904,8.320800000000001e-05,0.012,31.4
24905,8.321000000000001e-05,0.012,31.4
24906,8.3212e-05,0.012,31.4
24907,8.321399999999999e-05,0.004,31.4
24908,8.3216e-05,0.012,31.4
24909,8.3218e-05,0.012,31.4
24910,8.322e-05,0.012,31.4
24911,8.322200000000001e-05,0.004,31.4
24912,8.3224e-05,0.012,31.4
24913,8.322599999999999e-05,0.012,31.4
24914,8.3228e-05,0.012,31.4
24915,8.323e-05,0.004,31.4
24916,8.3232e-05,0.012,31.4
24917,8.323400000000001e-05,0.012,31.4
24918,8.3236e-05,0.012,31.4
24919,8.3238e-05,0.004,31.4
24920,8.324e-05,0.012,31.4
24921,8.3242e-05,0.012,31.4
24922,8.3244e-05,0.012,31.4
24923,8.324600000000001e-05,0.012,31.4
24924,8.3248e-05,0.012,31.4
24925,8.325e-05,0.012,31.4
24926,8.3252e-05,0.012,31.8
24927,8.3254e-05,0.012,31.4
24928,8.3256e-05,0.012,31.4
24929,8.325800000000001e-05,0.012,31.4
24930,8.326e-05,0.012,31.8
24931,8.3262e-05,0.004,31.4
24932,8.3264e-05,0.012,31.4
24933,8.3266e-05,0.012,31.4
24934,8.3268e-05,0.012,31.8
24935,8.327000000000001e-05,0.012,31.4
24936,8.327200000000001e-05,0.012,31.4
24937,8.3274e-05,0.012,31.4
24938,8.3276e-05,0.012,31.4
24939,8.3278e-05,0.012,31.4
24940,8.328e-05,0.012,31.4
24941,8.3282e-05,0.012,31.4
24942,8.328400000000001e-05,0.012,31.4
24943,8.3286e-05,0.012,31.4
24944,8.328799999999999e-05,0.012,31.4
24945,8.329e-05,0.012,31.4
24946,8.3292e-05,0.012,31.4
24947,8.3294e-05,0.004,31.4
24948,8.329600000000001e-05,0.012,31.4
24949,8.3298e-05,0.012,31.4
24950,8.329999999999999e-05,0.012,31.4
24951,8.3302e-05,0.012,31.4
24952,8.3304e-05,0.012,31.4
24953,8.3306e-05,0.012,31.4
24954,8.330800000000001e-05,0.012,31.4
24955,8.331e-05,0.012,31.4
24956,8.3312e-05,0.012,31.4
24957,8.3314e-05,0.012,31.4
24958,8.3316e-05,0.012,31.4
24959,8.3318e-05,0.012,31.4
24960,8.332000000000001e-05,0.012,31.4
24961,8.3322e-05,0.012,31.4
24962,8.3324e-05,0.012,31.8
24963,8.3326e-05,0.012,31.8
24964,8.3328e-05,0.012,31.4
24965,8.333e-05,0.012,31.4
24966,8.333200000000001e-05,0.012,31.4
24967,8.3334e-05,0.012,31.4
24968,8.3336e-05,0.012,31.4
24969,8.3338e-05,0.012,31.4
24970,8.334e-05,0.012,31.4
24971,8.3342e-05,0.012,31.4
24972,8.334400000000001e-05,0.012,31.4
24973,8.334600000000001e-05,0.012,31.4
24974,8.3348e-05,0.012,31.4
24975,8.334999999999999e-05,0.012,31.4
24976,8.3352e-05,0.012,31.4
24977,8.3354e-05,0.012,31.4
24978,8.3356e-05,0.012,31.8
24979,8.335800000000001e-05,0.012,31.4
24980,8.336e-05,0.012,31.4
24981,8.336199999999999e-05,0.012,31.8
24982,8.3364e-05,0.012,31.4
24983,8.3366e-05,0.012,31.4
24984,8.3368e-05,0.012,31.4
24985,8.337000000000001e-05,0.012,31.4
24986,8.3372e-05,0.012,31.4
24987,8.3374e-05,0.012,31.4
24988,8.3376e-05,0.012,31.4
24989,8.3378e-05,0.012,31.4
24990,8.338e-05,0.012,31.4
24991,8.338200000000001e-05,0.012,31.4
24992,8.3384e-05,0.012,31.4
24993,8.3386e-05,0.012,31.4
24994,8.3388e-05,0.012,31.4
24995,8.339e-05,0.012,31.8
24996,8.3392e-05,0.012,31.4
24997,8.339400000000001e-05,0.012,31.4
24998,8.3396e-05,0.012,31.4
24999,8.3398e-05,0.012,31.4
25000,8.34e-05,0.012,31.4
25001,8.3402e-05,0.012,31.4
25002,8.3404e-05,0.012,31.4
25003,8.340600000000001e-05,0.012,31.4
25004,8.340800000000001e-05,0.012,31.4
25005,8.341e-05,0.012,31.4
25006,8.3412e-05,0.012,31.4
25007,8.3414e-05,0.012,31.4
25008,8.3416e-05,0.012,31.4
25009,8.3418e-05,0.012,31.4
25010,8.342000000000001e-05,0.012,31.4
25011,8.3422e-05,0.012,31.4
25012,8.342399999999999e-05,0.012,31.4
25013,8.3426e-05,0.012,31.4
25014,8.3428e-05,0.012,31.4
25015,8.343e-05,0.012,31.4
25016,8.343200000000001e-05,0.012,31.4
25017,8.3434e-05,0.012,31.4
25018,8.343599999999999e-05,0.012,31.4
25019,8.3438e-05,0.012,31.4
25020,8.344e-05,0.012,31.4
25021,8.3442e-05,0.012,31.4
25022,8.344400000000001e-05,0.012,31.4
25023,8.3446e-05,0.012,31.4
25024,8.3448e-05,0.012,31.4
25025,8.345e-05,0.012,31.4
25026,8.3452e-05,0.012,31.4
25027,8.3454e-05,0.012,31.4
25028,8.345600000000001e-05,0.012,31.4
25029,8.3458e-05,0.012,31.4
25030,8.346e-05,0.012,31.4
25031,8.3462e-05,0.012,31.4
25032,8.3464e-05,0.012,31.4
25033,8.3466e-05,0.012,31.4
25034,8.346800000000001e-05,0.012,31.4
25035,8.347e-05,0.012,31.4
25036,8.3472e-05,0.012,31.4
25037,8.3474e-05,0.012,31.4
25038,8.3476e-05,0.012,31.4
25039,8.3478e-05,0.012,31.4
25040,8.348000000000001e-05,0.012,31.4
25041,8.348200000000001e-05,0.012,31.4
25042,8.3484e-05,0.012,31.8
25043,8.348599999999999e-05,0.012,31.4
25044,8.3488e-05,0.012,31.4
25045,8.349e-05,0.012,31.4
25046,8.3492e-05,0.012,31.4
25047,8.349400000000001e-05,0.012,31.4
25048,8.3496e-05,0.012,31.4
25049,8.349799999999999e-05,0.012,31.4
25050,8.35e-05,0.012,31.4
25051,8.3502e-05,0.012,31.4
25052,8.3504e-05,0.012,31.4
25053,8.350600000000001e-05,0.012,31.4
25054,8.3508e-05,0.012,31.4
25055,8.351e-05,0.012,31.4
25056,8.3512e-05,0.012,31.4
25057,8.3514e-05,0.012,31.4
25058,8.3516e-05,0.012,31.4
25059,8.351800000000001e-05,0.012,31.4
25060,8.352e-05,0.012,31.4
25061,8.3522e-05,0.012,31.4
25062,8.3524e-05,0.012,31.4
25063,8.3526e-05,0.012,31.4
25064,8.3528e-05,0.012,31.4
25065,8.353000000000001e-05,0.012,31.4
25066,8.3532e-05,0.012,31.4
25067,8.3534e-05,0.012,31.8
25068,8.3536e-05,0.012,31.4
25069,8.3538e-05,0.012,31.4
25070,8.354e-05,0.012,31.4
25071,8.354200000000001e-05,0.012,31.4
25072,8.354400000000001e-05,0.012,31.4
25073,8.3546e-05,0.012,31.4
25074,8.3548e-05,0.012,31.4
25075,8.355e-05,0.012,31.4
25076,8.3552e-05,0.012,31.4
25077,8.3554e-05,0.012,31.4
25078,8.355600000000001e-05,0.012,31.4
25079,8.3558e-05,0.012,31.4
25080,8.355999999999999e-05,0.012,31.4
25081,8.3562e-05,0.012,31.4
25082,8.3564e-05,0.012,31.4
25083,8.3566e-05,0.012,31.4
25084,8.356800000000001e-05,0.012,31.4
25085,8.357e-05,0.012,31.8
25086,8.357199999999999e-05,0.012,31.4
25087,8.3574e-05,0.012,31.4
25088,8.3576e-05,0.012,31.4
25089,8.3578e-05,0.012,31.4
25090,8.358000000000001e-05,0.012,31.4
25091,8.3582e-05,0.012,31.4
25092,8.3584e-05,0.012,31.4
25093,8.3586e-05,0.012,31.4
25094,8.3588e-05,0.012,31.4
25095,8.359e-05,0.012,31.4
25096,8.359200000000001e-05,0.012,31.4
25097,8.3594e-05,0.012,31.4
25098,8.3596e-05,0.012,31.4
25099,8.3598e-05,0.012,31.4
25100,8.36e-05,0.012,31.4
25101,8.3602e-05,0.012,31.4
25102,8.360400000000001e-05,0.012,31.4
25103,8.3606e-05,0.012,31.4
25104,8.3608e-05,0.012,31.4
25105,8.361e-05,0.012,31.4
25106,8.3612e-05,0.012,31.4
25107,8.3614e-05,0.012,31.4
25108,8.361600000000001e-05,0.012,31.4
25109,8.361800000000001e-05,0.012,31.4
25110,8.362e-05,0.012,31.4
25111,8.362199999999999e-05,0.012,31.4
25112,8.3624e-05,0.012,31.4
25113,8.3626e-05,0.012,31.4
25114,8.3628e-05,0.02,31.4
25115,8.363000000000001e-05,0.012,31.4
25116,8.3632e-05,0.012,31.4
25117,8.363399999999999e-05,0.012,31.4
25118,8.3636e-05,0.012,31.4
25119,8.3638e-05,0.012,31.4
25120,8.364e-05,0.012,31.4
25121,8.364200000000001e-05,0.012,31.4
25122,8.3644e-05,0.012,31.4
25123,8.3646e-05,0.012,31.4
25124,8.3648e-05,0.012,31.4
25125,8.365e-05,0.012,31.4
25126,8.3652e-05,0.012,31.4
25127,8.365400000000001e-05,0.012,31.4
25128,8.3656e-05,0.012,31.4
25129,8.3658e-05,0.012,31.4
25130,8.366e-05,0.012,31.4
25131,8.3662e-05,0.012,31.4
25132,8.3664e-05,0.012,31.4
25133,8.366600000000001e-05,0.012,31.4
25134,8.3668e-05,0.012,31.4
25135,8.367e-05,0.012,31.4
25136,8.3672e-05,0.012,31.4
25137,8.3674e-05,0.012,31.4
25138,8.3676e-05,0.012,31.4
25139,8.367800000000001e-05,0.012,31.4
25140,8.368000000000001e-05,0.012,31.4
25141,8.3682e-05,0.012,31.4
25142,8.3684e-05,0.012,31.4
25143,8.3686e-05,0.012,31.4
25144,8.3688e-05,0.012,31.4
25145,8.369000000000001e-05,0.012,31.4
25146,8.369200000000001e-05,0.02,31.4
25147,8.3694e-05,0.012,31.4
25148,8.369599999999999e-05,0.012,31.4
25149,8.3698e-05,0.012,31.4
25150,8.37e-05,0.012,31.4
25151,8.3702e-05,0.012,31.4
25152,8.370400000000001e-05,0.012,31.4
25153,8.3706e-05,0.012,31.4
25154,8.370799999999999e-05,0.012,31.4
25155,8.371e-05,0.012,31.4
25156,8.3712e-05,0.012,31.4
25157,8.3714e-05,0.012,31.4
25158,8.371600000000001e-05,0.012,31.4
25159,8.3718e-05,0.012,31.4
25160,8.372e-05,0.012,31.8
25161,8.3722e-05,0.012,31.4
25162,8.3724e-05,0.012,31.8
25163,8.3726e-05,0.012,31.8
25164,8.372800000000001e-05,0.012,31.4
25165,8.373e-05,0.012,31.4
25166,8.3732e-05,0.012,31.4
25167,8.3734e-05,0.012,31.4
25168,8.3736e-05,0.012,31.4
25169,8.3738e-05,0.012,31.4
25170,8.374000000000001e-05,0.012,31.4
25171,8.3742e-05,0.012,31.4
25172,8.3744e-05,0.012,31.4
25173,8.3746e-05,0.012,31.4
25174,8.3748e-05,0.02,31.4
25175,8.375e-05,0.012,31.4
25176,8.375200000000001e-05,0.012,31.4
25177,8.375400000000001e-05,0.02,31.4
25178,8.3756e-05,0.012,31.4
25179,8.3758e-05,0.012,31.4
25180,8.376e-05,0.012,31.4
25181,8.3762e-05,0.012,31.4
25182,8.3764e-05,0.02,31.4
25183,8.376600000000001e-05,0.012,31.4
25184,8.3768e-05,0.012,31.4
25185,8.376999999999999e-05,0.012,31.4
25186,8.3772e-05,0.012,31.4
25187,8.3774e-05,0.012,31.4
25188,8.3776e-05,0.012,31.4
25189,8.377800000000001e-05,0.012,31.4
25190,8.378e-05,0.012,31.4
25191,8.378199999999999e-05,0.012,31.4
25192,8.3784e-05,0.012,31.4
25193,8.3786e-05,0.012,31.4
25194,8.3788e-05,0.012,31.4
25195,8.379000000000001e-05,0.012,31.4
25196,8.3792e-05,0.012,31.4
25197,8.3794e-05,0.012,31.4
25198,8.3796e-05,0.02,31.4
25199,8.3798e-05,0.012,31.4
25200,8.38e-05,0.012,31.4
25201,8.380200000000001e-05,0.012,31.4
25202,8.3804e-05,0.02,31.4
25203,8.3806e-05,0.012,31.4
25204,8.3808e-05,0.012,31.4
25205,8.381e-05,0.012,31.4
25206,8.3812e-05,0.02,31.4
25207,8.381400000000001e-05,0.012,31.4
25208,8.3816e-05,0.012,31.4
25209,8.3818e-05,0.012,31.4
25210,8.382e-05,0.012,31.4
25211,8.3822e-05,0.012,31.4
25212,8.3824e-05,0.012,31.4
25213,8.382600000000001e-05,0.012,31.4
25214,8.382800000000001e-05,0.02,31.4
25215,8.383e-05,0.012,31.4
25216,8.383199999999999e-05,0.012,31.4
25217,8.3834e-05,0.012,31.4
25218,8.3836e-05,0.02,31.4
25219,8.3838e-05,0.012,31.4
25220,8.384000000000001e-05,0.012,31.4
25221,8.3842e-05,0.012,31.4
25222,8.384399999999999e-05,0.012,31.4
25223,8.3846e-05,0.012,31.4
25224,8.3848e-05,0.02,31.4
25225,8.385e-05,0.012,31.4
25226,8.385200000000001e-05,0.012,31.4
25227,8.3854e-05,0.012,31.4
25228,8.3856e-05,0.012,31.4
25229,8.3858e-05,0.012,31.8
25230,8.386e-05,0.02,31.4
25231,8.3862e-05,0.012,31.4
25232,8.386400000000001e-05,0.012,31.8
25233,8.3866e-05,0.012,31.4
25234,8.3868e-05,0.012,31.4
25235,8.387e-05,0.012,31.4
25236,8.3872e-05,0.02,31.4
25237,8.3874e-05,0.012,31.4
25238,8.387600000000001e-05,0.02,31.4
25239,8.3878e-05,0.02,31.4
25240,8.388e-05,0.012,31.4
25241,8.3882e-05,0.012,31.4
25242,8.3884e-05,0.02,31.4
25243,8.3886e-05,0.012,31.8
25244,8.388800000000001e-05,0.012,31.4
25245,8.389000000000001e-05,0.012,31.4
25246,8.3892e-05,0.02,31.4
25247,8.3894e-05,0.012,31.4
25248,8.3896e-05,0.012,31.4
25249,8.3898e-05,0.02,31.4
25250,8.39e-05,0.02,31.4
25251,8.390200000000001e-05,0.012,31.4
25252,8.3904e-05,0.012,31.4
25253,8.390599999999999e-05,0.012,31.4
25254,8.3908e-05,0.02,31.4
25255,8.391e-05,0.012,31.4
25256,8.3912e-05,0.012,31.4
25257,8.391400000000001e-05,0.02,31.4
25258,8.3916e-05,0.02,31.4
25259,8.391799999999999e-05,0.012,31.8
25260,8.392e-05,0.012,31.4
25261,8.3922e-05,0.02,31.4
25262,8.3924e-05,0.02,31.4
25263,8.392600000000001e-05,0.012,31.4
25264,8.3928e-05,0.02,31.4
25265,8.393e-05,0.012,31.4
25266,8.3932e-05,0.02,31.4
25267,8.3934e-05,0.012,31.4
25268,8.3936e-05,0.02,31.4
25269,8.393800000000001e-05,0.012,31.4
25270,8.394e-05,0.02,31.4
25271,8.3942e-05,0.012,31.4
25272,8.3944e-05,0.02,31.4
25273,8.3946e-05,0.02,31.4
25274,8.3948e-05,0.02,31.4
25275,8.395000000000001e-05,0.012,31.4
25276,8.3952e-05,0.012,31.4
25277,8.3954e-05,0.012,31.4
25278,8.3956e-05,0.02,31.4
25279,8.3958e-05,0.02,31.4
25280,8.396e-05,0.012,31.4
25281,8.396200000000001e-05,0.02,31.4
25282,8.396400000000001e-05,0.02,31.4
25283,8.3966e-05,0.012,31.4
25284,8.396799999999999e-05,0.02,31.4
25285,8.397e-05,0.02,31.4
25286,8.3972e-05,0.02,31.4
25287,8.3974e-05,0.012,31.4
25288,8.397600000000001e-05,0.02,31.4
25289,8.3978e-05,0.012,31.4
25290,8.397999999999999e-05,0.02,31.4
25291,8.3982e-05,0.012,31.4
25292,8.3984e-05,0.02,31.4
25293,8.3986e-05,0.012,31.4
25294,8.398800000000001e-05,0.012,31.8
25295,8.399e-05,0.012,31.4
25296,8.3992e-05,0.02,31.4
25297,8.3994e-05,0.012,31.4
25298,8.3996e-05,0.02,31.8
25299,8.3998e-05,0.012,31.4
25300,8.400000000000001e-05,0.012,31.4
25301,8.4002e-05,0.02,31.4
25302,8.4004e-05,0.02,31.4
25303,8.4006e-05,0.02,31.4
25304,8.4008e-05,0.012,31.4
25305,8.401e-05,0.02,31.4
25306,8.401200000000001e-05,0.02,31.4
25307,8.4014e-05,0.012,31.4
25308,8.4016e-05,0.02,31.4
25309,8.4018e-05,0.02,31.4
25310,8.402e-05,0.02,31.4
25311,8.4022e-05,0.02,31.4
25312,8.402400000000001e-05,0.02,31.4
25313,8.402600000000001e-05,0.02,31.4
25314,8.4028e-05,0.02,31.4
25315,8.403e-05,0.012,31.8
25316,8.4032e-05,0.02,31.4
25317,8.4034e-05,0.02,31.4
25318,8.4036e-05,0.02,31.4
25319,8.403800000000001e-05,0.012,31.4
25320,8.404e-05,0.012,31.4
25321,8.404199999999999e-05,0.012,31.4
25322,8.4044e-05,0.02,31.4
25323,8.4046e-05,0.02,31.4
25324,8.4048e-05,0.02,31.4
25325,8.405000000000001e-05,0.012,31.4
25326,8.4052e-05,0.02,31.4
25327,8.405399999999999e-05,0.012,31.4
25328,8.4056e-05,0.012,31.4
25329,8.4058e-05,0.012,31.4
25330,8.406e-05,0.02,31.4
25331,8.406200000000001e-05,0.02,31.4
25332,8.4064e-05,0.02,31.4
25333,8.4066e-05,0.012,31.4
25334,8.4068e-05,0.02,31.4
25335,8.407e-05,0.012,31.4
25336,8.4072e-05,0.02,31.4
25337,8.407400000000001e-05,0.02,31.4
25338,8.4076e-05,0.02,31.4
25339,8.4078e-05,0.012,31.4
25340,8.408e-05,0.02,31.4
25341,8.4082e-05,0.012,31.4
25342,8.4084e-05,0.02,31.4
25343,8.408600000000001e-05,0.02,31.4
25344,8.4088e-05,0.02,31.4
25345,8.409e-05,0.012,31.4
25346,8.4092e-05,0.02,31.4
25347,8.4094e-05,0.02,31.4
25348,8.4096e-05,0.02,31.4
25349,8.409800000000001e-05,0.02,31.4
25350,8.410000000000001e-05,0.02,31.4
25351,8.4102e-05,0.012,31.4
25352,8.410399999999999e-05,0.02,31.4
25353,8.4106e-05,0.02,31.4
25354,8.4108e-05,0.02,31.4
25355,8.411e-05,0.02,31.4
25356,8.411200000000001e-05,0.02,31.4
25357,8.4114e-05,0.02,31.4
25358,8.411599999999999e-05,0.02,31.4
25359,8.4118e-05,0.012,31.4
25360,8.412e-05,0.02,31.4
25361,8.4122e-05,0.02,31.4
25362,8.412400000000001e-05,0.02,31.8
25363,8.4126e-05,0.02,31.4
25364,8.4128e-05,0.02,31.4
25365,8.413e-05,0.02,31.4
25366,8.4132e-05,0.02,31.4
25367,8.4134e-05,0.02,31.4
25368,8.413600000000001e-05,0.02,31.4
25369,8.4138e-05,0.02,31.4
25370,8.414e-05,0.02,31.8
25371,8.4142e-05,0.02,31.4
25372,8.4144e-05,0.02,31.8
25373,8.4146e-05,0.02,31.4
25374,8.414800000000001e-05,0.02,31.4
25375,8.415e-05,0.02,31.4
25376,8.4152e-05,0.02,31.8
25377,8.4154e-05,0.02,31.4
25378,8.4156e-05,0.02,31.8
25379,8.4158e-05,0.02,31.4
25380,8.416000000000001e-05,0.02,31.4
25381,8.416200000000001e-05,0.02,31.4
25382,8.4164e-05,0.02,31.4
25383,8.4166e-05,0.02,31.4
25384,8.4168e-05,0.02,31.4
25385,8.417e-05,0.02,31.4
25386,8.4172e-05,0.02,31.4
25387,8.417400000000001e-05,0.02,31.4
25388,8.4176e-05,0.02,31.4
25389,8.417799999999999e-05,0.02,31.4
25390,8.418e-05,0.02,31.4
25391,8.4182e-05,0.02,31.4
25392,8.4184e-05,0.02,31.4
25393,8.418600000000001e-05,0.02,31.4
25394,8.4188e-05,0.02,31.4
25395,8.418999999999999e-05,0.012,31.8
25396,8.4192e-05,0.02,31.4
25397,8.4194e-05,0.02,31.4
25398,8.4196e-05,0.02,31.4
25399,8.419800000000001e-05,0.02,31.4
25400,8.42e-05,0.02,31.4
25401,8.4202e-05,0.02,31.4
25402,8.4204e-05,0.02,31.4
25403,8.4206e-05,0.02,31.8
25404,8.4208e-05,0.02,31.4
25405,8.421000000000001e-05,0.02,31.4
25406,8.4212e-05,0.02,31.4
25407,8.4214e-05,0.02,31.4
25408,8.4216e-05,0.02,31.4
25409,8.4218e-05,0.02,31.4
25410,8.422e-05,0.02,31.4
25411,8.422200000000001e-05,0.02,31.4
25412,8.4224e-05,0.02,31.4
25413,8.4226e-05,0.02,31.4
25414,8.4228e-05,0.02,31.4
25415,8.423e-05,0.02,31.4
25416,8.4232e-05,0.02,31.4
25417,8.423400000000001e-05,0.02,31.4
25418,8.423600000000001e-05,0.02,31.4
25419,8.4238e-05,0.02,31.4
25420,8.423999999999999e-05,0.02,31.4
25421,8.4242e-05,0.02,31.4
25422,8.4244e-05,0.02,31.4
25423,8.4246e-05,0.02,31.4
25424,8.424800000000001e-05,0.02,31.4
25425,8.425e-05,0.02,31.4
25426,8.425199999999999e-05,0.02,31.4
25427,8.4254e-05,0.02,31.4
25428,8.4256e-05,0.02,31.4
25429,8.4258e-05,0.02,31.4
25430,8.426000000000001e-05,0.02,31.4
25431,8.4262e-05,0.02,31.4
25432,8.4264e-05,0.02,31.4
25433,8.4266e-05,0.02,31.4
25434,8.4268e-05,0.02,31.8
25435,8.427e-05,0.02,31.4
25436,8.427200000000001e-05,0.02,31.4
25437,8.4274e-05,0.02,31.4
25438,8.4276e-05,0.02,31.4
25439,8.4278e-05,0.02,31.4
25440,8.428e-05,0.02,31.4
25441,8.4282e-05,0.02,31.4
25442,8.428400000000001e-05,0.02,31.4
25443,8.4286e-05,0.02,31.4
25444,8.4288e-05,0.02,31.4
25445,8.429e-05,0.02,31.4
25446,8.4292e-05,0.02,31.4
25447,8.4294e-05,0.02,31.4
25448,8.429600000000001e-05,0.02,31.4
25449,8.429800000000001e-05,0.02,31.4
25450,8.43e-05,0.02,31.4
25451,8.4302e-05,0.02,31.4
25452,8.4304e-05,0.02,31.4
25453,8.4306e-05,0.02,31.4
25454,8.4308e-05,0.02,31.4
25455,8.431000000000001e-05,0.02,31.4
25456,8.4312e-05,0.02,31.4
25457,8.431399999999999e-05,0.02,31.4
25458,8.4316e-05,0.02,31.4
25459,8.4318e-05,0.02,31.4
25460,8.432e-05,0.02,31.4
25461,8.432200000000001e-05,0.02,31.4
25462,8.4324e-05,0.02,31.4
25463,8.432599999999999e-05,0.02,31.4
25464,8.4328e-05,0.02,31.4
25465,8.433e-05,0.02,31.4
25466,8.4332e-05,0.02,31.4
25467,8.433400000000001e-05,0.02,31.4
25468,8.4336e-05,0.02,31.4
25469,8.4338e-05,0.02,31.4
25470,8.434e-05,0.02,31.4
25471,8.4342e-05,0.02,31.4
25472,8.4344e-05,0.02,31.4
25473,8.434600000000001e-05,0.02,31.4
25474,8.4348e-05,0.02,31.4
25475,8.435e-05,0.02,31.4
25476,8.4352e-05,0.02,31.4
25477,8.4354e-05,0.02,31.4
25478,8.4356e-05,0.02,31.4
25479,8.435800000000001e-05,0.02,31.4
25480,8.436e-05,0.02,31.4
25481,8.4362e-05,0.02,31.4
25482,8.4364e-05,0.02,31.4
25483,8.4366e-05,0.02,31.4
25484,8.4368e-05,0.02,31.4
25485,8.437000000000001e-05,0.02,31.8
25486,8.437200000000001e-05,0.02,31.4
25487,8.4374e-05,0.02,31.4
25488,8.437599999999999e-05,0.02,31.4
25489,8.4378e-05,0.02,31.4
25490,8.438e-05,0.02,31.4
25491,8.4382e-05,0.02,31.4
25492,8.438400000000001e-05,0.02,31.4
25493,8.4386e-05,0.02,31.4
25494,8.438799999999999e-05,0.02,31.4
25495,8.439e-05,0.02,31.4
25496,8.4392e-05,0.02,31.4
25497,8.4394e-05,0.02,31.4
25498,8.439600000000001e-05,0.02,31.4
25499,8.4398e-05,0.02,31.4
25500,8.44e-05,0.02,31.4
25501,8.4402e-05,0.02,31.4
25502,8.4404e-05,0.02,31.4
25503,8.4406e-05,0.02,31.4
25504,8.440800000000001e-05,0.02,31.4
25505,8.441e-05,0.02,31.4
25506,8.4412e-05,0.02,31.4
25507,8.4414e-05,0.02,31.4
25508,8.4416e-05,0.02,31.4
25509,8.4418e-05,0.02,31.4
25510,8.442000000000001e-05,0.02,31.4
25511,8.4422e-05,0.02,31.4
25512,8.4424e-05,0.02,31.4
25513,8.4426e-05,0.02,31.4
25514,8.4428e-05,0.02,31.4
25515,8.443e-05,0.02,31.4
25516,8.443200000000001e-05,0.02,31.4
25517,8.443400000000001e-05,0.02,31.4
25518,8.4436e-05,0.02,31.4
25519,8.4438e-05,0.02,31.4
25520,8.444e-05,0.02,31.4
25521,8.4442e-05,0.02,31.4
25522,8.4444e-05,0.02,31.4
25523,8.444600000000001e-05,0.02,31.4
25524,8.4448e-05,0.02,31.4
25525,8.444999999999999e-05,0.02,31.4
25526,8.4452e-05,0.02,31.4
25527,8.4454e-05,0.02,31.4
25528,8.4456e-05,0.02,31.4
25529,8.445800000000001e-05,0.02,31.4
25530,8.446e-05,0.02,31.4
25531,8.446199999999999e-05,0.02,31.4
25532,8.4464e-05,0.02,31.4
25533,8.4466e-05,0.02,31.4
25534,8.4468e-05,0.02,31.4
25535,8.447000000000001e-05,0.02,31.4
25536,8.4472e-05,0.02,31.4
25537,8.4474e-05,0.02,31.4
25538,8.4476e-05,0.02,31.4
25539,8.4478e-05,0.02,31.4
25540,8.448e-05,0.02,31.4
25541,8.448200000000001e-05,0.02,31.4
25542,8.4484e-05,0.02,31.4
25543,8.4486e-05,0.02,31.4
25544,8.4488e-05,0.02,31.4
25545,8.449e-05,0.02,31.4
25546,8.4492e-05,0.02,31.4
25547,8.449400000000001e-05,0.02,31.8
25548,8.4496e-05,0.02,31.4
25549,8.4498e-05,0.02,31.4
25550,8.45e-05,0.02,31.4
25551,8.4502e-05,0.02,31.4
25552,8.4504e-05,0.02,31.4
25553,8.450600000000001e-05,0.02,31.4
25554,8.450800000000001e-05,0.02,31.4
25555,8.451e-05,0.02,31.8
25556,8.451199999999999e-05,0.02,31.4
25557,8.4514e-05,0.02,31.4
25558,8.4516e-05,0.02,31.4
25559,8.4518e-05,0.02,31.4
25560,8.452000000000001e-05,0.02,31.4
25561,8.4522e-05,0.02,31.4
25562,8.452399999999999e-05,0.02,31.4
25563,8.4526e-05,0.02,31.4
25564,8.4528e-05,0.02,31.4
25565,8.453e-05,0.02,31.4
25566,8.453200000000001e-05,0.02,31.4
25567,8.4534e-05,0.02,31.4
25568,8.4536e-05,0.02,31.4
25569,8.4538e-05,0.02,31.4
25570,8.454e-05,0.02,31.8
25571,8.4542e-05,0.02,31.4
25572,8.454400000000001e-05,0.02,31.4
25573,8.4546e-05,0.02,31.4
25574,8.4548e-05,0.02,31.4
25575,8.455e-05,0.02,31.4
25576,8.4552e-05,0.02,31.4
25577,8.4554e-05,0.02,31.4
25578,8.455600000000001e-05,0.02,31.8
25579,8.4558e-05,0.02,31.4
25580,8.456e-05,0.02,31.4
25581,8.4562e-05,0.02,31.4
25582,8.4564e-05,0.02,31.4
25583,8.4566e-05,0.02,31.4
25584,8.456800000000001e-05,0.02,31.4
25585,8.457000000000001e-05,0.02,31.4
25586,8.4572e-05,0.02,31.4
25587,8.4574e-05,0.02,31.4
25588,8.4576e-05,0.02,31.4
25589,8.4578e-05,0.02,31.4
25590,8.458e-05,0.02,31.4
25591,8.458200000000001e-05,0.02,31.4
25592,8.4584e-05,0.02,31.4
25593,8.458599999999999e-05,0.02,31.4
25594,8.4588e-05,0.02,31.4
25595,8.459e-05,0.02,31.4
25596,8.4592e-05,0.02,31.4
25597,8.459400000000001e-05,0.02,31.4
25598,8.4596e-05,0.02,31.4
25599,8.459799999999999e-05,0.02,31.4
25600,8.46e-05,0.02,31.4
25601,8.4602e-05,0.02,31.4
25602,8.4604e-05,0.02,31.4
25603,8.460600000000001e-05,0.02,31.4
25604,8.4608e-05,0.02,31.4
25605,8.461e-05,0.02,31.4
25606,8.4612e-05,0.02,31.4
25607,8.4614e-05,0.02,31.4
25608,8.4616e-05,0.02,31.4
25609,8.461800000000001e-05,0.02,31.4
25610,8.462e-05,0.02,31.4
25611,8.4622e-05,0.02,31.4
25612,8.4624e-05,0.02,31.4
25613,8.4626e-05,0.02,31.4
25614,8.4628e-05,0.02,31.4
25615,8.463000000000001e-05,0.02,31.4
25616,8.4632e-05,0.02,31.4
25617,8.4634e-05,0.02,31.4
25618,8.4636e-05,0.02,31.4
25619,8.4638e-05,0.02,31.4
25620,8.464e-05,0.02,31.4
25621,8.464200000000001e-05,0.02,31.4
25622,8.464400000000001e-05,0.02,31.4
25623,8.4646e-05,0.02,31.4
25624,8.464799999999999e-05,0.02,31.4
25625,8.465e-05,0.02,31.4
25626,8.4652e-05,0.02,31.4
25627,8.4654e-05,0.02,31.4
25628,8.465600000000001e-05,0.02,31.4
25629,8.4658e-05,0.02,31.4
25630,8.465999999999999e-05,0.02,31.4
25631,8.4662e-05,0.02,31.4
25632,8.4664e-05,0.02,31.4
25633,8.4666e-05,0.02,31.4
25634,8.466800000000001e-05,0.028,31.4
25635,8.467e-05,0.02,31.4
25636,8.4672e-05,0.02,31.4
25637,8.4674e-05,0.02,31.4
25638,8.4676e-05,0.02,31.4
25639,8.4678e-05,0.02,31.4
25640,8.468000000000001e-05,0.02,31.4
25641,8.4682e-05,0.02,31.4
25642,8.4684e-05,0.02,31.4
25643,8.4686e-05,0.02,31.4
25644,8.4688e-05,0.02,31.4
25645,8.469e-05,0.02,31.4
25646,8.469200000000001e-05,0.02,31.4
25647,8.4694e-05,0.02,31.4
25648,8.4696e-05,0.02,31.4
25649,8.4698e-05,0.02,31.4
25650,8.47e-05,0.02,31.4
25651,8.4702e-05,0.02,31.4
25652,8.470400000000001e-05,0.02,31.4
25653,8.470600000000001e-05,0.02,31.4
25654,8.4708e-05,0.02,31.4
25655,8.471e-05,0.02,31.4
25656,8.4712e-05,0.02,31.4
25657,8.4714e-05,0.02,31.4
25658,8.471600000000001e-05,0.02,31.4
25659,8.471800000000001e-05,0.02,31.4
25660,8.472e-05,0.02,31.4
25661,8.472199999999999e-05,0.02,31.4
25662,8.4724e-05,0.02,31.4
25663,8.4726e-05,0.02,31.4
25664,8.4728e-05,0.02,31.4
25665,8.473000000000001e-05,0.02,31.4
25666,8.4732e-05,0.02,31.4
25667,8.473399999999999e-05,0.02,31.4
25668,8.4736e-05,0.02,31.4
25669,8.4738e-05,0.02,31.4
25670,8.474e-05,0.02,31.4
25671,8.474200000000001e-05,0.02,31.4
25672,8.4744e-05,0.02,31.4
25673,8.4746e-05,0.02,31.4
25674,8.4748e-05,0.02,31.4
25675,8.475e-05,0.02,31.4
25676,8.4752e-05,0.02,31.4
25677,8.475400000000001e-05,0.02,31.4
25678,8.4756e-05,0.02,31.4
25679,8.4758e-05,0.02,31.4
25680,8.476e-05,0.02,31.4
25681,8.4762e-05,0.02,31.4
25682,8.4764e-05,0.02,31.8
25683,8.476600000000001e-05,0.02,31.4
25684,8.4768e-05,0.02,31.4
25685,8.477e-05,0.02,31.4
25686,8.4772e-05,0.02,31.4
25687,8.4774e-05,0.02,31.4
25688,8.4776e-05,0.02,31.4
25689,8.477800000000001e-05,0.02,31.4
25690,8.478000000000001e-05,0.02,31.4
25691,8.4782e-05,0.02,31.4
25692,8.4784e-05,0.02,31.4
25693,8.4786e-05,0.02,31.4
25694,8.4788e-05,0.028,31.4
25695,8.479e-05,0.02,31.4
25696,8.479200000000001e-05,0.02,31.4
25697,8.4794e-05,0.02,31.4
25698,8.479599999999999e-05,0.02,31.4
25699,8.4798e-05,0.02,31.4
25700,8.48e-05,0.02,31.4
25701,8.4802e-05,0.02,31.4
25702,8.480400000000001e-05,0.028,31.4
25703,8.4806e-05,0.02,31.4
25704,8.4808e-05,0.02,31.4
25705,8.481e-05,0.02,31.4
25706,8.4812e-05,0.02,31.4
25707,8.4814e-05,0.02,31.4
25708,8.481600000000001e-05,0.02,31.4
25709,8.4818e-05,0.02,31.4
25710,8.482e-05,0.02,31.4
25711,8.4822e-05,0.02,31.4
25712,8.4824e-05,0.02,31.4
25713,8.4826e-05,0.028,31.4
25714,8.482800000000001e-05,0.028,31.4
25715,8.483e-05,0.02,31.4
25716,8.4832e-05,0.02,31.4
25717,8.4834e-05,0.02,31.4
25718,8.4836e-05,0.02,31.4
25719,8.4838e-05,0.02,31.4
25720,8.484000000000001e-05,0.02,31.4
25721,8.484200000000001e-05,0.02,31.4
25722,8.4844e-05,0.02,31.4
25723,8.4846e-05,0.02,31.4
25724,8.4848e-05,0.02,31.4
25725,8.485e-05,0.02,31.4
25726,8.485200000000001e-05,0.02,31.4
25727,8.485400000000001e-05,0.02,31.4
25728,8.4856e-05,0.02,31.4
25729,8.485799999999999e-05,0.028,31.4
25730,8.486e-05,0.02,31.4
25731,8.4862e-05,0.02,31.4
25732,8.4864e-05,0.02,31.4
25733,8.486600000000001e-05,0.02,31.4
25734,8.4868e-05,0.028,31.4
25735,8.486999999999999e-05,0.02,31.4
25736,8.4872e-05,0.02,31.4
25737,8.4874e-05,0.02,31.4
25738,8.4876e-05,0.028,31.4
25739,8.487800000000001e-05,0.02,31.4
25740,8.488e-05,0.02,31.4
25741,8.4882e-05,0.02,31.4
25742,8.4884e-05,0.02,31.4
25743,8.4886e-05,0.02,31.4
25744,8.4888e-05,0.02,31.4
25745,8.489000000000001e-05,0.02,31.4
25746,8.4892e-05,0.02,31.4
25747,8.4894e-05,0.02,31.4
25748,8.4896e-05,0.02,31.4
25749,8.4898e-05,0.02,31.4
25750,8.49e-05,0.02,31.4
25751,8.490200000000001e-05,0.02,31.4
25752,8.4904e-05,0.02,31.4
25753,8.4906e-05,0.02,31.4
25754,8.4908e-05,0.02,31.4
25755,8.491e-05,0.02,31.4
25756,8.4912e-05,0.02,31.4
25757,8.491400000000001e-05,0.02,31.4
25758,8.491600000000001e-05,0.02,31.4
25759,8.4918e-05,0.02,31.4
25760,8.492e-05,0.028,31.4
25761,8.4922e-05,0.028,31.4
25762,8.4924e-05,0.028,31.4
25763,8.4926e-05,0.02,31.4
25764,8.492800000000001e-05,0.028,31.4
25765,8.493e-05,0.02,31.4
25766,8.493199999999999e-05,0.028,31.4
25767,8.4934e-05,0.02,31.4
25768,8.4936e-05,0.02,31.4
25769,8.4938e-05,0.02,31.4
25770,8.494000000000001e-05,0.028,31.4
25771,8.4942e-05,0.02,31.4
25772,8.4944e-05,0.02,31.4
25773,8.4946e-05,0.02,31.4
25774,8.4948e-05,0.028,31.4
25775,8.495e-05,0.02,31.4
25776,8.495200000000001e-05,0.02,31.4
25777,8.4954e-05,0.028,31.4
25778,8.4956e-05,0.02,31.8
25779,8.4958e-05,0.02,31.4
25780,8.496e-05,0.028,31.4
25781,8.4962e-05,0.02,31.4
25782,8.496400000000001e-05,0.028,31.4
25783,8.4966e-05,0.02,31.4
25784,8.4968e-05,0.02,31.4
25785,8.497e-05,0.02,31.4
25786,8.4972e-05,0.028,31.4
25787,8.4974e-05,0.02,31.4
25788,8.497600000000001e-05,0.02,31.4
25789,8.497800000000001e-05,0.02,31.4
25790,8.498e-05,0.02,31.4
25791,8.4982e-05,0.02,31.4
25792,8.4984e-05,0.02,31.4
25793,8.4986e-05,0.02,31.4
25794,8.498800000000001e-05,0.028,31.4
25795,8.499000000000001e-05,0.02,31.4
25796,8.4992e-05,0.02,31.4
25797,8.499399999999999e-05,0.02,31.4
25798,8.4996e-05,0.02,31.4
25799,8.4998e-05,0.02,31.4
25800,8.5e-05,0.02,31.4
25801,8.500200000000001e-05,0.028,31.4
25802,8.5004e-05,0.028,31.4
25803,8.500599999999999e-05,0.02,31.4
25804,8.5008e-05,0.028,31.4
25805,8.501e-05,0.02,31.4
25806,8.5012e-05,0.028,31.4
25807,8.501400000000001e-05,0.028,31.4
25808,8.5016e-05,0.028,31.4
25809,8.5018e-05,0.028,31.4
25810,8.502e-05,0.028,31.4
25811,8.5022e-05,0.028,31.4
25812,8.5024e-05,0.02,31.4
25813,8.502600000000001e-05,0.02,31.4
25814,8.5028e-05,0.028,31.4
25815,8.503e-05,0.02,31.4
25816,8.5032e-05,0.028,31.4
25817,8.5034e-05,0.02,31.4
25818,8.5036e-05,0.02,31.4
25819,8.503800000000001e-05,0.02,31.4
25820,8.504e-05,0.028,31.4
25821,8.5042e-05,0.028,31.4
25822,8.5044e-05,0.028,31.4
25823,8.5046e-05,0.02,31.4
25824,8.5048e-05,0.028,31.4
25825,8.505000000000001e-05,0.02,31.4
25826,8.505200000000001e-05,0.028,31.4
25827,8.5054e-05,0.02,31.4
25828,8.5056e-05,0.02,31.4
25829,8.5058e-05,0.02,31.4
25830,8.506e-05,0.028,31.4
25831,8.5062e-05,0.02,31.4
25832,8.506400000000001e-05,0.028,31.4
25833,8.5066e-05,0.028,31.4
25834,8.506799999999999e-05,0.028,31.4
25835,8.507e-05,0.02,31.4
25836,8.5072e-05,0.02,31.4
25837,8.5074e-05,0.028,31.4
25838,8.507600000000001e-05,0.028,31.4
25839,8.5078e-05,0.02,31.4
25840,8.507999999999999e-05,0.028,31.4
25841,8.5082e-05,0.028,31.4
25842,8.5084e-05,0.02,31.4
25843,8.5086e-05,0.02,31.4
25844,8.508800000000001e-05,0.028,31.4
25845,8.509e-05,0.028,31.4
25846,8.5092e-05,0.028,31.4
25847,8.5094e-05,0.02,31.4
25848,8.5096e-05,0.02,31.4
25849,8.5098e-05,0.028,31.4
25850,8.510000000000001e-05,0.028,31.4
25851,8.5102e-05,0.02,31.4
25852,8.5104e-05,0.028,31.4
25853,8.5106e-05,0.028,31.4
25854,8.5108e-05,0.028,31.4
25855,8.511e-05,0.02,31.4
25856,8.511200000000001e-05,0.02,31.4
25857,8.5114e-05,0.028,31.4
25858,8.5116e-05,0.028,31.4
25859,8.5118e-05,0.02,31.4
25860,8.512e-05,0.028,31.4
25861,8.5122e-05,0.02,31.4
25862,8.512400000000001e-05,0.028,31.4
25863,8.512600000000001e-05,0.02,31.4
25864,8.5128e-05,0.028,31.4
25865,8.512999999999999e-05,0.028,31.4
25866,8.5132e-05,0.02,31.4
25867,8.5134e-05,0.028,31.4
25868,8.5136e-05,0.028,31.4
25869,8.513800000000001e-05,0.028,31.4
25870,8.514e-05,0.028,31.4
25871,8.514199999999999e-05,0.02,31.4
25872,8.5144e-05,0.028,31.4
25873,8.5146e-05,0.028,31.4
25874,8.5148e-05,0.028,31.4
25875,8.515000000000001e-05,0.028,31.4
25876,8.5152e-05,0.02,31.4
25877,8.5154e-05,0.02,31.4
25878,8.5156e-05,0.028,31.4
25879,8.5158e-05,0.02,31.4
25880,8.516e-05,0.02,31.4
25881,8.516200000000001e-05,0.02,31.4
25882,8.5164e-05,0.028,31.4
25883,8.5166e-05,0.02,31.4
25884,8.5168e-05,0.028,31.4
25885,8.517e-05,0.028,31.4
25886,8.5172e-05,0.028,31.4
25887,8.517400000000001e-05,0.02,31.4
25888,8.5176e-05,0.02,31.4
25889,8.5178e-05,0.028,31.4
25890,8.518e-05,0.028,31.4
25891,8.5182e-05,0.028,31.4
25892,8.5184e-05,0.02,31.4
25893,8.518600000000001e-05,0.028,31.4
25894,8.518800000000001e-05,0.028,31.4
25895,8.519e-05,0.02,31.4
25896,8.5192e-05,0.028,31.4
25897,8.5194e-05,0.02,31.4
25898,8.5196e-05,0.02,31.4
25899,8.5198e-05,0.02,31.4
25900,8.520000000000001e-05,0.028,31.4
25901,8.5202e-05,0.028,31.4
25902,8.520399999999999e-05,0.028,31.4
25903,8.5206e-05,0.028,31.4
25904,8.5208e-05,0.028,31.4
25905,8.521e-05,0.02,31.4
25906,8.521200000000001e-05,0.028,31.4
25907,8.5214e-05,0.02,31.4
25908,8.521599999999999e-05,0.028,31.4
25909,8.5218e-05,0.028,31.4
25910,8.522e-05,0.028,31.4
25911,8.5222e-05,0.028,31.4
25912,8.522400000000001e-05,0.028,31.4
25913,8.5226e-05,0.028,31.4
25914,8.5228e-05,0.028,31.4
25915,8.523e-05,0.028,31.4
25916,8.5232e-05,0.02,31.4
25917,8.5234e-05,0.028,31.4
25918,8.523600000000001e-05,0.028,31.4
25919,8.5238e-05,0.028,31.4
25920,8.524e-05,0.028,31.4
25921,8.5242e-05,0.028,31.4
25922,8.5244e-05,0.028,31.4
25923,8.5246e-05,0.02,31.4
25924,8.524800000000001e-05,0.02,31.4
25925,8.525e-05,0.028,31.4
25926,8.5252e-05,0.028,31.4
25927,8.5254e-05,0.028,31.4
25928,8.5256e-05,0.028,31.4
25929,8.5258e-05,0.028,31.4
25930,8.526000000000001e-05,0.028,31.4
25931,8.526200000000001e-05,0.028,31.4
25932,8.5264e-05,0.028,31.4
25933,8.526599999999999e-05,0.028,31.4
25934,8.5268e-05,0.028,31.4
25935,8.527e-05,0.02,31.4
25936,8.5272e-05,0.028,31.4
25937,8.527400000000001e-05,0.028,31.4
25938,8.5276e-05,0.028,31.4
25939,8.527799999999999e-05,0.02,31.4
25940,8.528e-05,0.028,31.4
25941,8.5282e-05,0.028,31.4
25942,8.5284e-05,0.028,31.4
25943,8.528600000000001e-05,0.028,31.4
25944,8.5288e-05,0.028,31.4
25945,8.529e-05,0.02,31.4
25946,8.5292e-05,0.028,31.4
25947,8.5294e-05,0.02,31.4
25948,8.5296e-05,0.028,31.4
25949,8.529800000000001e-05,0.028,31.4
25950,8.53e-05,0.028,31.4
25951,8.5302e-05,0.028,31.4
25952,8.5304e-05,0.028,31.4
25953,8.5306e-05,0.028,31.4
25954,8.5308e-05,0.028,31.4
25955,8.531000000000001e-05,0.02,31.4
25956,8.5312e-05,0.028,31.4
25957,8.5314e-05,0.028,31.4
25958,8.5316e-05,0.028,31.4
25959,8.5318e-05,0.028,31.4
25960,8.532e-05,0.028,31.4
25961,8.532200000000001e-05,0.028,31.4
25962,8.532400000000001e-05,0.028,31.4
25963,8.5326e-05,0.028,31.4
25964,8.5328e-05,0.028,31.4
25965,8.533e-05,0.028,31.4
25966,8.5332e-05,0.028,31.4
25967,8.5334e-05,0.028,31.4
25968,8.533600000000001e-05,0.028,31.4
25969,8.5338e-05,0.028,31.4
25970,8.533999999999999e-05,0.028,31.4
25971,8.5342e-05,0.028,31.4
25972,8.5344e-05,0.028,31.4
25973,8.5346e-05,0.028,31.4
25974,8.534800000000001e-05,0.028,31.4
25975,8.535e-05,0.02,31.4
25976,8.535199999999999e-05,0.028,31.4
25977,8.5354e-05,0.028,31.4
25978,8.5356e-05,0.028,31.4
25979,8.5358e-05,0.028,31.4
25980,8.536000000000001e-05,0.028,31.4
25981,8.5362e-05,0.028,31.4
25982,8.5364e-05,0.028,31.4
25983,8.5366e-05,0.02,31.4
25984,8.5368e-05,0.028,31.4
25985,8.537e-05,0.02,31.4
25986,8.537200000000001e-05,0.028,31.4
25987,8.5374e-05,0.028,31.4
25988,8.5376e-05,0.028,31.4
25989,8.5378e-05,0.02,31.4
25990,8.538e-05,0.028,31.4
25991,8.5382e-05,0.02,31.4
25992,8.538400000000001e-05,0.028,31.4
25993,8.5386e-05,0.028,31.4
25994,8.5388e-05,0.028,31.4
25995,8.539e-05,0.02,31.8
25996,8.5392e-05,0.028,31.4
25997,8.5394e-05,0.028,31.4
25998,8.539600000000001e-05,0.028,31.4
25999,8.539800000000001e-05,0.028,31.4
26000,8.54e-05,0.028,31.4
26001,8.540199999999999e-05,0.028,31.4
26002,8.5404e-05,0.028,31.4
26003,8.5406e-05,0.028,31.4
26004,8.5408e-05,0.028,31.4
26005,8.541000000000001e-05,0.028,31.4
26006,8.5412e-05,0.028,31.4
26007,8.541399999999999e-05,0.028,31.4
26008,8.5416e-05,0.028,31.4
26009,8.5418e-05,0.028,31.4
26010,8.542e-05,0.028,31.4
26011,8.542200000000001e-05,0.028,31.4
26012,8.5424e-05,0.028,31.4
26013,8.5426e-05,0.028,31.4
26014,8.5428e-05,0.028,31.4
26015,8.543e-05,0.028,31.4
26016,8.5432e-05,0.028,31.4
26017,8.543400000000001e-05,0.028,31.4
26018,8.5436e-05,0.028,31.4
26019,8.5438e-05,0.028,31.4
26020,8.544e-05,0.028,31.4
26021,8.5442e-05,0.028,31.4
26022,8.5444e-05,0.028,31.4
26023,8.544600000000001e-05,0.028,31.4
26024,8.5448e-05,0.028,31.4
26025,8.545e-05,0.028,31.4
26026,8.5452e-05,0.028,31.4
26027,8.5454e-05,0.028,31.4
26028,8.5456e-05,0.028,31.4
26029,8.545800000000001e-05,0.028,31.4
26030,8.546000000000001e-05,0.028,31.4
26031,8.5462e-05,0.028,31.4
26032,8.5464e-05,0.028,31.4
26033,8.5466e-05,0.028,31.4
26034,8.5468e-05,0.028,31.4
26035,8.547e-05,0.028,31.4
26036,8.547200000000001e-05,0.028,31.4
26037,8.5474e-05,0.028,31.4
26038,8.547599999999999e-05,0.028,31.4
26039,8.5478e-05,0.028,31.4
26040,8.548e-05,0.028,31.4
26041,8.5482e-05,0.028,31.4
26042,8.548400000000001e-05,0.028,31.4
26043,8.5486e-05,0.028,31.4
26044,8.548799999999999e-05,0.028,31.4
26045,8.549e-05,0.028,31.4
26046,8.5492e-05,0.028,31.4
26047,8.5494e-05,0.028,31.4
26048,8.549600000000001e-05,0.028,31.4
26049,8.5498e-05,0.028,31.4
26050,8.55e-05,0.028,31.4
26051,8.5502e-05,0.028,31.4
26052,8.5504e-05,0.028,31.4
26053,8.5506e-05,0.028,31.4
26054,8.550800000000001e-05,0.028,31.4
26055,8.551e-05,0.028,31.4
26056,8.5512e-05,0.028,31.4
26057,8.5514e-05,0.028,31.4
26058,8.5516e-05,0.028,31.4
26059,8.5518e-05,0.028,31.4
26060,8.552000000000001e-05,0.028,31.4
26061,8.5522e-05,0.028,31.4
26062,8.5524e-05,0.028,31.4
26063,8.5526e-05,0.028,31.4
26064,8.5528e-05,0.028,31.4
26065,8.553e-05,0.028,31.4
26066,8.553200000000001e-05,0.028,31.4
26067,8.553400000000001e-05,0.028,31.4
26068,8.5536e-05,0.028,31.4
26069,8.553799999999999e-05,0.028,31.4
26070,8.554e-05,0.028,31.4
26071,8.5542e-05,0.028,31.4
26072,8.5544e-05,0.028,31.4
26073,8.554600000000001e-05,0.028,31.4
26074,8.5548e-05,0.028,31.4
26075,8.554999999999999e-05,0.02,31.4
26076,8.5552e-05,0.028,31.4
26077,8.5554e-05,0.028,31.4
26078,8.5556e-05,0.028,31.4
26079,8.555800000000001e-05,0.028,31.4
26080,8.556e-05,0.028,31.4
26081,8.5562e-05,0.028,31.4
26082,8.5564e-05,0.028,31.4
26083,8.5566e-05,0.028,31.4
26084,8.5568e-05,0.028,31.4
26085,8.557000000000001e-05,0.028,31.4
26086,8.5572e-05,0.028,31.4
26087,8.5574e-05,0.028,31.4
26088,8.5576e-05,0.028,31.4
26089,8.5578e-05,0.028,31.4
26090,8.558e-05,0.028,31.4
26091,8.558200000000001e-05,0.028,31.4
26092,8.5584e-05,0.028,31.4
26093,8.5586e-05,0.028,31.4
26094,8.5588e-05,0.028,31.4
26095,8.559e-05,0.028,31.4
26096,8.5592e-05,0.028,31.4
26097,8.559400000000001e-05,0.028,31.4
26098,8.559600000000001e-05,0.028,31.4
26099,8.5598e-05,0.028,31.4
26100,8.56e-05,0.028,31.4
26101,8.5602e-05,0.028,31.4
26102,8.5604e-05,0.028,31.4
26103,8.5606e-05,0.028,31.4
26104,8.560800000000001e-05,0.028,31.4
26105,8.561e-05,0.028,31.4
26106,8.561199999999999e-05,0.028,31.4
26107,8.5614e-05,0.028,31.4
26108,8.5616e-05,0.028,31.4
26109,8.5618e-05,0.028,31.4
26110,8.562000000000001e-05,0.028,31.4
26111,8.5622e-05,0.028,31.4
26112,8.562399999999999e-05,0.028,31.4
26113,8.5626e-05,0.028,31.4
26114,8.5628e-05,0.028,31.4
26115,8.563e-05,0.028,31.4
26116,8.563200000000001e-05,0.028,31.4
26117,8.5634e-05,0.028,31.4
26118,8.5636e-05,0.028,31.4
26119,8.5638e-05,0.028,31.4
26120,8.564e-05,0.028,31.4
26121,8.5642e-05,0.028,31.4
26122,8.564400000000001e-05,0.028,31.4
26123,8.5646e-05,0.028,31.4
26124,8.5648e-05,0.028,31.4
26125,8.565e-05,0.028,31.4
26126,8.5652e-05,0.028,31.4
26127,8.5654e-05,0.028,31.4
26128,8.565600000000001e-05,0.028,31.4
26129,8.5658e-05,0.028,31.4
26130,8.566e-05,0.028,31.4
26131,8.5662e-05,0.028,31.4
26132,8.5664e-05,0.028,31.4
26133,8.5666e-05,0.028,31.4
26134,8.566800000000001e-05,0.028,31.4
26135,8.567000000000001e-05,0.028,31.4
26136,8.5672e-05,0.028,31.4
26137,8.567399999999999e-05,0.028,31.4
26138,8.5676e-05,0.028,31.4
26139,8.5678e-05,0.028,31.4
26140,8.568e-05,0.028,31.4
26141,8.568200000000001e-05,0.028,31.4
26142,8.5684e-05,0.028,31.4
26143,8.568599999999999e-05,0.028,31.4
26144,8.5688e-05,0.028,31.4
26145,8.569e-05,0.028,31.4
26146,8.5692e-05,0.028,31.4
26147,8.569400000000001e-05,0.028,31.4
26148,8.5696e-05,0.028,31.4
26149,8.5698e-05,0.028,31.4
26150,8.57e-05,0.028,31.4
26151,8.5702e-05,0.028,31.4
26152,8.5704e-05,0.028,31.4
26153,8.570600000000001e-05,0.028,31.4
26154,8.5708e-05,0.028,31.4
26155,8.571e-05,0.028,31.4
26156,8.5712e-05,0.028,31.4
26157,8.5714e-05,0.028,31.4
26158,8.5716e-05,0.028,31.4
26159,8.571800000000001e-05,0.028,31.4
26160,8.572e-05,0.028,31.4
26161,8.5722e-05,0.028,31.4
26162,8.5724e-05,0.028,31.4
26163,8.5726e-05,0.028,31.4
26164,8.5728e-05,0.028,31.4
26165,8.573000000000001e-05,0.028,31.4
26166,8.573200000000001e-05,0.028,31.4
26167,8.5734e-05,0.028,31.4
26168,8.5736e-05,0.028,31.4
26169,8.5738e-05,0.028,31.4
26170,8.574e-05,0.028,31.4
26171,8.574200000000001e-05,0.028,31.4
26172,8.574400000000001e-05,0.028,31.4
26173,8.5746e-05,0.028,31.4
26174,8.574799999999999e-05,0.028,31.4
26175,8.575e-05,0.028,31.4
26176,8.5752e-05,0.028,31.4
26177,8.5754e-05,0.028,31.4
26178,8.575600000000001e-05,0.028,31.4
26179,8.5758e-05,0.028,31.4
26180,8.575999999999999e-05,0.028,31.4
26181,8.5762e-05,0.028,31.4
26182,8.5764e-05,0.028,31.4
26183,8.5766e-05,0.028,31.4
26184,8.576800000000001e-05,0.028,31.4
26185,8.577e-05,0.028,31.4
26186,8.5772e-05,0.028,31.4
26187,8.5774e-05,0.028,31.4
26188,8.5776e-05,0.028,31.4
26189,8.5778e-05,0.028,31.4
26190,8.578000000000001e-05,0.028,31.4
26191,8.5782e-05,0.028,31.4
26192,8.5784e-05,0.028,31.4
26193,8.5786e-05,0.028,31.4
26194,8.5788e-05,0.028,31.4
26195,8.579e-05,0.028,31.4
26196,8.579200000000001e-05,0.028,31.4
26197,8.5794e-05,0.028,31.4
26198,8.5796e-05,0.028,31.4
26199,8.5798e-05,0.028,31.4
26200,8.58e-05,0.028,31.4
26201,8.5802e-05,0.028,31.4
26202,8.580400000000001e-05,0.028,31.4
26203,8.580600000000001e-05,0.028,31.4
26204,8.5808e-05,0.028,31.4
26205,8.581e-05,0.028,31.4
26206,8.5812e-05,0.028,31.4
26207,8.5814e-05,0.028,31.4
26208,8.5816e-05,0.028,31.4
26209,8.581800000000001e-05,0.028,31.4
26210,8.582e-05,0.028,31.4
26211,8.582199999999999e-05,0.028,31.4
26212,8.5824e-05,0.028,31.4
26213,8.5826e-05,0.028,31.4
26214,8.5828e-05,0.028,31.4
26215,8.583000000000001e-05,0.028,31.4
26216,8.5832e-05,0.028,31.4
26217,8.5834e-05,0.028,31.4
26218,8.5836e-05,0.028,31.4
26219,8.5838e-05,0.028,31.4
26220,8.584e-05,0.028,31.4
26221,8.584200000000001e-05,0.028,31.4
26222,8.5844e-05,0.028,31.4
26223,8.5846e-05,0.028,31.4
26224,8.5848e-05,0.028,31.4
26225,8.585e-05,0.028,31.4
26226,8.5852e-05,0.028,31.4
26227,8.585400000000001e-05,0.028,31.4
26228,8.5856e-05,0.028,31.4
26229,8.5858e-05,0.028,31.4
26230,8.586e-05,0.028,31.4
26231,8.5862e-05,0.028,31.4
26232,8.5864e-05,0.028,31.4
26233,8.586600000000001e-05,0.028,31.4
26234,8.586800000000001e-05,0.028,31.4
26235,8.587e-05,0.028,31.4
26236,8.5872e-05,0.028,31.4
26237,8.5874e-05,0.028,31.4
26238,8.5876e-05,0.028,31.4
26239,8.587800000000001e-05,0.028,31.4
26240,8.588000000000001e-05,0.028,31.4
26241,8.5882e-05,0.028,31.4
26242,8.588399999999999e-05,0.028,31.4
26243,8.5886e-05,0.028,31.4
26244,8.5888e-05,0.028,31.4
26245,8.589e-05,0.028,31.4
26246,8.589200000000001e-05,0.028,31.4
26247,8.5894e-05,0.028,31.4
26248,8.589599999999999e-05,0.028,31.4
26249,8.5898e-05,0.028,31.4
26250,8.59e-05,0.028,31.4
26251,8.5902e-05,0.028,31.4
26252,8.590400000000001e-05,0.028,31.4
26253,8.5906e-05,0.028,31.4
26254,8.5908e-05,0.028,31.4
26255,8.591e-05,0.028,31.4
26256,8.5912e-05,0.028,31.4
26257,8.5914e-05,0.028,31.4
26258,8.591600000000001e-05,0.028,31.4
26259,8.5918e-05,0.028,31.4
26260,8.592e-05,0.028,31.4
26261,8.5922e-05,0.028,31.4
26262,8.5924e-05,0.028,31.4
26263,8.5926e-05,0.028,31.4
26264,8.592800000000001e-05,0.028,31.4
26265,8.593e-05,0.028,31.4
26266,8.5932e-05,0.028,31.4
26267,8.5934e-05,0.028,31.4
26268,8.5936e-05,0.028,31.4
26269,8.5938e-05,0.028,31.4
26270,8.594000000000001e-05,0.028,31.4
26271,8.594200000000001e-05,0.028,31.4
26272,8.5944e-05,0.028,31.4
26273,8.5946e-05,0.028,31.4
26274,8.5948e-05,0.028,31.4
26275,8.595e-05,0.028,31.4
26276,8.5952e-05,0.028,31.4
26277,8.595400000000001e-05,0.028,31.4
26278,8.5956e-05,0.028,31.4
26279,8.595799999999999e-05,0.028,31.4
26280,8.596e-05,0.028,31.4
26281,8.5962e-05,0.028,31.4
26282,8.5964e-05,0.028,31.4
26283,8.596600000000001e-05,0.028,31.4
26284,8.5968e-05,0.028,31.4
26285,8.597e-05,0.028,31.4
26286,8.5972e-05,0.028,31.4
26287,8.5974e-05,0.028,31.4
26288,8.5976e-05,0.028,31.4
26289,8.597800000000001e-05,0.028,31.4
26290,8.598e-05,0.028,31.4
26291,8.5982e-05,0.028,31.4
26292,8.5984e-05,0.028,31.4
26293,8.5986e-05,0.028,31.4
26294,8.5988e-05,0.028,31.4
26295,8.599000000000001e-05,0.028,31.4
26296,8.5992e-05,0.028,31.4
26297,8.5994e-05,0.028,31.4
26298,8.5996e-05,0.028,31.4
26299,8.5998e-05,0.028,31.4
26300,8.6e-05,0.028,31.4
26301,8.600200000000001e-05,0.028,31.4
26302,8.600400000000001e-05,0.028,31.4
26303,8.6006e-05,0.028,31.4
26304,8.6008e-05,0.028,31.4
26305,8.601e-05,0.028,31.4
26306,8.6012e-05,0.028,31.4
26307,8.601400000000001e-05,0.028,31.4
26308,8.601600000000001e-05,0.028,31.4
26309,8.6018e-05,0.028,31.4
26310,8.601999999999999e-05,0.028,31.4
26311,8.6022e-05,0.028,31.4
26312,8.6024e-05,0.028,31.4
26313,8.6026e-05,0.028,31.4
26314,8.602800000000001e-05,0.028,31.4
26315,8.603e-05,0.028,31.4
26316,8.603199999999999e-05,0.028,31.4
26317,8.6034e-05,0.028,31.4
26318,8.6036e-05,0.028,31.4
26319,8.6038e-05,0.028,31.4
26320,8.604000000000001e-05,0.028,31.4
26321,8.6042e-05,0.028,31.4
26322,8.6044e-05,0.028,31.4
26323,8.6046e-05,0.028,31.4
26324,8.6048e-05,0.028,31.4
26325,8.605e-05,0.028,31.4
26326,8.605200000000001e-05,0.028,31.4
26327,8.6054e-05,0.028,31.4
26328,8.6056e-05,0.028,31.4
26329,8.6058e-05,0.028,31.4
26330,8.606e-05,0.028,31.4
26331,8.6062e-05,0.028,31.4
26332,8.606400000000001e-05,0.028,31.4
26333,8.6066e-05,0.028,31.4
26334,8.6068e-05,0.028,31.4
26335,8.607e-05,0.028,31.4
26336,8.6072e-05,0.028,31.4
26337,8.6074e-05,0.028,31.4
26338,8.607600000000001e-05,0.028,31.4
26339,8.607800000000001e-05,0.028,31.4
26340,8.608e-05,0.028,31.4
26341,8.6082e-05,0.028,31.4
26342,8.6084e-05,0.028,31.4
26343,8.6086e-05,0.028,31.4
26344,8.6088e-05,0.028,31.4
26345,8.609000000000001e-05,0.028,31.4
26346,8.6092e-05,0.028,31.4
26347,8.609399999999999e-05,0.028,31.4
26348,8.6096e-05,0.028,31.4
26349,8.6098e-05,0.028,31.4
26350,8.61e-05,0.028,31.4
26351,8.610200000000001e-05,0.028,31.4
26352,8.6104e-05,0.028,31.4
26353,8.6106e-05,0.028,31.4
26354,8.6108e-05,0.028,31.4
26355,8.611e-05,0.028,31.4
26356,8.6112e-05,0.028,31.4
26357,8.611400000000001e-05,0.028,31.4
26358,8.6116e-05,0.028,31.4
26359,8.6118e-05,0.028,31.4
26360,8.612e-05,0.028,31.4
26361,8.6122e-05,0.028,31.4
26362,8.6124e-05,0.028,31.4
26363,8.612600000000001e-05,0.028,31.4
26364,8.6128e-05,0.028,31.4
26365,8.613e-05,0.028,31.4
26366,8.6132e-05,0.028,31.4
26367,8.6134e-05,0.028,31.4
26368,8.6136e-05,0.028,31.4
26369,8.613800000000001e-05,0.028,31.4
26370,8.614000000000001e-05,0.028,31.4
26371,8.6142e-05,0.028,31.4
26372,8.6144e-05,0.028,31.4
26373,8.6146e-05,0.028,31.4
26374,8.6148e-05,0.028,31.4
26375,8.615000000000001e-05,0.028,31.4
26376,8.615200000000001e-05,0.028,31.4
26377,8.6154e-05,0.028,31.4
26378,8.615599999999999e-05,0.028,31.4
26379,8.6158e-05,0.028,31.4
26380,8.616e-05,0.028,31.4
26381,8.6162e-05,0.028,31.4
26382,8.616400000000001e-05,0.028,31.4
26383,8.6166e-05,0.028,31.4
26384,8.616799999999999e-05,0.028,31.4
26385,8.617e-05,0.028,31.4
26386,8.6172e-05,0.028,31.4
26387,8.6174e-05,0.028,31.4
26388,8.617600000000001e-05,0.028,31.4
26389,8.6178e-05,0.028,31.4
26390,8.618e-05,0.028,31.4
26391,8.6182e-05,0.028,31.4
26392,8.6184e-05,0.028,31.4
26393,8.6186e-05,0.028,31.4
26394,8.618800000000001e-05,0.036,31.4
26395,8.619e-05,0.028,31.4
26396,8.6192e-05,0.028,31.4
26397,8.6194e-05,0.028,31.4
26398,8.6196e-05,0.028,31.4
26399,8.6198e-05,0.028,31.4
26400,8.620000000000001e-05,0.028,31.4
26401,8.6202e-05,0.028,31.4
26402,8.6204e-05,0.028,31.4
26403,8.6206e-05,0.028,31.4
26404,8.6208e-05,0.028,31.4
26405,8.621e-05,0.028,31.4
26406,8.621200000000001e-05,0.028,31.4
26407,8.621400000000001e-05,0.028,31.4
26408,8.6216e-05,0.028,31.4
26409,8.6218e-05,0.028,31.4
26410,8.622e-05,0.028,31.4
26411,8.6222e-05,0.028,31.4
26412,8.6224e-05,0.028,31.4
26413,8.622600000000001e-05,0.028,31.4
26414,8.6228e-05,0.036,31.4
26415,8.622999999999999e-05,0.028,31.4
26416,8.6232e-05,0.028,31.4
26417,8.6234e-05,0.028,31.4
26418,8.6236e-05,0.028,31.4
26419,8.623800000000001e-05,0.028,31.4
26420,8.624e-05,0.028,31.4
26421,8.624199999999999e-05,0.028,31.4
26422,8.6244e-05,0.028,31.4
26423,8.6246e-05,0.028,31.4
26424,8.6248e-05,0.028,31.4
26425,8.625000000000001e-05,0.028,31.4
26426,8.6252e-05,0.028,31.4
26427,8.6254e-05,0.028,31.4
26428,8.6256e-05,0.028,31.4
26429,8.6258e-05,0.028,31.4
26430,8.626e-05,0.028,31.4
26431,8.626200000000001e-05,0.028,31.4
26432,8.6264e-05,0.028,31.4
26433,8.6266e-05,0.028,31.4
26434,8.6268e-05,0.028,31.4
26435,8.627e-05,0.028,31.4
26436,8.6272e-05,0.028,31.4
26437,8.627400000000001e-05,0.028,31.4
26438,8.6276e-05,0.028,31.4
26439,8.6278e-05,0.028,31.4
26440,8.628e-05,0.028,31.4
26441,8.6282e-05,0.028,31.4
26442,8.6284e-05,0.028,31.4
26443,8.628600000000001e-05,0.028,31.4
26444,8.628800000000001e-05,0.028,31.4
26445,8.629e-05,0.028,31.4
26446,8.629199999999999e-05,0.028,31.4
26447,8.6294e-05,0.028,31.4
26448,8.6296e-05,0.028,31.4
26449,8.6298e-05,0.028,31.4
26450,8.630000000000001e-05,0.036,31.4
26451,8.6302e-05,0.028,31.4
26452,8.630399999999999e-05,0.028,31.4
26453,8.6306e-05,0.028,31.4
26454,8.6308e-05,0.028,31.4
26455,8.631e-05,0.028,31.4
26456,8.631200000000001e-05,0.028,31.4
26457,8.6314e-05,0.028,31.4
26458,8.6316e-05,0.028,31.4
26459,8.6318e-05,0.028,31.4
26460,8.632e-05,0.028,31.4
26461,8.6322e-05,0.028,31.4
26462,8.632400000000001e-05,0.028,31.4
26463,8.6326e-05,0.028,31.4
26464,8.6328e-05,0.028,31.4
26465,8.633e-05,0.028,31.4
26466,8.6332e-05,0.036,31.4
26467,8.6334e-05,0.028,31.4
26468,8.633600000000001e-05,0.028,31.4
26469,8.6338e-05,0.028,31.4
26470,8.634e-05,0.028,31.4
26471,8.6342e-05,0.028,31.4
26472,8.6344e-05,0.028,31.4
26473,8.6346e-05,0.028,31.4
26474,8.634800000000001e-05,0.028,31.4
26475,8.635000000000001e-05,0.028,31.4
26476,8.6352e-05,0.028,31.4
26477,8.6354e-05,0.028,31.4
26478,8.6356e-05,0.028,31.4
26479,8.6358e-05,0.028,31.4
26480,8.636e-05,0.028,31.4
26481,8.636200000000001e-05,0.028,31.4
26482,8.6364e-05,0.028,31.4
26483,8.636599999999999e-05,0.028,31.4
26484,8.6368e-05,0.028,31.4
26485,8.637e-05,0.028,31.4
26486,8.6372e-05,0.028,31.4
26487,8.637400000000001e-05,0.028,31.4
26488,8.6376e-05,0.028,31.4
26489,8.637799999999999e-05,0.028,31.4
26490,8.638e-05,0.036,31.4
26491,8.6382e-05,0.028,31.4
26492,8.6384e-05,0.028,31.4
26493,8.638600000000001e-05,0.028,31.4
26494,8.6388e-05,0.028,31.4
26495,8.639e-05,0.028,31.4
26496,8.6392e-05,0.028,31.4
26497,8.6394e-05,0.028,31.4
26498,8.6396e-05,0.028,31.4
26499,8.639800000000001e-05,0.028,31.4
26500,8.64e-05,0.028,31.4
26501,8.6402e-05,0.028,31.4
26502,8.6404e-05,0.028,31.4
26503,8.6406e-05,0.028,31.4
26504,8.6408e-05,0.028,31.4
26505,8.641000000000001e-05,0.028,31.4
26506,8.6412e-05,0.028,31.4
26507,8.6414e-05,0.028,31.4
26508,8.6416e-05,0.028,31.4
26509,8.6418e-05,0.028,31.4
26510,8.642e-05,0.028,31.4
26511,8.642200000000001e-05,0.028,31.4
26512,8.642400000000001e-05,0.028,31.4
26513,8.6426e-05,0.028,31.4
26514,8.642799999999999e-05,0.028,31.4
26515,8.643e-05,0.028,31.4
26516,8.6432e-05,0.028,31.4
26517,8.6434e-05,0.028,31.4
26518,8.643600000000001e-05,0.036,31.4
26519,8.6438e-05,0.028,31.0
26520,8.643999999999999e-05,0.028,31.4
26521,8.6442e-05,0.028,31.4
26522,8.6444e-05,0.028,31.4
26523,8.6446e-05,0.028,31.4
26524,8.644800000000001e-05,0.028,31.4
26525,8.645e-05,0.028,31.4
26526,8.6452e-05,0.028,31.4
26527,8.6454e-05,0.028,31.4
26528,8.6456e-05,0.028,31.4
26529,8.6458e-05,0.028,31.4
26530,8.646000000000001e-05,0.036,31.4
26531,8.6462e-05,0.028,31.4
26532,8.6464e-05,0.028,31.4
26533,8.6466e-05,0.028,31.4
26534,8.6468e-05,0.036,31.4
26535,8.647e-05,0.028,31.4
26536,8.647200000000001e-05,0.028,31.4
26537,8.6474e-05,0.028,31.4
26538,8.6476e-05,0.028,31.4
26539,8.6478e-05,0.028,31.4
26540,8.648e-05,0.028,31.4
26541,8.6482e-05,0.028,31.4
26542,8.648400000000001e-05,0.036,31.4
26543,8.648600000000001e-05,0.028,31.4
26544,8.6488e-05,0.028,31.4
26545,8.649e-05,0.028,31.4
26546,8.6492e-05,0.028,31.4
26547,8.6494e-05,0.028,31.4
26548,8.6496e-05,0.028,31.4
26549,8.649800000000001e-05,0.028,31.4
26550,8.65e-05,0.028,31.4
26551,8.650199999999999e-05,0.028,31.4
26552,8.6504e-05,0.028,31.4
26553,8.6506e-05,0.028,31.4
26554,8.6508e-05,0.028,31.4
26555,8.651000000000001e-05,0.028,31.4
26556,8.6512e-05,0.028,31.4
26557,8.651399999999999e-05,0.028,31.4
26558,8.6516e-05,0.028,31.4
26559,8.6518e-05,0.028,31.4
26560,8.652e-05,0.028,31.4
26561,8.652200000000001e-05,0.028,31.4
26562,8.6524e-05,0.028,31.4
26563,8.6526e-05,0.028,31.4
26564,8.6528e-05,0.036,31.0
26565,8.653e-05,0.028,31.4
26566,8.6532e-05,0.028,31.4
26567,8.653400000000001e-05,0.028,31.4
26568,8.6536e-05,0.028,31.4
26569,8.6538e-05,0.028,31.4
26570,8.654e-05,0.028,31.4
26571,8.6542e-05,0.028,31.4
26572,8.6544e-05,0.028,31.4
26573,8.654600000000001e-05,0.028,31.4
26574,8.6548e-05,0.036,31.4
26575,8.655e-05,0.028,31.4
26576,8.6552e-05,0.028,31.4
26577,8.6554e-05,0.036,31.4
26578,8.6556e-05,0.028,31.4
26579,8.655800000000001e-05,0.028,31.4
26580,8.656000000000001e-05,0.028,31.4
26581,8.6562e-05,0.028,31.4
26582,8.656399999999999e-05,0.036,31.4
26583,8.6566e-05,0.028,31.4
26584,8.6568e-05,0.028,31.4
26585,8.657e-05,0.028,31.4
26586,8.657200000000001e-05,0.036,31.0
26587,8.6574e-05,0.028,31.4
26588,8.657599999999999e-05,0.028,31.4
26589,8.6578e-05,0.028,31.4
26590,8.658e-05,0.036,31.4
26591,8.6582e-05,0.028,31.4
26592,8.658400000000001e-05,0.028,31.4
26593,8.6586e-05,0.028,31.4
26594,8.6588e-05,0.036,31.4
26595,8.659e-05,0.028,31.4
26596,8.6592e-05,0.028,31.4
26597,8.6594e-05,0.028,31.4
26598,8.659600000000001e-05,0.028,31.4
26599,8.6598e-05,0.028,31.4
26600,8.66e-05,0.028,31.4
26601,8.6602e-05,0.028,31.4
26602,8.6604e-05,0.036,31.4
26603,8.6606e-05,0.028,31.4
26604,8.660800000000001e-05,0.036,31.4
26605,8.661e-05,0.028,31.4
26606,8.6612e-05,0.028,31.4
26607,8.6614e-05,0.028,31.4
26608,8.6616e-05,0.028,31.4
26609,8.6618e-05,0.028,31.4
26610,8.662000000000001e-05,0.036,31.4
26611,8.662200000000001e-05,0.028,31.4
26612,8.6624e-05,0.028,31.4
26613,8.6626e-05,0.028,31.4
26614,8.6628e-05,0.028,31.4
26615,8.663e-05,0.028,31.4
26616,8.6632e-05,0.036,31.4
26617,8.663400000000001e-05,0.028,31.4
26618,8.6636e-05,0.036,31.4
26619,8.663799999999999e-05,0.028,31.4
26620,8.664e-05,0.028,31.4
26621,8.6642e-05,0.028,31.4
26622,8.6644e-05,0.028,31.4
26623,8.664600000000001e-05,0.028,31.4
26624,8.6648e-05,0.028,31.4
26625,8.664999999999999e-05,0.028,31.4
26626,8.6652e-05,0.036,31.4
26627,8.6654e-05,0.028,31.4
26628,8.6656e-05,0.028,31.4
26629,8.665800000000001e-05,0.028,31.4
26630,8.666e-05,0.036,31.4
26631,8.6662e-05,0.028,31.4
26632,8.6664e-05,0.028,31.4
26633,8.6666e-05,0.036,31.4
26634,8.6668e-05,0.036,31.4
26635,8.667000000000001e-05,0.028,31.4
26636,8.6672e-05,0.028,31.4
26637,8.6674e-05,0.036,31.4
26638,8.6676e-05,0.036,31.4
26639,8.6678e-05,0.028,31.4
26640,8.668e-05,0.028,31.4
26641,8.668200000000001e-05,0.028,31.4
26642,8.6684e-05,0.028,31.4
26643,8.6686e-05,0.036,31.4
26644,8.6688e-05,0.036,31.4
26645,8.669e-05,0.028,31.4
26646,8.6692e-05,0.028,31.4
26647,8.669400000000001e-05,0.028,31.4
26648,8.669600000000001e-05,0.028,31.4
26649,8.6698e-05,0.028,31.4
26650,8.669999999999999e-05,0.036,31.4
26651,8.6702e-05,0.028,31.4
26652,8.6704e-05,0.036,31.4
26653,8.6706e-05,0.036,31.4
26654,8.670800000000001e-05,0.036,31.4
26655,8.671e-05,0.028,31.4
26656,8.671199999999999e-05,0.028,31.4
26657,8.6714e-05,0.028,31.4
26658,8.6716e-05,0.028,31.4
26659,8.6718e-05,0.028,31.4
26660,8.672000000000001e-05,0.028,31.4
26661,8.6722e-05,0.028,31.4
26662,8.6724e-05,0.036,31.4
26663,8.6726e-05,0.028,31.4
26664,8.6728e-05,0.036,31.4
26665,8.673e-05,0.028,31.4
26666,8.673200000000001e-05,0.028,31.4
26667,8.6734e-05,0.028,31.4
26668,8.6736e-05,0.028,31.4
26669,8.6738e-05,0.028,31.4
26670,8.674e-05,0.028,31.4
26671,8.6742e-05,0.028,31.4
26672,8.674400000000001e-05,0.028,31.4
26673,8.6746e-05,0.028,31.4
26674,8.6748e-05,0.036,31.4
26675,8.675e-05,0.028,31.4
26676,8.6752e-05,0.028,31.4
26677,8.6754e-05,0.036,31.4
26678,8.675600000000001e-05,0.036,31.4
26679,8.675800000000001e-05,0.028,31.4
26680,8.676e-05,0.028,31.4
26681,8.6762e-05,0.036,31.4
26682,8.6764e-05,0.036,31.4
26683,8.6766e-05,0.028,31.4
26684,8.676800000000001e-05,0.028,31.4
26685,8.677000000000001e-05,0.028,31.4
26686,8.6772e-05,0.036,31.4
26687,8.677399999999999e-05,0.028,31.4
26688,8.6776e-05,0.028,31.4
26689,8.6778e-05,0.028,31.4
26690,8.678e-05,0.036,31.4
26691,8.678200000000001e-05,0.028,31.4
26692,8.6784e-05,0.028,31.4
26693,8.678599999999999e-05,0.036,31.4
26694,8.6788e-05,0.036,31.4
26695,8.679e-05,0.028,31.4
26696,8.6792e-05,0.036,31.4
26697,8.679400000000001e-05,0.028,31.4
26698,8.6796e-05,0.028,31.4
26699,8.6798e-05,0.028,31.4
26700,8.68e-05,0.028,31.4
26701,8.6802e-05,0.036,31.4
26702,8.6804e-05,0.036,31.4
26703,8.680600000000001e-05,0.028,31.4
26704,8.6808e-05,0.028,31.4
26705,8.681e-05,0.036,31.4
26706,8.6812e-05,0.036,31.4
26707,8.6814e-05,0.028,31.4
26708,8.6816e-05,0.028,31.4
26709,8.681800000000001e-05,0.036,31.4
26710,8.682e-05,0.036,31.4
26711,8.6822e-05,0.028,31.4
26712,8.6824e-05,0.028,31.4
26713,8.6826e-05,0.036,31.4
26714,8.6828e-05,0.028,31.4
26715,8.683000000000001e-05,0.028,31.4
26716,8.683200000000001e-05,0.036,31.4
26717,8.6834e-05,0.028,31.4
26718,8.6836e-05,0.028,31.4
26719,8.6838e-05,0.028,31.4
26720,8.684e-05,0.028,31.4
26721,8.6842e-05,0.036,31.0
26722,8.684400000000001e-05,0.036,31.4
26723,8.6846e-05,0.028,31.4
26724,8.684799999999999e-05,0.036,31.4
26725,8.685e-05,0.028,31.4
26726,8.6852e-05,0.036,31.4
26727,8.6854e-05,0.028,31.4
26728,8.685600000000001e-05,0.028,31.4
26729,8.6858e-05,0.036,31.4
26730,8.686e-05,0.036,31.4
26731,8.6862e-05,0.028,31.4
26732,8.6864e-05,0.036,31.4
26733,8.6866e-05,0.028,31.4
26734,8.686800000000001e-05,0.036,31.0
26735,8.687e-05,0.028,31.4
26736,8.6872e-05,0.028,31.0
26737,8.6874e-05,0.036,31.4
26738,8.6876e-05,0.036,31.4
26739,8.6878e-05,0.028,31.4
26740,8.688000000000001e-05,0.028,31.4
26741,8.6882e-05,0.028,31.4
26742,8.6884e-05,0.036,31.4
26743,8.6886e-05,0.028,31.4
26744,8.6888e-05,0.036,31.4
26745,8.689e-05,0.036,31.4
26746,8.689200000000001e-05,0.036,31.4
26747,8.689400000000001e-05,0.028,31.4
26748,8.6896e-05,0.036,31.0
26749,8.6898e-05,0.028,31.4
26750,8.69e-05,0.028,31.4
26751,8.6902e-05,0.028,31.4
26752,8.690400000000001e-05,0.028,31.4
26753,8.690600000000001e-05,0.036,31.0
26754,8.6908e-05,0.036,31.4
26755,8.690999999999999e-05,0.028,31.4
26756,8.6912e-05,0.036,31.0
26757,8.6914e-05,0.036,31.4
26758,8.6916e-05,0.036,31.4
26759,8.691800000000001e-05,0.028,31.0
26760,8.692e-05,0.028,31.4
26761,8.692199999999999e-05,0.036,31.0
26762,8.6924e-05,0.036,31.4
26763,8.6926e-05,0.028,31.4
26764,8.6928e-05,0.036,31.4
26765,8.693000000000001e-05,0.036,31.4
26766,8.6932e-05,0.036,31.4
26767,8.6934e-05,0.028,31.4
26768,8.6936e-05,0.028,31.4
26769,8.6938e-05,0.028,31.0
26770,8.694e-05,0.036,31.4
26771,8.694200000000001e-05,0.028,31.4
26772,8.6944e-05,0.036,31.4
26773,8.6946e-05,0.036,31.4
26774,8.6948e-05,0.036,31.4
26775,8.695e-05,0.028,31.4
26776,8.6952e-05,0.028,31.4
26777,8.695400000000001e-05,0.036,31.0
26778,8.6956e-05,0.028,31.4
26779,8.6958e-05,0.036,31.0
26780,8.696e-05,0.036,31.4
26781,8.6962e-05,0.028,31.4
26782,8.6964e-05,0.036,31.0
26783,8.696600000000001e-05,0.028,31.4
26784,8.696800000000001e-05,0.036,31.4
26785,8.697e-05,0.036,31.4
26786,8.6972e-05,0.036,31.4
26787,8.6974e-05,0.036,31.4
26788,8.6976e-05,0.028,31.4
26789,8.6978e-05,0.036,31.0
26790,8.698000000000001e-05,0.028,31.4
26791,8.6982e-05,0.028,31.4
26792,8.698399999999999e-05,0.036,31.4
26793,8.6986e-05,0.028,31.0
26794,8.6988e-05,0.036,31.4
26795,8.699e-05,0.028,31.4
26796,8.699200000000001e-05,0.036,31.4
26797,8.6994e-05,0.028,31.4
26798,8.6996e-05,0.036,31.4
26799,8.6998e-05,0.028,31.4
26800,8.7e-05,0.036,31.4
26801,8.7002e-05,0.036,31.0
26802,8.700400000000001e-05,0.028,31.4
26803,8.7006e-05,0.028,31.4
26804,8.7008e-05,0.036,31.4
26805,8.701e-05,0.036,31.4
26806,8.7012e-05,0.036,31.4
26807,8.7014e-05,0.028,31.4
26808,8.701600000000001e-05,0.036,31.4
26809,8.7018e-05,0.036,31.0
26810,8.702e-05,0.036,31.4
26811,8.7022e-05,0.028,31.4
26812,8.7024e-05,0.028,31.0
26813,8.7026e-05,0.028,31.4
26814,8.702800000000001e-05,0.036,31.4
26815,8.703000000000001e-05,0.028,31.4
26816,8.7032e-05,0.036,31.0
26817,8.7034e-05,0.036,31.4
26818,8.7036e-05,0.028,31.4
26819,8.7038e-05,0.036,31.4
26820,8.704000000000001e-05,0.036,31.4
26821,8.704200000000001e-05,0.028,31.4
26822,8.7044e-05,0.036,31.4
26823,8.704599999999999e-05,0.028,31.4
26824,8.7048e-05,0.036,31.0
26825,8.705e-05,0.036,31.0
26826,8.7052e-05,0.036,31.4
26827,8.705400000000001e-05,0.036,31.4
26828,8.7056e-05,0.028,31.4
26829,8.705799999999999e-05,0.028,31.4
26830,8.706e-05,0.036,31.4
26831,8.7062e-05,0.036,31.4
26832,8.7064e-05,0.036,31.4
26833,8.706600000000001e-05,0.036,31.0
26834,8.7068e-05,0.036,31.4
26835,8.707e-05,0.028,31.4
26836,8.7072e-05,0.036,31.4
26837,8.7074e-05,0.036,31.4
26838,8.7076e-05,0.036,31.4
26839,8.707800000000001e-05,0.028,31.4
26840,8.708e-05,0.028,31.4
26841,8.7082e-05,0.036,31.0
26842,8.7084e-05,0.036,31.4
26843,8.7086e-05,0.036,31.4
26844,8.7088e-05,0.036,31.0
26845,8.709000000000001e-05,0.028,31.4
26846,8.7092e-05,0.036,31.4
26847,8.7094e-05,0.028,31.4
26848,8.7096e-05,0.028,31.4
26849,8.7098e-05,0.028,31.0
26850,8.71e-05,0.036,31.4
26851,8.710200000000001e-05,0.036,31.4
26852,8.710400000000001e-05,0.036,31.4
26853,8.7106e-05,0.036,31.4
26854,8.7108e-05,0.036,31.4
26855,8.711e-05,0.028,31.4
26856,8.7112e-05,0.036,31.4
26857,8.7114e-05,0.036,31.4
26858,8.711600000000001e-05,0.036,31.4
26859,8.7118e-05,0.036,31.4
26860,8.711999999999999e-05,0.036,31.4
26861,8.7122e-05,0.036,31.0
26862,8.7124e-05,0.036,31.4
26863,8.7126e-05,0.036,31.4
26864,8.712800000000001e-05,0.036,31.4
26865,8.713e-05,0.036,31.0
26866,8.7132e-05,0.036,31.4
26867,8.7134e-05,0.028,31.0
26868,8.7136e-05,0.036,31.0
26869,8.7138e-05,0.036,31.0
26870,8.714000000000001e-05,0.036,31.4
26871,8.7142e-05,0.028,31.4
26872,8.7144e-05,0.036,31.4
26873,8.7146e-05,0.036,31.4
26874,8.7148e-05,0.036,31.4
26875,8.715e-05,0.036,31.4
26876,8.715200000000001e-05,0.036,31.4
26877,8.7154e-05,0.028,31.4
26878,8.7156e-05,0.036,31.4
26879,8.7158e-05,0.028,31.0
26880,8.716e-05,0.036,31.4
26881,8.7162e-05,0.036,31.0
26882,8.716400000000001e-05,0.036,31.4
26883,8.716600000000001e-05,0.028,31.4
26884,8.7168e-05,0.036,31.0
26885,8.717e-05,0.036,31.4
26886,8.7172e-05,0.036,31.4
26887,8.7174e-05,0.028,31.4
26888,8.717600000000001e-05,0.036,31.4
26889,8.717800000000001e-05,0.028,31.0
26890,8.718e-05,0.036,31.4
26891,8.718199999999999e-05,0.036,31.4
26892,8.7184e-05,0.028,31.0
26893,8.7186e-05,0.028,31.4
26894,8.7188e-05,0.036,31.0
26895,8.719000000000001e-05,0.036,31.4
26896,8.7192e-05,0.036,31.0
26897,8.719399999999999e-05,0.036,31.4
26898,8.7196e-05,0.036,31.4
26899,8.7198e-05,0.036,31.0
26900,8.72e-05,0.036,31.4
26901,8.720200000000001e-05,0.036,31.0
26902,8.7204e-05,0.036,31.4
26903,8.7206e-05,0.028,31.4
26904,8.7208e-05,0.036,31.0
26905,8.721e-05,0.036,31.4
26906,8.7212e-05,0.036,31.4
26907,8.721400000000001e-05,0.028,31.4
26908,8.7216e-05,0.036,31.0
26909,8.7218e-05,0.028,31.0
26910,8.722e-05,0.036,31.0
26911,8.7222e-05,0.036,31.0
26912,8.7224e-05,0.028,31.4
26913,8.722600000000001e-05,0.036,31.0
26914,8.7228e-05,0.036,31.0
26915,8.723e-05,0.036,31.4
26916,8.7232e-05,0.028,31.0
26917,8.7234e-05,0.036,31.0
26918,8.7236e-05,0.036,31.4
26919,8.723800000000001e-05,0.028,31.4
26920,8.724000000000001e-05,0.036,31.0
26921,8.7242e-05,0.036,31.4
26922,8.7244e-05,0.036,31.4
26923,8.7246e-05,0.028,31.4
26924,8.7248e-05,0.036,31.0
26925,8.725e-05,0.036,31.4
26926,8.725200000000001e-05,0.036,31.4
26927,8.7254e-05,0.028,31.0
26928,8.725599999999999e-05,0.028,31.4
26929,8.7258e-05,0.036,31.0
26930,8.726e-05,0.036,31.4
26931,8.7262e-05,0.028,31.4
26932,8.726400000000001e-05,0.028,31.0
26933,8.7266e-05,0.036,31.0
26934,8.7268e-05,0.036,31.0
26935,8.727e-05,0.036,31.0
26936,8.7272e-05,0.036,31.0
26937,8.7274e-05,0.028,31.0
26938,8.727600000000001e-05,0.036,31.4
26939,8.7278e-05,0.036,31.0
26940,8.728e-05,0.036,31.0
26941,8.7282e-05,0.036,31.0
26942,8.7284e-05,0.036,31.0
26943,8.7286e-05,0.036,31.0
26944,8.728800000000001e-05,0.036,31.4
26945,8.729e-05,0.036,31.0
26946,8.7292e-05,0.036,31.0
26947,8.7294e-05,0.028,31.0
26948,8.7296e-05,0.036,31.4
26949,8.7298e-05,0.036,31.0
26950,8.730000000000001e-05,0.036,31.0
26951,8.730200000000001e-05,0.028,31.0
26952,8.7304e-05,0.036,31.0
26953,8.7306e-05,0.036,31.0
26954,8.7308e-05,0.036,31.0
26955,8.731e-05,0.036,31.4
26956,8.731200000000001e-05,0.036,31.0
26957,8.731400000000001e-05,0.036,31.4
26958,8.7316e-05,0.036,31.0
26959,8.731799999999999e-05,0.036,31.0
26960,8.732e-05,0.036,31.4
26961,8.7322e-05,0.028,31.0
26962,8.7324e-05,0.036,31.4
26963,8.732600000000001e-05,0.036,31.0
26964,8.7328e-05,0.036,31.0
26965,8.732999999999999e-05,0.036,31.0
26966,8.7332e-05,0.036,31.4
26967,8.7334e-05,0.028,31.0
26968,8.7336e-05,0.036,31.0
26969,8.733800000000001e-05,0.036,31.0
26970,8.734e-05,0.036,31.4
26971,8.7342e-05,0.028,31.0
26972,8.7344e-05,0.036,31.0
26973,8.7346e-05,0.036,31.4
26974,8.7348e-05,0.036,31.0
26975,8.735000000000001e-05,0.036,31.0
26976,8.7352e-05,0.028,31.4
26977,8.7354e-05,0.036,31.0
26978,8.7356e-05,0.036,31.4
26979,8.7358e-05,0.028,31.0
26980,8.736e-05,0.036,31.0
26981,8.736200000000001e-05,0.028,31.4
26982,8.7364e-05,0.036,31.0
26983,8.7366e-05,0.028,31.0
26984,8.7368e-05,0.036,31.0
26985,8.737e-05,0.036,31.0
26986,8.7372e-05,0.036,31.4
26987,8.737400000000001e-05,0.036,31.4
26988,8.737600000000001e-05,0.036,31.4
26989,8.7378e-05,0.028,31.0
26990,8.738e-05,0.036,31.0
26991,8.7382e-05,0.036,31.0
26992,8.7384e-05,0.036,31.0
26993,8.7386e-05,0.036,31.0
26994,8.738800000000001e-05,0.036,31.0
26995,8.739e-05,0.036,31.0
26996,8.739199999999999e-05,0.036,31.0
26997,8.7394e-05,0.036,31.4
26998,8.7396e-05,0.036,31.0
26999,8.7398e-05,0.028,31.0
27000,8.740000000000001e-05,0.036,31.4
27001,8.7402e-05,0.036,31.0
27002,8.7404e-05,0.036,31.4
27003,8.7406e-05,0.028,31.0
27004,8.7408e-05,0.036,31.0
27005,8.741e-05,0.036,31.0
27006,8.741200000000001e-05,0.036,31.4
27007,8.7414e-05,0.036,31.0
27008,8.7416e-05,0.036,31.0
27009,8.7418e-05,0.036,31.0
27010,8.742e-05,0.036,31.4
27011,8.7422e-05,0.036,31.0
27012,8.742400000000001e-05,0.036,31.0
27013,8.7426e-05,0.036,31.0
27014,8.7428e-05,0.036,31.0
27015,8.743e-05,0.036,31.0
27016,8.7432e-05,0.036,31.0
27017,8.7434e-05,0.036,31.0
27018,8.743600000000001e-05,0.036,31.4
27019,8.7438e-05,0.028,31.0
27020,8.744e-05,0.036,31.0
27021,8.7442e-05,0.036,31.0
27022,8.7444e-05,0.036,31.0
27023,8.7446e-05,0.028,31.0
27024,8.744800000000001e-05,0.028,31.0
27025,8.745000000000001e-05,0.036,31.0
27026,8.7452e-05,0.036,31.0
27027,8.745399999999999e-05,0.028,31.0
27028,8.7456e-05,0.036,31.0
27029,8.7458e-05,0.028,31.0
27030,8.746e-05,0.036,31.0
27031,8.746200000000001e-05,0.036,31.0
27032,8.7464e-05,0.036,31.0
27033,8.746599999999999e-05,0.036,31.0
27034,8.7468e-05,0.036,31.0
27035,8.747e-05,0.028,31.4
27036,8.7472e-05,0.028,31.0
27037,8.747400000000001e-05,0.036,31.0
27038,8.7476e-05,0.036,31.0
27039,8.7478e-05,0.036,31.0
27040,8.748e-05,0.036,31.0
27041,8.7482e-05,0.036,31.0
27042,8.7484e-05,0.036,31.0
27043,8.748600000000001e-05,0.036,31.0
27044,8.7488e-05,0.036,31.0
27045,8.749e-05,0.036,31.0
27046,8.7492e-05,0.036,31.0
27047,8.7494e-05,0.036,31.0
27048,8.7496e-05,0.036,31.0
27049,8.749800000000001e-05,0.036,31.0
27050,8.75e-05,0.036,31.4
27051,8.7502e-05,0.036,31.4
27052,8.7504e-05,0.036,31.0
27053,8.7506e-05,0.036,31.0
27054,8.7508e-05,0.036,31.0
27055,8.751000000000001e-05,0.036,31.0
27056,8.751200000000001e-05,0.036,31.0
27057,8.7514e-05,0.036,31.0
27058,8.7516e-05,0.036,31.4
27059,8.7518e-05,0.036,31.0
27060,8.752e-05,0.036,31.0
27061,8.7522e-05,0.036,31.0
27062,8.752400000000001e-05,0.036,31.0
27063,8.7526e-05,0.028,31.0
27064,8.752799999999999e-05,0.036,31.0
27065,8.753e-05,0.036,31.0
27066,8.7532e-05,0.036,31.0
27067,8.7534e-05,0.036,31.0
27068,8.753600000000001e-05,0.036,31.0
27069,8.7538e-05,0.036,31.0
27070,8.753999999999999e-05,0.036,31.0
27071,8.7542e-05,0.036,31.0
27072,8.7544e-05,0.036,31.0
27073,8.7546e-05,0.036,31.0
27074,8.754800000000001e-05,0.036,31.0
27075,8.755e-05,0.028,31.0
27076,8.7552e-05,0.036,31.0
27077,8.7554e-05,0.036,31.0
27078,8.7556e-05,0.036,31.0
27079,8.7558e-05,0.036,31.0
27080,8.756000000000001e-05,0.036,31.0
27081,8.7562e-05,0.036,31.0
27082,8.7564e-05,0.036,31.0
27083,8.7566e-05,0.036,31.0
27084,8.7568e-05,0.036,31.0
27085,8.757e-05,0.028,31.0
27086,8.757200000000001e-05,0.036,31.0
27087,8.7574e-05,0.036,31.0
27088,8.7576e-05,0.036,31.0
27089,8.7578e-05,0.036,31.0
27090,8.758e-05,0.036,31.0
27091,8.7582e-05,0.028,31.4
27092,8.758400000000001e-05,0.036,31.0
27093,8.758600000000001e-05,0.036,31.0
27094,8.7588e-05,0.036,31.4
27095,8.758999999999999e-05,0.036,31.0
27096,8.7592e-05,0.036,31.0
27097,8.7594e-05,0.036,31.0
27098,8.7596e-05,0.036,31.0
27099,8.759800000000001e-05,0.028,31.0
27100,8.76e-05,0.036,31.0
27101,8.760199999999999e-05,0.036,31.0
27102,8.7604e-05,0.036,31.0
27103,8.7606e-05,0.028,31.0
27104,8.7608e-05,0.036,31.0
27105,8.761000000000001e-05,0.028,31.0
27106,8.7612e-05,0.036,31.0
27107,8.7614e-05,0.036,31.4
27108,8.7616e-05,0.036,31.0
27109,8.7618e-05,0.036,31.0
27110,8.762e-05,0.036,31.0
27111,8.762200000000001e-05,0.036,31.0
27112,8.7624e-05,0.036,31.0
27113,8.7626e-05,0.036,31.0
27114,8.7628e-05,0.036,31.0
27115,8.763e-05,0.028,31.0
27116,8.7632e-05,0.036,31.0
27117,8.763400000000001e-05,0.036,31.0
27118,8.7636e-05,0.036,31.0
27119,8.7638e-05,0.036,31.0
27120,8.764e-05,0.036,31.0
27121,8.7642e-05,0.036,31.0
27122,8.7644e-05,0.036,31.0
27123,8.764600000000001e-05,0.036,31.4
27124,8.764800000000001e-05,0.036,31.0
27125,8.765e-05,0.036,31.0
27126,8.7652e-05,0.036,31.0
27127,8.7654e-05,0.036,31.0
27128,8.7656e-05,0.036,31.0
27129,8.7658e-05,0.036,31.0
27130,8.766000000000001e-05,0.036,31.0
27131,8.7662e-05,0.036,31.0
27132,8.766399999999999e-05,0.036,31.0
27133,8.7666e-05,0.036,31.0
27134,8.7668e-05,0.036,31.0
27135,8.767e-05,0.036,31.0
27136,8.767200000000001e-05,0.036,31.0
27137,8.7674e-05,0.036,31.0
27138,8.767599999999999e-05,0.036,31.0
27139,8.7678e-05,0.028,31.0
27140,8.768e-05,0.036,31.0
27141,8.7682e-05,0.036,31.0
27142,8.768400000000001e-05,0.036,31.0
27143,8.7686e-05,0.036,31.0
27144,8.7688e-05,0.036,31.0
27145,8.769e-05,0.036,31.0
27146,8.7692e-05,0.036,31.0
27147,8.7694e-05,0.036,31.0
27148,8.769600000000001e-05,0.036,31.0
27149,8.7698e-05,0.036,31.0
27150,8.77e-05,0.036,31.0
27151,8.7702e-05,0.036,31.0
27152,8.7704e-05,0.036,31.0
27153,8.7706e-05,0.036,31.0
27154,8.770800000000001e-05,0.036,31.0
27155,8.771e-05,0.036,31.0
27156,8.7712e-05,0.036,31.0
27157,8.7714e-05,0.036,31.0
27158,8.7716e-05,0.036,31.0
27159,8.7718e-05,0.036,31.0
27160,8.772000000000001e-05,0.036,31.0
27161,8.772200000000001e-05,0.036,31.0
27162,8.7724e-05,0.036,31.0
27163,8.772599999999999e-05,0.028,31.0
27164,8.7728e-05,0.036,31.0
27165,8.773e-05,0.036,31.0
27166,8.7732e-05,0.036,31.0
27167,8.773400000000001e-05,0.036,31.0
27168,8.7736e-05,0.036,31.0
27169,8.773799999999999e-05,0.036,31.0
27170,8.774e-05,0.036,31.0
27171,8.7742e-05,0.036,31.0
27172,8.7744e-05,0.036,31.0
27173,8.774600000000001e-05,0.036,31.0
27174,8.7748e-05,0.036,31.0
27175,8.775e-05,0.036,31.0
27176,8.7752e-05,0.036,31.0
27177,8.7754e-05,0.036,31.0
27178,8.7756e-05,0.036,31.4
27179,8.775800000000001e-05,0.036,31.0
27180,8.776e-05,0.036,31.0
27181,8.7762e-05,0.036,31.0
27182,8.7764e-05,0.036,31.0
27183,8.7766e-05,0.036,31.0
27184,8.7768e-05,0.036,31.0
27185,8.777000000000001e-05,0.036,31.0
27186,8.7772e-05,0.036,31.0
27187,8.7774e-05,0.036,31.0
27188,8.7776e-05,0.036,31.0
27189,8.7778e-05,0.036,31.0
27190,8.778e-05,0.036,31.0
27191,8.778200000000001e-05,0.036,31.0
27192,8.778400000000001e-05,0.036,31.0
27193,8.7786e-05,0.036,31.0
27194,8.7788e-05,0.036,31.0
27195,8.779e-05,0.028,31.0
27196,8.7792e-05,0.036,31.0
27197,8.779400000000001e-05,0.036,31.0
27198,8.779600000000001e-05,0.036,31.0
27199,8.7798e-05,0.036,31.0
27200,8.779999999999999e-05,0.036,31.0
27201,8.7802e-05,0.036,31.0
27202,8.7804e-05,0.036,31.0
27203,8.7806e-05,0.028,31.0
27204,8.780800000000001e-05,0.036,31.0
27205,8.781e-05,0.036,31.0
27206,8.781199999999999e-05,0.036,31.0
27207,8.7814e-05,0.036,31.0
27208,8.7816e-05,0.036,31.0
27209,8.7818e-05,0.036,31.0
27210,8.782000000000001e-05,0.036,31.0
27211,8.7822e-05,0.036,31.0
27212,8.7824e-05,0.036,31.0
27213,8.7826e-05,0.036,31.0
27214,8.7828e-05,0.036,31.0
27215,8.783e-05,0.028,31.0
27216,8.783200000000001e-05,0.036,31.0
27217,8.7834e-05,0.036,31.0
27218,8.7836e-05,0.036,31.0
27219,8.7838e-05,0.036,31.0
27220,8.784e-05,0.036,31.0
27221,8.7842e-05,0.036,31.0
27222,8.784400000000001e-05,0.036,31.0
27223,8.7846e-05,0.036,31.0
27224,8.7848e-05,0.036,31.0
27225,8.785e-05,0.036,31.0
27226,8.7852e-05,0.036,31.0
27227,8.7854e-05,0.036,31.0
27228,8.785600000000001e-05,0.036,31.0
27229,8.785800000000001e-05,0.036,31.0
27230,8.786e-05,0.036,31.0
27231,8.7862e-05,0.036,31.0
27232,8.7864e-05,0.036,31.0
27233,8.7866e-05,0.036,31.0
27234,8.7868e-05,0.036,31.0
27235,8.787000000000001e-05,0.036,31.0
27236,8.7872e-05,0.036,31.0
27237,8.787399999999999e-05,0.036,31.0
27238,8.7876e-05,0.036,31.0
27239,8.7878e-05,0.036,31.0
27240,8.788e-05,0.036,31.0
27241,8.788200000000001e-05,0.036,31.0
27242,8.7884e-05,0.036,31.0
27243,8.7886e-05,0.036,31.0
27244,8.7888e-05,0.036,31.0
27245,8.789e-05,0.036,31.0
27246,8.7892e-05,0.036,31.0
27247,8.789400000000001e-05,0.036,31.0
27248,8.7896e-05,0.036,31.0
27249,8.7898e-05,0.036,31.0
27250,8.79e-05,0.036,31.0
27251,8.7902e-05,0.036,31.0
27252,8.7904e-05,0.036,31.0
27253,8.790600000000001e-05,0.036,31.0
27254,8.7908e-05,0.036,31.0
27255,8.791e-05,0.036,31.0
27256,8.7912e-05,0.036,31.0
27257,8.7914e-05,0.036,31.0
27258,8.7916e-05,0.036,31.0
27259,8.791800000000001e-05,0.036,31.0
27260,8.792000000000001e-05,0.036,31.0
27261,8.7922e-05,0.036,31.0
27262,8.7924e-05,0.036,31.0
27263,8.7926e-05,0.036,31.0
27264,8.7928e-05,0.036,31.0
27265,8.793000000000001e-05,0.036,31.0
27266,8.793200000000001e-05,0.036,31.0
27267,8.7934e-05,0.036,31.0
27268,8.793599999999999e-05,0.036,31.0
27269,8.7938e-05,0.036,31.0
27270,8.794e-05,0.036,31.0
27271,8.7942e-05,0.036,31.0
27272,8.794400000000001e-05,0.036,31.0
27273,8.7946e-05,0.036,31.0
27274,8.794799999999999e-05,0.036,31.0
27275,8.795e-05,0.036,31.0
27276,8.7952e-05,0.036,31.0
27277,8.7954e-05,0.036,31.0
27278,8.795600000000001e-05,0.036,31.0
27279,8.7958e-05,0.036,31.0
27280,8.796e-05,0.036,31.0
27281,8.7962e-05,0.036,31.0
27282,8.7964e-05,0.036,31.0
27283,8.7966e-05,0.036,31.0
27284,8.796800000000001e-05,0.036,31.0
27285,8.797e-05,0.036,31.0
27286,8.7972e-05,0.036,31.0
27287,8.7974e-05,0.036,31.0
27288,8.7976e-05,0.036,31.0
27289,8.7978e-05,0.036,31.0
27290,8.798000000000001e-05,0.036,31.0
27291,8.7982e-05,0.036,31.0
27292,8.7984e-05,0.036,31.0
27293,8.7986e-05,0.036,31.0
27294,8.7988e-05,0.036,31.0
27295,8.799e-05,0.036,31.0
27296,8.799200000000001e-05,0.036,31.0
27297,8.799400000000001e-05,0.036,31.0
27298,8.7996e-05,0.036,31.0
27299,8.7998e-05,0.036,31.0
27300,8.8e-05,0.036,31.0
27301,8.8002e-05,0.036,31.0
27302,8.8004e-05,0.036,31.0
27303,8.800600000000001e-05,0.028,31.0
27304,8.8008e-05,0.036,31.0
27305,8.800999999999999e-05,0.036,31.0
27306,8.8012e-05,0.036,31.0
27307,8.8014e-05,0.036,31.0
27308,8.8016e-05,0.036,31.0
27309,8.801800000000001e-05,0.036,31.0
27310,8.802e-05,0.036,31.0
27311,8.8022e-05,0.036,31.0
27312,8.8024e-05,0.036,31.0
27313,8.8026e-05,0.036,31.0
27314,8.8028e-05,0.036,31.0
27315,8.803000000000001e-05,0.036,31.0
27316,8.8032e-05,0.036,31.0
27317,8.8034e-05,0.036,31.0
27318,8.8036e-05,0.036,31.0
27319,8.8038e-05,0.036,31.0
27320,8.804e-05,0.036,31.0
27321,8.804200000000001e-05,0.036,31.0
27322,8.8044e-05,0.036,31.0
27323,8.8046e-05,0.036,31.0
27324,8.8048e-05,0.036,31.0
27325,8.805e-05,0.036,31.0
27326,8.8052e-05,0.036,31.0
27327,8.805400000000001e-05,0.036,31.0
27328,8.805600000000001e-05,0.036,31.0
27329,8.8058e-05,0.036,31.0
27330,8.806e-05,0.036,31.0
27331,8.8062e-05,0.036,31.0
27332,8.8064e-05,0.036,31.0
27333,8.806600000000001e-05,0.036,31.0
27334,8.806800000000001e-05,0.036,31.0
27335,8.807e-05,0.036,31.0
27336,8.807199999999999e-05,0.036,31.0
27337,8.8074e-05,0.036,31.0
27338,8.8076e-05,0.036,31.0
27339,8.8078e-05,0.036,31.0
27340,8.808000000000001e-05,0.036,31.0
27341,8.8082e-05,0.036,31.0
27342,8.808399999999999e-05,0.036,31.0
27343,8.8086e-05,0.036,31.0
27344,8.8088e-05,0.036,31.0
27345,8.809e-05,0.036,31.0
27346,8.809200000000001e-05,0.036,31.0
27347,8.8094e-05,0.036,31.0
27348,8.8096e-05,0.036,31.0
27349,8.8098e-05,0.036,31.0
27350,8.81e-05,0.036,31.0
27351,8.8102e-05,0.036,31.0
27352,8.810400000000001e-05,0.036,31.0
27353,8.8106e-05,0.036,31.0
27354,8.8108e-05,0.036,31.0
27355,8.811e-05,0.036,31.0
27356,8.8112e-05,0.036,31.0
27357,8.8114e-05,0.036,31.0
27358,8.811600000000001e-05,0.036,31.0
27359,8.8118e-05,0.036,31.0
27360,8.812e-05,0.036,31.0
27361,8.8122e-05,0.036,31.0
27362,8.8124e-05,0.036,31.0
27363,8.8126e-05,0.036,31.0
27364,8.812800000000001e-05,0.036,31.0
27365,8.813000000000001e-05,0.036,31.0
27366,8.8132e-05,0.036,31.0
27367,8.8134e-05,0.036,31.0
27368,8.8136e-05,0.036,31.0
27369,8.8138e-05,0.036,31.0
27370,8.814e-05,0.036,31.0
27371,8.814200000000001e-05,0.036,31.0
27372,8.8144e-05,0.036,31.0
27373,8.814599999999999e-05,0.036,31.0
27374,8.8148e-05,0.036,31.0
27375,8.815e-05,0.036,31.0
27376,8.8152e-05,0.036,31.0
27377,8.815400000000001e-05,0.036,31.0
27378,8.8156e-05,0.036,31.0
27379,8.8158e-05,0.036,31.0
27380,8.816e-05,0.036,31.0
27381,8.8162e-05,0.036,31.0
27382,8.8164e-05,0.036,31.0
27383,8.816600000000001e-05,0.036,31.0
27384,8.8168e-05,0.036,31.0
27385,8.817e-05,0.036,31.0
27386,8.8172e-05,0.036,31.0
27387,8.8174e-05,0.036,31.0
27388,8.8176e-05,0.036,31.0
27389,8.817800000000001e-05,0.036,31.0
27390,8.818e-05,0.036,31.0
27391,8.8182e-05,0.036,31.0
27392,8.8184e-05,0.036,31.0
27393,8.8186e-05,0.036,31.0
27394,8.8188e-05,0.036,31.0
27395,8.819000000000001e-05,0.036,31.0
27396,8.819200000000001e-05,0.036,31.0
27397,8.8194e-05,0.036,31.0
27398,8.8196e-05,0.036,31.0
27399,8.8198e-05,0.036,31.0
27400,8.82e-05,0.036,31.0
27401,8.820200000000001e-05,0.036,31.0
27402,8.820400000000001e-05,0.036,31.0
27403,8.8206e-05,0.036,31.0
27404,8.820799999999999e-05,0.036,31.0
27405,8.821e-05,0.036,31.0
27406,8.8212e-05,0.036,31.0
27407,8.8214e-05,0.036,31.0
27408,8.821600000000001e-05,0.036,31.0
27409,8.8218e-05,0.036,31.0
27410,8.821999999999999e-05,0.036,31.0
27411,8.8222e-05,0.036,31.0
27412,8.8224e-05,0.036,31.0
27413,8.8226e-05,0.036,31.0
27414,8.822800000000001e-05,0.036,31.0
27415,8.823e-05,0.036,31.0
27416,8.8232e-05,0.036,31.0
27417,8.8234e-05,0.036,31.0
27418,8.8236e-05,0.036,31.0
27419,8.8238e-05,0.036,31.0
27420,8.824000000000001e-05,0.036,31.0
27421,8.8242e-05,0.036,31.0
27422,8.8244e-05,0.036,31.0
27423,8.8246e-05,0.036,31.0
27424,8.8248e-05,0.036,31.0
27425,8.825e-05,0.036,31.0
27426,8.825200000000001e-05,0.036,31.0
27427,8.8254e-05,0.036,31.0
27428,8.8256e-05,0.036,31.0
27429,8.8258e-05,0.036,31.0
27430,8.826e-05,0.036,31.0
27431,8.8262e-05,0.036,31.0
27432,8.826400000000001e-05,0.036,31.0
27433,8.826600000000001e-05,0.036,31.0
27434,8.8268e-05,0.036,31.0
27435,8.827e-05,0.036,31.0
27436,8.8272e-05,0.036,31.0
27437,8.8274e-05,0.036,31.0
27438,8.8276e-05,0.036,31.0
27439,8.827800000000001e-05,0.036,31.0
27440,8.828e-05,0.036,31.0
27441,8.828199999999999e-05,0.036,31.0
27442,8.8284e-05,0.036,31.0
27443,8.8286e-05,0.036,31.0
27444,8.8288e-05,0.036,31.0
27445,8.829000000000001e-05,0.036,31.0
27446,8.8292e-05,0.036,31.0
27447,8.8294e-05,0.036,31.0
27448,8.8296e-05,0.036,31.0
27449,8.8298e-05,0.036,31.0
27450,8.83e-05,0.036,31.0
27451,8.830200000000001e-05,0.036,31.0
27452,8.8304e-05,0.036,31.0
27453,8.8306e-05,0.036,31.0
27454,8.8308e-05,0.036,31.0
27455,8.831e-05,0.036,31.0
27456,8.8312e-05,0.036,31.0
27457,8.831400000000001e-05,0.036,30.6
27458,8.8316e-05,0.036,31.0
27459,8.8318e-05,0.036,31.0
27460,8.832e-05,0.036,31.0
27461,8.8322e-05,0.036,31.0
27462,8.8324e-05,0.036,31.0
27463,8.832600000000001e-05,0.036,31.0
27464,8.832800000000001e-05,0.036,31.0
27465,8.833e-05,0.036,31.0
27466,8.8332e-05,0.036,31.0
27467,8.8334e-05,0.036,31.0
27468,8.8336e-05,0.036,31.0
27469,8.833800000000001e-05,0.036,31.0
27470,8.834000000000001e-05,0.036,31.0
27471,8.8342e-05,0.036,31.0
27472,8.834399999999999e-05,0.036,31.0
27473,8.8346e-05,0.036,31.0
27474,8.8348e-05,0.036,31.0
27475,8.835e-05,0.036,31.0
27476,8.835200000000001e-05,0.036,31.0
27477,8.8354e-05,0.036,31.0
27478,8.835599999999999e-05,0.036,31.0
27479,8.8358e-05,0.036,31.0
27480,8.836e-05,0.036,31.0
27481,8.8362e-05,0.036,31.0
27482,8.836400000000001e-05,0.036,31.0
27483,8.8366e-05,0.036,31.0
27484,8.8368e-05,0.036,31.0
27485,8.837e-05,0.036,31.0
27486,8.8372e-05,0.036,31.0
27487,8.8374e-05,0.036,31.0
27488,8.837600000000001e-05,0.036,31.0
27489,8.8378e-05,0.036,31.0
27490,8.838e-05,0.036,31.0
27491,8.8382e-05,0.036,31.0
27492,8.8384e-05,0.036,31.0
27493,8.8386e-05,0.036,31.0
27494,8.838800000000001e-05,0.036,31.0
27495,8.839e-05,0.036,31.0
27496,8.8392e-05,0.036,31.0
27497,8.8394e-05,0.036,31.0
27498,8.8396e-05,0.036,31.0
27499,8.8398e-05,0.036,31.0
27500,8.840000000000001e-05,0.036,31.0
27501,8.840200000000001e-05,0.036,31.0
27502,8.8404e-05,0.036,31.0
27503,8.8406e-05,0.036,31.0
27504,8.8408e-05,0.036,30.6
27505,8.841e-05,0.036,31.0
27506,8.8412e-05,0.036,31.0
27507,8.841400000000001e-05,0.036,31.0
27508,8.8416e-05,0.036,31.0
27509,8.841799999999999e-05,0.036,31.0
27510,8.842e-05,0.036,31.0
27511,8.8422e-05,0.036,31.0
27512,8.8424e-05,0.036,31.0
27513,8.842600000000001e-05,0.036,30.6
27514,8.8428e-05,0.036,31.0
27515,8.843e-05,0.036,31.0
27516,8.8432e-05,0.036,30.6
27517,8.8434e-05,0.036,31.0
27518,8.8436e-05,0.036,31.0
27519,8.843800000000001e-05,0.036,31.0
27520,8.844e-05,0.036,31.0
27521,8.8442e-05,0.036,31.0
27522,8.8444e-05,0.036,31.0
27523,8.8446e-05,0.036,31.0
27524,8.8448e-05,0.036,31.0
27525,8.845000000000001e-05,0.036,31.0
27526,8.8452e-05,0.036,31.0
27527,8.8454e-05,0.036,31.0
27528,8.8456e-05,0.036,31.0
27529,8.8458e-05,0.036,30.6
27530,8.846e-05,0.036,31.0
27531,8.846200000000001e-05,0.036,31.0
27532,8.846400000000001e-05,0.036,31.0
27533,8.8466e-05,0.036,31.0
27534,8.8468e-05,0.036,31.0
27535,8.847e-05,0.036,31.0
27536,8.8472e-05,0.036,31.0
27537,8.847400000000001e-05,0.036,30.6
27538,8.847600000000001e-05,0.036,31.0
27539,8.8478e-05,0.036,31.0
27540,8.847999999999999e-05,0.036,31.0
27541,8.8482e-05,0.036,31.0
27542,8.8484e-05,0.036,31.0
27543,8.8486e-05,0.036,31.0
27544,8.848800000000001e-05,0.036,30.6
27545,8.849e-05,0.036,30.6
27546,8.849199999999999e-05,0.036,31.0
27547,8.8494e-05,0.036,31.0
27548,8.8496e-05,0.036,31.0
27549,8.8498e-05,0.036,30.6
27550,8.850000000000001e-05,0.036,31.0
27551,8.8502e-05,0.036,31.0
27552,8.8504e-05,0.036,31.0
27553,8.8506e-05,0.036,30.6
27554,8.8508e-05,0.036,30.6
27555,8.851e-05,0.036,31.0
27556,8.851200000000001e-05,0.036,30.6
27557,8.8514e-05,0.036,31.0
27558,8.8516e-05,0.036,31.0
27559,8.8518e-05,0.036,30.6
27560,8.852e-05,0.036,31.0
27561,8.8522e-05,0.036,30.6
27562,8.852400000000001e-05,0.036,31.0
27563,8.8526e-05,0.036,31.0
27564,8.8528e-05,0.036,30.6
27565,8.853e-05,0.036,31.0
27566,8.8532e-05,0.036,31.0
27567,8.8534e-05,0.036,31.0
27568,8.853600000000001e-05,0.036,30.6
27569,8.853800000000001e-05,0.036,30.6
27570,8.854e-05,0.036,31.0
27571,8.8542e-05,0.036,31.0
27572,8.8544e-05,0.036,31.0
27573,8.8546e-05,0.036,30.6
27574,8.8548e-05,0.036,31.0
27575,8.855000000000001e-05,0.036,31.0
27576,8.8552e-05,0.036,31.0
27577,8.855399999999999e-05,0.036,30.6
27578,8.8556e-05,0.036,31.0
27579,8.8558e-05,0.036,30.6
27580,8.856e-05,0.036,30.6
27581,8.856200000000001e-05,0.036,31.0
27582,8.8564e-05,0.036,30.6
27583,8.8566e-05,0.036,31.0
27584,8.8568e-05,0.036,30.6
27585,8.857e-05,0.036,30.6
27586,8.8572e-05,0.036,30.6
27587,8.857400000000001e-05,0.036,31.0
27588,8.8576e-05,0.036,30.6
27589,8.8578e-05,0.036,30.6
27590,8.858e-05,0.036,31.0
27591,8.8582e-05,0.036,30.6
27592,8.8584e-05,0.036,30.6
27593,8.858600000000001e-05,0.036,30.6
27594,8.8588e-05,0.036,30.6
27595,8.859e-05,0.036,31.0
27596,8.8592e-05,0.036,30.6
27597,8.8594e-05,0.036,30.6
27598,8.8596e-05,0.036,31.0
27599,8.859800000000001e-05,0.036,30.6
27600,8.860000000000001e-05,0.036,30.6
27601,8.8602e-05,0.036,30.6
27602,8.8604e-05,0.036,31.0
27603,8.8606e-05,0.036,30.6
27604,8.8608e-05,0.036,30.6
27605,8.861000000000001e-05,0.036,30.6
27606,8.861200000000001e-05,0.036,30.6
27607,8.8614e-05,0.036,30.6
27608,8.861599999999999e-05,0.036,31.0
27609,8.8618e-05,0.036,30.6
27610,8.862e-05,0.036,30.6
27611,8.8622e-05,0.036,30.6
27612,8.862400000000001e-05,0.036,30.6
27613,8.8626e-05,0.036,30.6
27614,8.862799999999999e-05,0.036,30.6
27615,8.863e-05,0.036,31.0
27616,8.8632e-05,0.036,30.6
27617,8.8634e-05,0.036,30.6
27618,8.863600000000001e-05,0.036,30.6
27619,8.8638e-05,0.036,31.0
27620,8.864e-05,0.036,30.6
27621,8.8642e-05,0.036,30.6
27622,8.8644e-05,0.036,30.6
27623,8.8646e-05,0.036,30.6
27624,8.864800000000001e-05,0.036,30.6
27625,8.865e-05,0.036,30.6
27626,8.8652e-05,0.036,30.6
27627,8.8654e-05,0.036,30.6
27628,8.8656e-05,0.036,30.6
27629,8.8658e-05,0.036,31.0
27630,8.866000000000001e-05,0.036,30.6
27631,8.8662e-05,0.036,30.6
27632,8.8664e-05,0.036,30.6
27633,8.8666e-05,0.036,30.6
27634,8.8668e-05,0.036,30.6
27635,8.867e-05,0.036,31.0
27636,8.867200000000001e-05,0.036,30.6
27637,8.867400000000001e-05,0.036,30.6
27638,8.8676e-05,0.036,30.6
27639,8.8678e-05,0.036,30.6
27640,8.868e-05,0.036,30.6
27641,8.8682e-05,0.036,30.6
27642,8.8684e-05,0.036,31.0
27643,8.868600000000001e-05,0.036,30.6
27644,8.8688e-05,0.036,30.6
27645,8.868999999999999e-05,0.036,30.6
27646,8.8692e-05,0.036,30.6
27647,8.8694e-05,0.036,30.6
27648,8.8696e-05,0.036,30.6
27649,8.869800000000001e-05,0.036,30.6
27650,8.87e-05,0.036,31.0
27651,8.870199999999999e-05,0.036,30.6
27652,8.8704e-05,0.036,30.6
27653,8.8706e-05,0.036,30.6
27654,8.8708e-05,0.036,30.6
27655,8.871000000000001e-05,0.036,30.6
27656,8.8712e-05,0.036,30.6
27657,8.8714e-05,0.036,30.6
27658,8.8716e-05,0.036,31.0
27659,8.8718e-05,0.036,30.6
27660,8.872e-05,0.036,30.6
27661,8.872200000000001e-05,0.036,30.6
27662,8.8724e-05,0.036,30.6
27663,8.8726e-05,0.036,31.0
27664,8.8728e-05,0.036,30.6
27665,8.873e-05,0.036,30.6
27666,8.8732e-05,0.036,31.0
27667,8.873400000000001e-05,0.036,30.6
27668,8.8736e-05,0.036,30.6
27669,8.8738e-05,0.036,30.6
27670,8.874e-05,0.036,30.6
27671,8.8742e-05,0.036,30.6
27672,8.8744e-05,0.036,30.6
27673,8.874600000000001e-05,0.036,30.6
27674,8.874800000000001e-05,0.036,30.6
27675,8.875e-05,0.036,30.6
27676,8.875199999999999e-05,0.036,30.6
27677,8.8754e-05,0.036,30.6
27678,8.8756e-05,0.036,30.6
27679,8.8758e-05,0.036,30.6
27680,8.876000000000001e-05,0.036,30.6
27681,8.8762e-05,0.036,30.6
27682,8.876399999999999e-05,0.036,30.6
27683,8.8766e-05,0.036,30.6
27684,8.8768e-05,0.036,30.6
27685,8.877e-05,0.036,30.6
27686,8.877200000000001e-05,0.036,30.6
27687,8.8774e-05,0.036,30.6
27688,8.8776e-05,0.036,30.6
27689,8.8778e-05,0.036,30.6
27690,8.878e-05,0.036,30.6
27691,8.8782e-05,0.036,30.6
27692,8.878400000000001e-05,0.036,30.6
27693,8.8786e-05,0.036,30.6
27694,8.8788e-05,0.036,30.6
27695,8.879e-05,0.036,30.6
27696,8.8792e-05,0.036,30.6
27697,8.8794e-05,0.036,30.6
27698,8.879600000000001e-05,0.036,30.6
27699,8.8798e-05,0.036,30.6
27700,8.88e-05,0.036,30.6
27701,8.8802e-05,0.036,30.6
27702,8.8804e-05,0.036,30.6
27703,8.8806e-05,0.036,30.6
27704,8.880800000000001e-05,0.036,30.6
27705,8.881000000000001e-05,0.036,30.6
27706,8.8812e-05,0.036,30.6
27707,8.8814e-05,0.036,30.6
27708,8.8816e-05,0.036,30.6
27709,8.8818e-05,0.036,30.6
27710,8.882000000000001e-05,0.036,30.6
27711,8.882200000000001e-05,0.036,30.6
27712,8.8824e-05,0.036,30.6
27713,8.882599999999999e-05,0.036,30.6
27714,8.8828e-05,0.036,30.6
27715,8.883e-05,0.036,30.6
27716,8.8832e-05,0.036,30.6
27717,8.883400000000001e-05,0.036,30.6
27718,8.8836e-05,0.036,30.6
27719,8.883799999999999e-05,0.036,30.6
27720,8.884e-05,0.036,30.6
27721,8.8842e-05,0.036,30.6
27722,8.8844e-05,0.036,30.6
27723,8.884600000000001e-05,0.036,30.6
27724,8.8848e-05,0.036,30.6
27725,8.885e-05,0.036,30.6
27726,8.8852e-05,0.036,30.6
27727,8.8854e-05,0.036,30.6
27728,8.8856e-05,0.036,30.6
27729,8.885800000000001e-05,0.036,30.6
27730,8.886e-05,0.036,30.6
27731,8.8862e-05,0.036,30.6
27732,8.8864e-05,0.036,30.6
27733,8.8866e-05,0.036,30.6
27734,8.8868e-05,0.036,30.6
27735,8.887000000000001e-05,0.036,30.6
27736,8.8872e-05,0.036,30.6
27737,8.8874e-05,0.036,30.6
27738,8.8876e-05,0.036,30.6
27739,8.8878e-05,0.036,30.6
27740,8.888e-05,0.036,30.6
27741,8.888200000000001e-05,0.036,30.6
27742,8.888400000000001e-05,0.036,30.6
27743,8.8886e-05,0.036,30.6
27744,8.8888e-05,0.036,30.6
27745,8.889e-05,0.036,30.6
27746,8.8892e-05,0.036,30.6
27747,8.8894e-05,0.036,30.6
27748,8.889600000000001e-05,0.036,30.6
27749,8.8898e-05,0.036,30.6
27750,8.889999999999999e-05,0.036,30.6
27751,8.8902e-05,0.036,30.6
27752,8.8904e-05,0.036,30.6
27753,8.8906e-05,0.036,30.6
27754,8.890800000000001e-05,0.036,30.6
27755,8.891e-05,0.036,30.6
27756,8.8912e-05,0.036,30.6
27757,8.8914e-05,0.036,30.6
27758,8.8916e-05,0.036,30.6
27759,8.8918e-05,0.036,30.6
27760,8.892000000000001e-05,0.036,30.6
27761,8.8922e-05,0.036,30.6
27762,8.8924e-05,0.036,30.6
27763,8.8926e-05,0.036,30.6
27764,8.8928e-05,0.036,30.6
27765,8.893e-05,0.036,30.6
27766,8.893200000000001e-05,0.036,30.6
27767,8.8934e-05,0.036,30.6
27768,8.8936e-05,0.036,30.6
27769,8.8938e-05,0.036,30.2
27770,8.894e-05,0.036,30.2
27771,8.8942e-05,0.036,30.6
27772,8.894400000000001e-05,0.036,30.2
27773,8.894600000000001e-05,0.036,30.2
27774,8.8948e-05,0.036,30.2
27775,8.895e-05,0.036,30.2
27776,8.8952e-05,0.036,30.2
27777,8.8954e-05,0.036,30.2
27778,8.895600000000001e-05,0.036,30.2
27779,8.895800000000001e-05,0.028,30.2
27780,8.896e-05,0.036,29.8
27781,8.896199999999999e-05,0.028,30.2
27782,8.8964e-05,0.036,29.8
27783,8.8966e-05,0.036,29.8
27784,8.8968e-05,0.036,29.8
27785,8.897000000000001e-05,0.036,29.8
27786,8.8972e-05,0.036,29.8
27787,8.897399999999999e-05,0.036,29.8
27788,8.8976e-05,0.036,29.8
27789,8.8978e-05,0.036,29.0
27790,8.898e-05,0.036,29.0
27791,8.898200000000001e-05,0.036,29.0
27792,8.8984e-05,0.036,29.0
27793,8.8986e-05,0.028,29.0
27794,8.8988e-05,0.036,28.6
27795,8.899e-05,0.028,28.6
27796,8.8992e-05,0.036,28.6
27797,8.899400000000001e-05,0.036,28.6
27798,8.8996e-05,0.036,28.6
27799,8.8998e-05,0.036,28.2
27800,8.9e-05,0.036,28.2
27801,8.9002e-05,0.036,28.2
27802,8.9004e-05,0.036,28.2
27803,8.900600000000001e-05,0.036,28.2
27804,8.9008e-05,0.036,27.8
27805,8.901e-05,0.036,27.8
27806,8.9012e-05,0.036,27.8
27807,8.9014e-05,0.036,27.8
27808,8.9016e-05,0.036,27.8
27809,8.901800000000001e-05,0.036,27.4
27810,8.902000000000001e-05,0.036,27.4
27811,8.9022e-05,0.036,27.4
27812,8.9024e-05,0.036,27.4
27813,8.9026e-05,0.036,27.0
27814,8.9028e-05,0.036,27.0
27815,8.903e-05,0.036,27.0
27816,8.903200000000001e-05,0.036,27.0
27817,8.9034e-05,0.036,27.0
27818,8.903599999999999e-05,0.036,27.0
27819,8.9038e-05,0.036,26.6
27820,8.904e-05,0.036,26.6
27821,8.9042e-05,0.036,26.2
27822,8.904400000000001e-05,0.036,26.2
27823,8.9046e-05,0.036,26.2
27824,8.9048e-05,0.028,25.8
27825,8.905e-05,0.036,26.2
27826,8.9052e-05,0.036,25.8
27827,8.9054e-05,0.036,25.8
27828,8.905600000000001e-05,0.036,25.8
27829,8.9058e-05,0.036,25.4
27830,8.906e-05,0.036,25.4
27831,8.9062e-05,0.036,25.4
27832,8.9064e-05,0.036,25.0
27833,8.9066e-05,0.036,25.0
27834,8.906800000000001e-05,0.036,25.0
27835,8.907e-05,0.036,25.0
27836,8.9072e-05,0.036,24.6
27837,8.9074e-05,0.036,24.6
27838,8.9076e-05,0.036,24.6
27839,8.9078e-05,0.036,24.6
27840,8.908000000000001e-05,0.036,24.6
27841,8.908200000000001e-05,0.036,24.2
27842,8.9084e-05,0.036,24.2
27843,8.9086e-05,0.036,23.8
27844,8.9088e-05,0.036,23.8
27845,8.909e-05,0.036,23.8
27846,8.909200000000001e-05,0.036,23.8
27847,8.909400000000001e-05,0.036,23.0
27848,8.9096e-05,0.036,23.0
27849,8.909799999999999e-05,0.036,23.0
27850,8.91e-05,0.036,23.0
27851,8.9102e-05,0.028,22.6
27852,8.9104e-05,0.036,22.6
27853,8.910600000000001e-05,0.036,22.6
27854,8.9108e-05,0.036,22.2
27855,8.910999999999999e-05,0.036,22.2
27856,8.9112e-05,0.036,22.2
27857,8.9114e-05,0.036,21.8
27858,8.9116e-05,0.036,21.8
27859,8.911800000000001e-05,0.036,21.8
27860,8.912e-05,0.036,21.4
27861,8.9122e-05,0.036,21.4
27862,8.9124e-05,0.036,21.4
27863,8.9126e-05,0.036,21.0
27864,8.9128e-05,0.036,21.0
27865,8.913000000000001e-05,0.036,21.0
27866,8.9132e-05,0.036,21.0
27867,8.9134e-05,0.028,20.6
27868,8.9136e-05,0.036,20.6
27869,8.9138e-05,0.036,20.6
27870,8.914e-05,0.036,20.6
27871,8.914200000000001e-05,0.036,20.2
27872,8.9144e-05,0.036,20.2
27873,8.9146e-05,0.036,19.8
27874,8.9148e-05,0.036,19.8
27875,8.915e-05,0.028,19.8
27876,8.9152e-05,0.036,19.8
27877,8.915400000000001e-05,0.036,19.8
27878,8.915600000000001e-05,0.036,19.4
27879,8.9158e-05,0.036,19.4
27880,8.916e-05,0.036,19.0
27881,8.9162e-05,0.036,19.0
27882,8.9164e-05,0.036,19.0
27883,8.9166e-05,0.036,19.0
27884,8.916800000000001e-05,0.028,18.6
27885,8.917e-05,0.036,18.6
27886,8.917199999999999e-05,0.036,18.6
27887,8.9174e-05,0.036,18.2
27888,8.9176e-05,0.036,18.2
27889,8.9178e-05,0.028,18.2
27890,8.918000000000001e-05,0.036,18.2
27891,8.9182e-05,0.036,18.2
27892,8.9184e-05,0.036,17.8
27893,8.9186e-05,0.036,17.8
27894,8.9188e-05,0.036,17.8
27895,8.919e-05,0.028,17.0
27896,8.919200000000001e-05,0.036,17.0
27897,8.9194e-05,0.028,17.0
27898,8.9196e-05,0.036,17.0
27899,8.9198e-05,0.036,16.6
27900,8.92e-05,0.036,16.6
27901,8.9202e-05,0.028,16.6
27902,8.920400000000001e-05,0.036,16.2
27903,8.9206e-05,0.036,16.2
27904,8.9208e-05,0.036,16.2
27905,8.921e-05,0.028,15.8
27906,8.9212e-05,0.036,16.2
27907,8.9214e-05,0.036,15.8
27908,8.921600000000001e-05,0.036,15.8
27909,8.921800000000001e-05,0.036,15.8
27910,8.922e-05,0.036,15.8
27911,8.9222e-05,0.028,15.4
27912,8.9224e-05,0.036,15.4
27913,8.9226e-05,0.036,15.0
27914,8.922800000000001e-05,0.036,15.0
27915,8.923000000000001e-05,0.036,15.0
27916,8.9232e-05,0.036,15.0
27917,8.923399999999999e-05,0.036,15.0
27918,8.9236e-05,0.036,14.6
27919,8.9238e-05,0.036,14.6
27920,8.924e-05,0.036,14.6
27921,8.924200000000001e-05,0.036,14.6
27922,8.9244e-05,0.036,14.2
27923,8.924599999999999e-05,0.036,14.2
27924,8.9248e-05,0.036,14.2
27925,8.925e-05,0.036,14.2
27926,8.9252e-05,0.036,13.8
27927,8.925400000000001e-05,0.036,13.8
27928,8.9256e-05,0.036,13.8
27929,8.9258e-05,0.036,13.8
27930,8.926e-05,0.036,13.8
27931,8.9262e-05,0.036,13.4
27932,8.9264e-05,0.036,13.4
27933,8.926600000000001e-05,0.036,13.4
27934,8.9268e-05,0.036,13.4
27935,8.927e-05,0.028,13.0
27936,8.9272e-05,0.036,13.0
27937,8.9274e-05,0.036,13.0
27938,8.9276e-05,0.036,13.0
27939,8.927800000000001e-05,0.028,13.0
27940,8.928e-05,0.036,12.6
27941,8.9282e-05,0.036,12.6
27942,8.9284e-05,0.036,12.6
27943,8.9286e-05,0.028,12.6
27944,8.9288e-05,0.036,12.6
27945,8.929000000000001e-05,0.036,12.2
27946,8.929200000000001e-05,0.036,12.6
27947,8.9294e-05,0.028,12.2
27948,8.9296e-05,0.036,12.2
27949,8.9298e-05,0.036,12.2
27950,8.93e-05,0.036,12.2
27951,8.9302e-05,0.036,11.8
27952,8.930400000000001e-05,0.036,11.8
27953,8.9306e-05,0.036,11.8
27954,8.930799999999999e-05,0.036,11.8
27955,8.931e-05,0.036,11.8
27956,8.9312e-05,0.036,11.0
27957,8.9314e-05,0.036,11.8
27958,8.931600000000001e-05,0.036,11.0
27959,8.9318e-05,0.036,11.0
27960,8.932e-05,0.036,11.0
27961,8.9322e-05,0.036,11.0
27962,8.9324e-05,0.036,11.0
27963,8.9326e-05,0.036,11.0
27964,8.932800000000001e-05,0.036,10.6
27965,8.933e-05,0.028,10.6
27966,8.9332e-05,0.036,10.6
27967,8.9334e-05,0.036,10.6
27968,8.9336e-05,0.028,10.2
27969,8.9338e-05,0.036,10.6
27970,8.934000000000001e-05,0.036,10.6
27971,8.9342e-05,0.036,10.6
27972,8.9344e-05,0.036,10.2
27973,8.9346e-05,0.028,10.2
27974,8.9348e-05,0.036,10.2
27975,8.935e-05,0.028,10.2
27976,8.935200000000001e-05,0.036,9.8
27977,8.935400000000001e-05,0.036,10.2
27978,8.9356e-05,0.036,10.2
27979,8.9358e-05,0.036,10.2
27980,8.936e-05,0.036,9.8
27981,8.9362e-05,0.036,9.8
27982,8.936400000000001e-05,0.036,10.2
27983,8.936600000000001e-05,0.036,9.8
27984,8.9368e-05,0.036,9.8
27985,8.936999999999999e-05,0.036,9.8
27986,8.9372e-05,0.036,9.8
27987,8.9374e-05,0.028,9.8
27988,8.9376e-05,0.036,9.4
27989,8.937800000000001e-05,0.036,9.4
27990,8.938e-05,0.036,9.4
27991,8.938199999999999e-05,0.036,9.4
27992,8.9384e-05,0.028,9.4
27993,8.9386e-05,0.036,9.4
27994,8.9388e-05,0.036,9.4
27995,8.939000000000001e-05,0.028,9.4
27996,8.9392e-05,0.036,9.4
27997,8.9394e-05,0.036,9.4
27998,8.9396e-05,0.036,9.4
27999,8.9398e-05,0.036,9.4
28000,8.94e-05,0.036,9.0
28001,8.940200000000001e-05,0.036,9.4
28002,8.9404e-05,0.036,9.4
28003,8.9406e-05,0.028,9.4
28004,8.9408e-05,0.036,9.0
28005,8.941e-05,0.036,9.0
28006,8.9412e-05,0.036,9.0
28007,8.941400000000001e-05,0.036,9.0
28008,8.9416e-05,0.036,9.0
28009,8.9418e-05,0.036,9.0
28010,8.942e-05,0.036,9.0
28011,8.9422e-05,0.036,9.0
28012,8.9424e-05,0.036,9.0
28013,8.942600000000001e-05,0.036,9.0
28014,8.942800000000001e-05,0.036,9.0
28015,8.943e-05,0.028,9.0
28016,8.9432e-05,0.028,9.0
28017,8.9434e-05,0.028,9.0
28018,8.9436e-05,0.036,9.0
28019,8.9438e-05,0.036,9.0
28020,8.944000000000001e-05,0.028,9.0
28021,8.9442e-05,0.036,9.0
28022,8.944399999999999e-05,0.036,9.0
28023,8.9446e-05,0.036,9.0
28024,8.9448e-05,0.028,9.0
28025,8.945e-05,0.036,9.0
28026,8.945200000000001e-05,0.036,9.0
28027,8.9454e-05,0.036,9.0
28028,8.9456e-05,0.036,9.0
28029,8.9458e-05,0.036,9.0
28030,8.946e-05,0.036,9.0
28031,8.9462e-05,0.036,9.0
28032,8.946400000000001e-05,0.036,9.0
28033,8.9466e-05,0.036,9.0
28034,8.9468e-05,0.036,9.0
28035,8.947e-05,0.036,9.0
28036,8.9472e-05,0.036,8.6
28037,8.9474e-05,0.036,9.0
28038,8.947600000000001e-05,0.036,9.0
28039,8.9478e-05,0.028,9.0
28040,8.948e-05,0.036,8.6
28041,8.9482e-05,0.036,9.0
28042,8.9484e-05,0.036,9.0
28043,8.9486e-05,0.028,9.0
28044,8.948800000000001e-05,0.036,9.0
28045,8.949000000000001e-05,0.036,9.0
28046,8.9492e-05,0.036,9.0
28047,8.9494e-05,0.028,9.0
28048,8.9496e-05,0.028,9.0
28049,8.9498e-05,0.028,9.0
28050,8.950000000000001e-05,0.036,9.0
28051,8.950200000000001e-05,0.036,9.0
28052,8.9504e-05,0.036,9.0
28053,8.950599999999999e-05,0.028,9.0
28054,8.9508e-05,0.036,9.4
28055,8.951e-05,0.028,9.0
28056,8.9512e-05,0.028,9.0
28057,8.951400000000001e-05,0.036,9.0
28058,8.9516e-05,0.036,9.4
28059,8.951799999999999e-05,0.028,9.4
28060,8.952e-05,0.036,9.0
28061,8.9522e-05,0.036,9.4
28062,8.9524e-05,0.036,9.4
28063,8.952600000000001e-05,0.028,9.4
28064,8.9528e-05,0.036,9.4
28065,8.953e-05,0.028,9.4
28066,8.9532e-05,0.036,9.4
28067,8.9534e-05,0.028,9.4
28068,8.9536e-05,0.036,9.4
28069,8.953800000000001e-05,0.036,9.4
28070,8.954e-05,0.028,9.4
28071,8.9542e-05,0.028,9.8
28072,8.9544e-05,0.036,9.4
28073,8.9546e-05,0.036,9.8
28074,8.9548e-05,0.036,9.8
28075,8.955000000000001e-05,0.036,9.8
28076,8.9552e-05,0.028,9.8
28077,8.9554e-05,0.028,9.8
28078,8.9556e-05,0.028,9.8
28079,8.9558e-05,0.028,9.8
28080,8.956e-05,0.028,9.8
28081,8.956200000000001e-05,0.036,9.8
28082,8.956400000000001e-05,0.028,10.2
28083,8.9566e-05,0.028,10.2
28084,8.9568e-05,0.036,9.8
28085,8.957e-05,0.028,10.2
28086,8.9572e-05,0.036,10.2
28087,8.9574e-05,0.028,10.2
28088,8.957600000000001e-05,0.028,10.2
28089,8.9578e-05,0.036,10.2
28090,8.957999999999999e-05,0.028,10.6
28091,8.9582e-05,0.028,10.6
28092,8.9584e-05,0.036,10.2
28093,8.9586e-05,0.028,10.6
28094,8.958800000000001e-05,0.036,10.6
28095,8.959e-05,0.028,10.6
28096,8.9592e-05,0.028,10.6
28097,8.9594e-05,0.036,10.6
28098,8.9596e-05,0.028,11.0
28099,8.9598e-05,0.028,11.0
28100,8.960000000000001e-05,0.028,10.6
28101,8.9602e-05,0.028,11.0
28102,8.9604e-05,0.036,11.0
28103,8.9606e-05,0.028,11.0
28104,8.9608e-05,0.036,11.0
28105,8.961e-05,0.028,11.8
28106,8.961200000000001e-05,0.036,11.8
28107,8.9614e-05,0.028,11.8
28108,8.9616e-05,0.028,11.8
28109,8.9618e-05,0.028,11.8
28110,8.962e-05,0.028,11.8
28111,8.9622e-05,0.028,12.2
28112,8.962400000000001e-05,0.028,11.8
28113,8.962600000000001e-05,0.028,12.2
28114,8.9628e-05,0.028,12.2
28115,8.963e-05,0.028,12.2
28116,8.9632e-05,0.028,12.2
28117,8.9634e-05,0.036,12.6
28118,8.963600000000001e-05,0.028,12.6
28119,8.963800000000001e-05,0.028,12.6
28120,8.964e-05,0.028,12.6
28121,8.964199999999999e-05,0.028,12.6
28122,8.9644e-05,0.028,13.0
28123,8.9646e-05,0.028,13.0
28124,8.9648e-05,0.028,13.0
28125,8.965000000000001e-05,0.028,13.0
28126,8.9652e-05,0.028,13.0
28127,8.965399999999999e-05,0.028,13.0
28128,8.9656e-05,0.028,13.0
28129,8.9658e-05,0.028,13.4
28130,8.966e-05,0.036,13.4
28131,8.966200000000001e-05,0.028,13.4
28132,8.9664e-05,0.028,13.4
28133,8.9666e-05,0.028,13.8
28134,8.9668e-05,0.028,13.8
28135,8.967e-05,0.028,13.8
28136,8.9672e-05,0.028,13.8
28137,8.967400000000001e-05,0.028,13.8
28138,8.9676e-05,0.028,14.2
28139,8.9678e-05,0.028,14.2
28140,8.968e-05,0.028,14.2
28141,8.9682e-05,0.028,14.2
28142,8.9684e-05,0.028,14.2
28143,8.968600000000001e-05,0.028,14.6
28144,8.9688e-05,0.028,14.6
28145,8.969e-05,0.028,14.6
28146,8.9692e-05,0.028,14.6
28147,8.9694e-05,0.028,15.0
28148,8.9696e-05,0.028,14.6
28149,8.969800000000001e-05,0.028,15.0
28150,8.970000000000001e-05,0.028,15.0
28151,8.9702e-05,0.028,15.4
28152,8.9704e-05,0.028,15.4
28153,8.9706e-05,0.028,15.4
28154,8.9708e-05,0.028,15.4
28155,8.971e-05,0.028,15.4
28156,8.971200000000001e-05,0.028,15.4
28157,8.9714e-05,0.028,15.8
28158,8.971599999999999e-05,0.028,15.8
28159,8.9718e-05,0.028,15.8
28160,8.972e-05,0.028,15.8
28161,8.9722e-05,0.028,16.2
28162,8.972400000000001e-05,0.028,16.2
28163,8.9726e-05,0.028,16.2
28164,8.9728e-05,0.028,16.2
28165,8.973e-05,0.028,16.6
28166,8.9732e-05,0.028,16.6
28167,8.9734e-05,0.028,16.6
28168,8.973600000000001e-05,0.028,16.6
28169,8.9738e-05,0.028,17.0
28170,8.974e-05,0.028,17.0
28171,8.9742e-05,0.028,17.0
28172,8.9744e-05,0.028,17.0
28173,8.9746e-05,0.028,17.8
28174,8.974800000000001e-05,0.028,17.8
28175,8.975e-05,0.028,17.8
28176,8.9752e-05,0.028,17.8
28177,8.9754e-05,0.028,18.2
28178,8.9756e-05,0.028,18.2
28179,8.9758e-05,0.028,18.2
28180,8.976000000000001e-05,0.028,18.6
28181,8.976200000000001e-05,0.028,18.6
28182,8.9764e-05,0.028,18.6
28183,8.9766e-05,0.028,18.6
28184,8.9768e-05,0.028,18.6
28185,8.977e-05,0.028,19.0
28186,8.977200000000001e-05,0.028,19.0
28187,8.977400000000001e-05,0.028,19.0
28188,8.9776e-05,0.028,19.0
28189,8.9778e-05,0.028,19.4
28190,8.978e-05,0.028,19.4
28191,8.9782e-05,0.028,19.4
28192,8.9784e-05,0.028,19.4
28193,8.978600000000001e-05,0.028,19.8
28194,8.9788e-05,0.028,19.8
28195,8.978999999999999e-05,0.028,19.8
28196,8.9792e-05,0.028,19.8
28197,8.9794e-05,0.028,20.2
28198,8.9796e-05,0.028,20.2
28199,8.979800000000001e-05,0.028,20.2
28200,8.98e-05,0.028,20.2
28201,8.9802e-05,0.028,20.2
28202,8.9804e-05,0.028,20.6
28203,8.9806e-05,0.028,20.6
28204,8.9808e-05,0.028,20.6
28205,8.981000000000001e-05,0.028,20.6
28206,8.9812e-05,0.028,20.6
28207,8.9814e-05,0.028,21.0
28208,8.9816e-05,0.028,21.0
28209,8.9818e-05,0.028,21.0
28210,8.982e-05,0.028,21.4
28211,8.982200000000001e-05,0.02,21.4
28212,8.9824e-05,0.028,21.4
28213,8.9826e-05,0.028,21.4
28214,8.9828e-05,0.028,21.8
28215,8.983e-05,0.028,21.8
28216,8.9832e-05,0.028,21.8
28217,8.983400000000001e-05,0.028,21.8
28218,8.983600000000001e-05,0.028,21.8
28219,8.9838e-05,0.028,22.2
28220,8.984e-05,0.028,22.2
28221,8.9842e-05,0.028,22.2
28222,8.9844e-05,0.028,22.2
28223,8.984600000000001e-05,0.028,22.2
28224,8.984800000000001e-05,0.028,22.6
28225,8.985e-05,0.028,22.6
28226,8.985199999999999e-05,0.028,22.6
28227,8.9854e-05,0.028,22.6
28228,8.9856e-05,0.028,23.0
28229,8.9858e-05,0.028,23.0
28230,8.986000000000001e-05,0.028,23.0
28231,8.9862e-05,0.028,23.0
28232,8.986399999999999e-05,0.028,23.0
28233,8.9866e-05,0.028,23.0
28234,8.9868e-05,0.028,23.8
28235,8.987e-05,0.02,23.8
28236,8.987200000000001e-05,0.028,23.8
28237,8.9874e-05,0.028,23.8
28238,8.9876e-05,0.028,24.2
28239,8.9878e-05,0.028,24.2
28240,8.988e-05,0.028,24.2
28241,8.9882e-05,0.028,24.2
28242,8.988400000000001e-05,0.028,24.2
28243,8.9886e-05,0.02,24.2
28244,8.9888e-05,0.028,24.2
28245,8.989e-05,0.028,24.6
28246,8.9892e-05,0.028,24.6
28247,8.9894e-05,0.028,24.6
28248,8.989600000000001e-05,0.028,24.6
28249,8.9898e-05,0.028,24.6
28250,8.99e-05,0.028,24.6
28251,8.9902e-05,0.02,25.0
28252,8.9904e-05,0.028,25.0
28253,8.9906e-05,0.028,25.0
28254,8.990800000000001e-05,0.028,25.0
28255,8.991000000000001e-05,0.02,25.0
28256,8.9912e-05,0.02,25.0
28257,8.9914e-05,0.028,25.0
28258,8.9916e-05,0.028,25.4
28259,8.9918e-05,0.02,25.4
28260,8.992e-05,0.028,25.4
28261,8.992200000000001e-05,0.028,25.4
28262,8.9924e-05,0.028,25.4
28263,8.992599999999999e-05,0.02,25.4
28264,8.9928e-05,0.028,25.4
28265,8.993e-05,0.028,25.4
28266,8.9932e-05,0.028,25.4
28267,8.993400000000001e-05,0.02,25.8
28268,8.9936e-05,0.028,25.8
28269,8.9938e-05,0.028,25.8
28270,8.994e-05,0.028,25.8
28271,8.9942e-05,0.02,25.8
28272,8.9944e-05,0.028,25.8
28273,8.994600000000001e-05,0.02,25.8
28274,8.9948e-05,0.028,25.8
28275,8.995e-05,0.028,26.2
28276,8.9952e-05,0.02,25.8
28277,8.9954e-05,0.028,26.2
28278,8.9956e-05,0.028,26.2
28279,8.995800000000001e-05,0.028,26.2
28280,8.996e-05,0.02,26.2
28281,8.9962e-05,0.02,26.2
28282,8.9964e-05,0.028,26.2
28283,8.9966e-05,0.028,26.2
28284,8.9968e-05,0.028,26.2
28285,8.997000000000001e-05,0.028,26.2
28286,8.997200000000001e-05,0.028,26.2
28287,8.9974e-05,0.02,26.2
28288,8.9976e-05,0.02,26.2
28289,8.9978e-05,0.028,26.2
28290,8.998e-05,0.028,26.2
28291,8.998200000000001e-05,0.02,26.6
28292,8.998400000000001e-05,0.02,26.2
28293,8.9986e-05,0.02,26.6
28294,8.998799999999999e-05,0.028,26.2
28295,8.999e-05,0.02,26.6
28296,8.9992e-05,0.02,26.6
28297,8.9994e-05,0.028,26.6
28298,8.999600000000001e-05,0.028,26.6
28299,8.9998e-05,0.02,26.6
28300,8.999999999999999e-05,0.02,26.6
28301,9.0002e-05,0.02,26.6
28302,9.0004e-05,0.02,26.6
28303,9.0006e-05,0.02,26.6
28304,9.000800000000001e-05,0.02,26.2
28305,9.001e-05,0.02,26.6
28306,9.0012e-05,0.028,26.6
28307,9.0014e-05,0.02,26.6
28308,9.0016e-05,0.02,26.2
28309,9.0018e-05,0.02,26.2
28310,9.002000000000001e-05,0.028,26.6
28311,9.0022e-05,0.02,26.6
28312,9.0024e-05,0.02,26.6
28313,9.0026e-05,0.02,26.6
28314,9.0028e-05,0.028,26.6
28315,9.003e-05,0.02,26.6
28316,9.003200000000001e-05,0.02,26.2
28317,9.0034e-05,0.028,26.2
28318,9.0036e-05,0.028,26.6
28319,9.0038e-05,0.02,26.2
28320,9.004e-05,0.02,26.2
28321,9.0042e-05,0.02,26.2
28322,9.004400000000001e-05,0.028,26.2
28323,9.004600000000001e-05,0.02,26.2
28324,9.0048e-05,0.02,26.2
28325,9.005e-05,0.02,26.2
28326,9.0052e-05,0.02,26.2
28327,9.0054e-05,0.02,26.2
28328,9.0056e-05,0.02,26.2
28329,9.005800000000001e-05,0.028,26.2
28330,9.006e-05,0.028,26.2
28331,9.006199999999999e-05,0.02,26.2
28332,9.0064e-05,0.028,26.2
28333,9.0066e-05,0.02,26.2
28334,9.0068e-05,0.028,26.2
28335,9.007000000000001e-05,0.02,26.2
28336,9.0072e-05,0.02,25.8
28337,9.0074e-05,0.02,25.8
28338,9.0076e-05,0.02,25.8
28339,9.0078e-05,0.02,25.8
28340,9.008e-05,0.02,25.8
28341,9.008200000000001e-05,0.028,25.8
28342,9.0084e-05,0.028,25.8
28343,9.0086e-05,0.02,25.8
28344,9.0088e-05,0.028,25.4
28345,9.009e-05,0.02,25.4
28346,9.0092e-05,0.02,25.4
28347,9.009400000000001e-05,0.02,25.4
28348,9.0096e-05,0.02,25.4
28349,9.0098e-05,0.02,25.4
28350,9.01e-05,0.02,25.4
28351,9.0102e-05,0.02,25.4
28352,9.0104e-05,0.02,25.0
28353,9.010600000000001e-05,0.028,25.0
28354,9.010800000000001e-05,0.02,25.0
28355,9.011e-05,0.02,25.0
28356,9.0112e-05,0.02,25.0
28357,9.0114e-05,0.02,25.0
28358,9.0116e-05,0.02,25.0
28359,9.011800000000001e-05,0.02,25.0
28360,9.012000000000001e-05,0.02,24.6
28361,9.0122e-05,0.02,24.6
28362,9.012399999999999e-05,0.02,24.6
28363,9.0126e-05,0.02,24.6
28364,9.0128e-05,0.02,24.6
28365,9.013e-05,0.02,24.6
28366,9.013200000000001e-05,0.02,24.6
28367,9.0134e-05,0.02,24.6
28368,9.013599999999999e-05,0.02,24.2
28369,9.0138e-05,0.02,24.2
28370,9.014e-05,0.02,24.2
28371,9.0142e-05,0.02,24.2
28372,9.014400000000001e-05,0.02,24.2
28373,9.0146e-05,0.02,24.2
28374,9.0148e-05,0.02,23.8
28375,9.015e-05,0.02,23.8
28376,9.0152e-05,0.02,23.8
28377,9.0154e-05,0.02,23.8
28378,9.015600000000001e-05,0.02,23.8
28379,9.0158e-05,0.02,23.8
28380,9.016e-05,0.02,23.0
28381,9.0162e-05,0.02,23.0
28382,9.0164e-05,0.028,23.0
28383,9.0166e-05,0.02,23.0
28384,9.016800000000001e-05,0.02,23.0
28385,9.017e-05,0.02,23.0
28386,9.0172e-05,0.02,22.6
28387,9.0174e-05,0.02,22.6
28388,9.0176e-05,0.02,22.6
28389,9.0178e-05,0.02,22.6
28390,9.018000000000001e-05,0.02,22.6
28391,9.018200000000001e-05,0.02,22.2
28392,9.0184e-05,0.02,22.2
28393,9.0186e-05,0.02,22.2
28394,9.0188e-05,0.02,22.2
28395,9.019e-05,0.02,22.2
28396,9.0192e-05,0.02,21.8
28397,9.019400000000001e-05,0.02,21.8
28398,9.0196e-05,0.02,21.8
28399,9.019799999999999e-05,0.02,21.8
28400,9.02e-05,0.02,21.8
28401,9.0202e-05,0.02,21.4
28402,9.0204e-05,0.02,21.4
28403,9.020600000000001e-05,0.02,21.4
28404,9.0208e-05,0.02,21.4
28405,9.021e-05,0.02,21.4
28406,9.0212e-05,0.02,21.4
28407,9.0214e-05,0.02,21.0
28408,9.0216e-05,0.02,21.0
28409,9.021800000000001e-05,0.02,21.0
28410,9.022e-05,0.02,21.0
28411,9.0222e-05,0.02,21.0
28412,9.0224e-05,0.028,20.6
28413,9.0226e-05,0.02,20.6
28414,9.0228e-05,0.028,20.6
28415,9.023000000000001e-05,0.02,20.6
28416,9.0232e-05,0.02,20.2
28417,9.0234e-05,0.02,20.2
28418,9.0236e-05,0.02,20.2
28419,9.0238e-05,0.02,20.2
28420,9.024e-05,0.02,19.8
28421,9.024200000000001e-05,0.02,19.8
28422,9.024400000000001e-05,0.02,19.8
28423,9.0246e-05,0.02,19.8
28424,9.0248e-05,0.02,19.8
28425,9.025e-05,0.02,19.8
28426,9.0252e-05,0.02,19.8
28427,9.025400000000001e-05,0.02,19.4
28428,9.025600000000001e-05,0.02,19.4
28429,9.0258e-05,0.02,19.4
28430,9.025999999999999e-05,0.02,19.4
28431,9.0262e-05,0.02,19.4
28432,9.0264e-05,0.02,19.0
28433,9.0266e-05,0.02,19.0
28434,9.026800000000001e-05,0.028,19.0
28435,9.027e-05,0.02,19.0
28436,9.027199999999999e-05,0.02,18.6
28437,9.0274e-05,0.02,18.6
28438,9.0276e-05,0.028,18.6
28439,9.0278e-05,0.02,18.6
28440,9.028000000000001e-05,0.02,18.6
28441,9.0282e-05,0.02,18.6
28442,9.0284e-05,0.02,18.2
28443,9.0286e-05,0.02,18.2
28444,9.0288e-05,0.02,18.2
28445,9.029e-05,0.02,18.2
28446,9.029200000000001e-05,0.02,18.2
28447,9.0294e-05,0.02,17.8
28448,9.0296e-05,0.02,17.8
28449,9.0298e-05,0.02,17.8
28450,9.03e-05,0.02,17.8
28451,9.0302e-05,0.02,17.8
28452,9.030400000000001e-05,0.02,17.0
28453,9.0306e-05,0.02,17.0
28454,9.0308e-05,0.02,17.0
28455,9.031e-05,0.02,17.0
28456,9.0312e-05,0.02,16.6
28457,9.0314e-05,0.02,16.6
28458,9.031600000000001e-05,0.02,17.0
28459,9.031800000000001e-05,0.02,16.6
28460,9.032e-05,0.02,16.6
28461,9.0322e-05,0.02,16.6
28462,9.0324e-05,0.02,16.6
28463,9.0326e-05,0.02,16.2
28464,9.0328e-05,0.02,16.2
28465,9.033000000000001e-05,0.02,16.2
28466,9.0332e-05,0.02,16.2
28467,9.033399999999999e-05,0.02,16.2
28468,9.0336e-05,0.02,15.8
28469,9.0338e-05,0.02,15.8
28470,9.034e-05,0.028,15.8
28471,9.034200000000001e-05,0.02,15.8
28472,9.0344e-05,0.02,15.8
28473,9.0346e-05,0.02,15.8
28474,9.0348e-05,0.028,15.8
28475,9.035e-05,0.02,15.4
28476,9.0352e-05,0.02,15.4
28477,9.035400000000001e-05,0.02,15.4
28478,9.0356e-05,0.02,15.4
28479,9.0358e-05,0.02,15.4
28480,9.036e-05,0.02,15.0
28481,9.0362e-05,0.02,15.0
28482,9.0364e-05,0.028,15.0
28483,9.036600000000001e-05,0.02,15.0
28484,9.0368e-05,0.02,15.0
28485,9.037e-05,0.02,15.0
28486,9.0372e-05,0.028,15.0
28487,9.0374e-05,0.02,14.6
28488,9.0376e-05,0.02,14.6
28489,9.037800000000001e-05,0.02,14.6
28490,9.038000000000001e-05,0.02,14.6
28491,9.0382e-05,0.02,14.6
28492,9.0384e-05,0.02,14.2
28493,9.0386e-05,0.02,14.6
28494,9.0388e-05,0.02,14.2
28495,9.039000000000001e-05,0.02,14.2
28496,9.039200000000001e-05,0.02,14.2
28497,9.0394e-05,0.02,14.2
28498,9.039599999999999e-05,0.02,14.2
28499,9.0398e-05,0.02,14.2
28500,9.04e-05,0.02,13.8
28501,9.0402e-05,0.02,13.8
28502,9.040400000000001e-05,0.02,13.8
28503,9.0406e-05,0.02,13.8
28504,9.040799999999999e-05,0.02,13.8
28505,9.041e-05,0.02,13.8
28506,9.0412e-05,0.02,13.8
28507,9.0414e-05,0.02,13.8
28508,9.041600000000001e-05,0.02,13.4
28509,9.0418e-05,0.02,13.4
28510,9.042e-05,0.02,13.4
28511,9.0422e-05,0.02,13.4
28512,9.0424e-05,0.02,13.4
28513,9.0426e-05,0.02,13.4
28514,9.042800000000001e-05,0.028,13.4
28515,9.043e-05,0.02,13.4
28516,9.0432e-05,0.02,13.0
28517,9.0434e-05,0.02,13.4
28518,9.0436e-05,0.02,13.0
28519,9.0438e-05,0.02,13.0
28520,9.044000000000001e-05,0.02,13.0
28521,9.0442e-05,0.02,13.0
28522,9.0444e-05,0.02,13.0
28523,9.0446e-05,0.02,13.0
28524,9.0448e-05,0.02,13.0
28525,9.045e-05,0.02,13.0
28526,9.045200000000001e-05,0.028,13.0
28527,9.045400000000001e-05,0.02,13.0
28528,9.0456e-05,0.02,12.6
28529,9.0458e-05,0.02,12.6
28530,9.046e-05,0.02,12.6
28531,9.0462e-05,0.02,12.6
28532,9.0464e-05,0.02,12.6
28533,9.046600000000001e-05,0.02,12.6
28534,9.0468e-05,0.02,12.6
28535,9.046999999999999e-05,0.02,12.6
28536,9.0472e-05,0.02,12.6
28537,9.0474e-05,0.02,12.6
28538,9.0476e-05,0.02,12.6
28539,9.047800000000001e-05,0.02,12.6
28540,9.048e-05,0.02,12.2
28541,9.0482e-05,0.02,12.2
28542,9.0484e-05,0.028,12.2
28543,9.0486e-05,0.02,12.2
28544,9.0488e-05,0.02,12.2
28545,9.049000000000001e-05,0.02,12.2
28546,9.0492e-05,0.02,12.2
28547,9.0494e-05,0.02,12.2
28548,9.0496e-05,0.02,12.2
28549,9.0498e-05,0.02,12.2
28550,9.05e-05,0.02,12.2
28551,9.050200000000001e-05,0.02,12.2
28552,9.0504e-05,0.02,11.8
28553,9.0506e-05,0.02,12.2
28554,9.0508e-05,0.02,12.2
28555,9.051e-05,0.02,12.2
28556,9.0512e-05,0.02,11.8
28557,9.051400000000001e-05,0.02,12.2
28558,9.051600000000001e-05,0.02,11.8
28559,9.0518e-05,0.02,12.2
28560,9.052e-05,0.02,11.8
28561,9.0522e-05,0.02,11.8
28562,9.0524e-05,0.02,11.8
28563,9.052600000000001e-05,0.02,11.8
28564,9.052800000000001e-05,0.02,11.8
28565,9.053e-05,0.02,11.8
28566,9.053199999999999e-05,0.02,11.8
28567,9.0534e-05,0.02,11.8
28568,9.0536e-05,0.02,11.8
28569,9.0538e-05,0.02,11.8
28570,9.054000000000001e-05,0.02,11.8
28571,9.0542e-05,0.02,11.8
28572,9.054399999999999e-05,0.02,11.8
28573,9.0546e-05,0.02,11.8
28574,9.0548e-05,0.02,11.8
28575,9.055e-05,0.02,11.8
28576,9.055200000000001e-05,0.02,11.8
28577,9.0554e-05,0.02,11.8
28578,9.0556e-05,0.02,11.8
28579,9.0558e-05,0.02,11.8
28580,9.056e-05,0.02,11.8
28581,9.0562e-05,0.02,11.8
28582,9.056400000000001e-05,0.02,11.8
28583,9.0566e-05,0.02,11.8
28584,9.0568e-05,0.02,11.8
28585,9.057e-05,0.02,11.8
28586,9.0572e-05,0.028,11.8
28587,9.0574e-05,0.02,11.8
28588,9.057600000000001e-05,0.02,11.8
28589,9.0578e-05,0.02,11.8
28590,9.058e-05,0.02,11.8
28591,9.0582e-05,0.02,11.8
28592,9.0584e-05,0.02,11.8
28593,9.0586e-05,0.02,11.8
28594,9.058800000000001e-05,0.02,11.8
28595,9.059000000000001e-05,0.02,11.8
28596,9.0592e-05,0.02,11.8
28597,9.0594e-05,0.02,11.8
28598,9.0596e-05,0.028,11.8
28599,9.0598e-05,0.02,11.8
28600,9.06e-05,0.02,11.8
28601,9.060200000000001e-05,0.02,11.8
28602,9.0604e-05,0.028,11.8
28603,9.060599999999999e-05,0.02,11.8
28604,9.0608e-05,0.02,11.8
28605,9.061e-05,0.02,11.8
28606,9.0612e-05,0.02,11.8
28607,9.061400000000001e-05,0.02,12.2
28608,9.0616e-05,0.02,11.8
28609,9.0618e-05,0.02,11.8
28610,9.062e-05,0.02,12.2
28611,9.0622e-05,0.02,12.2
28612,9.0624e-05,0.02,11.8
28613,9.062600000000001e-05,0.02,12.2
28614,9.0628e-05,0.028,12.2
28615,9.063e-05,0.02,12.2
28616,9.0632e-05,0.02,11.8
28617,9.0634e-05,0.02,12.2
28618,9.0636e-05,0.02,12.2
28619,9.063800000000001e-05,0.02,12.2
28620,9.064e-05,0.02,12.2
28621,9.0642e-05,0.02,12.2
28622,9.0644e-05,0.02,12.2
28623,9.0646e-05,0.02,12.2
28624,9.0648e-05,0.02,12.2
28625,9.065000000000001e-05,0.02,12.2
28626,9.065200000000001e-05,0.02,12.6
28627,9.0654e-05,0.02,12.2
28628,9.0656e-05,0.02,12.2
28629,9.0658e-05,0.02,12.6
28630,9.066e-05,0.02,12.6
28631,9.066200000000001e-05,0.02,12.6
28632,9.066400000000001e-05,0.02,12.6
28633,9.0666e-05,0.02,12.6
28634,9.066799999999999e-05,0.02,12.6
28635,9.067e-05,0.02,12.6
28636,9.0672e-05,0.02,12.6
28637,9.0674e-05,0.02,12.6
28638,9.067600000000001e-05,0.02,12.6
28639,9.0678e-05,0.02,13.0
28640,9.067999999999999e-05,0.02,12.6
28641,9.0682e-05,0.02,13.0
28642,9.0684e-05,0.02,13.0
28643,9.0686e-05,0.02,13.0
28644,9.068800000000001e-05,0.02,13.0
28645,9.069e-05,0.02,13.0
28646,9.0692e-05,0.02,13.0
28647,9.0694e-05,0.02,13.0
28648,9.0696e-05,0.02,13.0
28649,9.0698e-05,0.02,13.0
28650,9.070000000000001e-05,0.02,13.4
28651,9.0702e-05,0.02,13.4
28652,9.0704e-05,0.02,13.0
28653,9.0706e-05,0.02,13.4
28654,9.0708e-05,0.02,13.4
28655,9.071e-05,0.02,13.4
28656,9.071200000000001e-05,0.02,13.4
28657,9.0714e-05,0.02,13.4
28658,9.0716e-05,0.02,13.4
28659,9.0718e-05,0.02,13.8
28660,9.072e-05,0.02,13.4
28661,9.0722e-05,0.02,13.8
28662,9.072400000000001e-05,0.02,13.8
28663,9.072600000000001e-05,0.02,13.8
28664,9.0728e-05,0.02,13.8
28665,9.073e-05,0.02,13.8
28666,9.0732e-05,0.02,13.8
28667,9.0734e-05,0.02,13.8
28668,9.0736e-05,0.02,13.8
28669,9.073800000000001e-05,0.02,14.2
28670,9.074e-05,0.02,14.2
28671,9.074199999999999e-05,0.02,14.2
28672,9.0744e-05,0.02,14.2
28673,9.0746e-05,0.02,14.2
28674,9.0748e-05,0.02,14.2
28675,9.075000000000001e-05,0.02,14.6
28676,9.0752e-05,0.02,14.2
28677,9.0754e-05,0.02,14.6
28678,9.0756e-05,0.02,14.6
28679,9.0758e-05,0.02,14.6
28680,9.076e-05,0.02,14.6
28681,9.076200000000001e-05,0.02,14.6
28682,9.0764e-05,0.02,14.6
28683,9.0766e-05,0.02,14.6
28684,9.0768e-05,0.02,14.6
28685,9.077e-05,0.02,15.0
28686,9.0772e-05,0.02,15.0
28687,9.077400000000001e-05,0.02,15.0
28688,9.0776e-05,0.02,15.0
28689,9.0778e-05,0.02,15.0
28690,9.078e-05,0.02,15.0
28691,9.0782e-05,0.02,15.4
28692,9.0784e-05,0.02,15.0
28693,9.078600000000001e-05,0.02,15.4
28694,9.078800000000001e-05,0.02,15.4
28695,9.079e-05,0.02,15.4
28696,9.0792e-05,0.02,15.4
28697,9.0794e-05,0.02,15.8
28698,9.0796e-05,0.02,15.8
28699,9.079800000000001e-05,0.02,15.8
28700,9.080000000000001e-05,0.02,15.8
28701,9.0802e-05,0.02,15.8
28702,9.0804e-05,0.02,15.8
28703,9.0806e-05,0.02,16.2
28704,9.0808e-05,0.02,15.8
28705,9.081e-05,0.02,16.2
28706,9.081200000000001e-05,0.02,16.2
28707,9.0814e-05,0.02,16.2
28708,9.081599999999999e-05,0.02,16.2
28709,9.0818e-05,0.02,16.6
28710,9.082e-05,0.02,16.6
28711,9.0822e-05,0.02,16.6
28712,9.082400000000001e-05,0.02,16.6
28713,9.0826e-05,0.02,16.6
28714,9.0828e-05,0.02,16.6
28715,9.083e-05,0.02,17.0
28716,9.0832e-05,0.02,16.6
28717,9.0834e-05,0.02,17.0
28718,9.083600000000001e-05,0.02,17.0
28719,9.0838e-05,0.02,17.0
28720,9.084e-05,0.02,17.0
28721,9.0842e-05,0.02,17.0
28722,9.0844e-05,0.02,17.8
28723,9.0846e-05,0.02,17.8
28724,9.084800000000001e-05,0.02,17.8
28725,9.085e-05,0.02,17.8
28726,9.0852e-05,0.02,17.8
28727,9.0854e-05,0.02,18.2
28728,9.0856e-05,0.02,17.8
28729,9.0858e-05,0.02,18.2
28730,9.086000000000001e-05,0.02,18.2
28731,9.086200000000001e-05,0.02,18.2
28732,9.0864e-05,0.02,18.2
28733,9.0866e-05,0.02,18.6
28734,9.0868e-05,0.02,18.6
28735,9.087e-05,0.02,18.6
28736,9.087200000000001e-05,0.02,18.6
28737,9.087400000000001e-05,0.02,18.6
28738,9.0876e-05,0.02,18.6
28739,9.087799999999999e-05,0.02,18.6
28740,9.088e-05,0.02,18.6
28741,9.0882e-05,0.02,19.0
28742,9.0884e-05,0.02,19.0
28743,9.088600000000001e-05,0.02,19.0
28744,9.0888e-05,0.02,19.0
28745,9.089e-05,0.02,19.0
28746,9.0892e-05,0.02,19.4
28747,9.0894e-05,0.012,19.0
28748,9.0896e-05,0.02,19.0
28749,9.089800000000001e-05,0.02,19.4
28750,9.09e-05,0.02,19.4
28751,9.0902e-05,0.02,19.4
28752,9.0904e-05,0.02,19.4
28753,9.0906e-05,0.02,19.4
28754,9.0908e-05,0.02,19.8
28755,9.091000000000001e-05,0.02,19.8
28756,9.0912e-05,0.02,19.8
28757,9.0914e-05,0.02,19.8
28758,9.0916e-05,0.02,19.8
28759,9.0918e-05,0.02,20.2
28760,9.092e-05,0.02,20.2
28761,9.092200000000001e-05,0.02,20.2
28762,9.092400000000001e-05,0.02,20.2
28763,9.0926e-05,0.02,20.2
28764,9.0928e-05,0.02,20.2
28765,9.093e-05,0.02,20.6
28766,9.0932e-05,0.02,20.6
28767,9.093400000000001e-05,0.012,20.6
28768,9.093600000000001e-05,0.02,20.6
28769,9.0938e-05,0.02,20.6
28770,9.094e-05,0.02,20.6
28771,9.0942e-05,0.02,20.6
28772,9.0944e-05,0.02,20.6
28773,9.0946e-05,0.02,21.0
28774,9.094800000000001e-05,0.02,21.0
28775,9.095e-05,0.02,21.0
28776,9.095199999999999e-05,0.012,21.0
28777,9.0954e-05,0.02,21.0
28778,9.0956e-05,0.02,21.0
28779,9.0958e-05,0.02,21.4
28780,9.096000000000001e-05,0.02,21.0
28781,9.0962e-05,0.012,21.4
28782,9.0964e-05,0.02,21.4
28783,9.0966e-05,0.012,21.4
28784,9.0968e-05,0.02,21.4
28785,9.097e-05,0.02,21.4
28786,9.097200000000001e-05,0.02,21.8
28787,9.0974e-05,0.02,21.8
28788,9.0976e-05,0.012,21.8
28789,9.0978e-05,0.02,21.8
28790,9.098e-05,0.02,21.8
28791,9.0982e-05,0.012,21.8
28792,9.098400000000001e-05,0.012,21.8
28793,9.0986e-05,0.02,21.8
28794,9.0988e-05,0.02,21.8
28795,9.099e-05,0.012,22.2
28796,9.0992e-05,0.02,21.8
28797,9.0994e-05,0.02,22.2
28798,9.099600000000001e-05,0.02,22.2
28799,9.099800000000001e-05,0.02,22.2
28800,9.1e-05,0.02,22.2
28801,9.1002e-05,0.02,22.2
28802,9.1004e-05,0.02,22.2
28803,9.1006e-05,0.012,22.2
28804,9.100800000000001e-05,0.012,22.2
28805,9.101000000000001e-05,0.02,22.2
28806,9.1012e-05,0.02,22.2
28807,9.101399999999999e-05,0.02,22.6
28808,9.1016e-05,0.02,22.6
28809,9.1018e-05,0.02,22.6
28810,9.102e-05,0.02,22.6
28811,9.102200000000001e-05,0.012,22.6
28812,9.1024e-05,0.012,22.6
28813,9.1026e-05,0.02,22.6
28814,9.1028e-05,0.02,22.6
28815,9.103e-05,0.012,22.6
28816,9.1032e-05,0.012,22.6
28817,9.103400000000001e-05,0.02,23.0
28818,9.1036e-05,0.02,23.0
28819,9.1038e-05,0.012,23.0
28820,9.104e-05,0.012,22.6
28821,9.1042e-05,0.012,23.0
28822,9.1044e-05,0.02,23.0
28823,9.104600000000001e-05,0.012,23.0
28824,9.1048e-05,0.02,23.0
28825,9.105e-05,0.012,23.0
28826,9.1052e-05,0.02,23.0
28827,9.1054e-05,0.012,23.0
28828,9.1056e-05,0.02,23.0
28829,9.105800000000001e-05,0.012,23.0
28830,9.106e-05,0.02,23.0
28831,9.1062e-05,0.012,23.0
28832,9.1064e-05,0.02,23.0
28833,9.1066e-05,0.02,23.0
28834,9.1068e-05,0.02,23.8
28835,9.107000000000001e-05,0.012,23.8
28836,9.107200000000001e-05,0.012,23.8
28837,9.1074e-05,0.012,23.8
28838,9.1076e-05,0.012,23.8
28839,9.1078e-05,0.012,23.8
28840,9.108e-05,0.02,23.8
28841,9.1082e-05,0.02,23.8
28842,9.108400000000001e-05,0.02,23.8
28843,9.1086e-05,0.012,23.8
28844,9.108799999999999e-05,0.02,23.8
28845,9.109e-05,0.012,23.8
28846,9.1092e-05,0.02,23.8
28847,9.1094e-05,0.012,23.8
28848,9.109600000000001e-05,0.012,23.8
28849,9.1098e-05,0.012,23.8
28850,9.11e-05,0.02,23.8
28851,9.1102e-05,0.012,23.8
28852,9.1104e-05,0.012,23.8
28853,9.1106e-05,0.012,23.8
28854,9.110800000000001e-05,0.02,23.8
28855,9.111e-05,0.012,23.8
28856,9.1112e-05,0.012,23.8
28857,9.1114e-05,0.012,23.8
28858,9.1116e-05,0.012,23.8
28859,9.1118e-05,0.012,23.8
28860,9.112000000000001e-05,0.02,23.8
28861,9.1122e-05,0.02,23.8
28862,9.1124e-05,0.02,23.8
28863,9.1126e-05,0.012,23.8
28864,9.1128e-05,0.02,23.8
28865,9.113e-05,0.012,23.8
28866,9.113200000000001e-05,0.02,23.8
28867,9.113400000000001e-05,0.012,23.8
28868,9.1136e-05,0.012,23.8
28869,9.1138e-05,0.012,23.8
28870,9.114e-05,0.012,23.8
28871,9.1142e-05,0.012,23.8
28872,9.114400000000001e-05,0.012,23.8
28873,9.114600000000001e-05,0.012,23.8
28874,9.1148e-05,0.02,23.8
28875,9.114999999999999e-05,0.012,23.8
28876,9.1152e-05,0.012,23.0
28877,9.1154e-05,0.012,23.0
28878,9.1156e-05,0.02,23.8
28879,9.115800000000001e-05,0.012,23.0
28880,9.116e-05,0.012,23.0
28881,9.116199999999999e-05,0.012,23.0
28882,9.1164e-05,0.02,23.0
28883,9.1166e-05,0.012,23.0
28884,9.1168e-05,0.012,23.0
28885,9.117000000000001e-05,0.012,23.0
28886,9.1172e-05,0.012,23.0
28887,9.1174e-05,0.012,23.0
28888,9.1176e-05,0.012,23.0
28889,9.1178e-05,0.012,23.0
28890,9.118e-05,0.012,23.0
28891,9.118200000000001e-05,0.012,23.0
28892,9.1184e-05,0.012,23.0
28893,9.1186e-05,0.012,23.0
28894,9.1188e-05,0.012,23.0
28895,9.119e-05,0.012,23.0
28896,9.1192e-05,0.012,22.6
28897,9.119400000000001e-05,0.012,23.0
28898,9.1196e-05,0.02,23.0
28899,9.1198e-05,0.012,22.6
28900,9.12e-05,0.012,22.6
28901,9.1202e-05,0.012,22.6
28902,9.1204e-05,0.012,22.6
28903,9.120600000000001e-05,0.012,22.6
28904,9.120800000000001e-05,0.012,22.6
28905,9.121e-05,0.012,22.6
28906,9.1212e-05,0.012,22.6
28907,9.1214e-05,0.012,22.6
28908,9.1216e-05,0.012,22.6
28909,9.1218e-05,0.012,22.2
28910,9.122000000000001e-05,0.012,22.6
28911,9.1222e-05,0.012,22.2
28912,9.122399999999999e-05,0.012,22.2
28913,9.1226e-05,0.02,22.2
28914,9.1228e-05,0.02,22.2
28915,9.123e-05,0.012,22.2
28916,9.123200000000001e-05,0.012,22.2
28917,9.1234e-05,0.02,22.2
28918,9.1236e-05,0.02,22.2
28919,9.1238e-05,0.012,22.2
28920,9.124e-05,0.012,21.8
28921,9.1242e-05,0.012,21.8
28922,9.124400000000001e-05,0.02,22.2
28923,9.1246e-05,0.012,21.8
28924,9.1248e-05,0.012,21.8
28925,9.125e-05,0.012,21.8
28926,9.1252e-05,0.012,21.8
28927,9.1254e-05,0.012,21.8
28928,9.125600000000001e-05,0.012,21.8
28929,9.1258e-05,0.012,21.8
28930,9.126e-05,0.02,21.8
28931,9.1262e-05,0.012,21.8
28932,9.1264e-05,0.012,21.4
28933,9.1266e-05,0.012,21.4
28934,9.126800000000001e-05,0.012,21.4
28935,9.127000000000001e-05,0.012,21.4
28936,9.1272e-05,0.012,21.4
28937,9.1274e-05,0.012,21.4
28938,9.1276e-05,0.02,21.4
28939,9.1278e-05,0.012,21.0
28940,9.128000000000001e-05,0.012,21.0
28941,9.128200000000001e-05,0.012,21.0
28942,9.1284e-05,0.012,21.0
28943,9.128599999999999e-05,0.012,21.0
28944,9.1288e-05,0.012,21.0
28945,9.129e-05,0.012,21.0
28946,9.1292e-05,0.012,21.0
28947,9.129400000000001e-05,0.012,20.6
28948,9.1296e-05,0.012,20.6
28949,9.129799999999999e-05,0.012,20.6
28950,9.13e-05,0.02,20.6
28951,9.1302e-05,0.012,20.6
28952,9.1304e-05,0.012,20.6
28953,9.130600000000001e-05,0.012,20.2
28954,9.1308e-05,0.02,20.6
28955,9.131e-05,0.012,20.6
28956,9.1312e-05,0.012,20.2
28957,9.1314e-05,0.012,20.2
28958,9.1316e-05,0.02,20.2
28959,9.131800000000001e-05,0.012,20.2
28960,9.132e-05,0.012,20.2
28961,9.1322e-05,0.012,20.2
28962,9.1324e-05,0.012,20.2
28963,9.1326e-05,0.012,19.8
28964,9.1328e-05,0.012,19.8
28965,9.133000000000001e-05,0.012,19.8
28966,9.1332e-05,0.012,19.8
28967,9.1334e-05,0.012,19.8
28968,9.1336e-05,0.012,19.8
28969,9.1338e-05,0.012,19.8
28970,9.134e-05,0.012,19.4
28971,9.134200000000001e-05,0.012,19.4
28972,9.134400000000001e-05,0.012,19.4
28973,9.1346e-05,0.012,19.4
28974,9.1348e-05,0.012,19.4
28975,9.135e-05,0.012,19.4
28976,9.1352e-05,0.012,19.0
28977,9.1354e-05,0.02,19.4
28978,9.135600000000001e-05,0.012,19.4
28979,9.1358e-05,0.012,19.0
28980,9.135999999999999e-05,0.012,19.0
28981,9.1362e-05,0.012,19.0
28982,9.1364e-05,0.02,19.0
28983,9.1366e-05,0.012,19.0
28984,9.136800000000001e-05,0.012,18.6
28985,9.137e-05,0.012,18.6
28986,9.1372e-05,0.012,18.6
28987,9.1374e-05,0.012,19.0
28988,9.1376e-05,0.012,18.6
28989,9.1378e-05,0.012,18.6
28990,9.138000000000001e-05,0.02,18.6
28991,9.1382e-05,0.012,18.6
28992,9.1384e-05,0.012,18.2
28993,9.1386e-05,0.012,18.2
28994,9.1388e-05,0.02,18.2
28995,9.139e-05,0.012,18.2
28996,9.139200000000001e-05,0.012,18.2
28997,9.1394e-05,0.012,18.2
28998,9.1396e-05,0.012,18.2
28999,9.1398e-05,0.012,18.2
29000,9.14e-05,0.012,17.8
29001,9.1402e-05,0.012,17.8
29002,9.140400000000001e-05,0.012,17.8
29003,9.140600000000001e-05,0.012,17.8
29004,9.1408e-05,0.012,17.8
29005,9.141e-05,0.012,17.8
29006,9.1412e-05,0.012,17.8
29007,9.1414e-05,0.012,17.8
29008,9.141600000000001e-05,0.012,17.0
29009,9.141800000000001e-05,0.012,17.0
29010,9.142e-05,0.012,17.0
29011,9.142199999999999e-05,0.012,17.0
29012,9.1424e-05,0.012,17.0
29013,9.1426e-05,0.012,17.0
29014,9.1428e-05,0.012,17.0
29015,9.143000000000001e-05,0.012,17.0
29016,9.1432e-05,0.012,16.6
29017,9.143399999999999e-05,0.012,16.6
29018,9.1436e-05,0.02,16.6
29019,9.1438e-05,0.012,16.6
29020,9.144e-05,0.012,16.6
29021,9.144200000000001e-05,0.012,16.6
29022,9.1444e-05,0.012,16.6
29023,9.1446e-05,0.012,16.2
29024,9.1448e-05,0.012,16.2
29025,9.145e-05,0.012,16.2
29026,9.1452e-05,0.012,16.2
29027,9.145400000000001e-05,0.012,16.2
29028,9.1456e-05,0.012,16.2
29029,9.1458e-05,0.012,16.2
29030,9.146e-05,0.012,16.2
29031,9.1462e-05,0.012,16.2
29032,9.1464e-05,0.012,15.8
29033,9.146600000000001e-05,0.012,15.8
29034,9.1468e-05,0.012,16.2
29035,9.147e-05,0.012,15.8
29036,9.1472e-05,0.012,15.8
29037,9.1474e-05,0.012,15.8
29038,9.1476e-05,0.012,15.8
29039,9.147800000000001e-05,0.012,15.8
29040,9.148000000000001e-05,0.012,15.4
29041,9.1482e-05,0.012,15.4
29042,9.1484e-05,0.012,15.4
29043,9.1486e-05,0.012,15.8
29044,9.1488e-05,0.012,15.4
29045,9.149e-05,0.012,15.4
29046,9.149200000000001e-05,0.012,15.4
29047,9.1494e-05,0.012,15.4
29048,9.149599999999999e-05,0.012,15.4
29049,9.1498e-05,0.012,15.4
29050,9.15e-05,0.012,15.4
29051,9.1502e-05,0.012,15.4
29052,9.150400000000001e-05,0.012,15.0
29053,9.1506e-05,0.012,15.0
29054,9.1508e-05,0.012,15.0
29055,9.151e-05,0.012,15.0
29056,9.1512e-05,0.012,15.0
29057,9.1514e-05,0.012,15.0
29058,9.151600000000001e-05,0.012,15.0
29059,9.1518e-05,0.012,15.0
29060,9.152e-05,0.012,14.6
29061,9.1522e-05,0.012,15.0
29062,9.1524e-05,0.012,15.0
29063,9.1526e-05,0.012,15.0
29064,9.152800000000001e-05,0.012,14.6
29065,9.153e-05,0.012,14.6
29066,9.1532e-05,0.012,14.6
29067,9.1534e-05,0.012,14.6
29068,9.1536e-05,0.012,14.6
29069,9.1538e-05,0.012,14.6
29070,9.154000000000001e-05,0.012,14.6
29071,9.154200000000001e-05,0.012,14.6
29072,9.1544e-05,0.012,14.2
29073,9.1546e-05,0.012,14.6
29074,9.1548e-05,0.02,14.6
29075,9.155e-05,0.012,14.6
29076,9.155200000000001e-05,0.012,14.2
29077,9.155400000000001e-05,0.012,14.6
29078,9.1556e-05,0.02,14.2
29079,9.155799999999999e-05,0.012,14.2
29080,9.156e-05,0.012,14.2
29081,9.1562e-05,0.012,14.2
29082,9.1564e-05,0.02,14.2
29083,9.156600000000001e-05,0.012,14.2
29084,9.1568e-05,0.012,14.2
29085,9.156999999999999e-05,0.012,14.2
29086,9.1572e-05,0.012,14.2
29087,9.1574e-05,0.012,14.2
29088,9.1576e-05,0.012,13.8
29089,9.157800000000001e-05,0.012,14.2
29090,9.158e-05,0.012,14.2
29091,9.1582e-05,0.012,14.2
29092,9.1584e-05,0.012,13.8
29093,9.1586e-05,0.012,14.2
29094,9.1588e-05,0.02,13.8
29095,9.159000000000001e-05,0.012,13.8
29096,9.1592e-05,0.012,13.8
29097,9.1594e-05,0.012,13.8
29098,9.1596e-05,0.012,13.8
29099,9.1598e-05,0.012,13.8
29100,9.16e-05,0.012,13.8
29101,9.160200000000001e-05,0.012,13.8
29102,9.1604e-05,0.012,13.8
29103,9.1606e-05,0.012,13.8
29104,9.1608e-05,0.012,13.8
29105,9.161e-05,0.012,13.8
29106,9.1612e-05,0.012,13.8
29107,9.161400000000001e-05,0.012,13.8
29108,9.161600000000001e-05,0.012,13.4
29109,9.1618e-05,0.012,13.8
29110,9.162e-05,0.02,13.8
29111,9.1622e-05,0.012,13.8
29112,9.1624e-05,0.012,13.4
29113,9.1626e-05,0.012,13.8
29114,9.162800000000001e-05,0.012,13.8
29115,9.163e-05,0.012,13.8
29116,9.163199999999999e-05,0.012,13.4
29117,9.1634e-05,0.012,13.4
29118,9.1636e-05,0.012,13.8
29119,9.1638e-05,0.012,13.8
29120,9.164000000000001e-05,0.012,13.8
29121,9.1642e-05,0.012,13.8
29122,9.1644e-05,0.012,13.8
29123,9.1646e-05,0.012,13.8
29124,9.1648e-05,0.012,13.4
29125,9.165e-05,0.012,13.4
29126,9.165200000000001e-05,0.012,13.4
29127,9.1654e-05,0.012,13.4
29128,9.1656e-05,0.012,13.4
29129,9.1658e-05,0.012,13.4
29130,9.166e-05,0.012,13.4
29131,9.1662e-05,0.012,13.8
29132,9.166400000000001e-05,0.012,13.4
29133,9.1666e-05,0.012,13.4
29134,9.1668e-05,0.012,13.4
29135,9.167e-05,0.012,13.4
29136,9.1672e-05,0.012,13.4
29137,9.1674e-05,0.012,13.4
29138,9.167600000000001e-05,0.012,13.8
29139,9.167800000000001e-05,0.012,13.8
29140,9.168e-05,0.012,13.4
29141,9.1682e-05,0.012,13.8
29142,9.1684e-05,0.02,13.4
29143,9.1686e-05,0.012,13.4
29144,9.168800000000001e-05,0.012,13.8
29145,9.169000000000001e-05,0.012,13.4
29146,9.1692e-05,0.02,13.8
29147,9.169399999999999e-05,0.012,13.8
29148,9.1696e-05,0.012,13.4
29149,9.1698e-05,0.012,13.8
29150,9.17e-05,0.02,13.8
29151,9.170200000000001e-05,0.012,13.8
29152,9.1704e-05,0.012,13.4
29153,9.170599999999999e-05,0.012,13.4
29154,9.1708e-05,0.012,13.8
29155,9.171e-05,0.012,13.8
29156,9.1712e-05,0.012,13.4
29157,9.171400000000001e-05,0.012,13.8
29158,9.1716e-05,0.012,13.8
29159,9.1718e-05,0.012,13.8
29160,9.172e-05,0.012,13.4
29161,9.1722e-05,0.012,13.8
29162,9.1724e-05,0.012,13.8
29163,9.172600000000001e-05,0.012,13.8
29164,9.1728e-05,0.012,13.8
29165,9.173e-05,0.012,13.8
29166,9.1732e-05,0.012,13.8
29167,9.1734e-05,0.012,13.8
29168,9.1736e-05,0.012,13.8
29169,9.173800000000001e-05,0.012,13.8
29170,9.174e-05,0.012,13.8
29171,9.1742e-05,0.012,13.8
29172,9.1744e-05,0.012,13.8
29173,9.1746e-05,0.012,13.8
29174,9.1748e-05,0.012,13.8
29175,9.175000000000001e-05,0.012,13.8
29176,9.175200000000001e-05,0.012,13.8
29177,9.1754e-05,0.012,14.2
29178,9.1756e-05,0.012,13.8
29179,9.1758e-05,0.012,13.8
29180,9.176e-05,0.012,14.2
29181,9.1762e-05,0.012,14.2
29182,9.176400000000001e-05,0.012,14.2
29183,9.1766e-05,0.012,14.2
29184,9.176799999999999e-05,0.012,14.2
29185,9.177e-05,0.012,14.2
29186,9.1772e-05,0.02,14.2
29187,9.1774e-05,0.012,14.2
29188,9.177600000000001e-05,0.012,14.2
29189,9.1778e-05,0.012,14.2
29190,9.178e-05,0.012,14.2
29191,9.1782e-05,0.012,14.2
29192,9.1784e-05,0.012,14.2
29193,9.1786e-05,0.012,14.2
29194,9.178800000000001e-05,0.012,14.6
29195,9.179e-05,0.012,14.6
29196,9.1792e-05,0.012,14.2
29197,9.1794e-05,0.012,14.6
29198,9.1796e-05,0.012,14.6
29199,9.1798e-05,0.012,14.6
29200,9.180000000000001e-05,0.012,14.2
29201,9.1802e-05,0.012,14.6
29202,9.1804e-05,0.012,14.6
29203,9.1806e-05,0.012,14.6
29204,9.1808e-05,0.012,14.6
29205,9.181e-05,0.012,14.6
29206,9.181200000000001e-05,0.012,14.6
29207,9.181400000000001e-05,0.012,14.6
29208,9.1816e-05,0.012,14.6
29209,9.1818e-05,0.012,14.6
29210,9.182e-05,0.012,15.0
29211,9.1822e-05,0.012,15.0
29212,9.182400000000001e-05,0.012,14.6
29213,9.182600000000001e-05,0.012,15.0
29214,9.1828e-05,0.012,15.0
29215,9.183e-05,0.012,15.0
29216,9.1832e-05,0.012,15.0
29217,9.1834e-05,0.012,15.0
29218,9.1836e-05,0.012,15.0
29219,9.183800000000001e-05,0.012,15.4
29220,9.184e-05,0.012,15.0
29221,9.184199999999999e-05,0.012,15.0
29222,9.1844e-05,0.012,15.4
29223,9.1846e-05,0.012,15.4
29224,9.1848e-05,0.012,15.4
29225,9.185000000000001e-05,0.012,15.4
29226,9.1852e-05,0.012,15.4
29227,9.1854e-05,0.012,15.4
29228,9.1856e-05,0.012,15.4
29229,9.1858e-05,0.012,15.4
29230,9.186e-05,0.012,15.4
29231,9.186200000000001e-05,0.012,15.8
29232,9.1864e-05,0.012,15.4
29233,9.1866e-05,0.012,15.8
29234,9.1868e-05,0.012,15.8
29235,9.187e-05,0.012,15.8
29236,9.1872e-05,0.012,15.4
29237,9.187400000000001e-05,0.012,15.8
29238,9.1876e-05,0.012,15.8
29239,9.1878e-05,0.012,15.8
29240,9.188e-05,0.012,15.8
29241,9.1882e-05,0.012,15.8
29242,9.1884e-05,0.012,16.2
29243,9.188600000000001e-05,0.012,16.2
29244,9.188800000000001e-05,0.012,16.2
29245,9.189e-05,0.012,16.2
29246,9.1892e-05,0.012,16.2
29247,9.1894e-05,0.012,16.2
29248,9.1896e-05,0.012,16.2
29249,9.189800000000001e-05,0.012,16.2
29250,9.190000000000001e-05,0.012,16.2
29251,9.1902e-05,0.012,16.6
29252,9.190399999999999e-05,0.012,16.2
29253,9.1906e-05,0.012,16.6
29254,9.1908e-05,0.012,16.6
29255,9.191e-05,0.012,16.6
29256,9.191200000000001e-05,0.012,16.6
29257,9.1914e-05,0.012,16.6
29258,9.1916e-05,0.012,16.6
29259,9.1918e-05,0.012,16.6
29260,9.192e-05,0.012,16.6
29261,9.1922e-05,0.012,17.0
29262,9.192400000000001e-05,0.012,17.0
29263,9.1926e-05,0.012,17.0
29264,9.1928e-05,0.012,17.0
29265,9.193e-05,0.012,17.0
29266,9.1932e-05,0.012,17.0
29267,9.1934e-05,0.012,17.0
29268,9.193600000000001e-05,0.012,17.0
29269,9.1938e-05,0.012,17.0
29270,9.194e-05,0.012,17.8
29271,9.1942e-05,0.012,17.8
29272,9.1944e-05,0.012,17.8
29273,9.1946e-05,0.012,17.8
29274,9.194800000000001e-05,0.012,17.8
29275,9.195000000000001e-05,0.012,17.8
29276,9.1952e-05,0.012,17.8
29277,9.1954e-05,0.012,17.8
29278,9.1956e-05,0.012,17.8
29279,9.1958e-05,0.012,18.2
29280,9.196000000000001e-05,0.012,17.8
29281,9.196200000000001e-05,0.012,18.2
29282,9.1964e-05,0.012,18.2
29283,9.1966e-05,0.012,18.2
29284,9.1968e-05,0.012,18.2
29285,9.197e-05,0.012,18.2
29286,9.1972e-05,0.012,18.2
29287,9.197400000000001e-05,0.012,18.6
29288,9.1976e-05,0.012,18.2
29289,9.197799999999999e-05,0.012,18.6
29290,9.198e-05,0.012,18.6
29291,9.1982e-05,0.012,18.6
29292,9.1984e-05,0.012,18.6
29293,9.198600000000001e-05,0.012,18.6
29294,9.1988e-05,0.012,18.6
29295,9.199e-05,0.012,18.6
29296,9.1992e-05,0.012,18.6
29297,9.1994e-05,0.012,18.6
29298,9.1996e-05,0.012,19.0
29299,9.199800000000001e-05,0.012,19.0
29300,9.2e-05,0.012,19.0
29301,9.2002e-05,0.012,19.0
29302,9.2004e-05,0.012,19.0
29303,9.2006e-05,0.012,19.0
29304,9.2008e-05,0.012,19.0
29305,9.201000000000001e-05,0.012,19.0
29306,9.2012e-05,0.012,19.4
29307,9.2014e-05,0.012,19.4
29308,9.2016e-05,0.012,19.0
29309,9.2018e-05,0.012,19.4
29310,9.202e-05,0.012,19.4
29311,9.202200000000001e-05,0.012,19.4
29312,9.202400000000001e-05,0.012,19.4
29313,9.2026e-05,0.012,19.4
29314,9.2028e-05,0.012,19.4
29315,9.203e-05,0.012,19.4
29316,9.2032e-05,0.012,19.4
29317,9.203400000000001e-05,0.012,19.8
29318,9.203600000000001e-05,0.012,19.8
29319,9.2038e-05,0.012,19.8
29320,9.203999999999999e-05,0.012,19.8
29321,9.2042e-05,0.012,19.8
29322,9.2044e-05,0.012,19.8
29323,9.2046e-05,0.012,19.8
29324,9.204800000000001e-05,0.012,19.8
29325,9.205e-05,0.012,19.8
29326,9.2052e-05,0.012,20.2
29327,9.2054e-05,0.012,19.8
29328,9.2056e-05,0.012,19.8
29329,9.2058e-05,0.012,20.2
29330,9.206000000000001e-05,0.012,20.2
29331,9.2062e-05,0.012,20.2
29332,9.2064e-05,0.012,20.2
29333,9.2066e-05,0.012,20.2
29334,9.2068e-05,0.012,20.2
29335,9.207e-05,0.012,20.2
29336,9.207200000000001e-05,0.012,20.2
29337,9.2074e-05,0.012,20.2
29338,9.2076e-05,0.012,20.6
29339,9.2078e-05,0.012,20.6
29340,9.208e-05,0.012,20.2
29341,9.2082e-05,0.012,20.6
29342,9.208400000000001e-05,0.012,20.6
29343,9.208600000000001e-05,0.012,20.6
29344,9.2088e-05,0.012,20.6
29345,9.209e-05,0.012,20.6
29346,9.2092e-05,0.012,20.6
29347,9.2094e-05,0.004,20.6
29348,9.209600000000001e-05,0.012,20.6
29349,9.209800000000001e-05,0.012,20.6
29350,9.21e-05,0.012,20.6
29351,9.2102e-05,0.004,20.6
29352,9.2104e-05,0.012,20.6
29353,9.2106e-05,0.012,21.0
29354,9.2108e-05,0.012,21.0
29355,9.211000000000001e-05,0.004,21.0
29356,9.2112e-05,0.012,21.0
29357,9.211399999999999e-05,0.012,21.0
29358,9.2116e-05,0.012,21.0
29359,9.2118e-05,0.012,21.0
29360,9.212e-05,0.012,21.0
29361,9.212200000000001e-05,0.012,21.0
29362,9.2124e-05,0.012,21.0
29363,9.2126e-05,0.004,21.0
29364,9.2128e-05,0.012,21.0
29365,9.213e-05,0.012,21.4
29366,9.2132e-05,0.012,21.4
29367,9.213400000000001e-05,0.012,21.0
29368,9.2136e-05,0.012,21.4
29369,9.2138e-05,0.012,21.4
29370,9.214e-05,0.012,21.4
29371,9.2142e-05,0.012,21.4
29372,9.2144e-05,0.012,21.4
29373,9.214600000000001e-05,0.012,21.4
29374,9.2148e-05,0.012,21.4
29375,9.215e-05,0.012,21.4
29376,9.2152e-05,0.012,21.4
29377,9.2154e-05,0.012,21.4
29378,9.2156e-05,0.012,21.4
29379,9.215800000000001e-05,0.004,21.4
29380,9.216000000000001e-05,0.012,21.4
29381,9.2162e-05,0.004,21.4
29382,9.2164e-05,0.012,21.4
29383,9.2166e-05,0.004,21.4
29384,9.2168e-05,0.012,21.4
29385,9.217000000000001e-05,0.012,21.4
29386,9.217200000000001e-05,0.012,21.4
29387,9.2174e-05,0.012,21.4
29388,9.217599999999999e-05,0.004,21.4
29389,9.2178e-05,0.004,21.4
29390,9.218e-05,0.012,21.4
29391,9.2182e-05,0.012,21.4
29392,9.218400000000001e-05,0.012,21.4
29393,9.2186e-05,0.012,21.4
29394,9.2188e-05,0.012,21.4
29395,9.219e-05,0.004,21.4
29396,9.2192e-05,0.012,21.8
29397,9.2194e-05,0.012,21.8
29398,9.219600000000001e-05,0.012,21.4
29399,9.2198e-05,0.012,21.8
29400,9.22e-05,0.012,21.4
29401,9.2202e-05,0.012,21.4
29402,9.2204e-05,0.012,21.8
29403,9.2206e-05,0.004,21.8
29404,9.220800000000001e-05,0.012,21.4
29405,9.221e-05,0.012,21.8
29406,9.2212e-05,0.012,21.8
29407,9.2214e-05,0.012,21.8
29408,9.2216e-05,0.012,21.4
29409,9.2218e-05,0.012,21.4
29410,9.222000000000001e-05,0.012,21.8
29411,9.222200000000001e-05,0.012,21.8
29412,9.2224e-05,0.012,21.8
29413,9.2226e-05,0.02,21.8
29414,9.2228e-05,0.028,21.4
29415,9.223e-05,0.028,21.8
29416,9.223200000000001e-05,0.028,21.8
29417,9.223400000000001e-05,0.052,21.8
29418,9.2236e-05,0.068,21.8
29419,9.2238e-05,0.06,21.8
29420,9.224e-05,0.052,21.8
29421,9.2242e-05,0.052,21.8
29422,9.2244e-05,0.052,21.8
29423,9.224600000000001e-05,0.036,21.8
29424,9.2248e-05,0.052,21.8
29425,9.224999999999999e-05,0.052,21.8
29426,9.2252e-05,0.052,21.8
29427,9.2254e-05,0.052,21.8
29428,9.2256e-05,0.052,21.8
29429,9.225800000000001e-05,0.052,21.8
29430,9.226e-05,0.06,21.8
29431,9.2262e-05,0.06,21.8
29432,9.2264e-05,0.06,21.8
29433,9.2266e-05,0.06,21.8
29434,9.2268e-05,0.06,21.8
29435,9.227000000000001e-05,0.052,21.8
29436,9.2272e-05,0.028,21.8
29437,9.2274e-05,0.02,21.8
29438,9.2276e-05,0.02,21.8
29439,9.2278e-05,0.02,21.4
29440,9.228e-05,0.02,20.6
29441,9.228200000000001e-05,0.052,18.6
29442,9.2284e-05,0.108,15.0
29443,9.2286e-05,0.18,12.2
29444,9.2288e-05,0.196,9.4
29445,9.229e-05,0.172,7.4
29446,9.2292e-05,0.156,6.2
29447,9.229400000000001e-05,0.116,4.6
29448,9.229600000000001e-05,0.036,3.8
29449,9.2298e-05,-0.036,3.8
29450,9.23e-05,-0.092,3.8
29451,9.2302e-05,-0.1,3.8
29452,9.2304e-05,-0.052,3.4
29453,9.230600000000001e-05,0.004,3.4
29454,9.230800000000001e-05,0.084,3.4
29455,9.231e-05,0.124,3.0
29456,9.231199999999999e-05,0.14,2.2
29457,9.2314e-05,0.124,1.8
29458,9.2316e-05,0.092,1.8
29459,9.2318e-05,0.028,1.4
29460,9.232000000000001e-05,-0.028,1.0
29461,9.2322e-05,-0.06,1.0
29462,9.232399999999999e-05,-0.052,1.0
29463,9.2326e-05,-0.012,1.0
29464,9.2328e-05,0.036,0.6
29465,9.233e-05,0.084,0.6
29466,9.233200000000001e-05,0.116,0.6
29467,9.2334e-05,0.116,0.2
29468,9.2336e-05,0.092,-1.0
29469,9.2338e-05,0.052,-0.2
29470,9.234e-05,-0.004,-0.2
29471,9.2342e-05,-0.044,0.2
29472,9.234400000000001e-05,-0.052,-0.2
29473,9.2346e-05,-0.036,0.2
29474,9.2348e-05,0.004,0.6
29475,9.235e-05,0.052,0.2
29476,9.2352e-05,0.084,0.2
29477,9.2354e-05,0.092,0.2
29478,9.235600000000001e-05,0.084,0.2
29479,9.2358e-05,0.06,-0.2
29480,9.236e-05,0.02,-0.2
29481,9.2362e-05,-0.012,-0.2
29482,9.2364e-05,-0.028,0.2
29483,9.2366e-05,-0.028,0.2
29484,9.236800000000001e-05,-0.004,0.2
29485,9.237000000000001e-05,0.02,0.2
29486,9.2372e-05,0.06,0.2
29487,9.2374e-05,0.076,0.2
29488,9.2376e-05,0.076,-0.2
29489,9.2378e-05,0.06,-0.2
29490,9.238e-05,0.036,-0.2
29491,9.238200000000001e-05,0.004,-0.2
29492,9.2384e-05,-0.012,-0.2
29493,9.238599999999999e-05,-0.02,0.2
29494,9.2388e-05,-0.004,0.2
29495,9.239e-05,0.012,0.2
29496,9.2392e-05,0.036,0.2
29497,9.239400000000001e-05,0.06,0.2
29498,9.2396e-05,0.068,0.2
29499,9.2398e-05,0.06,0.2
29500,9.24e-05,0.036,-0.2
29501,9.2402e-05,0.02,-0.2
29502,9.2404e-05,0.004,0.2
29503,9.240600000000001e-05,-0.004,0.2
29504,9.2408e-05,-0.004,0.2
29505,9.241e-05,0.012,0.2
29506,9.2412e-05,0.028,0.2
29507,9.2414e-05,0.052,0.2
29508,9.2416e-05,0.052,-0.2
29509,9.241800000000001e-05,0.06,0.2
29510,9.242e-05,0.052,0.2
29511,9.2422e-05,0.028,0.2
29512,9.2424e-05,0.012,-0.2
29513,9.2426e-05,0.004,-0.2
29514,9.2428e-05,0.004,0.2
29515,9.243000000000001e-05,0.012,0.2
29516,9.243200000000001e-05,0.02,0.2
29517,9.2434e-05,0.028,0.2
29518,9.2436e-05,0.052,0.2
29519,9.2438e-05,0.052,0.2
29520,9.244e-05,0.036,-0.2
29521,9.244200000000001e-05,0.028,0.2
29522,9.244400000000001e-05,0.02,0.2
29523,9.2446e-05,0.012,0.2
29524,9.244799999999999e-05,0.004,-0.2
29525,9.245e-05,0.012,0.2
29526,9.2452e-05,0.02,0.2
29527,9.2454e-05,0.028,0.2
29528,9.245600000000001e-05,0.036,-0.2
29529,9.2458e-05,0.036,0.2
29530,9.245999999999999e-05,0.036,0.2
29531,9.2462e-05,0.028,0.2
29532,9.2464e-05,0.02,-0.2
29533,9.2466e-05,0.02,0.2
29534,9.246800000000001e-05,0.012,0.2
29535,9.247e-05,0.012,0.2
29536,9.2472e-05,0.012,-0.2
29537,9.2474e-05,0.02,0.2
29538,9.2476e-05,0.028,0.2
29539,9.2478e-05,0.036,0.2
29540,9.248000000000001e-05,0.036,-0.2
29541,9.2482e-05,0.036,0.2
29542,9.2484e-05,0.028,0.2
29543,9.2486e-05,0.02,0.2
29544,9.2488e-05,0.02,-0.2
29545,9.249e-05,0.02,-0.2
29546,9.249200000000001e-05,0.02,0.2
29547,9.2494e-05,0.02,0.2
29548,9.2496e-05,0.028,-0.2
29549,9.2498e-05,0.028,0.2
29550,9.25e-05,0.036,0.2
29551,9.2502e-05,0.028,0.2
29552,9.250400000000001e-05,0.028,-0.2
29553,9.250600000000001e-05,0.028,0.2
29554,9.2508e-05,0.02,0.2
29555,9.251e-05,0.02,0.2
29556,9.2512e-05,0.02,-0.2
29557,9.2514e-05,0.02,0.2
29558,9.2516e-05,0.028,0.2
29559,9.251800000000001e-05,0.028,0.2
29560,9.252e-05,0.028,-0.2
29561,9.252199999999999e-05,0.028,0.2
29562,9.2524e-05,0.028,0.2
29563,9.2526e-05,0.028,0.2
29564,9.2528e-05,0.02,-0.2
29565,9.253000000000001e-05,0.02,0.2
29566,9.2532e-05,0.02,0.2
29567,9.2534e-05,0.02,0.2
29568,9.2536e-05,0.02,-0.2
29569,9.2538e-05,0.028,0.2
29570,9.254e-05,0.028,0.2
29571,9.254200000000001e-05,0.028,0.2
29572,9.2544e-05,0.028,-0.2
29573,9.2546e-05,0.028,0.2
29574,9.2548e-05,0.028,0.2
29575,9.255e-05,0.02,0.2
29576,9.2552e-05,0.02,-0.2
29577,9.255400000000001e-05,0.02,0.2
29578,9.2556e-05,0.02,-0.2
29579,9.2558e-05,0.02,0.2
29580,9.256e-05,0.028,-0.2
29581,9.2562e-05,0.028,0.2
29582,9.2564e-05,0.028,0.2
29583,9.256600000000001e-05,0.028,0.2
29584,9.256800000000001e-05,0.028,-0.2
29585,9.257e-05,0.02,0.2
29586,9.2572e-05,0.028,0.2
29587,9.2574e-05,0.02,0.2
29588,9.2576e-05,0.02,-0.2
29589,9.257800000000001e-05,0.02,0.2
29590,9.258000000000001e-05,0.028,0.2
29591,9.2582e-05,0.028,0.2
29592,9.258399999999999e-05,0.028,-0.2
29593,9.2586e-05,0.028,0.2
29594,9.2588e-05,0.028,0.2
29595,9.259e-05,0.028,0.2
29596,9.259200000000001e-05,0.028,-0.2
29597,9.2594e-05,0.02,0.2
29598,9.259599999999999e-05,0.028,0.2
29599,9.2598e-05,0.02,0.2
29600,9.26e-05,0.028,-0.2
29601,9.2602e-05,0.028,0.2
29602,9.260400000000001e-05,0.028,0.2
29603,9.2606e-05,0.028,0.2
29604,9.2608e-05,0.028,-0.2
29605,9.261e-05,0.028,0.2
29606,9.2612e-05,0.028,0.2
29607,9.2614e-05,0.02,0.2
29608,9.261600000000001e-05,0.02,-0.2
29609,9.2618e-05,0.028,0.2
29610,9.262e-05,0.028,0.2
29611,9.2622e-05,0.028,0.2
29612,9.2624e-05,0.028,-0.2
29613,9.2626e-05,0.028,0.2
29614,9.262800000000001e-05,0.028,0.2
29615,9.263e-05,0.028,0.2
29616,9.2632e-05,0.028,-0.2
29617,9.2634e-05,0.028,0.2
29618,9.2636e-05,0.028,0.2
29619,9.2638e-05,0.028,0.2
29620,9.264000000000001e-05,0.028,-0.2
29621,9.264200000000001e-05,0.028,0.2
29622,9.2644e-05,0.028,0.2
29623,9.2646e-05,0.028,0.2
29624,9.2648e-05,0.028,-0.2
29625,9.265e-05,0.028,0.2
29626,9.2652e-05,0.028,0.2
29627,9.265400000000001e-05,0.028,0.2
29628,9.2656e-05,0.028,-0.2
29629,9.265799999999999e-05,0.028,0.2
29630,9.266e-05,0.028,0.2
29631,9.2662e-05,0.028,0.2
29632,9.2664e-05,0.028,-0.2
29633,9.266600000000001e-05,0.028,0.2
29634,9.2668e-05,0.028,0.2
29635,9.267e-05,0.028,0.2
29636,9.2672e-05,0.028,-0.2
29637,9.2674e-05,0.028,0.2
29638,9.2676e-05,0.028,0.2
29639,9.267800000000001e-05,0.028,0.2
29640,9.268e-05,0.028,-0.2
29641,9.2682e-05,0.028,0.2
29642,9.2684e-05,0.028,0.2
29643,9.2686e-05,0.028,0.2
29644,9.2688e-05,0.028,0.2
29645,9.269000000000001e-05,0.028,0.2
29646,9.2692e-05,0.028,0.2
29647,9.2694e-05,0.028,0.2
29648,9.2696e-05,0.028,-0.2
29649,9.2698e-05,0.028,0.2
29650,9.27e-05,0.028,0.2
29651,9.270200000000001e-05,0.028,0.2
29652,9.270400000000001e-05,0.028,-0.2
29653,9.2706e-05,0.028,0.2
29654,9.2708e-05,0.028,0.2
29655,9.271e-05,0.028,0.2
29656,9.2712e-05,0.028,-0.2
29657,9.271400000000001e-05,0.028,0.2
29658,9.271600000000001e-05,0.028,0.2
29659,9.2718e-05,0.028,0.2
29660,9.271999999999999e-05,0.028,-0.2
29661,9.2722e-05,0.028,0.2
29662,9.2724e-05,0.028,0.2
29663,9.2726e-05,0.028,0.2
29664,9.272800000000001e-05,0.028,-0.2
29665,9.273e-05,0.028,0.2
29666,9.273199999999999e-05,0.028,0.2
29667,9.2734e-05,0.028,0.2
29668,9.2736e-05,0.028,-0.2
29669,9.2738e-05,0.028,0.2
29670,9.274000000000001e-05,0.028,0.2
29671,9.2742e-05,0.028,0.2
29672,9.2744e-05,0.028,-0.2
29673,9.2746e-05,0.028,0.2
29674,9.2748e-05,0.028,0.2
29675,9.275e-05,0.028,0.2
29676,9.275200000000001e-05,0.028,-0.2
29677,9.2754e-05,0.028,0.2
29678,9.2756e-05,0.028,0.2
29679,9.2758e-05,0.028,0.2
29680,9.276e-05,0.028,-0.2
29681,9.2762e-05,0.028,0.2
29682,9.276400000000001e-05,0.028,0.2
29683,9.2766e-05,0.028,0.2
29684,9.2768e-05,0.028,0.2
29685,9.277e-05,0.028,0.2
29686,9.2772e-05,0.028,0.2
29687,9.2774e-05,0.028,0.2
29688,9.277600000000001e-05,0.028,-0.2
29689,9.277800000000001e-05,0.028,0.2
29690,9.278e-05,0.028,0.2
29691,9.2782e-05,0.028,0.2
29692,9.2784e-05,0.028,-0.2
29693,9.2786e-05,0.028,0.2
29694,9.2788e-05,0.028,0.2
29695,9.279000000000001e-05,0.028,0.2
29696,9.2792e-05,0.028,-0.2
29697,9.279399999999999e-05,0.028,0.2
29698,9.2796e-05,0.028,0.2
29699,9.2798e-05,0.028,0.2
29700,9.28e-05,0.028,-0.2
29701,9.280200000000001e-05,0.028,0.2
29702,9.2804e-05,0.028,0.2
29703,9.2806e-05,0.028,0.2
29704,9.2808e-05,0.028,-0.2
29705,9.281e-05,0.028,0.2
29706,9.2812e-05,0.028,0.2
29707,9.281400000000001e-05,0.028,0.2
29708,9.2816e-05,0.028,-0.2
29709,9.2818e-05,0.028,0.2
29710,9.282e-05,0.028,0.2
29711,9.2822e-05,0.028,0.2
29712,9.2824e-05,0.028,-0.2
29713,9.282600000000001e-05,0.028,0.2
29714,9.2828e-05,0.028,0.2
29715,9.283e-05,0.028,0.2
29716,9.2832e-05,0.028,-0.2
29717,9.2834e-05,0.028,0.2
29718,9.2836e-05,0.028,0.2
29719,9.283800000000001e-05,0.028,0.2
29720,9.284000000000001e-05,0.028,-0.2
29721,9.2842e-05,0.028,0.2
29722,9.2844e-05,0.028,0.2
29723,9.2846e-05,0.028,0.2
29724,9.2848e-05,0.028,-0.2
29725,9.285000000000001e-05,0.028,0.2
29726,9.285200000000001e-05,0.028,0.2
29727,9.2854e-05,0.028,0.2
29728,9.2856e-05,0.028,-0.2
29729,9.2858e-05,0.028,0.2
29730,9.286e-05,0.028,0.2
29731,9.2862e-05,0.028,0.2
29732,9.286400000000001e-05,0.028,-0.2
29733,9.2866e-05,0.028,0.2
29734,9.286799999999999e-05,0.028,0.2
29735,9.287e-05,0.028,0.2
29736,9.2872e-05,0.028,0.2
29737,9.2874e-05,0.028,0.2
29738,9.287600000000001e-05,0.036,0.2
29739,9.2878e-05,0.028,0.2
29740,9.288e-05,0.028,-0.2
29741,9.2882e-05,0.028,0.2
29742,9.2884e-05,0.036,0.2
29743,9.2886e-05,0.028,0.2
29744,9.288800000000001e-05,0.028,-0.2
29745,9.289e-05,0.028,0.2
29746,9.2892e-05,0.036,0.2
29747,9.2894e-05,0.028,0.2
29748,9.2896e-05,0.028,-0.2
29749,9.2898e-05,0.028,0.2
29750,9.290000000000001e-05,0.028,0.2
29751,9.2902e-05,0.028,0.2
29752,9.2904e-05,0.028,-0.2
29753,9.2906e-05,0.028,0.2
29754,9.2908e-05,0.036,0.2
29755,9.291e-05,0.028,0.2
29756,9.291200000000001e-05,0.036,-0.2
29757,9.291400000000001e-05,0.036,0.2
29758,9.2916e-05,0.036,0.2
29759,9.2918e-05,0.028,0.2
29760,9.292e-05,0.028,-0.2
29761,9.2922e-05,0.028,0.2
29762,9.292400000000001e-05,0.036,0.2
29763,9.292600000000001e-05,0.028,0.2
29764,9.2928e-05,0.036,0.2
29765,9.292999999999999e-05,0.036,0.2
29766,9.2932e-05,0.036,0.2
29767,9.2934e-05,0.036,0.2
29768,9.2936e-05,0.028,-0.2
29769,9.293800000000001e-05,0.036,0.2
29770,9.294e-05,0.036,0.2
29771,9.2942e-05,0.036,0.2
29772,9.2944e-05,0.036,-0.2
29773,9.2946e-05,0.036,0.2
29774,9.2948e-05,0.036,0.2
29775,9.295000000000001e-05,0.028,0.2
29776,9.2952e-05,0.036,-0.2
29777,9.2954e-05,0.036,0.6
29778,9.2956e-05,0.036,-0.2
29779,9.2958e-05,0.036,0.2
29780,9.296e-05,0.036,0.2
29781,9.296200000000001e-05,0.036,0.2
29782,9.2964e-05,0.036,0.2
29783,9.2966e-05,0.036,0.2
29784,9.2968e-05,0.036,0.2
29785,9.297e-05,0.036,0.2
29786,9.2972e-05,0.036,0.2
29787,9.297400000000001e-05,0.036,0.2
29788,9.297600000000001e-05,0.036,0.2
29789,9.2978e-05,0.036,0.2
29790,9.298e-05,0.036,0.2
29791,9.2982e-05,0.036,0.2
29792,9.2984e-05,0.036,-0.2
29793,9.298600000000001e-05,0.036,0.2
29794,9.298800000000001e-05,0.036,0.2
29795,9.299e-05,0.036,0.2
29796,9.2992e-05,0.036,0.2
29797,9.2994e-05,0.036,0.2
29798,9.2996e-05,0.036,0.2
29799,9.2998e-05,0.036,0.2
29800,9.300000000000001e-05,0.036,-0.2
29801,9.3002e-05,0.036,0.2
29802,9.300399999999999e-05,0.036,0.2
29803,9.3006e-05,0.036,0.2
29804,9.3008e-05,0.036,0.2
29805,9.301e-05,0.036,0.2
29806,9.301200000000001e-05,0.036,0.2
29807,9.3014e-05,0.036,0.2
29808,9.3016e-05,0.036,0.2
29809,9.3018e-05,0.036,0.2
29810,9.302e-05,0.036,0.2
29811,9.3022e-05,0.036,0.2
29812,9.302400000000001e-05,0.036,-0.2
29813,9.3026e-05,0.036,0.2
29814,9.3028e-05,0.036,0.2
29815,9.303e-05,0.036,0.2
29816,9.3032e-05,0.036,-0.2
29817,9.3034e-05,0.036,0.2
29818,9.303600000000001e-05,0.036,0.2
29819,9.3038e-05,0.036,0.2
29820,9.304e-05,0.036,-0.2
29821,9.3042e-05,0.036,0.2
29822,9.3044e-05,0.036,0.2
29823,9.3046e-05,0.036,0.2
29824,9.304800000000001e-05,0.036,-0.2
29825,9.305000000000001e-05,0.036,0.2
29826,9.3052e-05,0.036,0.2
29827,9.3054e-05,0.036,0.2
29828,9.3056e-05,0.036,-0.2
29829,9.3058e-05,0.036,0.2
29830,9.306000000000001e-05,0.036,0.2
29831,9.306200000000001e-05,0.036,0.2
29832,9.3064e-05,0.036,0.2
29833,9.306599999999999e-05,0.036,0.2
29834,9.3068e-05,0.036,0.2
29835,9.307e-05,0.036,0.2
29836,9.3072e-05,0.036,-0.2
29837,9.307400000000001e-05,0.036,0.2
29838,9.3076e-05,0.036,0.2
29839,9.3078e-05,0.036,0.2
29840,9.308e-05,0.036,-0.2
29841,9.3082e-05,0.036,0.2
29842,9.3084e-05,0.036,0.2
29843,9.308600000000001e-05,0.036,0.2
29844,9.3088e-05,0.036,0.2
29845,9.309e-05,0.036,0.2
29846,9.3092e-05,0.036,0.2
29847,9.3094e-05,0.036,0.2
29848,9.3096e-05,0.036,-0.2
29849,9.309800000000001e-05,0.036,0.2
29850,9.31e-05,0.036,0.2
29851,9.3102e-05,0.036,0.2
29852,9.3104e-05,0.036,-0.2
29853,9.3106e-05,0.036,0.2
29854,9.3108e-05,0.036,0.2
29855,9.311000000000001e-05,0.036,0.2
29856,9.311200000000001e-05,0.036,-0.2
29857,9.3114e-05,0.036,0.2
29858,9.3116e-05,0.036,0.2
29859,9.3118e-05,0.036,0.2
29860,9.312e-05,0.036,0.2
29861,9.312200000000001e-05,0.036,0.2
29862,9.312400000000001e-05,0.036,0.2
29863,9.3126e-05,0.036,0.2
29864,9.3128e-05,0.036,0.2
29865,9.313e-05,0.036,0.2
29866,9.3132e-05,0.036,0.2
29867,9.3134e-05,0.036,0.2
29868,9.313600000000001e-05,0.036,0.2
29869,9.3138e-05,0.036,0.2
29870,9.313999999999999e-05,0.036,0.2
29871,9.3142e-05,0.036,0.2
29872,9.3144e-05,0.036,-0.2
29873,9.3146e-05,0.036,0.2
29874,9.314800000000001e-05,0.052,0.2
29875,9.315e-05,0.036,0.2
29876,9.3152e-05,0.036,0.2
29877,9.3154e-05,0.036,0.2
29878,9.3156e-05,0.036,0.2
29879,9.3158e-05,0.036,0.2
29880,9.316000000000001e-05,0.036,-0.2
29881,9.3162e-05,0.036,0.2
29882,9.3164e-05,0.036,0.2
29883,9.3166e-05,0.036,0.2
29884,9.3168e-05,0.036,0.2
29885,9.317e-05,0.036,0.2
29886,9.317200000000001e-05,0.036,0.2
29887,9.3174e-05,0.036,0.2
29888,9.3176e-05,0.036,-0.2
29889,9.3178e-05,0.036,0.2
29890,9.318e-05,0.052,0.2
29891,9.3182e-05,0.036,0.2
29892,9.318400000000001e-05,0.036,0.2
29893,9.318600000000001e-05,0.036,0.2
29894,9.3188e-05,0.052,0.2
29895,9.319e-05,0.036,0.2
29896,9.3192e-05,0.052,0.2
29897,9.3194e-05,0.052,0.2
29898,9.319600000000001e-05,0.052,0.2
29899,9.319800000000001e-05,0.036,0.2
29900,9.32e-05,0.036,-0.2
29901,9.320199999999999e-05,0.036,0.2
29902,9.3204e-05,0.052,0.2
29903,9.3206e-05,0.052,0.2
29904,9.3208e-05,0.052,0.2
29905,9.321000000000001e-05,0.052,0.2
29906,9.3212e-05,0.052,0.2
29907,9.3214e-05,0.036,0.2
29908,9.3216e-05,0.052,-0.2
29909,9.3218e-05,0.036,0.2
29910,9.322e-05,0.052,0.2
29911,9.322200000000001e-05,0.052,0.2
29912,9.3224e-05,0.052,0.2
29913,9.3226e-05,0.036,0.2
29914,9.3228e-05,0.052,0.2
29915,9.323e-05,0.036,0.2
29916,9.3232e-05,0.036,0.2
29917,9.323400000000001e-05,0.052,0.2
29918,9.3236e-05,0.052,0.2
29919,9.3238e-05,0.052,0.2
29920,9.324e-05,0.052,-0.2
29921,9.3242e-05,0.052,0.2
29922,9.3244e-05,0.052,0.2
29923,9.324600000000001e-05,0.052,0.2
29924,9.324800000000001e-05,0.052,0.2
29925,9.325e-05,0.052,0.2
29926,9.3252e-05,0.052,0.2
29927,9.3254e-05,0.052,0.2
29928,9.3256e-05,0.052,0.2
29929,9.325800000000001e-05,0.052,0.2
29930,9.326000000000001e-05,0.052,0.2
29931,9.3262e-05,0.052,0.2
29932,9.3264e-05,0.052,-0.2
29933,9.3266e-05,0.052,0.2
29934,9.3268e-05,0.052,0.2
29935,9.327e-05,0.052,0.2
29936,9.327200000000001e-05,0.052,0.2
29937,9.3274e-05,0.052,0.2
29938,9.327599999999999e-05,0.052,0.2
29939,9.3278e-05,0.052,0.2
29940,9.328e-05,0.052,0.2
29941,9.3282e-05,0.052,0.2
29942,9.328400000000001e-05,0.052,0.2
29943,9.3286e-05,0.052,0.2
29944,9.3288e-05,0.052,0.2
29945,9.329e-05,0.052,0.2
29946,9.3292e-05,0.052,0.2
29947,9.3294e-05,0.052,0.2
29948,9.329600000000001e-05,0.052,0.2
29949,9.3298e-05,0.052,0.2
29950,9.33e-05,0.052,0.2
29951,9.3302e-05,0.052,0.2
29952,9.3304e-05,0.052,0.2
29953,9.3306e-05,0.052,0.2
29954,9.330800000000001e-05,0.052,0.2
29955,9.331e-05,0.052,0.2
29956,9.3312e-05,0.052,0.2
29957,9.3314e-05,0.052,0.2
29958,9.3316e-05,0.052,0.2
29959,9.3318e-05,0.052,0.2
29960,9.332000000000001e-05,0.052,-0.2
29961,9.332200000000001e-05,0.052,0.2
29962,9.3324e-05,0.052,0.2
29963,9.3326e-05,0.052,0.2
29964,9.3328e-05,0.052,0.2
29965,9.333e-05,0.052,0.2
29966,9.333200000000001e-05,0.052,0.2
29967,9.333400000000001e-05,0.052,0.2
29968,9.3336e-05,0.052,-0.2
29969,9.333799999999999e-05,0.052,0.2
29970,9.334e-05,0.052,0.2
29971,9.3342e-05,0.052,0.2
29972,9.3344e-05,0.052,0.2
29973,9.334600000000001e-05,0.052,0.2
29974,9.3348e-05,0.052,0.2
29975,9.335e-05,0.052,0.2
29976,9.3352e-05,0.052,-0.2
29977,9.3354e-05,0.052,0.2
29978,9.3356e-05,0.052,0.2
29979,9.335800000000001e-05,0.052,0.2
29980,9.336e-05,0.052,0.2
29981,9.3362e-05,0.052,0.2
29982,9.3364e-05,0.052,0.2
29983,9.3366e-05,0.052,0.2
29984,9.3368e-05,0.052,0.2
29985,9.337000000000001e-05,0.052,0.2
29986,9.3372e-05,0.052,0.2
29987,9.3374e-05,0.052,0.2
29988,9.3376e-05,0.052,0.2
29989,9.3378e-05,0.052,0.2
29990,9.338e-05,0.052,0.2
29991,9.338200000000001e-05,0.052,0.2
29992,9.338400000000001e-05,0.052,-0.2
29993,9.3386e-05,0.052,0.2
29994,9.3388e-05,0.052,0.2
29995,9.339e-05,0.052,0.2
29996,9.3392e-05,0.052,0.2
29997,9.339400000000001e-05,0.052,0.2
29998,9.339600000000001e-05,0.052,0.2
29999,9.3398e-05,0.052,0.2
