,X,CH1,CH2
0,2.92e-05,-0.008,30.4
1,2.9202000000000003e-05,0.0,30.4
2,2.9204e-05,-0.008,30.4
3,2.9206e-05,-0.008,29.6
4,2.9208000000000002e-05,-0.008,30.4
5,2.9210000000000003e-05,-0.008,29.6
6,2.9212e-05,-0.008,29.6
7,2.9214000000000002e-05,-0.008,29.6
8,2.9216000000000003e-05,-0.008,29.6
9,2.9218e-05,0.0,29.6
10,2.922e-05,-0.008,29.6
11,2.9222000000000002e-05,-0.008,29.6
12,2.9224e-05,-0.008,29.6
13,2.9226e-05,0.0,29.6
14,2.9228000000000002e-05,-0.008,29.6
15,2.9230000000000003e-05,-0.008,29.6
16,2.9232e-05,-0.008,29.6
17,2.9234e-05,0.0,28.8
18,2.9236000000000003e-05,-0.008,28.8
19,2.9238e-05,-0.008,28.8
20,2.924e-05,-0.008,28.8
21,2.9242000000000002e-05,-0.008,28.8
22,2.9244000000000003e-05,-0.008,28.8
23,2.9246e-05,-0.008,28.8
24,2.9248000000000002e-05,-0.008,28.0
25,2.9250000000000003e-05,0.0,28.0
26,2.9252e-05,-0.008,28.0
27,2.9254e-05,-0.008,28.0
28,2.9256000000000002e-05,-0.008,28.0
29,2.9258e-05,0.0,28.0
30,2.926e-05,-0.008,27.2
31,2.9262000000000002e-05,-0.008,27.2
32,2.9264000000000003e-05,-0.008,27.2
33,2.9266e-05,0.0,27.2
34,2.9268e-05,-0.008,27.2
35,2.9270000000000003e-05,-0.008,27.2
36,2.9272e-05,-0.008,26.4
37,2.9274e-05,-0.008,26.4
38,2.9276000000000002e-05,-0.008,26.4
39,2.9278000000000003e-05,-0.008,26.4
40,2.928e-05,-0.008,26.4
41,2.9282000000000002e-05,0.0,26.4
42,2.9284000000000003e-05,-0.008,25.6
43,2.9286e-05,-0.008,25.6
44,2.9288e-05,-0.008,25.6
45,2.9290000000000002e-05,0.0,25.6
46,2.9292e-05,-0.008,25.6
47,2.9294e-05,-0.008,25.6
48,2.9296000000000002e-05,-0.008,24.0
49,2.9298000000000003e-05,-0.008,24.0
50,2.93e-05,-0.008,24.0
51,2.9302e-05,-0.008,23.2
52,2.9304000000000003e-05,-0.008,24.0
53,2.9306e-05,-0.008,23.2
54,2.9308e-05,-0.008,23.2
55,2.9310000000000002e-05,-0.008,23.2
56,2.9312000000000003e-05,-0.008,23.2
57,2.9314e-05,0.0,22.4
58,2.9316000000000002e-05,-0.008,22.4
59,2.9318000000000003e-05,-0.008,22.4
60,2.932e-05,-0.008,22.4
61,2.9322e-05,0.0,21.6
62,2.9324000000000002e-05,-0.008,21.6
63,2.9326e-05,-0.008,21.6
64,2.9328e-05,-0.008,21.6
65,2.9330000000000002e-05,-0.008,21.6
66,2.9332000000000003e-05,-0.008,20.8
67,2.9334e-05,-0.008,20.8
68,2.9336000000000002e-05,-0.008,20.8
69,2.9338000000000003e-05,0.0,20.8
70,2.934e-05,-0.008,20.0
71,2.9342e-05,-0.008,20.0
72,2.9344000000000002e-05,-0.008,20.0
73,2.9346000000000003e-05,0.0,20.0
74,2.9348e-05,-0.008,20.0
75,2.9350000000000002e-05,-0.008,19.2
76,2.9352000000000003e-05,-0.008,19.2
77,2.9354e-05,0.0,19.2
78,2.9356e-05,-0.008,19.2
79,2.9358000000000003e-05,-0.008,19.2
80,2.936e-05,-0.008,19.2
81,2.9362e-05,0.0,18.4
82,2.9364000000000002e-05,-0.008,18.4
83,2.9366000000000003e-05,-0.008,18.4
84,2.9368e-05,-0.008,18.4
85,2.9370000000000002e-05,-0.008,18.4
86,2.9372000000000003e-05,-0.008,17.6
87,2.9374e-05,-0.008,17.6
88,2.9376e-05,-0.008,17.6
89,2.9378000000000002e-05,0.0,17.6
90,2.9380000000000003e-05,-0.008,16.8
91,2.9382e-05,-0.008,16.8
92,2.9384000000000002e-05,-0.008,16.8
93,2.9386000000000003e-05,0.0,16.8
94,2.9388e-05,-0.008,16.8
95,2.939e-05,-0.008,16.8
96,2.9392000000000003e-05,-0.008,16.0
97,2.9394e-05,-0.008,16.0
98,2.9396e-05,-0.008,16.0
99,2.9398000000000002e-05,-0.008,16.0
100,2.9400000000000003e-05,-0.008,16.0
101,2.9402e-05,0.0,15.2
102,2.9404000000000002e-05,-0.008,15.2
103,2.9406000000000003e-05,-0.008,15.2
104,2.9408e-05,-0.008,15.2
105,2.941e-05,0.0,15.2
106,2.9412000000000002e-05,-0.008,15.2
107,2.9414000000000003e-05,-0.008,14.4
108,2.9416e-05,-0.008,14.4
109,2.9418000000000002e-05,0.0,14.4
110,2.9420000000000003e-05,-0.008,14.4
111,2.9422e-05,-0.008,14.4
112,2.9424e-05,-0.008,14.4
113,2.9426000000000003e-05,0.0,14.4
114,2.9428e-05,-0.008,13.6
115,2.943e-05,-0.008,13.6
116,2.9432000000000002e-05,-0.008,13.6
117,2.9434000000000003e-05,-0.008,13.6
118,2.9436e-05,-0.008,13.6
119,2.9438000000000002e-05,-0.008,13.6
120,2.9440000000000003e-05,-0.008,13.6
121,2.9442e-05,0.0,12.0
122,2.9444e-05,-0.008,12.0
123,2.9446000000000002e-05,-0.008,12.0
124,2.9448e-05,-0.008,12.0
125,2.945e-05,0.0,12.0
126,2.9452000000000002e-05,-0.008,11.2
127,2.9454000000000003e-05,-0.008,12.0
128,2.9456e-05,-0.008,11.2
129,2.9458e-05,-0.008,11.2
130,2.9460000000000003e-05,-0.008,11.2
131,2.9462e-05,-0.008,11.2
132,2.9464e-05,-0.008,11.2
133,2.9466000000000002e-05,0.0,11.2
134,2.9468000000000003e-05,-0.008,10.4
135,2.947e-05,-0.008,10.4
136,2.9472000000000002e-05,-0.008,10.4
137,2.9474000000000003e-05,0.0,10.4
138,2.9476e-05,-0.008,10.4
139,2.9478e-05,-0.008,10.4
140,2.9480000000000002e-05,-0.008,10.4
141,2.9482e-05,0.0,10.4
142,2.9484e-05,-0.008,10.4
143,2.9486000000000002e-05,-0.008,10.4
144,2.9488000000000003e-05,-0.008,10.4
145,2.949e-05,0.0,10.4
146,2.9492e-05,-0.008,9.6
147,2.9494000000000003e-05,-0.008,9.6
148,2.9496e-05,-0.008,9.6
149,2.9498e-05,0.0,9.6
150,2.9500000000000002e-05,-0.008,9.6
151,2.9502000000000003e-05,0.0,9.6
152,2.9504e-05,-0.008,9.6
153,2.9506000000000002e-05,0.0,9.6
154,2.9508000000000003e-05,-0.008,8.8
155,2.951e-05,-0.008,8.8
156,2.9512e-05,-0.008,9.6
157,2.9514000000000002e-05,0.0,9.6
158,2.9516e-05,-0.008,8.8
159,2.9518e-05,0.0,8.8
160,2.9520000000000002e-05,-0.008,8.8
161,2.9522000000000003e-05,0.0,8.8
162,2.9524e-05,0.0,8.8
163,2.9526e-05,0.0,8.8
164,2.9528000000000003e-05,-0.008,8.8
165,2.953e-05,0.0,8.8
166,2.9532e-05,-0.008,8.8
167,2.9534000000000002e-05,0.0,8.8
168,2.9536000000000003e-05,-0.008,8.8
169,2.9538e-05,0.0,8.8
170,2.9540000000000002e-05,-0.008,8.0
171,2.9542000000000003e-05,0.0,8.0
172,2.9544e-05,-0.008,8.8
173,2.9546e-05,0.0,8.8
174,2.9548000000000002e-05,-0.008,8.0
175,2.955e-05,-0.008,8.0
176,2.9552e-05,-0.008,8.0
177,2.9554000000000002e-05,0.0,8.0
178,2.9556000000000003e-05,0.0,8.0
179,2.9558e-05,0.0,8.0
180,2.956e-05,-0.008,8.0
181,2.9562000000000003e-05,0.0,8.0
182,2.9564e-05,-0.008,8.0
183,2.9566e-05,0.0,8.0
184,2.9568000000000002e-05,-0.008,8.0
185,2.9570000000000003e-05,0.0,8.0
186,2.9572e-05,0.0,8.0
187,2.9574000000000002e-05,0.0,8.0
188,2.9576000000000003e-05,-0.008,8.0
189,2.9578e-05,0.0,8.0
190,2.958e-05,-0.008,8.0
191,2.9582000000000002e-05,0.0,8.0
192,2.9584e-05,-0.008,8.0
193,2.9586e-05,0.0,8.0
194,2.9588000000000002e-05,-0.008,8.0
195,2.9590000000000003e-05,0.0,8.0
196,2.9592e-05,-0.008,8.0
197,2.9594e-05,0.0,8.0
198,2.9596000000000003e-05,0.0,8.0
199,2.9598e-05,0.0,8.0
200,2.96e-05,-0.008,8.0
201,2.9602000000000002e-05,0.0,8.0
202,2.9604000000000003e-05,0.0,8.0
203,2.9606e-05,0.0,8.0
204,2.9608000000000002e-05,-0.008,8.0
205,2.9610000000000003e-05,0.0,8.0
206,2.9612e-05,0.0,8.0
207,2.9614e-05,0.0,8.0
208,2.9616000000000002e-05,-0.008,8.0
209,2.9618e-05,0.0,8.0
210,2.962e-05,0.0,8.0
211,2.9622000000000002e-05,0.0,8.0
212,2.9624000000000003e-05,0.0,8.0
213,2.9626e-05,0.0,8.0
214,2.9628e-05,-0.008,8.0
215,2.9630000000000003e-05,0.0,8.0
216,2.9632e-05,0.0,8.0
217,2.9634e-05,0.0,8.0
218,2.9636000000000002e-05,0.0,8.0
219,2.9638000000000003e-05,0.0,8.0
220,2.964e-05,0.0,8.0
221,2.9642000000000002e-05,0.0,8.0
222,2.9644000000000003e-05,-0.008,8.0
223,2.9646e-05,0.0,8.0
224,2.9648e-05,0.0,8.0
225,2.9650000000000002e-05,0.0,8.0
226,2.9652e-05,0.0,8.0
227,2.9654e-05,0.0,8.8
228,2.9656000000000002e-05,0.0,8.0
229,2.9658000000000003e-05,0.0,8.0
230,2.966e-05,0.0,8.0
231,2.9662e-05,0.0,8.8
232,2.9664000000000003e-05,0.0,8.8
233,2.9666e-05,0.0,8.8
234,2.9668e-05,0.0,8.0
235,2.9670000000000002e-05,0.0,8.8
236,2.9672000000000003e-05,0.0,8.8
237,2.9674e-05,0.0,8.8
238,2.9676000000000002e-05,0.0,8.8
239,2.9678000000000003e-05,0.0,8.8
240,2.968e-05,-0.008,8.8
241,2.9682e-05,0.0,8.8
242,2.9684000000000002e-05,0.0,8.8
243,2.9686e-05,0.0,8.8
244,2.9688e-05,0.0,9.6
245,2.9690000000000002e-05,0.0,9.6
246,2.9692000000000003e-05,-0.008,8.8
247,2.9694e-05,0.0,9.6
248,2.9696e-05,0.0,9.6
249,2.9698000000000003e-05,0.008,9.6
250,2.97e-05,0.0,9.6
251,2.9702e-05,0.0,9.6
252,2.9704000000000002e-05,0.0,9.6
253,2.9706000000000003e-05,0.008,9.6
254,2.9708e-05,0.0,9.6
255,2.9710000000000002e-05,0.0,9.6
256,2.9712000000000003e-05,0.0,9.6
257,2.9714e-05,0.0,10.4
258,2.9716e-05,0.0,9.6
259,2.9718000000000002e-05,0.0,10.4
260,2.972e-05,0.0,10.4
261,2.9722e-05,0.0,10.4
262,2.9724000000000002e-05,0.0,10.4
263,2.9726000000000003e-05,0.0,10.4
264,2.9728e-05,0.0,10.4
265,2.973e-05,0.0,10.4
266,2.9732000000000003e-05,0.0,10.4
267,2.9734e-05,0.0,11.2
268,2.9736e-05,0.0,11.2
269,2.9738000000000002e-05,0.0,11.2
270,2.9740000000000003e-05,0.0,11.2
271,2.9742e-05,0.0,11.2
272,2.9744000000000002e-05,0.0,11.2
273,2.9746000000000003e-05,0.0,11.2
274,2.9748e-05,0.0,11.2
275,2.975e-05,0.0,11.2
276,2.9752000000000002e-05,0.0,12.0
277,2.9754e-05,0.0,12.0
278,2.9756e-05,0.0,12.0
279,2.9758000000000002e-05,0.0,12.0
280,2.9760000000000003e-05,0.0,12.0
281,2.9762e-05,0.008,12.0
282,2.9764e-05,0.0,12.0
283,2.9766000000000003e-05,0.0,12.0
284,2.9768e-05,0.0,13.6
285,2.977e-05,0.0,13.6
286,2.9772000000000002e-05,0.0,13.6
287,2.9774000000000003e-05,0.0,13.6
288,2.9776e-05,0.0,13.6
289,2.9778000000000002e-05,0.008,13.6
290,2.9780000000000003e-05,0.0,13.6
291,2.9782e-05,0.0,14.4
292,2.9784e-05,0.0,14.4
293,2.9786000000000002e-05,0.0,14.4
294,2.9788e-05,0.0,14.4
295,2.979e-05,0.0,14.4
296,2.9792000000000002e-05,0.0,14.4
297,2.9794000000000003e-05,0.0,15.2
298,2.9796e-05,0.0,15.2
299,2.9798e-05,0.0,15.2
300,2.9800000000000003e-05,0.0,15.2
301,2.9802e-05,0.0,15.2
302,2.9804e-05,0.0,15.2
303,2.9806000000000002e-05,0.0,16.0
304,2.9808000000000003e-05,0.0,16.0
305,2.981e-05,0.0,16.0
306,2.9812000000000002e-05,0.0,16.0
307,2.9814000000000003e-05,0.0,16.0
308,2.9816e-05,0.0,16.8
309,2.9818e-05,0.0,16.8
310,2.9820000000000002e-05,0.0,16.8
311,2.9822e-05,0.0,16.8
312,2.9824e-05,0.0,16.8
313,2.9826000000000002e-05,0.0,16.8
314,2.9828000000000003e-05,0.0,16.8
315,2.983e-05,0.0,17.6
316,2.9832e-05,-0.008,17.6
317,2.9834000000000003e-05,0.0,17.6
318,2.9836e-05,0.0,17.6
319,2.9838e-05,0.0,18.4
320,2.9840000000000002e-05,0.0,18.4
321,2.9842000000000003e-05,0.008,18.4
322,2.9844e-05,0.0,18.4
323,2.9846000000000002e-05,0.0,18.4
324,2.9848000000000003e-05,0.0,18.4
325,2.985e-05,0.0,19.2
326,2.9852e-05,0.0,19.2
327,2.9854000000000002e-05,0.0,19.2
328,2.9856e-05,0.0,19.2
329,2.9858e-05,0.0,19.2
330,2.9860000000000002e-05,0.0,20.0
331,2.9862000000000003e-05,0.0,20.0
332,2.9864e-05,0.0,20.0
333,2.9866000000000002e-05,0.0,20.0
334,2.9868000000000003e-05,0.0,20.0
335,2.987e-05,0.0,20.8
336,2.9872e-05,-0.008,20.8
337,2.9874000000000002e-05,0.0,20.8
338,2.9876000000000003e-05,0.0,20.8
339,2.9878e-05,0.0,20.8
340,2.9880000000000002e-05,-0.008,21.6
341,2.9882000000000003e-05,0.0,21.6
342,2.9884e-05,-0.008,21.6
343,2.9886e-05,0.0,21.6
344,2.9888000000000003e-05,-0.008,21.6
345,2.989e-05,0.0,22.4
346,2.9892e-05,-0.008,22.4
347,2.9894000000000002e-05,0.0,22.4
348,2.9896000000000003e-05,-0.008,22.4
349,2.9898e-05,0.0,22.4
350,2.9900000000000002e-05,-0.008,22.4
351,2.9902000000000003e-05,0.0,23.2
352,2.9904e-05,-0.008,23.2
353,2.9906e-05,0.0,23.2
354,2.9908000000000002e-05,0.0,23.2
355,2.9910000000000003e-05,0.0,23.2
356,2.9912e-05,-0.008,24.0
357,2.9914000000000002e-05,0.0,24.0
358,2.9916000000000003e-05,-0.008,24.0
359,2.9918e-05,0.0,24.0
360,2.992e-05,-0.008,24.0
361,2.9922000000000003e-05,0.0,24.0
362,2.9924e-05,-0.008,24.0
363,2.9926e-05,0.0,25.6
364,2.9928000000000002e-05,-0.008,25.6
365,2.9930000000000003e-05,0.0,25.6
366,2.9932e-05,-0.008,25.6
367,2.9934000000000002e-05,0.0,25.6
368,2.9936000000000003e-05,-0.008,26.4
369,2.9938e-05,0.0,26.4
370,2.994e-05,-0.008,26.4
371,2.9942000000000002e-05,0.0,26.4
372,2.9944000000000003e-05,-0.008,26.4
373,2.9946e-05,0.0,26.4
374,2.9948000000000002e-05,-0.008,26.4
375,2.9950000000000003e-05,0.0,27.2
376,2.9952e-05,-0.008,27.2
377,2.9954e-05,0.0,27.2
378,2.9956000000000003e-05,-0.008,27.2
379,2.9958e-05,0.0,27.2
380,2.996e-05,-0.008,27.2
381,2.9962000000000002e-05,0.0,27.2
382,2.9964000000000003e-05,-0.008,27.2
383,2.9966e-05,0.0,28.0
384,2.9968000000000002e-05,-0.008,28.0
385,2.9970000000000003e-05,0.0,28.0
386,2.9972e-05,-0.008,28.0
387,2.9974e-05,-0.008,28.0
388,2.9976000000000002e-05,-0.008,28.0
389,2.9978000000000003e-05,0.0,28.0
390,2.998e-05,-0.008,28.0
391,2.9982000000000002e-05,-0.008,28.0
392,2.9984000000000003e-05,-0.008,28.0
393,2.9986e-05,0.0,28.8
394,2.9988e-05,-0.008,28.0
395,2.9990000000000003e-05,-0.008,28.0
396,2.9992e-05,-0.008,28.8
397,2.9994e-05,0.0,28.8
398,2.9996000000000002e-05,-0.008,28.8
399,2.9998000000000003e-05,-0.008,28.8
400,3e-05,-0.008,28.8
401,3.0002000000000002e-05,0.0,28.8
402,3.0004000000000003e-05,-0.008,28.8
403,3.0006e-05,-0.008,28.8
404,3.0008e-05,-0.008,28.8
405,3.0010000000000002e-05,0.0,28.8
406,3.0012000000000003e-05,-0.008,28.8
407,3.0014e-05,-0.008,28.8
408,3.0016000000000002e-05,-0.008,28.8
409,3.0018000000000003e-05,0.0,28.8
410,3.002e-05,0.0,28.8
411,3.0022e-05,-0.008,28.8
412,3.0024000000000003e-05,-0.008,28.8
413,3.0026e-05,0.0,28.8
414,3.0028e-05,-0.008,28.8
415,3.0030000000000002e-05,-0.008,28.8
416,3.0032000000000003e-05,-0.008,28.8
417,3.0034e-05,0.0,28.8
418,3.0036000000000002e-05,-0.008,28.8
419,3.0038000000000003e-05,-0.008,28.8
420,3.004e-05,-0.008,28.8
421,3.0042e-05,0.0,28.8
422,3.0044000000000002e-05,-0.008,28.8
423,3.0046000000000003e-05,-0.008,28.8
424,3.0048e-05,-0.008,28.8
425,3.0050000000000002e-05,0.0,28.8
426,3.0052000000000003e-05,-0.008,28.8
427,3.0054e-05,-0.008,28.8
428,3.0056e-05,-0.008,28.8
429,3.0058000000000003e-05,0.0,28.8
430,3.006e-05,-0.008,28.8
431,3.0062e-05,-0.008,28.8
432,3.0064000000000002e-05,-0.008,28.8
433,3.0066000000000003e-05,0.0,28.8
434,3.0068e-05,-0.008,28.0
435,3.0070000000000002e-05,-0.008,28.0
436,3.0072000000000003e-05,-0.008,28.0
437,3.0074e-05,0.0,28.0
438,3.0076e-05,-0.008,28.0
439,3.0078000000000002e-05,-0.008,28.0
440,3.0080000000000003e-05,-0.008,28.0
441,3.0082e-05,0.0,28.0
442,3.0084000000000002e-05,-0.008,28.0
443,3.0086000000000003e-05,-0.008,28.0
444,3.0088e-05,-0.008,28.0
445,3.009e-05,0.0,28.0
446,3.0092000000000003e-05,-0.008,27.2
447,3.0094e-05,-0.008,27.2
448,3.0096e-05,-0.008,27.2
449,3.0098000000000002e-05,0.0,27.2
450,3.0100000000000003e-05,-0.008,27.2
451,3.0102e-05,-0.008,27.2
452,3.0104000000000002e-05,-0.008,27.2
453,3.0106000000000003e-05,0.0,27.2
454,3.0108e-05,-0.008,26.4
455,3.011e-05,-0.008,26.4
456,3.0112000000000002e-05,-0.008,26.4
457,3.0114000000000003e-05,0.0,26.4
458,3.0116e-05,-0.008,26.4
459,3.0118000000000002e-05,-0.008,26.4
460,3.0120000000000003e-05,-0.008,26.4
461,3.0122e-05,-0.008,25.6
462,3.0124e-05,-0.008,25.6
463,3.0126000000000003e-05,-0.008,25.6
464,3.0128e-05,-0.008,25.6
465,3.013e-05,0.0,25.6
466,3.0132000000000002e-05,-0.008,25.6
467,3.0134000000000003e-05,-0.008,25.6
468,3.0136e-05,-0.008,24.0
469,3.0138000000000002e-05,-0.008,24.0
470,3.0140000000000003e-05,-0.008,24.0
471,3.0142e-05,-0.008,24.0
472,3.0144e-05,-0.008,24.0
473,3.0146000000000002e-05,0.0,24.0
474,3.0148000000000003e-05,-0.008,23.2
475,3.015e-05,-0.008,23.2
476,3.0152000000000002e-05,-0.008,23.2
477,3.0154000000000003e-05,-0.008,23.2
478,3.0156e-05,-0.008,22.4
479,3.0158e-05,-0.008,23.2
480,3.0160000000000003e-05,-0.008,22.4
481,3.0162e-05,0.0,22.4
482,3.0164e-05,-0.008,22.4
483,3.0166000000000002e-05,-0.008,22.4
484,3.0168000000000003e-05,-0.008,22.4
485,3.017e-05,0.0,21.6
486,3.0172000000000002e-05,-0.008,21.6
487,3.0174000000000003e-05,-0.008,21.6
488,3.0176e-05,-0.008,21.6
489,3.0178e-05,0.0,21.6
490,3.0180000000000002e-05,-0.008,20.8
491,3.0182000000000003e-05,-0.008,20.8
492,3.0184e-05,-0.008,20.8
493,3.0186000000000002e-05,0.0,20.8
494,3.0188000000000003e-05,-0.008,20.8
495,3.019e-05,-0.008,20.8
496,3.0192e-05,-0.008,20.0
497,3.0194000000000003e-05,-0.008,20.0
498,3.0196e-05,-0.008,20.0
499,3.0198e-05,-0.008,20.0
500,3.0200000000000002e-05,-0.008,20.0
501,3.0202000000000003e-05,0.0,19.2
502,3.0204e-05,-0.008,19.2
503,3.0206000000000002e-05,-0.008,19.2
504,3.0208000000000003e-05,-0.008,19.2
505,3.021e-05,-0.008,19.2
506,3.0212e-05,-0.008,18.4
507,3.0214000000000002e-05,-0.008,18.4
508,3.0216000000000003e-05,-0.008,18.4
509,3.0218e-05,0.0,18.4
510,3.0220000000000002e-05,-0.008,18.4
511,3.0222000000000003e-05,-0.008,18.4
512,3.0224e-05,-0.008,17.6
513,3.0226e-05,0.0,17.6
514,3.0228000000000003e-05,-0.008,17.6
515,3.023e-05,-0.008,17.6
516,3.0232e-05,-0.008,17.6
517,3.0234000000000002e-05,0.0,17.6
518,3.0236000000000003e-05,-0.008,16.8
519,3.0238e-05,-0.008,16.8
520,3.0240000000000002e-05,-0.008,16.8
521,3.0242000000000003e-05,0.0,16.8
522,3.0244e-05,-0.008,16.8
523,3.0246e-05,-0.008,16.0
524,3.0248000000000002e-05,-0.008,16.0
525,3.0250000000000003e-05,-0.008,16.0
526,3.0252e-05,-0.008,16.0
527,3.0254000000000002e-05,-0.008,16.0
528,3.0256000000000003e-05,-0.008,16.0
529,3.0258e-05,0.0,16.0
530,3.026e-05,-0.008,15.2
531,3.0262000000000003e-05,-0.008,15.2
532,3.0264e-05,-0.008,15.2
533,3.0266e-05,0.0,15.2
534,3.0268000000000002e-05,-0.008,15.2
535,3.0270000000000003e-05,-0.008,15.2
536,3.0272e-05,-0.008,14.4
537,3.0274000000000002e-05,0.0,14.4
538,3.0276000000000003e-05,-0.008,14.4
539,3.0278e-05,-0.008,14.4
540,3.028e-05,-0.008,14.4
541,3.0282000000000002e-05,0.0,14.4
542,3.0284000000000003e-05,-0.008,14.4
543,3.0286e-05,-0.008,13.6
544,3.0288000000000002e-05,-0.008,13.6
545,3.0290000000000003e-05,0.0,13.6
546,3.0292e-05,-0.008,13.6
547,3.0294e-05,-0.008,13.6
548,3.0296000000000003e-05,-0.008,13.6
549,3.0298e-05,0.0,13.6
550,3.03e-05,-0.008,12.0
551,3.0302000000000002e-05,-0.008,12.0
552,3.0304000000000003e-05,-0.008,12.0
553,3.0306e-05,0.0,12.0
554,3.0308000000000002e-05,-0.008,12.0
555,3.0310000000000003e-05,-0.008,12.0
556,3.0312e-05,-0.008,12.0
557,3.0314e-05,0.0,12.0
558,3.0316000000000002e-05,-0.008,11.2
559,3.0318000000000003e-05,-0.008,12.0
560,3.032e-05,-0.008,12.0
561,3.0322000000000002e-05,0.0,11.2
562,3.0324000000000003e-05,-0.008,11.2
563,3.0326e-05,-0.008,11.2
564,3.0328e-05,-0.008,11.2
565,3.0330000000000003e-05,0.0,11.2
566,3.0332e-05,-0.008,11.2
567,3.0334e-05,0.0,11.2
568,3.0336000000000002e-05,-0.008,11.2
569,3.0338000000000003e-05,0.0,10.4
570,3.034e-05,-0.008,10.4
571,3.0342000000000002e-05,-0.008,10.4
572,3.0344000000000003e-05,-0.008,10.4
573,3.0346e-05,0.0,10.4
574,3.0348e-05,-0.008,10.4
575,3.0350000000000002e-05,0.0,10.4
576,3.0352000000000003e-05,-0.008,10.4
577,3.0354e-05,0.0,10.4
578,3.0356000000000002e-05,-0.008,10.4
579,3.0358000000000003e-05,-0.008,10.4
580,3.036e-05,-0.008,10.4
581,3.0362000000000002e-05,0.0,9.6
582,3.0364000000000003e-05,-0.008,9.6
583,3.0366e-05,0.0,9.6
584,3.0368e-05,-0.008,9.6
585,3.0370000000000002e-05,0.0,9.6
586,3.0372000000000003e-05,-0.008,9.6
587,3.0374e-05,-0.008,9.6
588,3.0376000000000002e-05,-0.008,9.6
589,3.0378000000000003e-05,0.0,9.6
590,3.038e-05,-0.008,9.6
591,3.0382e-05,0.0,9.6
592,3.0384000000000003e-05,-0.008,9.6
593,3.0386000000000004e-05,0.0,9.6
594,3.0388e-05,-0.008,9.6
595,3.0390000000000002e-05,0.0,9.6
596,3.0392000000000003e-05,-0.008,9.6
597,3.0394e-05,0.0,9.6
598,3.0396000000000002e-05,-0.008,8.8
599,3.0398000000000003e-05,0.0,8.8
600,3.04e-05,-0.008,9.6
601,3.0402e-05,0.0,8.8
602,3.0404000000000002e-05,-0.008,8.8
603,3.0406e-05,0.0,8.8
604,3.0408e-05,-0.008,8.8
605,3.0410000000000002e-05,0.0,8.8
606,3.0412000000000003e-05,-0.008,8.8
607,3.0414e-05,0.0,8.8
608,3.0416e-05,-0.008,8.8
609,3.0418000000000003e-05,0.0,8.8
610,3.0420000000000004e-05,-0.008,8.8
611,3.0422e-05,0.0,8.8
612,3.0424000000000002e-05,-0.008,8.8
613,3.0426000000000003e-05,0.0,8.8
614,3.0428e-05,0.0,8.8
615,3.0430000000000002e-05,-0.008,8.8
616,3.0432000000000003e-05,-0.008,8.8
617,3.0434e-05,0.0,8.8
618,3.0436e-05,0.0,8.8
619,3.0438000000000002e-05,0.0,8.8
620,3.044e-05,-0.008,8.8
621,3.0442e-05,0.0,8.8
622,3.0444000000000002e-05,0.0,8.8
623,3.0446000000000003e-05,0.0,8.8
624,3.0448e-05,-0.008,8.8
625,3.045e-05,0.0,8.8
626,3.0452000000000003e-05,0.0,8.8
627,3.0454e-05,0.0,8.8
628,3.0456e-05,0.0,8.8
629,3.0458000000000002e-05,0.0,8.8
630,3.0460000000000003e-05,0.0,8.8
631,3.0462e-05,0.0,8.8
632,3.0464000000000002e-05,0.0,8.8
633,3.0466000000000003e-05,0.0,8.8
634,3.0468e-05,0.0,8.8
635,3.047e-05,0.0,8.8
636,3.0472000000000002e-05,-0.008,8.8
637,3.0474e-05,0.0,8.8
638,3.0476e-05,0.0,8.8
639,3.0478000000000002e-05,0.0,8.8
640,3.0480000000000003e-05,0.0,8.8
641,3.0482e-05,0.0,8.8
642,3.0484e-05,0.0,8.8
643,3.0486000000000003e-05,0.0,8.8
644,3.0488e-05,-0.008,8.8
645,3.049e-05,0.0,8.8
646,3.0492000000000002e-05,-0.008,8.8
647,3.0494000000000003e-05,0.0,8.8
648,3.0496e-05,-0.008,8.8
649,3.0498000000000002e-05,0.0,8.8
650,3.0500000000000003e-05,0.0,8.8
651,3.0502e-05,0.0,8.8
652,3.0504e-05,0.0,8.8
653,3.0506000000000002e-05,0.0,8.8
654,3.0508e-05,-0.008,8.8
655,3.051e-05,0.0,9.6
656,3.0512000000000002e-05,-0.008,9.6
657,3.0514000000000003e-05,0.0,9.6
658,3.0516e-05,-0.008,8.8
659,3.0518e-05,0.0,9.6
660,3.052e-05,-0.008,9.6
661,3.0522000000000004e-05,0.0,9.6
662,3.0524e-05,0.0,9.6
663,3.0526e-05,0.0,9.6
664,3.0528e-05,-0.008,9.6
665,3.053e-05,0.0,9.6
666,3.0532e-05,0.0,9.6
667,3.0534e-05,0.0,9.6
668,3.0536e-05,0.0,9.6
669,3.0538000000000005e-05,0.0,9.6
670,3.054e-05,0.0,9.6
671,3.0542e-05,0.0,9.6
672,3.0544000000000004e-05,0.0,10.4
673,3.0546e-05,0.0,10.4
674,3.0548e-05,0.0,9.6
675,3.0550000000000004e-05,0.0,10.4
676,3.0552e-05,0.0,10.4
677,3.0554e-05,0.0,10.4
678,3.0556000000000004e-05,0.0,10.4
679,3.0558e-05,0.0,10.4
680,3.056e-05,-0.008,10.4
681,3.0562e-05,0.0,10.4
682,3.0564e-05,-0.008,10.4
683,3.0566000000000005e-05,0.0,10.4
684,3.0568e-05,0.0,11.2
685,3.057e-05,0.0,11.2
686,3.0572000000000005e-05,0.0,10.4
687,3.0574e-05,0.0,11.2
688,3.0576e-05,0.0,11.2
689,3.0578000000000004e-05,0.0,11.2
690,3.058e-05,0.0,11.2
691,3.0582e-05,0.0,11.2
692,3.0584000000000004e-05,-0.008,11.2
693,3.0586e-05,0.0,11.2
694,3.0588e-05,0.0,11.2
695,3.0590000000000004e-05,0.0,12.0
696,3.0592e-05,0.0,12.0
697,3.0594e-05,0.0,12.0
698,3.0596e-05,0.0,12.0
699,3.0598e-05,0.0,12.0
700,3.06e-05,-0.008,12.0
701,3.0602e-05,0.0,12.0
702,3.0604e-05,0.0,12.0
703,3.0606000000000005e-05,0.0,13.6
704,3.0608e-05,0.0,12.0
705,3.061e-05,0.0,13.6
706,3.0612000000000004e-05,-0.008,13.6
707,3.0614e-05,0.0,13.6
708,3.0616e-05,-0.008,13.6
709,3.0618000000000004e-05,0.0,13.6
710,3.062e-05,0.0,13.6
711,3.0622e-05,0.0,13.6
712,3.0624000000000004e-05,0.0,14.4
713,3.0626e-05,0.0,14.4
714,3.0628e-05,0.0,14.4
715,3.063e-05,0.0,14.4
716,3.0632e-05,0.0,14.4
717,3.0634000000000005e-05,0.0,14.4
718,3.0636e-05,-0.008,14.4
719,3.0638e-05,0.0,14.4
720,3.0640000000000005e-05,0.0,15.2
721,3.0642e-05,0.0,15.2
722,3.0644e-05,0.0,15.2
723,3.0646000000000004e-05,0.0,15.2
724,3.0648e-05,0.0,15.2
725,3.065e-05,0.0,15.2
726,3.0652000000000004e-05,0.0,15.2
727,3.0654e-05,0.0,16.0
728,3.0656e-05,0.0,16.0
729,3.0658000000000004e-05,0.008,16.0
730,3.066e-05,0.0,16.0
731,3.0662e-05,0.0,16.0
732,3.0664e-05,-0.008,16.0
733,3.0666e-05,0.0,16.8
734,3.0668e-05,0.0,16.0
735,3.067e-05,0.0,16.8
736,3.0672e-05,0.0,16.8
737,3.0674000000000005e-05,0.0,16.8
738,3.0676e-05,0.0,16.8
739,3.0678e-05,0.0,17.6
740,3.0680000000000004e-05,-0.008,17.6
741,3.0682e-05,0.0,17.6
742,3.0684e-05,0.0,17.6
743,3.0686000000000004e-05,0.0,17.6
744,3.0688e-05,-0.008,17.6
745,3.069e-05,0.0,18.4
746,3.0692000000000004e-05,0.0,17.6
747,3.0694e-05,0.0,18.4
748,3.0696e-05,-0.008,18.4
749,3.0698e-05,0.0,18.4
750,3.07e-05,-0.008,18.4
751,3.0702000000000005e-05,0.0,19.2
752,3.0704e-05,-0.008,19.2
753,3.0706e-05,0.0,19.2
754,3.0708000000000005e-05,0.0,19.2
755,3.071e-05,0.0,19.2
756,3.0712e-05,0.0,19.2
757,3.0714000000000004e-05,0.0,20.0
758,3.0716e-05,-0.008,20.0
759,3.0718e-05,0.0,20.0
760,3.0720000000000004e-05,-0.008,20.0
761,3.0722e-05,0.0,20.0
762,3.0724e-05,0.0,20.0
763,3.0726000000000004e-05,0.0,20.8
764,3.0728e-05,-0.008,20.8
765,3.073e-05,0.0,20.8
766,3.0732e-05,-0.008,20.8
767,3.0734e-05,0.0,20.8
768,3.0736e-05,-0.008,21.6
769,3.0738e-05,0.0,21.6
770,3.074e-05,0.0,21.6
771,3.0742000000000005e-05,0.0,21.6
772,3.0744e-05,-0.008,21.6
773,3.0746e-05,0.0,21.6
774,3.0748000000000004e-05,-0.008,21.6
775,3.075e-05,-0.008,22.4
776,3.0752e-05,0.0,22.4
777,3.0754000000000004e-05,0.0,22.4
778,3.0756e-05,0.0,22.4
779,3.0758e-05,0.0,22.4
780,3.0760000000000004e-05,-0.008,23.2
781,3.0762e-05,0.0,22.4
782,3.0764e-05,-0.008,23.2
783,3.0766e-05,0.0,23.2
784,3.0768e-05,-0.008,23.2
785,3.077e-05,0.0,23.2
786,3.0772e-05,0.0,23.2
787,3.0774e-05,0.0,23.2
788,3.0776000000000005e-05,-0.008,24.0
789,3.0778e-05,0.0,24.0
790,3.078e-05,-0.008,24.0
791,3.0782000000000004e-05,0.0,24.0
792,3.0784e-05,-0.008,24.0
793,3.0786e-05,0.0,24.0
794,3.0788000000000004e-05,0.0,24.0
795,3.079e-05,-0.008,25.6
796,3.0792e-05,-0.008,25.6
797,3.0794000000000004e-05,0.0,25.6
798,3.0796e-05,-0.008,25.6
799,3.0798e-05,-0.008,25.6
800,3.08e-05,-0.008,25.6
801,3.0802e-05,0.0,25.6
802,3.0804e-05,0.0,25.6
803,3.0806e-05,0.0,26.4
804,3.0808e-05,-0.008,26.4
805,3.0810000000000005e-05,0.0,26.4
806,3.0812e-05,0.0,26.4
807,3.0814e-05,-0.008,26.4
808,3.0816000000000004e-05,-0.008,26.4
809,3.0818e-05,0.0,26.4
810,3.082e-05,-0.008,26.4
811,3.0822000000000004e-05,0.0,26.4
812,3.0824e-05,-0.008,27.2
813,3.0826e-05,0.0,26.4
814,3.0828000000000004e-05,-0.008,26.4
815,3.083e-05,-0.008,27.2
816,3.0832e-05,-0.008,27.2
817,3.0834e-05,0.0,27.2
818,3.0836e-05,-0.008,27.2
819,3.0838e-05,-0.008,27.2
820,3.084e-05,-0.008,27.2
821,3.0842e-05,0.0,27.2
822,3.0844000000000005e-05,-0.008,27.2
823,3.0846e-05,-0.008,27.2
824,3.0848e-05,-0.008,27.2
825,3.0850000000000004e-05,0.0,27.2
826,3.0852e-05,-0.008,27.2
827,3.0854e-05,-0.008,27.2
828,3.0856000000000004e-05,-0.008,27.2
829,3.0858e-05,0.0,27.2
830,3.086e-05,-0.008,27.2
831,3.0862000000000004e-05,-0.008,27.2
832,3.0864e-05,-0.008,28.0
833,3.0866e-05,0.0,28.0
834,3.0868e-05,-0.008,27.2
835,3.087e-05,-0.008,28.0
836,3.0872e-05,-0.008,28.0
837,3.0874e-05,0.0,28.0
838,3.0876e-05,-0.008,28.0
839,3.0878000000000005e-05,-0.008,28.0
840,3.088e-05,-0.008,28.0
841,3.0882e-05,0.0,28.0
842,3.0884000000000004e-05,-0.008,28.0
843,3.0886e-05,-0.008,28.0
844,3.0888e-05,-0.008,28.0
845,3.0890000000000004e-05,0.0,28.0
846,3.0892e-05,-0.008,27.2
847,3.0894e-05,-0.008,28.0
848,3.0896000000000004e-05,-0.008,27.2
849,3.0898e-05,0.0,28.0
850,3.09e-05,-0.008,27.2
851,3.0902e-05,-0.008,27.2
852,3.0904e-05,-0.008,27.2
853,3.0906e-05,0.0,27.2
854,3.0908e-05,-0.008,27.2
855,3.091e-05,-0.008,27.2
856,3.0912000000000005e-05,-0.008,27.2
857,3.0914e-05,0.0,27.2
858,3.0916e-05,-0.008,27.2
859,3.0918000000000005e-05,-0.008,27.2
860,3.092e-05,-0.008,27.2
861,3.0922e-05,0.0,27.2
862,3.0924000000000004e-05,-0.008,27.2
863,3.0926e-05,-0.008,27.2
864,3.0928e-05,-0.008,27.2
865,3.0930000000000004e-05,0.0,27.2
866,3.0932e-05,-0.008,27.2
867,3.0934e-05,-0.008,27.2
868,3.0936e-05,-0.008,26.4
869,3.0938e-05,0.0,26.4
870,3.094e-05,-0.008,26.4
871,3.0942e-05,-0.008,26.4
872,3.0944e-05,-0.008,26.4
873,3.0946000000000005e-05,0.0,26.4
874,3.0948e-05,-0.008,26.4
875,3.095e-05,-0.008,26.4
876,3.0952000000000005e-05,-0.008,26.4
877,3.0954e-05,0.0,26.4
878,3.0956e-05,-0.008,25.6
879,3.0958000000000004e-05,-0.008,25.6
880,3.096e-05,-0.008,25.6
881,3.0962e-05,0.0,25.6
882,3.0964000000000004e-05,-0.008,25.6
883,3.0966e-05,-0.008,25.6
884,3.0968e-05,-0.008,25.6
885,3.097e-05,-0.008,25.6
886,3.0972e-05,-0.008,24.0
887,3.0974e-05,-0.008,24.0
888,3.0976e-05,-0.008,24.0
889,3.0978e-05,0.0,24.0
890,3.0980000000000005e-05,-0.008,24.0
891,3.0982e-05,-0.008,24.0
892,3.0984e-05,-0.008,24.0
893,3.0986000000000005e-05,-0.008,23.2
894,3.0988e-05,-0.008,23.2
895,3.099e-05,-0.008,23.2
896,3.0992000000000004e-05,-0.008,23.2
897,3.0994e-05,-0.008,23.2
898,3.0996e-05,-0.008,23.2
899,3.0998000000000004e-05,-0.008,23.2
900,3.1e-05,-0.008,23.2
901,3.1002e-05,-0.008,22.4
902,3.1004e-05,-0.008,22.4
903,3.1006e-05,-0.008,22.4
904,3.1008e-05,-0.008,22.4
905,3.101e-05,-0.008,22.4
906,3.1012e-05,-0.008,21.6
907,3.1014000000000005e-05,-0.008,21.6
908,3.1016e-05,-0.008,21.6
909,3.1018e-05,0.0,21.6
910,3.1020000000000005e-05,-0.008,21.6
911,3.1022e-05,-0.008,21.6
912,3.1024e-05,-0.008,21.6
913,3.1026000000000004e-05,0.0,21.6
914,3.1028e-05,-0.008,20.8
915,3.103e-05,-0.008,20.8
916,3.1032000000000004e-05,-0.008,20.8
917,3.1034e-05,-0.008,20.8
918,3.1036e-05,-0.008,20.0
919,3.1038e-05,-0.008,20.0
920,3.104e-05,-0.008,20.0
921,3.1042e-05,-0.008,20.0
922,3.1044e-05,-0.008,20.0
923,3.1046e-05,-0.008,20.0
924,3.1048000000000005e-05,-0.008,20.0
925,3.105e-05,0.0,19.2
926,3.1052e-05,-0.008,19.2
927,3.1054000000000005e-05,-0.008,19.2
928,3.1056e-05,-0.008,19.2
929,3.1058e-05,0.0,19.2
930,3.1060000000000004e-05,-0.008,18.4
931,3.1062e-05,-0.008,18.4
932,3.1064e-05,-0.008,18.4
933,3.1066000000000004e-05,0.0,18.4
934,3.1068e-05,-0.008,18.4
935,3.107e-05,-0.008,18.4
936,3.1072e-05,-0.008,18.4
937,3.1074e-05,-0.008,18.4
938,3.1076e-05,-0.008,17.6
939,3.1078e-05,-0.008,17.6
940,3.108e-05,-0.008,17.6
941,3.1082000000000005e-05,0.0,17.6
942,3.1084e-05,-0.008,17.6
943,3.1086e-05,-0.008,17.6
944,3.1088000000000005e-05,-0.008,16.8
945,3.109e-05,0.0,16.8
946,3.1092e-05,-0.008,16.8
947,3.1094000000000004e-05,-0.008,16.8
948,3.1096e-05,-0.008,16.8
949,3.1098e-05,0.0,16.0
950,3.1100000000000004e-05,-0.008,16.0
951,3.1102e-05,-0.008,16.0
952,3.1104e-05,-0.008,16.0
953,3.1106e-05,0.0,16.0
954,3.1108e-05,-0.008,16.0
955,3.111e-05,-0.008,16.0
956,3.1112e-05,-0.008,16.0
957,3.1114e-05,0.0,15.2
958,3.1116000000000005e-05,-0.008,15.2
959,3.1118e-05,-0.008,15.2
960,3.112e-05,-0.008,15.2
961,3.1122000000000005e-05,0.0,15.2
962,3.1124e-05,-0.008,15.2
963,3.1126e-05,-0.008,15.2
964,3.1128000000000004e-05,-0.008,15.2
965,3.113e-05,0.0,14.4
966,3.1132e-05,-0.008,14.4
967,3.1134000000000004e-05,-0.008,14.4
968,3.1136e-05,-0.008,14.4
969,3.1138e-05,0.0,14.4
970,3.1140000000000003e-05,-0.008,14.4
971,3.1142e-05,-0.008,13.6
972,3.1144e-05,-0.008,14.4
973,3.1146e-05,-0.008,13.6
974,3.1148e-05,-0.008,13.6
975,3.115e-05,-0.008,13.6
976,3.1152e-05,-0.008,13.6
977,3.1154e-05,0.0,13.6
978,3.1156000000000005e-05,-0.008,13.6
979,3.1158e-05,-0.008,13.6
980,3.116e-05,-0.008,13.6
981,3.1162000000000004e-05,0.0,12.0
982,3.1164e-05,-0.008,12.0
983,3.1166e-05,-0.008,12.0
984,3.1168000000000004e-05,-0.008,12.0
985,3.117e-05,0.0,12.0
986,3.1172e-05,-0.008,12.0
987,3.1174000000000003e-05,-0.008,12.0
988,3.1176e-05,-0.008,12.0
989,3.1178e-05,0.0,12.0
990,3.118e-05,-0.008,12.0
991,3.1182e-05,-0.008,11.2
992,3.1184000000000005e-05,-0.008,12.0
993,3.1186e-05,0.0,11.2
994,3.1188e-05,-0.008,11.2
995,3.1190000000000005e-05,-0.008,11.2
996,3.1192e-05,-0.008,11.2
997,3.1194e-05,0.0,11.2
998,3.1196000000000004e-05,-0.008,11.2
999,3.1198e-05,-0.008,11.2
1000,3.12e-05,-0.008,11.2
1001,3.1202000000000004e-05,0.0,11.2
1002,3.1204e-05,-0.008,10.4
1003,3.1206e-05,-0.008,10.4
1004,3.1208000000000003e-05,-0.008,10.4
1005,3.121e-05,0.0,10.4
1006,3.1212e-05,-0.008,10.4
1007,3.1214e-05,-0.008,10.4
1008,3.1216e-05,-0.008,10.4
1009,3.1218e-05,0.0,10.4
1010,3.122e-05,-0.008,10.4
1011,3.1222e-05,-0.008,10.4
1012,3.1224000000000005e-05,-0.008,10.4
1013,3.1226e-05,0.0,10.4
1014,3.1228e-05,-0.008,10.4
1015,3.1230000000000004e-05,-0.008,10.4
1016,3.1232e-05,-0.008,10.4
1017,3.1234e-05,0.0,10.4
1018,3.1236000000000004e-05,-0.008,9.6
1019,3.1238e-05,-0.008,9.6
1020,3.124e-05,-0.008,10.4
1021,3.1242000000000003e-05,0.0,9.6
1022,3.1244e-05,-0.008,9.6
1023,3.1246e-05,0.0,9.6
1024,3.1248e-05,-0.008,9.6
1025,3.125e-05,0.0,9.6
1026,3.1252000000000005e-05,-0.008,9.6
1027,3.1254e-05,0.0,9.6
1028,3.1256e-05,-0.008,9.6
1029,3.1258000000000005e-05,0.0,9.6
1030,3.126e-05,-0.008,9.6
1031,3.1262e-05,0.0,9.6
1032,3.1264000000000004e-05,-0.008,9.6
1033,3.1266e-05,0.0,9.6
1034,3.1268e-05,-0.008,9.6
1035,3.1270000000000004e-05,-0.008,9.6
1036,3.1272e-05,-0.008,9.6
1037,3.1274e-05,0.0,9.6
1038,3.1276000000000003e-05,-0.008,9.6
1039,3.1278e-05,0.0,9.6
1040,3.128e-05,-0.008,9.6
1041,3.1282e-05,0.0,9.6
1042,3.1284e-05,-0.008,9.6
1043,3.1286e-05,-0.008,9.6
1044,3.1288e-05,-0.008,9.6
1045,3.129e-05,0.0,9.6
1046,3.1292000000000005e-05,-0.008,9.6
1047,3.1294e-05,-0.008,9.6
1048,3.1296e-05,-0.008,9.6
1049,3.1298000000000004e-05,0.0,9.6
1050,3.13e-05,0.0,9.6
1051,3.1302e-05,0.0,9.6
1052,3.1304000000000004e-05,-0.008,9.6
1053,3.1306e-05,0.0,9.6
1054,3.1308e-05,0.0,9.6
1055,3.1310000000000003e-05,0.0,9.6
1056,3.1312e-05,-0.008,9.6
1057,3.1314e-05,0.0,9.6
1058,3.1316e-05,0.0,9.6
1059,3.1318e-05,0.0,9.6
1060,3.1320000000000005e-05,-0.008,9.6
1061,3.1322e-05,0.0,9.6
1062,3.1324e-05,-0.008,9.6
1063,3.1326000000000005e-05,0.0,9.6
1064,3.1328e-05,-0.008,9.6
1065,3.133e-05,0.0,9.6
1066,3.1332000000000004e-05,0.0,9.6
1067,3.1334e-05,-0.008,9.6
1068,3.1336e-05,-0.008,9.6
1069,3.1338000000000004e-05,0.0,9.6
1070,3.134e-05,-0.008,9.6
1071,3.1342e-05,0.0,9.6
1072,3.1344000000000003e-05,-0.008,9.6
1073,3.1346e-05,0.0,9.6
1074,3.1348e-05,0.0,9.6
1075,3.135e-05,0.0,9.6
1076,3.1352e-05,-0.008,9.6
1077,3.1354e-05,0.0,9.6
1078,3.1356e-05,0.0,9.6
1079,3.1358e-05,0.0,9.6
1080,3.1360000000000005e-05,-0.008,10.4
1081,3.1362e-05,0.0,9.6
1082,3.1364e-05,0.0,9.6
1083,3.1366000000000004e-05,0.0,10.4
1084,3.1368e-05,0.0,10.4
1085,3.137e-05,0.0,10.4
1086,3.1372000000000004e-05,0.0,9.6
1087,3.1374e-05,0.0,10.4
1088,3.1376e-05,0.0,10.4
1089,3.1378000000000003e-05,0.0,10.4
1090,3.138e-05,0.0,10.4
1091,3.1382e-05,0.0,10.4
1092,3.1384e-05,-0.008,10.4
1093,3.1386e-05,0.0,10.4
1094,3.1388000000000005e-05,-0.008,10.4
1095,3.139e-05,-0.008,10.4
1096,3.1392e-05,0.0,10.4
1097,3.1394000000000005e-05,0.0,10.4
1098,3.1396e-05,0.0,10.4
1099,3.1398e-05,0.0,10.4
1100,3.1400000000000004e-05,-0.008,11.2
1101,3.1402e-05,0.0,10.4
1102,3.1404e-05,0.0,10.4
1103,3.1406000000000004e-05,-0.008,11.2
1104,3.1408e-05,0.0,11.2
1105,3.141e-05,0.0,11.2
1106,3.1412000000000004e-05,0.0,11.2
1107,3.1414e-05,0.0,11.2
1108,3.1416e-05,-0.008,11.2
1109,3.1418e-05,0.0,11.2
1110,3.142e-05,-0.008,11.2
1111,3.1422e-05,0.0,11.2
1112,3.1424e-05,-0.008,11.2
1113,3.1426e-05,0.0,12.0
1114,3.1428000000000005e-05,0.0,11.2
1115,3.143e-05,0.0,12.0
1116,3.1432e-05,0.0,12.0
1117,3.1434000000000004e-05,0.0,12.0
1118,3.1436e-05,0.0,12.0
1119,3.1438e-05,0.0,12.0
1120,3.1440000000000004e-05,0.0,12.0
1121,3.1442e-05,0.0,12.0
1122,3.1444e-05,0.0,12.0
1123,3.1446000000000004e-05,0.0,13.6
1124,3.1448e-05,0.0,12.0
1125,3.145e-05,0.0,13.6
1126,3.1452e-05,-0.008,12.0
1127,3.1454e-05,0.0,13.6
1128,3.1456000000000005e-05,-0.008,13.6
1129,3.1458e-05,0.0,13.6
1130,3.146e-05,0.0,13.6
1131,3.1462000000000005e-05,0.0,13.6
1132,3.1464e-05,-0.008,14.4
1133,3.1466e-05,0.0,13.6
1134,3.1468000000000004e-05,0.0,14.4
1135,3.147e-05,0.0,14.4
1136,3.1472e-05,0.0,14.4
1137,3.1474000000000004e-05,0.0,14.4
1138,3.1476e-05,0.0,14.4
1139,3.1478e-05,0.0,14.4
1140,3.1480000000000004e-05,0.0,15.2
1141,3.1482e-05,0.0,14.4
1142,3.1484e-05,0.0,15.2
1143,3.1486e-05,0.0,15.2
1144,3.1488e-05,0.0,15.2
1145,3.149e-05,0.0,15.2
1146,3.1492e-05,0.0,15.2
1147,3.1494e-05,0.0,15.2
1148,3.1496000000000005e-05,0.0,15.2
1149,3.1498e-05,0.0,16.0
1150,3.15e-05,-0.008,16.0
1151,3.1502000000000004e-05,0.0,16.0
1152,3.1504e-05,-0.008,16.0
1153,3.1506e-05,0.0,16.0
1154,3.1508000000000004e-05,0.0,16.0
1155,3.151e-05,0.0,16.0
1156,3.1512e-05,-0.008,16.8
1157,3.1514000000000004e-05,0.0,16.8
1158,3.1516e-05,0.0,16.8
1159,3.1518e-05,0.0,16.8
1160,3.152e-05,-0.008,16.8
1161,3.1522e-05,0.0,16.8
1162,3.1524000000000005e-05,0.0,16.8
1163,3.1526e-05,0.0,17.6
1164,3.1528e-05,0.0,17.6
1165,3.1530000000000005e-05,0.0,17.6
1166,3.1532e-05,-0.008,17.6
1167,3.1534e-05,0.0,17.6
1168,3.1536000000000004e-05,-0.008,17.6
1169,3.1538e-05,0.0,17.6
1170,3.154e-05,-0.008,18.4
1171,3.1542000000000004e-05,0.0,18.4
1172,3.1544e-05,0.0,18.4
1173,3.1546e-05,0.0,18.4
1174,3.1548000000000004e-05,0.0,18.4
1175,3.155e-05,0.0,18.4
1176,3.1552e-05,0.0,19.2
1177,3.1554e-05,0.0,19.2
1178,3.1556e-05,0.0,18.4
1179,3.1558e-05,0.0,19.2
1180,3.156e-05,-0.008,19.2
1181,3.1562e-05,0.0,19.2
1182,3.1564000000000005e-05,-0.008,19.2
1183,3.1566e-05,-0.008,19.2
1184,3.1568e-05,-0.008,20.0
1185,3.1570000000000004e-05,0.0,20.0
1186,3.1572e-05,-0.008,20.0
1187,3.1574e-05,0.0,20.0
1188,3.1576000000000004e-05,-0.008,20.0
1189,3.1578e-05,0.0,20.0
1190,3.158e-05,-0.008,20.0
1191,3.1582000000000004e-05,0.0,20.8
1192,3.1584e-05,-0.008,20.8
1193,3.1586e-05,0.0,20.8
1194,3.1588e-05,-0.008,20.8
1195,3.159e-05,-0.008,20.8
1196,3.1592000000000005e-05,-0.008,20.8
1197,3.1594e-05,0.0,21.6
1198,3.1596e-05,-0.008,21.6
1199,3.1598000000000005e-05,0.0,21.6
1200,3.16e-05,-0.008,21.6
1201,3.1602e-05,0.0,21.6
1202,3.1604000000000004e-05,-0.008,21.6
1203,3.1606e-05,0.0,21.6
1204,3.1608e-05,-0.008,22.4
1205,3.1610000000000004e-05,0.0,22.4
1206,3.1612e-05,-0.008,22.4
1207,3.1614e-05,0.0,22.4
1208,3.1616000000000004e-05,-0.008,22.4
1209,3.1618e-05,0.0,22.4
1210,3.162e-05,-0.008,22.4
1211,3.1622e-05,-0.008,22.4
1212,3.1624e-05,-0.008,23.2
1213,3.1626e-05,0.0,23.2
1214,3.1628e-05,-0.008,23.2
1215,3.163e-05,-0.008,23.2
1216,3.1632000000000005e-05,-0.008,23.2
1217,3.1634e-05,0.0,23.2
1218,3.1636e-05,-0.008,23.2
1219,3.1638000000000004e-05,0.0,23.2
1220,3.164e-05,-0.008,24.0
1221,3.1642e-05,0.0,24.0
1222,3.1644000000000004e-05,-0.008,24.0
1223,3.1646e-05,0.0,24.0
1224,3.1648e-05,-0.008,24.0
1225,3.1650000000000004e-05,0.0,24.0
1226,3.1652e-05,-0.008,24.0
1227,3.1654e-05,-0.008,24.0
1228,3.1656e-05,-0.008,25.6
1229,3.1658e-05,0.0,24.0
1230,3.1660000000000005e-05,-0.008,24.0
1231,3.1662e-05,-0.008,25.6
1232,3.1664e-05,-0.008,25.6
1233,3.1666000000000005e-05,0.0,25.6
1234,3.1668e-05,-0.008,25.6
1235,3.167e-05,-0.008,25.6
1236,3.1672000000000004e-05,-0.008,25.6
1237,3.1674e-05,0.0,25.6
1238,3.1676e-05,-0.008,25.6
1239,3.1678000000000004e-05,-0.008,25.6
1240,3.168e-05,-0.008,25.6
1241,3.1682e-05,0.0,25.6
1242,3.1684000000000004e-05,-0.008,25.6
1243,3.1686e-05,-0.008,26.4
1244,3.1688e-05,-0.008,26.4
1245,3.169e-05,0.0,26.4
1246,3.1692e-05,-0.008,26.4
1247,3.1694e-05,-0.008,26.4
1248,3.1696e-05,-0.008,26.4
1249,3.1698e-05,0.0,26.4
1250,3.1700000000000005e-05,-0.008,26.4
1251,3.1702e-05,-0.008,26.4
1252,3.1704e-05,-0.008,26.4
1253,3.1706000000000004e-05,0.0,26.4
1254,3.1708e-05,-0.008,26.4
1255,3.171e-05,-0.008,26.4
1256,3.1712000000000004e-05,-0.008,26.4
1257,3.1714e-05,0.0,26.4
1258,3.1716e-05,-0.008,26.4
1259,3.1718000000000004e-05,-0.008,26.4
1260,3.172e-05,-0.008,26.4
1261,3.1722e-05,0.0,26.4
1262,3.1724e-05,-0.008,26.4
1263,3.1726e-05,-0.008,26.4
1264,3.1728000000000005e-05,-0.008,26.4
1265,3.173e-05,0.0,26.4
1266,3.1732e-05,-0.008,26.4
1267,3.1734000000000005e-05,-0.008,26.4
1268,3.1736e-05,-0.008,26.4
1269,3.1738e-05,0.0,26.4
1270,3.1740000000000004e-05,-0.008,26.4
1271,3.1742e-05,-0.008,26.4
1272,3.1744e-05,-0.008,26.4
1273,3.1746000000000004e-05,0.0,26.4
1274,3.1748e-05,-0.008,26.4
1275,3.175e-05,-0.008,26.4
1276,3.1752000000000004e-05,-0.008,26.4
1277,3.1754e-05,0.0,26.4
1278,3.1756e-05,-0.008,26.4
1279,3.1758e-05,-0.008,26.4
1280,3.176e-05,-0.008,26.4
1281,3.1762e-05,0.0,26.4
1282,3.1764e-05,-0.008,26.4
1283,3.1766e-05,-0.008,26.4
1284,3.1768000000000005e-05,-0.008,26.4
1285,3.177e-05,-0.008,26.4
1286,3.1772e-05,-0.008,26.4
1287,3.1774000000000004e-05,-0.008,26.4
1288,3.1776e-05,-0.008,26.4
1289,3.1778e-05,0.0,25.6
1290,3.1780000000000004e-05,-0.008,25.6
1291,3.1782e-05,-0.008,25.6
1292,3.1784e-05,-0.008,25.6
1293,3.1786000000000004e-05,0.0,25.6
1294,3.1788e-05,-0.008,25.6
1295,3.179e-05,-0.008,25.6
1296,3.1792e-05,-0.008,25.6
1297,3.1794e-05,-0.008,25.6
1298,3.1796000000000005e-05,-0.008,25.6
1299,3.1798e-05,-0.008,25.6
1300,3.18e-05,-0.008,25.6
1301,3.1802000000000005e-05,0.0,24.0
1302,3.1804e-05,-0.008,24.0
1303,3.1806e-05,-0.008,24.0
1304,3.1808000000000004e-05,-0.008,24.0
1305,3.181e-05,-0.008,24.0
1306,3.1812e-05,-0.008,24.0
1307,3.1814000000000004e-05,-0.008,24.0
1308,3.1816e-05,-0.008,24.0
1309,3.1818e-05,0.0,24.0
1310,3.1820000000000004e-05,-0.008,23.2
1311,3.1822e-05,-0.008,23.2
1312,3.1824e-05,-0.008,23.2
1313,3.1826e-05,0.0,23.2
1314,3.1828e-05,-0.008,23.2
1315,3.183e-05,-0.008,23.2
1316,3.1832e-05,-0.008,23.2
1317,3.1834e-05,-0.008,23.2
1318,3.1836000000000005e-05,-0.008,22.4
1319,3.1838e-05,-0.008,22.4
1320,3.184e-05,-0.008,22.4
1321,3.1842000000000004e-05,-0.008,22.4
1322,3.1844e-05,-0.008,22.4
1323,3.1846e-05,-0.008,22.4
1324,3.1848000000000004e-05,-0.008,22.4
1325,3.185e-05,0.0,22.4
1326,3.1852e-05,-0.008,21.6
1327,3.1854000000000004e-05,-0.008,21.6
1328,3.1856e-05,-0.008,21.6
1329,3.1858e-05,0.0,21.6
1330,3.186e-05,-0.008,21.6
1331,3.1862e-05,-0.008,21.6
1332,3.1864000000000005e-05,-0.008,21.6
1333,3.1866e-05,-0.008,21.6
1334,3.1868e-05,-0.008,20.8
1335,3.1870000000000005e-05,-0.008,20.8
1336,3.1872e-05,-0.008,20.8
1337,3.1874e-05,0.0,20.8
1338,3.1876000000000004e-05,-0.008,20.8
1339,3.1878e-05,-0.008,20.8
1340,3.188e-05,-0.008,20.8
1341,3.1882000000000004e-05,0.0,20.0
1342,3.1884e-05,-0.008,20.0
1343,3.1886e-05,-0.008,20.0
1344,3.1888000000000004e-05,-0.008,20.0
1345,3.189e-05,0.0,20.0
1346,3.1892e-05,-0.008,20.0
1347,3.1894e-05,-0.008,20.0
1348,3.1896e-05,-0.008,19.2
1349,3.1898e-05,-0.008,19.2
1350,3.19e-05,-0.008,19.2
1351,3.1902e-05,-0.008,19.2
1352,3.1904000000000005e-05,-0.016,19.2
1353,3.1906e-05,-0.008,19.2
1354,3.1908e-05,-0.008,18.4
1355,3.1910000000000004e-05,-0.008,18.4
1356,3.1912e-05,-0.008,18.4
1357,3.1914e-05,-0.008,18.4
1358,3.1916000000000004e-05,-0.008,18.4
1359,3.1918e-05,-0.008,18.4
1360,3.192e-05,-0.008,18.4
1361,3.1922000000000004e-05,0.0,18.4
1362,3.1924e-05,-0.008,17.6
1363,3.1926e-05,-0.008,17.6
1364,3.1928e-05,-0.008,17.6
1365,3.193e-05,0.0,17.6
1366,3.1932000000000005e-05,-0.008,17.6
1367,3.1934e-05,-0.008,17.6
1368,3.1936e-05,-0.008,17.6
1369,3.1938000000000005e-05,0.0,17.6
1370,3.194e-05,-0.008,16.8
1371,3.1942e-05,-0.008,16.8
1372,3.1944000000000005e-05,-0.008,16.8
1373,3.1946e-05,0.0,16.8
1374,3.1948e-05,-0.008,16.8
1375,3.1950000000000004e-05,-0.008,16.8
1376,3.1952e-05,-0.008,16.8
1377,3.1954e-05,0.0,16.0
1378,3.1956000000000004e-05,-0.008,16.0
1379,3.1958e-05,-0.008,16.0
1380,3.196e-05,-0.008,16.0
1381,3.1962e-05,-0.008,16.0
1382,3.1964e-05,-0.008,16.0
1383,3.1966e-05,-0.008,16.0
1384,3.1968e-05,-0.008,15.2
1385,3.197e-05,-0.008,15.2
1386,3.1972000000000005e-05,-0.008,15.2
1387,3.1974e-05,-0.008,15.2
1388,3.1976e-05,-0.008,15.2
1389,3.1978000000000005e-05,0.0,15.2
1390,3.198e-05,-0.008,15.2
1391,3.1982e-05,-0.008,15.2
1392,3.1984000000000004e-05,-0.008,15.2
1393,3.1986e-05,-0.008,14.4
1394,3.1988e-05,-0.008,14.4
1395,3.1990000000000004e-05,-0.008,14.4
1396,3.1992e-05,-0.008,14.4
1397,3.1994e-05,-0.008,14.4
1398,3.1996e-05,-0.008,14.4
1399,3.1998e-05,-0.008,14.4
1400,3.2000000000000005e-05,-0.008,14.4
1401,3.2002e-05,0.0,14.4
1402,3.2004e-05,-0.008,13.6
1403,3.2006000000000005e-05,-0.008,13.6
1404,3.2008e-05,-0.008,13.6
1405,3.201e-05,0.0,13.6
1406,3.2012000000000005e-05,-0.008,13.6
1407,3.2014e-05,-0.008,13.6
1408,3.2016e-05,-0.008,13.6
1409,3.2018000000000004e-05,0.0,13.6
1410,3.202e-05,-0.008,13.6
1411,3.2022e-05,-0.008,13.6
1412,3.2024000000000004e-05,-0.008,13.6
1413,3.2026e-05,0.0,12.0
1414,3.2028e-05,-0.008,12.0
1415,3.203e-05,-0.008,12.0
1416,3.2032e-05,-0.008,12.0
1417,3.2034e-05,0.0,12.0
1418,3.2036e-05,-0.008,12.0
1419,3.2038e-05,-0.008,12.0
1420,3.2040000000000005e-05,-0.008,12.0
1421,3.2042e-05,0.0,12.0
1422,3.2044e-05,-0.008,12.0
1423,3.2046000000000005e-05,-0.008,12.0
1424,3.2048e-05,-0.008,12.0
1425,3.205e-05,0.0,12.0
1426,3.2052000000000004e-05,-0.008,11.2
1427,3.2054e-05,-0.008,11.2
1428,3.2056e-05,-0.008,11.2
1429,3.2058000000000004e-05,0.0,11.2
1430,3.206e-05,-0.008,11.2
1431,3.2062e-05,-0.008,11.2
1432,3.2064e-05,-0.008,11.2
1433,3.2066e-05,0.0,11.2
1434,3.2068000000000005e-05,0.0,11.2
1435,3.207e-05,-0.008,11.2
1436,3.2072e-05,-0.008,11.2
1437,3.2074000000000005e-05,0.0,11.2
1438,3.2076e-05,-0.008,10.4
1439,3.2078e-05,-0.008,11.2
1440,3.2080000000000005e-05,-0.008,11.2
1441,3.2082e-05,0.0,10.4
1442,3.2084e-05,-0.008,10.4
1443,3.2086000000000004e-05,-0.008,10.4
1444,3.2088e-05,-0.008,10.4
1445,3.209e-05,0.0,10.4
1446,3.2092000000000004e-05,-0.008,10.4
1447,3.2094e-05,-0.008,10.4
1448,3.2096e-05,-0.008,10.4
1449,3.2098e-05,0.0,10.4
1450,3.21e-05,-0.008,10.4
1451,3.2102e-05,-0.008,10.4
1452,3.2104e-05,-0.008,10.4
1453,3.2106e-05,0.0,10.4
1454,3.2108000000000005e-05,-0.008,10.4
1455,3.211e-05,0.0,10.4
1456,3.2112e-05,-0.008,10.4
1457,3.2114000000000005e-05,0.0,10.4
1458,3.2116e-05,0.0,10.4
1459,3.2118e-05,-0.008,10.4
1460,3.2120000000000004e-05,-0.008,10.4
1461,3.2122e-05,0.0,10.4
1462,3.2124e-05,-0.008,10.4
1463,3.2126000000000004e-05,-0.008,10.4
1464,3.2128e-05,-0.008,10.4
1465,3.213e-05,0.0,10.4
1466,3.2132e-05,0.0,10.4
1467,3.2134e-05,0.0,10.4
1468,3.2136000000000005e-05,-0.008,10.4
1469,3.2138e-05,0.0,10.4
1470,3.214e-05,-0.008,10.4
1471,3.2142000000000005e-05,0.0,10.4
1472,3.2144e-05,-0.008,10.4
1473,3.2146e-05,0.0,10.4
1474,3.2148000000000005e-05,0.0,10.4
1475,3.215e-05,0.0,10.4
1476,3.2152e-05,-0.008,10.4
1477,3.2154000000000004e-05,0.0,10.4
1478,3.2156e-05,-0.008,10.4
1479,3.2158e-05,-0.008,10.4
1480,3.2160000000000004e-05,-0.008,10.4
1481,3.2162e-05,0.0,10.4
1482,3.2164e-05,-0.008,10.4
1483,3.2166000000000003e-05,0.0,10.4
1484,3.2168e-05,-0.008,10.4
1485,3.217e-05,0.0,10.4
1486,3.2172e-05,0.0,9.6
1487,3.2174e-05,-0.008,10.4
1488,3.2176000000000005e-05,-0.008,10.4
1489,3.2178e-05,0.0,10.4
1490,3.218e-05,-0.008,10.4
1491,3.2182000000000005e-05,0.0,10.4
1492,3.2184e-05,-0.008,10.4
1493,3.2186e-05,0.0,10.4
1494,3.2188000000000004e-05,0.0,10.4
1495,3.219e-05,0.0,10.4
1496,3.2192e-05,-0.008,10.4
1497,3.2194000000000004e-05,0.0,10.4
1498,3.2196e-05,-0.008,10.4
1499,3.2198e-05,0.0,10.4
1500,3.2200000000000003e-05,-0.008,10.4
1501,3.2202e-05,0.0,10.4
1502,3.2204000000000005e-05,-0.008,10.4
1503,3.2206e-05,-0.008,11.2
1504,3.2208e-05,0.0,10.4
1505,3.2210000000000005e-05,0.0,10.4
1506,3.2212e-05,-0.008,10.4
1507,3.2214e-05,0.0,10.4
1508,3.2216000000000005e-05,-0.008,11.2
1509,3.2218e-05,0.0,10.4
1510,3.222e-05,-0.008,10.4
1511,3.2222000000000004e-05,0.0,10.4
1512,3.2224e-05,-0.008,11.2
1513,3.2226e-05,0.0,11.2
1514,3.2228000000000004e-05,0.0,10.4
1515,3.223e-05,0.0,11.2
1516,3.2232e-05,-0.008,11.2
1517,3.2234000000000003e-05,0.0,11.2
1518,3.2236e-05,0.0,11.2
1519,3.2238e-05,0.0,11.2
1520,3.224e-05,-0.008,11.2
1521,3.2242e-05,0.0,11.2
1522,3.2244e-05,-0.008,11.2
1523,3.2246e-05,0.0,11.2
1524,3.2248e-05,0.0,11.2
1525,3.2250000000000005e-05,0.0,11.2
1526,3.2252e-05,0.0,11.2
1527,3.2254e-05,0.0,11.2
1528,3.2256000000000004e-05,-0.008,12.0
1529,3.2258e-05,0.0,12.0
1530,3.226e-05,-0.008,12.0
1531,3.2262000000000004e-05,0.0,12.0
1532,3.2264e-05,-0.008,12.0
1533,3.2266e-05,0.0,12.0
1534,3.2268000000000003e-05,-0.008,12.0
1535,3.227e-05,0.0,12.0
1536,3.2272000000000005e-05,-0.008,12.0
1537,3.2274e-05,0.0,12.0
1538,3.2276e-05,0.0,12.0
1539,3.2278000000000005e-05,0.0,12.0
1540,3.228e-05,-0.008,12.0
1541,3.2282e-05,0.0,12.0
1542,3.2284000000000005e-05,-0.008,12.0
1543,3.2286e-05,0.0,13.6
1544,3.2288e-05,0.0,13.6
1545,3.2290000000000004e-05,0.0,13.6
1546,3.2292e-05,0.0,13.6
1547,3.2294e-05,0.0,13.6
1548,3.2296000000000004e-05,0.0,13.6
1549,3.2298e-05,0.0,13.6
1550,3.23e-05,-0.008,13.6
1551,3.2302000000000003e-05,0.0,13.6
1552,3.2304e-05,-0.008,14.4
1553,3.2306e-05,0.0,14.4
1554,3.2308e-05,0.0,14.4
1555,3.231e-05,0.0,14.4
1556,3.2312e-05,-0.008,14.4
1557,3.2314e-05,0.0,14.4
1558,3.2316e-05,0.0,14.4
1559,3.2318000000000005e-05,0.0,14.4
1560,3.232e-05,-0.008,14.4
1561,3.2322e-05,0.0,14.4
1562,3.2324000000000004e-05,0.0,14.4
1563,3.2326e-05,0.0,15.2
1564,3.2328e-05,-0.008,15.2
1565,3.2330000000000004e-05,0.0,15.2
1566,3.2332e-05,-0.008,15.2
1567,3.2334e-05,0.0,15.2
1568,3.2336000000000003e-05,-0.008,15.2
1569,3.2338e-05,0.0,15.2
1570,3.234e-05,0.0,15.2
1571,3.2342e-05,0.0,16.0
1572,3.2344e-05,-0.008,16.0
1573,3.2346000000000005e-05,0.008,16.0
1574,3.2348e-05,0.008,16.0
1575,3.235e-05,0.016,16.0
1576,3.2352000000000005e-05,0.016,16.0
1577,3.2354e-05,0.04,16.0
1578,3.2356e-05,0.048,16.0
1579,3.2358000000000004e-05,0.04,16.8
1580,3.236e-05,0.032,16.8
1581,3.2362e-05,0.032,16.8
1582,3.2364000000000004e-05,0.032,16.8
1583,3.2366e-05,0.032,16.8
1584,3.2368e-05,0.024,16.8
1585,3.2370000000000003e-05,0.032,17.6
1586,3.2372e-05,0.032,17.6
1587,3.2374e-05,0.032,17.6
1588,3.2376e-05,0.032,17.6
1589,3.2378e-05,0.04,17.6
1590,3.238e-05,0.032,17.6
1591,3.2382e-05,0.04,17.6
1592,3.2384e-05,0.04,18.4
1593,3.2386000000000005e-05,0.048,18.4
1594,3.2388e-05,0.04,18.4
1595,3.239e-05,0.032,18.4
1596,3.2392000000000004e-05,0.016,18.4
1597,3.2394e-05,0.016,18.4
1598,3.2396e-05,0.008,18.4
1599,3.2398000000000004e-05,0.008,18.4
1600,3.24e-05,0.016,16.8
1601,3.2402e-05,0.048,13.6
1602,3.2404000000000003e-05,0.08,10.4
1603,3.2406e-05,0.104,8.0
1604,3.2408e-05,0.096,6.4
1605,3.241e-05,0.096,4.8
1606,3.2412e-05,0.048,4.0
1607,3.2414000000000005e-05,0.008,4.0
1608,3.2416e-05,-0.056,3.2
1609,3.2418e-05,-0.096,3.2
1610,3.2420000000000005e-05,-0.096,3.2
1611,3.2422e-05,-0.064,3.2
1612,3.2424e-05,-0.008,3.2
1613,3.2426000000000004e-05,0.056,3.2
1614,3.2428e-05,0.096,2.4
1615,3.243e-05,0.12,2.4
1616,3.2432000000000004e-05,0.104,1.6
1617,3.2434e-05,0.072,1.6
1618,3.2436e-05,0.008,-0.000174
1619,3.2438000000000004e-05,-0.04,-0.000174
1620,3.244e-05,-0.064,-0.000174
1621,3.2442e-05,-0.048,-0.000174
1622,3.2444e-05,-0.024,-0.8
1623,3.2446e-05,0.024,-0.000174
1624,3.2448e-05,0.056,-0.8
1625,3.245e-05,0.104,-0.8
1626,3.2452e-05,0.096,-1.6
1627,3.2454000000000005e-05,0.072,-0.8
1628,3.2456e-05,0.016,-0.8
1629,3.2458e-05,-0.016,-1.6
1630,3.2460000000000004e-05,-0.048,-0.8
1631,3.2462e-05,-0.048,-0.8
1632,3.2464e-05,-0.032,-0.8
1633,3.2466000000000004e-05,0.008,-0.8
1634,3.2468e-05,0.032,-0.8
1635,3.247e-05,0.072,-0.8
1636,3.2472000000000004e-05,0.08,-0.8
1637,3.2474e-05,0.072,-0.8
1638,3.2476e-05,0.032,-1.6
1639,3.2478e-05,0.0,-0.8
1640,3.248e-05,-0.024,-0.8
1641,3.2482000000000005e-05,-0.032,-0.8
1642,3.2484e-05,-0.032,-0.8
1643,3.2486e-05,-0.008,-0.8
1644,3.2488000000000005e-05,0.016,-0.8
1645,3.249e-05,0.048,-0.8
1646,3.2492e-05,0.056,-0.8
1647,3.2494000000000004e-05,0.056,-0.8
1648,3.2496e-05,0.04,-0.8
1649,3.2498e-05,0.016,-0.8
1650,3.2500000000000004e-05,-0.008,-1.6
1651,3.2502e-05,-0.016,-0.8
1652,3.2504e-05,-0.024,-0.8
1653,3.2506000000000004e-05,-0.008,-0.8
1654,3.2508e-05,0.008,-0.8
1655,3.251e-05,0.032,-0.8
1656,3.2512e-05,0.04,-0.8
1657,3.2514e-05,0.048,-0.8
1658,3.2516e-05,0.04,-1.6
1659,3.2518e-05,0.024,-0.8
1660,3.252e-05,0.0,-0.8
1661,3.2522000000000005e-05,-0.008,-0.8
1662,3.2524e-05,-0.016,-0.8
1663,3.2526e-05,-0.008,-0.8
1664,3.2528000000000004e-05,0.0,-0.8
1665,3.253e-05,0.024,-0.8
1666,3.2532e-05,0.032,-0.8
1667,3.2534000000000004e-05,0.04,-0.8
1668,3.2536e-05,0.032,-0.8
1669,3.2538e-05,0.032,-0.8
1670,3.2540000000000004e-05,0.008,-0.8
1671,3.2542e-05,0.0,-0.8
1672,3.2544e-05,-0.008,-0.8
1673,3.2546e-05,0.0,-0.8
1674,3.2548e-05,0.0,-0.8
1675,3.2550000000000005e-05,0.016,-0.8
1676,3.2552e-05,0.024,-0.8
1677,3.2554e-05,0.032,-0.8
1678,3.2556000000000005e-05,0.032,-1.6
1679,3.2558e-05,0.024,-0.8
1680,3.256e-05,0.016,-0.8
1681,3.2562000000000004e-05,0.016,-0.8
1682,3.2564e-05,0.0,-0.8
1683,3.2566e-05,0.0,-0.8
1684,3.2568000000000004e-05,0.0,-0.8
1685,3.257e-05,0.008,-0.8
1686,3.2572e-05,0.016,-0.8
1687,3.2574000000000004e-05,0.024,-0.8
1688,3.2576e-05,0.024,-0.8
1689,3.2578e-05,0.032,-0.8
1690,3.258e-05,0.016,-0.8
1691,3.2582e-05,0.016,-0.8
1692,3.2584e-05,0.008,-0.8
1693,3.2586e-05,0.008,-0.8
1694,3.2588e-05,0.0,-1.6
1695,3.2590000000000005e-05,0.008,-0.8
1696,3.2592e-05,0.016,-0.8
1697,3.2594e-05,0.024,-0.8
1698,3.2596000000000004e-05,0.024,-0.8
1699,3.2598e-05,0.024,-0.8
1700,3.26e-05,0.024,-0.8
1701,3.2602000000000004e-05,0.024,-0.8
1702,3.2604e-05,0.008,-1.6
1703,3.2606e-05,0.0,-0.8
1704,3.2608000000000004e-05,0.008,-1.6
1705,3.261e-05,0.016,-0.8
1706,3.2612e-05,0.016,-0.8
1707,3.2614e-05,0.016,-0.8
1708,3.2616e-05,0.016,-0.8
1709,3.2618000000000005e-05,0.032,-0.8
1710,3.262e-05,0.016,-0.8
1711,3.2622e-05,0.016,-0.8
1712,3.2624000000000005e-05,0.016,-0.8
1713,3.2626e-05,0.016,-0.8
1714,3.2628e-05,0.008,-1.6
1715,3.2630000000000004e-05,0.008,-0.8
1716,3.2632e-05,0.008,-0.8
1717,3.2634e-05,0.024,-0.8
1718,3.2636000000000004e-05,0.016,-0.8
1719,3.2638e-05,0.024,-0.8
1720,3.264e-05,0.016,-0.8
1721,3.2642000000000004e-05,0.024,-0.8
1722,3.2644e-05,0.016,-0.8
1723,3.2646e-05,0.016,-0.8
1724,3.2648e-05,0.008,-0.8
1725,3.265e-05,0.016,-0.8
1726,3.2652e-05,0.008,-0.8
1727,3.2654e-05,0.016,-0.8
1728,3.2656e-05,0.016,-0.8
1729,3.2658000000000005e-05,0.024,-0.8
1730,3.266e-05,0.024,-0.8
1731,3.2662e-05,0.024,-0.8
1732,3.2664000000000004e-05,0.016,-0.8
1733,3.2666e-05,0.024,-0.8
1734,3.2668e-05,0.016,-0.8
1735,3.2670000000000004e-05,0.016,-0.8
1736,3.2672e-05,0.008,-0.8
1737,3.2674e-05,0.016,-0.8
1738,3.2676000000000004e-05,0.016,-0.8
1739,3.2678e-05,0.024,-0.8
1740,3.268e-05,0.016,-0.8
1741,3.2682e-05,0.024,-0.8
1742,3.2684e-05,0.016,-0.8
1743,3.2686000000000005e-05,0.016,-0.8
1744,3.2688e-05,0.016,-0.8
1745,3.269e-05,0.016,-0.8
1746,3.2692000000000005e-05,0.016,-0.8
1747,3.2694e-05,0.016,-0.8
1748,3.2696e-05,0.016,-0.8
1749,3.2698000000000004e-05,0.024,-0.8
1750,3.27e-05,0.016,-0.8
1751,3.2702e-05,0.024,-0.8
1752,3.2704000000000004e-05,0.016,-0.8
1753,3.2706e-05,0.024,-0.8
1754,3.2708e-05,0.016,-1.6
1755,3.2710000000000004e-05,0.016,-0.8
1756,3.2712e-05,0.016,-0.8
1757,3.2714e-05,0.024,-0.8
1758,3.2716e-05,0.016,-0.8
1759,3.2718e-05,0.016,-0.8
1760,3.272e-05,0.016,-0.8
1761,3.2722e-05,0.024,-0.8
1762,3.2724e-05,0.024,-0.8
1763,3.2726000000000005e-05,0.016,-0.8
1764,3.2728e-05,0.016,-0.8
1765,3.273e-05,0.024,-0.8
1766,3.2732000000000004e-05,0.016,-0.8
1767,3.2734e-05,0.016,-0.8
1768,3.2736e-05,0.016,-0.8
1769,3.2738000000000004e-05,0.024,-0.8
1770,3.274e-05,0.016,-0.8
1771,3.2742e-05,0.024,-0.8
1772,3.2744000000000004e-05,0.016,-0.8
1773,3.2746e-05,0.024,-0.8
1774,3.2748e-05,0.016,-1.6
1775,3.275e-05,0.016,-0.8
1776,3.2752e-05,0.016,-0.8
1777,3.2754000000000005e-05,0.024,-0.8
1778,3.2756e-05,0.016,-0.8
1779,3.2758e-05,0.016,-0.8
1780,3.2760000000000005e-05,0.016,-0.8
1781,3.2762e-05,0.024,-0.8
1782,3.2764e-05,0.016,-0.8
1783,3.2766000000000004e-05,0.024,-0.8
1784,3.2768e-05,0.016,-0.8
1785,3.277e-05,0.024,-0.8
1786,3.2772000000000004e-05,0.016,-1.6
1787,3.2774e-05,0.016,-0.8
1788,3.2776e-05,0.016,-0.8
1789,3.2778000000000004e-05,0.024,-0.8
1790,3.278e-05,0.016,-0.8
1791,3.2782e-05,0.024,-0.8
1792,3.2784e-05,0.016,-0.8
1793,3.2786e-05,0.024,-0.8
1794,3.2788e-05,0.024,-0.8
1795,3.279e-05,0.024,-0.8
1796,3.2792e-05,0.016,-0.8
1797,3.2794000000000005e-05,0.024,-0.8
1798,3.2796e-05,0.016,-0.8
1799,3.2798e-05,0.024,-0.8
1800,3.2800000000000004e-05,0.016,-0.8
1801,3.2802e-05,0.024,-0.8
1802,3.2804e-05,0.024,-0.8
1803,3.2806000000000004e-05,0.024,-0.8
1804,3.2808e-05,0.016,-0.8
1805,3.281e-05,0.024,-0.8
1806,3.2812000000000004e-05,0.016,-0.8
1807,3.2814e-05,0.024,-0.8
1808,3.2816e-05,0.016,-0.8
1809,3.2818e-05,0.024,-0.8
1810,3.282e-05,0.024,-0.8
1811,3.2822000000000005e-05,0.024,-0.8
1812,3.2824e-05,0.024,-0.8
1813,3.2826e-05,0.024,-0.8
1814,3.2828000000000005e-05,0.016,-0.8
1815,3.283e-05,0.024,-0.8
1816,3.2832e-05,0.016,-0.8
1817,3.2834000000000004e-05,0.024,-0.8
1818,3.2836e-05,0.024,-0.8
1819,3.2838e-05,0.024,-0.8
1820,3.2840000000000004e-05,0.016,-0.8
1821,3.2842e-05,0.032,-0.8
1822,3.2844e-05,0.024,-0.8
1823,3.2846000000000004e-05,0.024,-0.8
1824,3.2848e-05,0.024,-0.8
1825,3.285e-05,0.032,-0.8
1826,3.2852e-05,0.024,-0.8
1827,3.2854e-05,0.024,-0.8
1828,3.2856e-05,0.024,-0.8
1829,3.2858e-05,0.024,-0.8
1830,3.286e-05,0.024,-0.8
1831,3.2862000000000005e-05,0.024,-0.8
1832,3.2864e-05,0.016,-0.8
1833,3.2866e-05,0.032,-0.8
1834,3.2868000000000004e-05,0.024,-0.8
1835,3.287e-05,0.024,-0.8
1836,3.2872e-05,0.024,-0.8
1837,3.2874000000000004e-05,0.032,-0.8
1838,3.2876e-05,0.024,-0.8
1839,3.2878e-05,0.024,-0.8
1840,3.2880000000000004e-05,0.024,-0.8
1841,3.2882e-05,0.032,-0.8
1842,3.2884e-05,0.024,-0.8
1843,3.2886e-05,0.024,-0.8
1844,3.2888e-05,0.024,-0.8
1845,3.2890000000000005e-05,0.032,-0.8
1846,3.2892e-05,0.024,-1.6
1847,3.2894e-05,0.024,-0.8
1848,3.2896000000000005e-05,0.024,-0.8
1849,3.2898e-05,0.032,-0.8
1850,3.29e-05,0.024,-0.8
1851,3.2902000000000004e-05,0.024,-0.8
1852,3.2904e-05,0.024,-0.8
1853,3.2906e-05,0.032,-0.8
1854,3.2908000000000004e-05,0.024,-0.8
1855,3.291e-05,0.024,-0.8
1856,3.2912e-05,0.024,-0.8
1857,3.2914000000000004e-05,0.032,-0.8
1858,3.2916e-05,0.024,-0.8
1859,3.2918e-05,0.024,-0.8
1860,3.292e-05,0.024,-0.8
1861,3.2922e-05,0.032,-0.8
1862,3.2924e-05,0.024,-0.8
1863,3.2926e-05,0.024,-0.8
1864,3.2928e-05,0.024,-0.8
1865,3.2930000000000005e-05,0.032,-0.8
1866,3.2932e-05,0.024,-0.8
1867,3.2934e-05,0.024,-0.8
1868,3.2936000000000004e-05,0.024,-0.8
1869,3.2938e-05,0.032,-0.8
1870,3.294e-05,0.024,-0.8
1871,3.2942000000000004e-05,0.032,-0.8
1872,3.2944e-05,0.024,-0.8
1873,3.2946e-05,0.032,-0.8
1874,3.2948000000000004e-05,0.024,-0.8
1875,3.295e-05,0.024,-0.8
1876,3.2952e-05,0.024,-0.8
1877,3.2954e-05,0.032,-0.8
1878,3.2956e-05,0.024,-0.8
1879,3.2958000000000005e-05,0.024,-0.8
1880,3.296e-05,0.024,-0.8
1881,3.2962e-05,0.032,-0.8
1882,3.2964000000000005e-05,0.024,-0.8
1883,3.2966e-05,0.032,-0.8
1884,3.2968e-05,0.024,-0.8
1885,3.2970000000000005e-05,0.032,-0.8
1886,3.2972e-05,0.024,-0.8
1887,3.2974e-05,0.032,-0.8
1888,3.2976000000000004e-05,0.024,-0.8
1889,3.2978e-05,0.032,-0.8
1890,3.298e-05,0.032,-0.8
1891,3.2982000000000004e-05,0.024,-0.8
1892,3.2984e-05,0.024,-0.8
1893,3.2986e-05,0.032,-0.8
1894,3.2988e-05,0.032,-0.8
1895,3.299e-05,0.032,-0.8
1896,3.2992e-05,0.024,-0.8
1897,3.2994e-05,0.032,-0.8
1898,3.2996e-05,0.032,-0.8
1899,3.2998000000000005e-05,0.032,-0.8
1900,3.3e-05,0.024,-0.8
1901,3.3002e-05,0.032,-0.8
1902,3.3004000000000005e-05,0.032,-1.6
1903,3.3006e-05,0.032,-0.8
1904,3.3008e-05,0.032,-0.8
1905,3.3010000000000004e-05,0.032,-0.8
1906,3.3012e-05,0.024,-0.8
1907,3.3014e-05,0.032,-0.8
1908,3.3016000000000004e-05,0.024,-0.8
1909,3.3018e-05,0.032,-0.8
1910,3.302e-05,0.024,-0.8
1911,3.3022e-05,0.032,-0.8
1912,3.3024e-05,0.032,-0.8
1913,3.3026000000000005e-05,0.032,-0.8
1914,3.3028e-05,0.032,-0.8
1915,3.303e-05,0.032,-0.8
1916,3.3032000000000005e-05,0.032,-0.8
1917,3.3034e-05,0.032,-0.8
1918,3.3036e-05,0.032,-0.8
1919,3.3038000000000005e-05,0.032,-0.8
1920,3.304e-05,0.032,-0.8
1921,3.3042e-05,0.04,-0.8
1922,3.3044000000000004e-05,0.032,-0.8
1923,3.3046e-05,0.032,-0.8
1924,3.3048e-05,0.032,-0.8
1925,3.3050000000000004e-05,0.032,-0.8
1926,3.3052e-05,0.032,-0.8
1927,3.3054e-05,0.032,-0.8
1928,3.3056e-05,0.032,-0.8
1929,3.3058e-05,0.032,-0.8
1930,3.306e-05,0.032,-0.8
1931,3.3062e-05,0.032,-0.8
1932,3.3064e-05,0.032,-0.8
1933,3.3066e-05,0.04,-0.8
1934,3.3068e-05,0.032,-0.8
1935,3.307e-05,0.032,-0.8
1936,3.3072000000000005e-05,0.032,-0.8
1937,3.3074e-05,0.04,-0.8
1938,3.3076e-05,0.032,-0.8
1939,3.3078000000000004e-05,0.032,-0.8
1940,3.308e-05,0.032,-0.8
1941,3.3082e-05,0.04,-0.8
1942,3.3084000000000004e-05,0.032,-0.8
1943,3.3086e-05,0.032,-0.8
1944,3.3088e-05,0.032,-0.8
1945,3.309e-05,0.04,-0.8
1946,3.3092e-05,0.032,-0.8
1947,3.3094000000000005e-05,0.032,-0.8
1948,3.3096e-05,0.032,-0.8
1949,3.3098e-05,0.04,-0.8
1950,3.3100000000000005e-05,0.032,-0.8
1951,3.3102e-05,0.032,-0.8
1952,3.3104e-05,0.032,-0.8
1953,3.3106000000000005e-05,0.04,-0.8
1954,3.3108e-05,0.032,-0.8
1955,3.311e-05,0.032,-0.8
1956,3.3112000000000004e-05,0.032,-0.8
1957,3.3114e-05,0.04,-0.8
1958,3.3116e-05,0.032,-0.8
1959,3.3118000000000004e-05,0.032,-0.8
1960,3.312e-05,0.032,-0.8
1961,3.3122e-05,0.04,-0.8
1962,3.3124e-05,0.032,-0.8
1963,3.3126e-05,0.04,-0.8
1964,3.3128e-05,0.032,-0.8
1965,3.313e-05,0.04,-0.8
1966,3.3132e-05,0.032,-0.8
1967,3.3134e-05,0.032,-0.8
1968,3.3136e-05,0.032,-0.8
1969,3.3138e-05,0.04,-0.8
1970,3.3140000000000005e-05,0.032,-0.8
1971,3.3142e-05,0.032,-0.8
1972,3.3144e-05,0.032,-0.8
1973,3.3146000000000004e-05,0.04,-0.8
1974,3.3148e-05,0.032,-0.8
1975,3.315e-05,0.032,-0.8
1976,3.3152000000000004e-05,0.032,-0.8
1977,3.3154e-05,0.04,-0.8
1978,3.3156e-05,0.032,-0.8
1979,3.3158000000000003e-05,0.032,-0.8
1980,3.316e-05,0.032,-0.8
1981,3.3162000000000005e-05,0.04,-0.8
1982,3.3164e-05,0.032,-0.8
1983,3.3166e-05,0.04,-0.8
1984,3.3168000000000005e-05,0.032,-0.8
1985,3.317e-05,0.04,-0.8
1986,3.3172e-05,0.032,-0.8
1987,3.3174000000000005e-05,0.04,-0.8
1988,3.3176e-05,0.04,-0.8
1989,3.3178e-05,0.04,-0.8
1990,3.3180000000000004e-05,0.04,-0.8
1991,3.3182e-05,0.04,-0.8
1992,3.3184e-05,0.032,-0.8
1993,3.3186000000000004e-05,0.04,-0.8
1994,3.3188e-05,0.032,-0.8
1995,3.319e-05,0.04,-0.8
1996,3.3192000000000003e-05,0.04,-0.8
1997,3.3194e-05,0.04,-0.8
1998,3.3196e-05,0.032,-0.8
1999,3.3198e-05,0.04,-0.8
2000,3.32e-05,0.032,-0.8
2001,3.3202e-05,0.04,-0.8
2002,3.3204e-05,0.04,-0.8
2003,3.3206e-05,0.04,-0.8
2004,3.3208000000000005e-05,0.04,-0.8
2005,3.321e-05,0.04,-0.8
2006,3.3212e-05,0.04,-0.8
2007,3.3214000000000004e-05,0.04,-0.8
2008,3.3216e-05,0.04,-0.8
2009,3.3218e-05,0.048,-0.8
2010,3.3220000000000004e-05,0.04,-0.8
2011,3.3222e-05,0.04,-0.8
2012,3.3224e-05,0.04,-0.8
2013,3.3226000000000003e-05,0.04,-0.8
2014,3.3228e-05,0.04,-0.8
2015,3.3230000000000005e-05,0.04,-0.8
2016,3.3232e-05,0.04,-0.8
2017,3.3234e-05,0.048,-0.8
2018,3.3236000000000005e-05,0.04,-0.8
2019,3.3238e-05,0.04,-0.8
2020,3.324e-05,0.04,-0.8
2021,3.3242000000000005e-05,0.048,-0.8
2022,3.3244e-05,0.04,-0.8
2023,3.3246e-05,0.04,-0.8
2024,3.3248000000000004e-05,0.04,-0.8
2025,3.325e-05,0.048,-0.8
2026,3.3252e-05,0.04,-1.6
2027,3.3254000000000004e-05,0.04,-0.8
2028,3.3256e-05,0.04,-0.8
2029,3.3258e-05,0.048,-0.8
2030,3.3260000000000003e-05,0.04,-0.8
2031,3.3262e-05,0.04,-0.8
2032,3.3264e-05,0.04,-0.8
2033,3.3266e-05,0.048,-0.8
2034,3.3268e-05,0.04,-0.8
2035,3.327e-05,0.04,-0.8
2036,3.3272e-05,0.04,-0.8
2037,3.3274e-05,0.048,-0.8
2038,3.3276000000000005e-05,0.04,-0.8
2039,3.3278e-05,0.04,-0.8
2040,3.328e-05,0.04,-0.8
2041,3.3282000000000004e-05,0.048,-0.8
2042,3.3284e-05,0.04,-0.8
2043,3.3286e-05,0.04,-0.8
2044,3.3288000000000004e-05,0.04,-0.8
2045,3.329e-05,0.048,-0.8
2046,3.3292e-05,0.04,-0.8
2047,3.3294000000000003e-05,0.04,-0.8
2048,3.3296e-05,0.04,-0.8
2049,3.3298000000000005e-05,0.048,-0.8
2050,3.33e-05,0.04,-0.8
2051,3.3302e-05,0.04,-0.8
2052,3.3304000000000005e-05,0.04,-0.8
2053,3.3306e-05,0.048,-0.8
2054,3.3308e-05,0.04,-0.8
2055,3.3310000000000005e-05,0.048,-0.8
2056,3.3312e-05,0.04,-0.8
2057,3.3314e-05,0.048,-0.8
2058,3.3316000000000004e-05,0.04,-0.8
2059,3.3318e-05,0.04,-0.8
2060,3.332e-05,0.04,-0.8
2061,3.3322000000000004e-05,0.048,-0.8
2062,3.3324e-05,0.04,-0.8
2063,3.3326e-05,0.048,-0.8
2064,3.3328000000000003e-05,0.04,-0.8
2065,3.333e-05,0.048,-0.8
2066,3.3332e-05,0.04,-0.8
2067,3.3334e-05,0.048,-0.8
2068,3.3336e-05,0.04,-0.8
2069,3.3338e-05,0.048,-0.8
2070,3.334e-05,0.04,-0.8
2071,3.3342e-05,0.048,-0.8
2072,3.3344000000000005e-05,0.04,-0.8
2073,3.3346e-05,0.048,-0.8
2074,3.3348e-05,0.048,-0.8
2075,3.3350000000000004e-05,0.048,-0.8
2076,3.3352e-05,0.04,-0.8
2077,3.3354e-05,0.048,-0.8
2078,3.3356000000000004e-05,0.04,-0.8
2079,3.3358e-05,0.048,-0.8
2080,3.336e-05,0.04,-0.8
2081,3.3362000000000003e-05,0.056,-0.8
2082,3.3364e-05,0.048,-0.8
2083,3.3366000000000005e-05,0.048,-0.8
2084,3.3368e-05,0.04,-0.8
2085,3.337e-05,0.048,-0.8
2086,3.3372000000000005e-05,0.048,-0.8
2087,3.3374e-05,0.048,-0.8
2088,3.3376e-05,0.048,-0.8
2089,3.3378000000000005e-05,0.048,-0.8
2090,3.338e-05,0.048,-0.8
2091,3.3382e-05,0.048,-0.8
2092,3.3384000000000004e-05,0.04,-0.8
2093,3.3386e-05,0.048,-0.8
2094,3.3388e-05,0.048,-0.8
2095,3.3390000000000004e-05,0.048,-0.8
2096,3.3392e-05,0.04,-0.8
2097,3.3394e-05,0.048,-0.8
2098,3.3396000000000003e-05,0.048,-0.8
2099,3.3398e-05,0.048,-0.8
2100,3.34e-05,0.048,-0.8
2101,3.3402e-05,0.056,-0.8
2102,3.3404e-05,0.048,-1.6
2103,3.3406e-05,0.048,-0.8
2104,3.3408e-05,0.048,-0.8
2105,3.341e-05,0.048,-0.8
2106,3.3412000000000005e-05,0.048,-0.8
2107,3.3414e-05,0.048,-0.8
2108,3.3416e-05,0.04,-0.8
2109,3.3418000000000004e-05,0.056,-0.8
2110,3.342e-05,0.048,-0.8
2111,3.3422e-05,0.048,-0.8
2112,3.3424000000000004e-05,0.048,-0.8
2113,3.3426e-05,0.056,-0.8
2114,3.3428e-05,0.048,-0.8
2115,3.3430000000000003e-05,0.048,-0.8
2116,3.3432e-05,0.048,-0.8
2117,3.3434000000000005e-05,0.056,-0.8
2118,3.3436e-05,0.048,-0.8
2119,3.3438e-05,0.048,-0.8
2120,3.3440000000000005e-05,0.048,-0.8
2121,3.3442e-05,0.056,-0.8
2122,3.3444e-05,0.048,-0.8
2123,3.3446000000000005e-05,0.048,-0.8
2124,3.3448e-05,0.048,-0.8
2125,3.345e-05,0.056,-0.8
2126,3.3452000000000004e-05,0.048,-0.8
2127,3.3454e-05,0.048,-0.8
2128,3.3456e-05,0.048,-0.8
2129,3.3458000000000004e-05,0.056,-0.8
2130,3.346e-05,0.048,-0.8
2131,3.3462e-05,0.048,-0.8
2132,3.3464000000000004e-05,0.048,-0.8
2133,3.3466e-05,0.056,-0.8
2134,3.3468e-05,0.048,-0.8
2135,3.347e-05,0.048,-0.8
2136,3.3472e-05,0.048,-0.8
2137,3.3474e-05,0.056,-0.8
2138,3.3476e-05,0.048,-0.8
2139,3.3478e-05,0.048,-0.8
2140,3.3480000000000005e-05,0.048,-0.8
2141,3.3482e-05,0.056,-0.8
2142,3.3484e-05,0.048,-0.8
2143,3.3486000000000004e-05,0.048,-0.8
2144,3.3488e-05,0.048,-0.8
2145,3.349e-05,0.056,-0.8
2146,3.3492000000000004e-05,0.048,-0.8
2147,3.3494e-05,0.048,-0.8
2148,3.3496e-05,0.048,-0.8
2149,3.3498000000000004e-05,0.056,-0.8
2150,3.35e-05,0.048,-0.8
2151,3.3502000000000006e-05,0.056,-0.8
2152,3.3504e-05,0.048,-0.8
2153,3.3506e-05,0.056,-0.8
2154,3.3508000000000005e-05,0.056,-0.8
2155,3.351e-05,0.056,-0.8
2156,3.3512e-05,0.048,-0.8
2157,3.3514000000000005e-05,0.056,-0.8
2158,3.3516e-05,0.048,-0.8
2159,3.3518e-05,0.056,-0.8
2160,3.3520000000000004e-05,0.048,-0.8
2161,3.3522e-05,0.056,-0.8
2162,3.3524e-05,0.048,-0.8
2163,3.3526000000000004e-05,0.056,-0.8
2164,3.3528e-05,0.048,-0.8
2165,3.353e-05,0.056,-0.8
2166,3.3532000000000004e-05,0.056,-0.8
2167,3.3534e-05,0.056,-0.8
2168,3.3536e-05,0.048,-0.8
2169,3.3538e-05,0.056,-0.8
2170,3.354e-05,0.048,-0.8
2171,3.3542e-05,0.056,-0.8
2172,3.3544e-05,0.048,-0.8
2173,3.3546e-05,0.056,-0.8
2174,3.3548000000000005e-05,0.056,-0.8
2175,3.355e-05,0.056,-0.8
2176,3.3552e-05,0.056,-0.8
2177,3.3554000000000004e-05,0.056,-0.8
2178,3.3556e-05,0.056,-0.8
2179,3.3558e-05,0.056,-0.8
2180,3.3560000000000004e-05,0.048,-0.8
2181,3.3562e-05,0.072,-0.8
2182,3.3564e-05,0.056,-0.8
2183,3.3566000000000004e-05,0.056,-0.8
2184,3.3568e-05,0.056,-0.8
2185,3.3570000000000006e-05,0.072,-0.8
2186,3.3572e-05,0.056,-0.8
2187,3.3574e-05,0.056,-0.8
2188,3.3576000000000005e-05,0.056,-0.8
2189,3.3578e-05,0.056,-0.8
2190,3.358e-05,0.056,-0.8
2191,3.3582000000000005e-05,0.056,-0.8
2192,3.3584e-05,0.056,-0.8
2193,3.3586e-05,0.072,-0.8
2194,3.3588000000000004e-05,0.056,-0.8
2195,3.359e-05,0.056,-0.8
2196,3.3592e-05,0.056,-0.8
2197,3.3594000000000004e-05,0.072,-0.8
2198,3.3596e-05,0.056,-0.8
2199,3.3598e-05,0.056,-0.8
2200,3.3600000000000004e-05,0.056,-0.8
2201,3.3602e-05,0.072,-0.8
2202,3.3604e-05,0.056,-0.8
2203,3.3606e-05,0.056,-0.8
2204,3.3608e-05,0.056,-0.8
2205,3.361e-05,0.072,-0.8
2206,3.3612e-05,0.056,-0.8
2207,3.3614e-05,0.056,-0.8
2208,3.3616000000000005e-05,0.056,-0.8
2209,3.3618e-05,0.072,-0.8
2210,3.362e-05,0.056,-0.8
2211,3.3622000000000004e-05,0.056,-0.8
2212,3.3624e-05,0.056,-0.8
2213,3.3626e-05,0.072,-0.8
2214,3.3628000000000004e-05,0.056,-0.8
2215,3.363e-05,0.056,-0.8
2216,3.3632e-05,0.056,-0.8
2217,3.3634000000000004e-05,0.072,-0.8
2218,3.3636e-05,0.056,-0.8
2219,3.3638000000000006e-05,0.056,-0.8
2220,3.364e-05,0.056,-0.8
2221,3.3642e-05,0.072,-0.8
2222,3.3644000000000005e-05,0.056,-0.8
2223,3.3646e-05,0.056,-0.8
2224,3.3648e-05,0.056,-0.8
2225,3.3650000000000005e-05,0.072,-0.8
2226,3.3652e-05,0.056,-0.8
2227,3.3654e-05,0.056,-0.8
2228,3.3656000000000004e-05,0.056,-0.8
2229,3.3658e-05,0.072,-0.8
2230,3.366e-05,0.056,-0.8
2231,3.3662000000000004e-05,0.056,-0.8
2232,3.3664e-05,0.056,-0.8
2233,3.3666e-05,0.072,-0.8
2234,3.3668000000000004e-05,0.056,-0.8
2235,3.367e-05,0.056,-0.8
2236,3.3672e-05,0.056,-0.8
2237,3.3674e-05,0.072,-0.8
2238,3.3676e-05,0.056,-0.8
2239,3.3678e-05,0.072,-0.8
2240,3.368e-05,0.056,-0.8
2241,3.3682e-05,0.072,-0.8
2242,3.3684000000000005e-05,0.056,-0.8
2243,3.3686e-05,0.072,-0.8
2244,3.3688e-05,0.056,-0.8
2245,3.3690000000000004e-05,0.072,-0.8
2246,3.3692e-05,0.056,-0.8
2247,3.3694e-05,0.072,-0.8
2248,3.3696000000000004e-05,0.056,-0.8
2249,3.3698e-05,0.072,-0.8
2250,3.37e-05,0.056,-0.8
2251,3.3702000000000004e-05,0.072,-0.8
2252,3.3704e-05,0.056,-0.8
2253,3.3706000000000006e-05,0.072,-0.8
2254,3.3708e-05,0.072,-0.8
2255,3.371e-05,0.072,-0.8
2256,3.3712000000000005e-05,0.056,-0.8
2257,3.3714e-05,0.072,-0.8
2258,3.3716e-05,0.072,-0.8
2259,3.3718000000000005e-05,0.072,-0.8
2260,3.372e-05,0.056,-0.8
2261,3.3722e-05,0.072,-0.8
2262,3.3724000000000004e-05,0.056,-0.8
2263,3.3726e-05,0.072,-0.8
2264,3.3728e-05,0.072,-0.8
2265,3.3730000000000004e-05,0.072,-0.8
2266,3.3732e-05,0.072,-0.8
2267,3.3734e-05,0.072,-0.8
2268,3.3736000000000004e-05,0.072,-0.8
2269,3.3738e-05,0.08,-0.8
2270,3.374e-05,0.056,-0.8
2271,3.3742e-05,0.072,-0.8
2272,3.3744e-05,0.072,-0.8
2273,3.3746e-05,0.072,-0.8
2274,3.3748e-05,0.072,-0.8
2275,3.375e-05,0.072,-0.8
2276,3.3752000000000005e-05,0.072,-0.8
2277,3.3754e-05,0.072,-0.8
2278,3.3756e-05,0.072,-0.8
2279,3.3758000000000004e-05,0.072,-0.8
2280,3.376e-05,0.056,-0.8
2281,3.3762e-05,0.08,-0.8
2282,3.3764000000000004e-05,0.072,-0.8
2283,3.3766e-05,0.072,-0.8
2284,3.3768e-05,0.072,-0.8
2285,3.3770000000000004e-05,0.072,-0.8
2286,3.3772e-05,0.072,-0.8
2287,3.3774000000000006e-05,0.072,-0.8
2288,3.3776e-05,0.072,-0.8
2289,3.3778e-05,0.08,-0.8
2290,3.3780000000000005e-05,0.072,-0.8
2291,3.3782e-05,0.072,-0.8
2292,3.3784e-05,0.072,-0.8
2293,3.3786000000000005e-05,0.08,-0.8
2294,3.3788e-05,0.072,-0.8
2295,3.379e-05,0.072,-0.8
2296,3.3792000000000004e-05,0.072,-0.8
2297,3.3794e-05,0.08,-0.8
2298,3.3796e-05,0.072,-0.8
2299,3.3798000000000004e-05,0.072,-0.8
2300,3.38e-05,0.072,-0.8
2301,3.3802e-05,0.08,-0.8
2302,3.3804000000000004e-05,0.072,-1.6
2303,3.3806e-05,0.072,-0.000174
2304,3.3808e-05,0.072,-0.8
2305,3.381e-05,0.08,-0.8
2306,3.3812e-05,0.072,-0.8
2307,3.3814e-05,0.072,-0.8
2308,3.3816e-05,0.072,-0.8
2309,3.3818e-05,0.08,-0.8
2310,3.3820000000000005e-05,0.072,-0.8
2311,3.3822e-05,0.072,-0.8
2312,3.3824e-05,0.072,-0.8
2313,3.3826000000000004e-05,0.08,-0.8
2314,3.3828e-05,0.072,-0.8
2315,3.383e-05,0.072,-0.8
2316,3.3832000000000004e-05,0.072,-0.8
2317,3.3834e-05,0.08,-0.8
2318,3.3836e-05,0.072,-0.8
2319,3.3838000000000004e-05,0.072,-0.8
2320,3.384e-05,0.072,-0.8
2321,3.3842000000000006e-05,0.08,-0.8
2322,3.3844e-05,0.072,-0.8
2323,3.3846e-05,0.08,-0.8
2324,3.3848000000000005e-05,0.072,-0.8
2325,3.385e-05,0.08,-0.8
2326,3.3852e-05,0.072,-0.8
2327,3.3854000000000005e-05,0.072,-0.8
2328,3.3856e-05,0.072,-0.8
2329,3.3858e-05,0.08,-0.8
2330,3.3860000000000004e-05,0.072,-0.8
2331,3.3862e-05,0.08,-0.8
2332,3.3864e-05,0.072,-0.8
2333,3.3866000000000004e-05,0.08,-0.8
2334,3.3868e-05,0.072,-0.8
2335,3.387e-05,0.08,-0.8
2336,3.3872000000000004e-05,0.072,-0.8
2337,3.3874e-05,0.08,-0.8
2338,3.3876e-05,0.072,-0.8
2339,3.3878e-05,0.08,-0.8
2340,3.388e-05,0.072,-0.8
2341,3.3882e-05,0.088,-0.8
2342,3.3884e-05,0.072,-0.8
2343,3.3886e-05,0.08,-0.8
2344,3.3888000000000005e-05,0.072,-0.8
2345,3.389e-05,0.08,-0.8
2346,3.3892e-05,0.08,-0.8
2347,3.3894000000000004e-05,0.08,-0.8
2348,3.3896e-05,0.072,-0.8
2349,3.3898e-05,0.08,-0.8
2350,3.3900000000000004e-05,0.072,-0.8
2351,3.3902e-05,0.08,-0.8
2352,3.3904e-05,0.072,-0.8
2353,3.3906000000000004e-05,0.08,-0.8
2354,3.3908e-05,0.08,-0.8
2355,3.3910000000000006e-05,0.08,-0.8
2356,3.3912e-05,0.072,-0.8
2357,3.3914e-05,0.08,-0.8
2358,3.3916000000000005e-05,0.08,-0.8
2359,3.3918e-05,0.08,-0.8
2360,3.392e-05,0.072,-0.8
2361,3.3922000000000005e-05,0.088,-0.8
2362,3.3924e-05,0.08,-0.8
2363,3.3926e-05,0.08,-0.8
2364,3.3928000000000004e-05,0.08,-0.8
2365,3.393e-05,0.08,-0.8
2366,3.3932e-05,0.08,-0.8
2367,3.3934000000000004e-05,0.08,-0.8
2368,3.3936e-05,0.08,-0.8
2369,3.3938e-05,0.088,-0.8
2370,3.3940000000000004e-05,0.08,-0.8
2371,3.3942e-05,0.08,-0.8
2372,3.3944e-05,0.08,-0.8
2373,3.3946e-05,0.088,-0.8
2374,3.3948e-05,0.08,-0.8
2375,3.395e-05,0.08,-0.8
2376,3.3952e-05,0.08,-0.8
2377,3.3954e-05,0.088,-0.8
2378,3.3956000000000005e-05,0.08,-0.8
2379,3.3958e-05,0.08,-0.8
2380,3.396e-05,0.08,-0.8
2381,3.3962000000000005e-05,0.088,-0.8
2382,3.3964e-05,0.08,-0.8
2383,3.3966e-05,0.08,-0.8
2384,3.3968000000000004e-05,0.08,-0.8
2385,3.397e-05,0.088,-0.8
2386,3.3972e-05,0.08,-0.8
2387,3.3974000000000004e-05,0.08,-0.8
2388,3.3976e-05,0.08,-0.8
2389,3.3978000000000006e-05,0.088,-0.8
2390,3.398e-05,0.08,-0.8
2391,3.3982e-05,0.08,-0.8
2392,3.3984000000000005e-05,0.072,-0.8
2393,3.3986e-05,0.088,-0.8
2394,3.3988e-05,0.08,-0.8
2395,3.3990000000000005e-05,0.08,-0.8
2396,3.3992e-05,0.08,-0.8
2397,3.3994e-05,0.088,-0.8
2398,3.3996000000000005e-05,0.08,-0.8
2399,3.3998e-05,0.08,-0.8
2400,3.4e-05,0.08,-0.8
2401,3.4002000000000004e-05,0.088,-0.8
2402,3.4004e-05,0.08,-0.8
2403,3.4006e-05,0.08,-0.8
2404,3.4008000000000004e-05,0.08,-0.8
2405,3.401e-05,0.088,-0.8
2406,3.4012e-05,0.08,-0.8
2407,3.4014e-05,0.088,-0.8
2408,3.4016e-05,0.08,-0.8
2409,3.4018e-05,0.088,-0.8
2410,3.402e-05,0.08,-0.8
2411,3.4022e-05,0.08,-0.8
2412,3.4024e-05,0.08,-0.8
2413,3.4026e-05,0.088,-0.8
2414,3.4028e-05,0.08,-0.8
2415,3.4030000000000005e-05,0.08,-0.8
2416,3.4032e-05,0.08,-0.8
2417,3.4034e-05,0.088,-0.8
2418,3.4036000000000004e-05,0.08,-0.8
2419,3.4038e-05,0.088,-0.8
2420,3.404e-05,0.08,-0.8
2421,3.4042000000000004e-05,0.088,-0.8
2422,3.4044e-05,0.08,-0.8
2423,3.4046000000000006e-05,0.08,-0.8
2424,3.4048e-05,0.08,-0.8
2425,3.405e-05,0.088,-0.8
2426,3.4052000000000005e-05,0.088,-0.8
2427,3.4054e-05,0.088,-0.8
2428,3.4056e-05,0.08,-0.8
2429,3.4058000000000005e-05,0.088,-0.8
2430,3.406e-05,0.08,-0.8
2431,3.4062e-05,0.088,-0.8
2432,3.4064000000000005e-05,0.08,-0.8
2433,3.4066e-05,0.088,-0.8
2434,3.4068e-05,0.088,-0.8
2435,3.4070000000000004e-05,0.088,-0.8
2436,3.4072e-05,0.08,-0.8
2437,3.4074e-05,0.088,-0.8
2438,3.4076000000000004e-05,0.088,-0.8
2439,3.4078e-05,0.088,-0.8
2440,3.408e-05,0.08,-0.8
2441,3.4082e-05,0.088,-0.8
2442,3.4084e-05,0.088,-0.8
2443,3.4086e-05,0.088,-0.8
2444,3.4088e-05,0.08,-0.8
2445,3.409e-05,0.088,-0.8
2446,3.4092e-05,0.088,-0.8
2447,3.4094e-05,0.088,-0.8
2448,3.4096e-05,0.088,-0.8
2449,3.4098000000000005e-05,0.088,-0.8
2450,3.41e-05,0.088,-0.8
2451,3.4102e-05,0.088,-0.8
2452,3.4104000000000004e-05,0.088,-0.8
2453,3.4106e-05,0.088,-0.8
2454,3.4108e-05,0.088,-0.8
2455,3.4110000000000004e-05,0.088,-0.8
2456,3.4112e-05,0.088,-0.8
2457,3.4114000000000006e-05,0.088,-0.8
2458,3.4116e-05,0.088,-0.8
2459,3.4118e-05,0.088,-0.8
2460,3.4120000000000005e-05,0.088,-0.8
2461,3.4122e-05,0.096,-0.8
2462,3.4124e-05,0.088,-0.8
2463,3.4126000000000005e-05,0.088,-0.8
2464,3.4128e-05,0.088,-0.8
2465,3.413e-05,0.096,-0.8
2466,3.4132000000000005e-05,0.088,-0.8
2467,3.4134e-05,0.088,-0.8
2468,3.4136e-05,0.088,-0.8
2469,3.4138000000000004e-05,0.096,-0.8
2470,3.414e-05,0.088,-0.8
2471,3.4142e-05,0.088,-0.8
2472,3.4144000000000004e-05,0.088,-0.8
2473,3.4146e-05,0.096,-0.8
2474,3.4148e-05,0.088,-0.8
2475,3.415e-05,0.088,-0.8
2476,3.4152e-05,0.088,-0.8
2477,3.4154e-05,0.096,-0.8
2478,3.4156e-05,0.088,-0.8
2479,3.4158e-05,0.088,-0.8
2480,3.416e-05,0.088,-0.8
2481,3.4162e-05,0.096,-0.8
2482,3.4164e-05,0.088,-0.8
2483,3.4166000000000005e-05,0.088,-0.8
2484,3.4168e-05,0.088,-0.8
2485,3.417e-05,0.096,-0.8
2486,3.4172000000000004e-05,0.088,-0.8
2487,3.4174e-05,0.088,-0.8
2488,3.4176e-05,0.088,-0.8
2489,3.4178000000000004e-05,0.096,-0.8
2490,3.418e-05,0.088,-0.8
2491,3.4182e-05,0.096,-0.8
2492,3.4184000000000003e-05,0.088,-0.8
2493,3.4186e-05,0.096,-0.8
2494,3.4188000000000005e-05,0.088,-0.8
2495,3.419e-05,0.088,-0.8
2496,3.4192e-05,0.088,-0.8
2497,3.4194000000000005e-05,0.096,-0.8
2498,3.4196e-05,0.088,-0.8
2499,3.4198e-05,0.088,-0.8
2500,3.4200000000000005e-05,0.088,-0.8
2501,3.4202e-05,0.096,-0.8
2502,3.4204e-05,0.088,-0.8
2503,3.4206000000000004e-05,0.088,-0.8
2504,3.4208e-05,0.088,-0.8
2505,3.421e-05,0.096,-0.8
2506,3.4212000000000004e-05,0.088,-0.8
2507,3.4214e-05,0.096,-0.8
2508,3.4216e-05,0.088,-0.8
2509,3.4218000000000003e-05,0.096,-0.8
2510,3.422e-05,0.088,-0.8
2511,3.4222e-05,0.096,-0.8
2512,3.4224e-05,0.088,-0.8
2513,3.4226e-05,0.096,-0.8
2514,3.4228e-05,0.096,-0.8
2515,3.423e-05,0.096,-0.8
2516,3.4232e-05,0.088,-0.8
2517,3.4234000000000005e-05,0.096,-0.8
2518,3.4236e-05,0.088,-0.8
2519,3.4238e-05,0.096,-0.8
2520,3.4240000000000004e-05,0.088,-0.8
2521,3.4242e-05,0.096,-0.8
2522,3.4244e-05,0.096,-0.8
2523,3.4246000000000004e-05,0.096,-0.8
2524,3.4248e-05,0.088,-0.8
2525,3.425e-05,0.096,-0.8
2526,3.4252000000000003e-05,0.096,-0.8
2527,3.4254e-05,0.096,-0.8
2528,3.4256000000000005e-05,0.088,-0.8
2529,3.4258e-05,0.096,-0.8
2530,3.426e-05,0.096,-0.8
2531,3.4262000000000005e-05,0.096,-0.8
2532,3.4264e-05,0.088,-0.8
2533,3.4266e-05,0.104,-0.8
2534,3.4268000000000005e-05,0.096,-0.8
2535,3.427e-05,0.096,-0.8
2536,3.4272e-05,0.088,-0.8
2537,3.4274000000000004e-05,0.104,-0.8
2538,3.4276e-05,0.096,-0.8
2539,3.4278e-05,0.096,-0.8
2540,3.4280000000000004e-05,0.088,-0.8
2541,3.4282e-05,0.104,-0.8
2542,3.4284e-05,0.096,-0.8
2543,3.4286000000000003e-05,0.096,-0.8
2544,3.4288e-05,0.096,-0.8
2545,3.429e-05,0.104,-0.8
2546,3.4292e-05,0.096,-0.8
2547,3.4294e-05,0.096,-0.8
2548,3.4296e-05,0.096,-0.8
2549,3.4298e-05,0.104,-0.8
2550,3.43e-05,0.096,-0.8
2551,3.4302000000000005e-05,0.096,-0.8
2552,3.4304e-05,0.096,-0.8
2553,3.4306e-05,0.104,-0.8
2554,3.4308000000000004e-05,0.096,-0.8
2555,3.431e-05,0.096,-0.8
2556,3.4312e-05,0.096,-0.8
2557,3.4314000000000004e-05,0.104,-0.8
2558,3.4316e-05,0.096,-0.8
2559,3.4318e-05,0.096,-0.8
2560,3.4320000000000003e-05,0.096,-0.8
2561,3.4322e-05,0.104,-0.8
2562,3.4324000000000005e-05,0.096,-0.8
2563,3.4326e-05,0.096,-0.8
2564,3.4328e-05,0.096,-0.8
2565,3.4330000000000005e-05,0.104,-0.8
2566,3.4332e-05,0.096,-0.8
2567,3.4334e-05,0.096,-0.8
2568,3.4336000000000005e-05,0.096,-0.8
2569,3.4338e-05,0.104,-0.8
2570,3.434e-05,0.096,-0.8
2571,3.4342000000000004e-05,0.096,-0.8
2572,3.4344e-05,0.096,-0.8
2573,3.4346e-05,0.104,-0.8
2574,3.4348000000000004e-05,0.096,-0.8
2575,3.435e-05,0.096,-0.8
2576,3.4352e-05,0.096,-0.8
2577,3.4354000000000003e-05,0.104,-0.8
2578,3.4356e-05,0.096,-0.8
2579,3.4358e-05,0.096,-0.8
2580,3.436e-05,0.096,-0.8
2581,3.4362e-05,0.104,-0.8
2582,3.4364e-05,0.096,-0.8
2583,3.4366e-05,0.096,-0.8
2584,3.4368e-05,0.096,-0.8
2585,3.4370000000000005e-05,0.104,-0.8
2586,3.4372e-05,0.096,-0.8
2587,3.4374e-05,0.096,-0.8
2588,3.4376000000000004e-05,0.096,-0.8
2589,3.4378e-05,0.104,-0.8
2590,3.438e-05,0.096,-0.8
2591,3.4382000000000004e-05,0.104,-0.8
2592,3.4384e-05,0.096,-0.8
2593,3.4386e-05,0.104,-0.8
2594,3.4388000000000003e-05,0.096,-0.8
2595,3.439e-05,0.096,-0.8
2596,3.4392000000000005e-05,0.096,-0.8
2597,3.4394e-05,0.104,-0.8
2598,3.4396e-05,0.096,-0.8
2599,3.4398000000000005e-05,0.104,-0.8
2600,3.44e-05,0.096,-0.8
2601,3.4402e-05,0.104,-0.8
2602,3.4404000000000005e-05,0.096,-0.8
2603,3.4406e-05,0.104,-0.8
2604,3.4408e-05,0.096,-0.8
2605,3.4410000000000004e-05,0.104,-0.8
2606,3.4412e-05,0.096,-0.8
2607,3.4414e-05,0.104,-0.8
2608,3.4416000000000004e-05,0.096,-0.8
2609,3.4418e-05,0.112,-0.8
2610,3.442e-05,0.104,-0.8
2611,3.4422000000000003e-05,0.104,-0.8
2612,3.4424e-05,0.096,-0.8
2613,3.4426e-05,0.104,-0.8
2614,3.4428e-05,0.096,-0.8
2615,3.443e-05,0.104,-0.8
2616,3.4432e-05,0.096,-0.8
2617,3.4434e-05,0.104,-0.8
2618,3.4436e-05,0.104,-0.8
2619,3.4438000000000005e-05,0.104,-0.8
2620,3.444e-05,0.096,-0.8
2621,3.4442e-05,0.104,-0.8
2622,3.4444000000000004e-05,0.104,-0.8
2623,3.4446e-05,0.104,-0.8
2624,3.4448e-05,0.104,-0.8
2625,3.4450000000000004e-05,0.112,-0.8
2626,3.4452e-05,0.104,-0.8
2627,3.4454e-05,0.104,-0.8
2628,3.4456000000000003e-05,0.104,-0.8
2629,3.4458e-05,0.104,-0.8
2630,3.4460000000000005e-05,0.104,-0.8
2631,3.4462e-05,0.104,-0.8
2632,3.4464e-05,0.096,-0.8
2633,3.4466000000000005e-05,0.112,-0.8
2634,3.4468e-05,0.104,-0.8
2635,3.447e-05,0.104,-0.8
2636,3.4472000000000005e-05,0.104,-0.8
2637,3.4474e-05,0.112,-0.8
2638,3.4476e-05,0.104,-0.8
2639,3.4478000000000004e-05,0.104,-0.8
2640,3.448e-05,0.104,-0.8
2641,3.4482e-05,0.112,-0.8
2642,3.4484000000000004e-05,0.104,-0.8
2643,3.4486e-05,0.104,-0.8
2644,3.4488e-05,0.104,-0.8
2645,3.4490000000000004e-05,0.112,-0.8
2646,3.4492e-05,0.104,-0.8
2647,3.4494e-05,0.104,-0.8
2648,3.4496e-05,0.104,-0.8
2649,3.4498e-05,0.112,-0.8
2650,3.45e-05,0.104,-0.8
2651,3.4502e-05,0.104,-0.8
2652,3.4504e-05,0.104,-0.8
2653,3.4506000000000005e-05,0.112,-0.8
2654,3.4508e-05,0.104,-0.8
2655,3.451e-05,0.104,-0.8
2656,3.4512000000000004e-05,0.104,-0.8
2657,3.4514e-05,0.112,-0.8
2658,3.4516e-05,0.104,-0.8
2659,3.4518000000000004e-05,0.104,-0.8
2660,3.452e-05,0.104,-0.8
2661,3.4522e-05,0.112,-0.8
2662,3.4524000000000004e-05,0.104,-0.8
2663,3.4526e-05,0.104,-0.8
2664,3.4528000000000006e-05,0.104,-0.8
2665,3.453e-05,0.112,-0.8
2666,3.4532e-05,0.104,-0.8
2667,3.4534000000000005e-05,0.104,-0.8
2668,3.4536e-05,0.104,-0.8
2669,3.4538e-05,0.112,-0.8
2670,3.4540000000000005e-05,0.104,-0.8
2671,3.4542e-05,0.104,-0.8
2672,3.4544e-05,0.104,-0.8
2673,3.4546000000000004e-05,0.112,-0.8
2674,3.4548e-05,0.104,-0.8
2675,3.455e-05,0.104,-0.8
2676,3.4552000000000004e-05,0.104,-0.8
2677,3.4554e-05,0.112,-0.8
2678,3.4556e-05,0.104,-0.8
2679,3.4558000000000004e-05,0.104,-0.8
2680,3.456e-05,0.104,-0.8
2681,3.4562e-05,0.112,-0.8
2682,3.4564e-05,0.104,-0.8
2683,3.4566e-05,0.112,-0.8
2684,3.4568e-05,0.104,-0.8
2685,3.457e-05,0.112,-0.8
2686,3.4572e-05,0.104,-0.8
2687,3.4574000000000005e-05,0.104,-0.8
2688,3.4576e-05,0.104,-0.8
2689,3.4578e-05,0.112,-0.8
2690,3.4580000000000004e-05,0.104,-0.8
2691,3.4582e-05,0.112,-0.8
2692,3.4584e-05,0.104,-0.8
2693,3.4586000000000004e-05,0.112,-0.8
2694,3.4588e-05,0.112,-0.8
2695,3.459e-05,0.104,-0.8
2696,3.4592000000000004e-05,0.104,-0.8
2697,3.4594e-05,0.112,-0.8
2698,3.4596000000000006e-05,0.112,-0.8
2699,3.4598e-05,0.112,-0.8
2700,3.46e-05,0.104,-0.8
2701,3.4602000000000005e-05,0.112,-0.8
2702,3.4604e-05,0.112,-0.8
2703,3.4606e-05,0.104,-0.000174
2704,3.4608000000000005e-05,0.112,-0.8
2705,3.461e-05,0.112,-0.8
2706,3.4612e-05,0.104,-0.8
2707,3.4614000000000004e-05,0.112,-0.8
2708,3.4616e-05,0.104,-0.8
2709,3.4618e-05,0.12,-0.8
2710,3.4620000000000004e-05,0.104,-0.8
2711,3.4622e-05,0.112,-0.8
2712,3.4624e-05,0.104,-0.8
2713,3.4626000000000004e-05,0.112,-0.8
2714,3.4628e-05,0.112,-0.8
2715,3.463e-05,0.112,-0.8
2716,3.4632e-05,0.112,-0.8
2717,3.4634e-05,0.12,-0.8
2718,3.4636e-05,0.112,-0.8
2719,3.4638e-05,0.112,-0.8
2720,3.464e-05,0.112,-0.8
2721,3.4642000000000005e-05,0.12,-0.8
2722,3.4644e-05,0.112,-0.8
2723,3.4646e-05,0.112,-0.8
2724,3.4648000000000004e-05,0.112,-0.8
2725,3.465e-05,0.12,-0.8
2726,3.4652e-05,0.112,-0.8
2727,3.4654000000000004e-05,0.112,-0.8
2728,3.4656e-05,0.112,-0.8
2729,3.4658e-05,0.12,-0.8
2730,3.4660000000000004e-05,0.112,-0.8
2731,3.4662e-05,0.112,-0.8
2732,3.4664000000000006e-05,0.112,-0.8
2733,3.4666e-05,0.12,-0.8
2734,3.4668e-05,0.112,-0.8
2735,3.4670000000000005e-05,0.112,-0.8
2736,3.4672e-05,0.112,-0.8
2737,3.4674e-05,0.12,-0.8
2738,3.4676000000000005e-05,0.112,-0.8
2739,3.4678e-05,0.112,-0.8
2740,3.468e-05,0.112,-0.8
2741,3.4682000000000004e-05,0.12,-0.8
2742,3.4684e-05,0.112,-0.8
2743,3.4686e-05,0.112,-0.8
2744,3.4688000000000004e-05,0.112,-0.8
2745,3.469e-05,0.12,-0.8
2746,3.4692e-05,0.112,-0.8
2747,3.4694000000000004e-05,0.112,-0.8
2748,3.4696e-05,0.112,-0.8
2749,3.4698e-05,0.12,-0.8
2750,3.47e-05,0.112,-0.8
2751,3.4702e-05,0.12,-0.8
2752,3.4704e-05,0.112,-0.8
2753,3.4706e-05,0.12,-0.8
2754,3.4708e-05,0.112,-0.8
2755,3.4710000000000005e-05,0.112,-0.8
2756,3.4712e-05,0.112,-0.8
2757,3.4714e-05,0.12,-0.8
2758,3.4716000000000004e-05,0.112,-0.8
2759,3.4718e-05,0.12,-0.8
2760,3.472e-05,0.112,-0.8
2761,3.4722000000000004e-05,0.12,-0.8
2762,3.4724e-05,0.112,-0.8
2763,3.4726e-05,0.112,-0.8
2764,3.4728000000000004e-05,0.112,-0.8
2765,3.473e-05,0.12,-0.8
2766,3.4732000000000006e-05,0.112,-0.8
2767,3.4734e-05,0.112,-0.8
2768,3.4736e-05,0.112,-0.8
2769,3.4738000000000005e-05,0.12,-0.8
2770,3.474e-05,0.112,-0.8
2771,3.4742e-05,0.12,-0.8
2772,3.4744000000000005e-05,0.112,-0.8
2773,3.4746e-05,0.12,-0.8
2774,3.4748e-05,0.112,-0.8
2775,3.4750000000000004e-05,0.12,-0.8
2776,3.4752e-05,0.112,-0.8
2777,3.4754e-05,0.12,-0.8
2778,3.4756000000000004e-05,0.112,-0.8
2779,3.4758e-05,0.12,-0.8
2780,3.476e-05,0.112,-0.8
2781,3.4762000000000004e-05,0.12,-0.8
2782,3.4764e-05,0.112,-0.8
2783,3.4766e-05,0.12,-0.8
2784,3.4768e-05,0.112,-0.8
2785,3.477e-05,0.12,-0.8
2786,3.4772e-05,0.12,-0.8
2787,3.4774e-05,0.112,-0.8
2788,3.4776e-05,0.112,-0.8
2789,3.4778000000000005e-05,0.12,-0.8
2790,3.478e-05,0.112,-0.8
2791,3.4782e-05,0.12,-0.8
2792,3.4784000000000004e-05,0.112,-0.8
2793,3.4786e-05,0.12,-0.8
2794,3.4788e-05,0.12,-0.8
2795,3.4790000000000004e-05,0.12,-0.8
2796,3.4792e-05,0.112,-0.8
2797,3.4794e-05,0.12,-0.8
2798,3.4796000000000004e-05,0.12,-0.8
2799,3.4798e-05,0.12,-0.8
2800,3.4800000000000006e-05,0.112,-0.8
2801,3.4802e-05,0.128,-0.8
2802,3.4804e-05,0.12,-0.8
2803,3.4806000000000005e-05,0.12,-0.8
2804,3.4808e-05,0.12,-0.8
2805,3.481e-05,0.12,-0.8
2806,3.4812000000000005e-05,0.12,-0.8
2807,3.4814e-05,0.12,-0.8
2808,3.4816e-05,0.12,-0.8
2809,3.4818000000000004e-05,0.128,-0.8
2810,3.482e-05,0.12,-0.8
2811,3.4822e-05,0.12,-0.8
2812,3.4824000000000004e-05,0.112,-0.8
2813,3.4826e-05,0.128,-0.8
2814,3.4828e-05,0.12,-0.8
2815,3.4830000000000004e-05,0.12,-0.8
2816,3.4832e-05,0.112,-0.8
2817,3.4834e-05,0.128,-0.8
2818,3.4836e-05,0.12,-0.8
2819,3.4838e-05,0.12,-0.8
2820,3.484e-05,0.12,-0.8
2821,3.4842e-05,0.128,-0.8
2822,3.4844e-05,0.12,-0.8
2823,3.4846000000000005e-05,0.12,-0.8
2824,3.4848e-05,0.12,-0.8
2825,3.485e-05,0.128,-0.8
2826,3.4852000000000004e-05,0.12,-0.8
2827,3.4854e-05,0.12,-0.8
2828,3.4856e-05,0.12,-0.8
2829,3.4858000000000004e-05,0.128,-0.8
2830,3.486e-05,0.12,-0.8
2831,3.4862e-05,0.12,-0.8
2832,3.4864000000000004e-05,0.12,-0.8
2833,3.4866e-05,0.128,-0.8
2834,3.4868000000000006e-05,0.12,-0.8
2835,3.487e-05,0.12,-0.8
2836,3.4872e-05,0.12,-0.8
2837,3.4874000000000005e-05,0.128,-0.8
2838,3.4876e-05,0.12,-0.8
2839,3.4878e-05,0.12,-0.8
2840,3.4880000000000005e-05,0.12,-0.8
2841,3.4882e-05,0.128,-0.8
2842,3.4884e-05,0.12,-0.8
2843,3.4886000000000004e-05,0.12,-0.8
2844,3.4888e-05,0.12,-0.8
2845,3.489e-05,0.128,-0.8
2846,3.4892000000000004e-05,0.12,-0.8
2847,3.4894e-05,0.12,-0.8
2848,3.4896e-05,0.12,-0.8
2849,3.4898000000000004e-05,0.128,-0.8
2850,3.49e-05,0.12,-0.8
2851,3.4902e-05,0.12,-0.8
2852,3.4904e-05,0.12,-0.8
2853,3.4906e-05,0.128,-0.8
2854,3.4908e-05,0.12,-0.8
2855,3.491e-05,0.128,-0.8
2856,3.4912e-05,0.12,-0.8
2857,3.4914000000000005e-05,0.128,-0.8
2858,3.4916e-05,0.12,-0.8
2859,3.4918e-05,0.128,-0.8
2860,3.4920000000000004e-05,0.12,-0.8
2861,3.4922e-05,0.128,-0.8
2862,3.4924e-05,0.12,-0.8
2863,3.4926000000000004e-05,0.128,-0.8
2864,3.4928e-05,0.12,-0.8
2865,3.493e-05,0.128,-0.8
2866,3.4932000000000004e-05,0.12,-0.8
2867,3.4934e-05,0.12,-0.8
2868,3.4936000000000006e-05,0.12,-0.8
2869,3.4938e-05,0.128,-0.8
2870,3.494e-05,0.12,-0.8
2871,3.4942000000000005e-05,0.128,-0.8
2872,3.4944e-05,0.12,-0.8
2873,3.4946e-05,0.128,-0.8
2874,3.4948000000000005e-05,0.128,-0.8
2875,3.495e-05,0.128,-0.8
2876,3.4952e-05,0.12,-0.8
2877,3.4954000000000004e-05,0.128,-0.8
2878,3.4956e-05,0.12,-0.8
2879,3.4958e-05,0.128,-0.8
2880,3.4960000000000004e-05,0.12,-0.8
2881,3.4962e-05,0.136,-0.8
2882,3.4964e-05,0.12,-0.8
2883,3.4966000000000004e-05,0.128,-0.8
2884,3.4968e-05,0.12,-0.8
2885,3.497e-05,0.128,-0.8
2886,3.4972e-05,0.128,-0.8
2887,3.4974e-05,0.128,-0.8
2888,3.4976e-05,0.128,-0.8
2889,3.4978e-05,0.128,-0.8
2890,3.498e-05,0.128,-0.8
2891,3.4982000000000005e-05,0.128,-0.8
2892,3.4984e-05,0.12,-0.8
2893,3.4986e-05,0.136,-0.8
2894,3.4988000000000005e-05,0.128,-0.8
2895,3.499e-05,0.128,-0.8
2896,3.4992e-05,0.128,-0.8
2897,3.4994000000000004e-05,0.136,-0.8
2898,3.4996e-05,0.128,-0.8
2899,3.4998e-05,0.128,-0.8
2900,3.5000000000000004e-05,0.128,-0.8
2901,3.5002e-05,0.136,-0.8
2902,3.5004000000000006e-05,0.128,-0.8
2903,3.5006e-05,0.128,-0.000174
2904,3.5008e-05,0.128,-0.8
2905,3.5010000000000005e-05,0.136,-0.8
2906,3.5012e-05,0.128,-0.8
2907,3.5014e-05,0.128,-0.8
2908,3.5016000000000005e-05,0.12,-0.8
2909,3.5018e-05,0.136,-0.8
2910,3.502e-05,0.128,-0.8
2911,3.5022000000000005e-05,0.128,-0.8
2912,3.5024e-05,0.128,-0.8
2913,3.5026e-05,0.136,-0.8
2914,3.5028000000000004e-05,0.128,-0.8
2915,3.503e-05,0.128,-0.8
2916,3.5032e-05,0.128,-0.8
2917,3.5034000000000004e-05,0.136,-0.8
2918,3.5036e-05,0.128,-0.8
2919,3.5038e-05,0.128,-0.8
2920,3.504e-05,0.128,-0.8
2921,3.5042e-05,0.136,-0.8
2922,3.5044e-05,0.128,-0.8
2923,3.5046e-05,0.128,-0.8
2924,3.5048e-05,0.128,-0.8
2925,3.5050000000000005e-05,0.136,-0.8
2926,3.5052e-05,0.128,-0.8
2927,3.5054e-05,0.128,-0.8
2928,3.5056000000000005e-05,0.128,-0.8
2929,3.5058e-05,0.136,-0.8
2930,3.506e-05,0.128,-0.8
2931,3.5062000000000004e-05,0.128,-0.8
2932,3.5064e-05,0.128,-0.8
2933,3.5066e-05,0.136,-0.8
2934,3.5068000000000004e-05,0.128,-0.8
2935,3.507e-05,0.128,-0.8
2936,3.5072000000000006e-05,0.128,-0.8
2937,3.5074e-05,0.136,-0.8
2938,3.5076e-05,0.128,-0.8
2939,3.5078000000000005e-05,0.128,-0.8
2940,3.508e-05,0.128,-0.8
2941,3.5082e-05,0.136,-0.8
2942,3.5084000000000005e-05,0.128,-0.8
2943,3.5086e-05,0.136,-0.8
2944,3.5088e-05,0.128,-0.8
2945,3.5090000000000005e-05,0.136,-0.8
2946,3.5092e-05,0.128,-0.8
2947,3.5094e-05,0.128,-0.8
2948,3.5096000000000004e-05,0.128,-0.8
2949,3.5098e-05,0.136,-0.8
2950,3.51e-05,0.128,-0.8
2951,3.5102000000000004e-05,0.136,-0.8
2952,3.5104e-05,0.128,-0.8
2953,3.5106e-05,0.136,-0.8
2954,3.5108e-05,0.128,-0.8
2955,3.511e-05,0.128,-0.8
2956,3.5112e-05,0.128,-0.8
2957,3.5114e-05,0.136,-0.8
2958,3.5116e-05,0.128,-0.8
2959,3.5118000000000005e-05,0.136,-0.8
2960,3.512e-05,0.128,-0.8
2961,3.5122e-05,0.136,-0.8
2962,3.5124000000000005e-05,0.128,-0.8
2963,3.5126e-05,0.136,-0.8
2964,3.5128e-05,0.128,-0.8
2965,3.5130000000000004e-05,0.136,-0.8
2966,3.5132e-05,0.128,-0.8
2967,3.5134e-05,0.136,-0.8
2968,3.5136000000000004e-05,0.128,-0.8
2969,3.5138e-05,0.144,-0.8
2970,3.5140000000000006e-05,0.128,-0.8
2971,3.5142e-05,0.136,-0.8
2972,3.5144e-05,0.128,-0.8
2973,3.5146000000000005e-05,0.144,-0.8
2974,3.5148e-05,0.128,-0.8
2975,3.515e-05,0.136,-0.8
2976,3.5152000000000005e-05,0.128,-0.8
2977,3.5154e-05,0.136,-0.8
2978,3.5156e-05,0.136,-0.8
2979,3.5158000000000005e-05,0.136,-0.8
2980,3.516e-05,0.128,-0.8
2981,3.5162e-05,0.144,-0.8
2982,3.5164000000000004e-05,0.128,-0.8
2983,3.5166e-05,0.136,-0.8
2984,3.5168e-05,0.128,-0.8
2985,3.5170000000000004e-05,0.144,-0.8
2986,3.5172e-05,0.136,-0.8
2987,3.5174e-05,0.136,-0.8
2988,3.5176e-05,0.136,-0.8
2989,3.5178e-05,0.144,-0.8
2990,3.518e-05,0.136,-0.8
2991,3.5182e-05,0.136,-0.8
2992,3.5184e-05,0.136,-0.8
2993,3.5186000000000005e-05,0.144,-0.8
2994,3.5188e-05,0.136,-0.8
2995,3.519e-05,0.136,-0.8
2996,3.5192000000000005e-05,0.136,-0.8
2997,3.5194e-05,0.144,-0.8
2998,3.5196e-05,0.136,-0.8
2999,3.5198000000000004e-05,0.136,-0.8
3000,3.52e-05,0.136,-0.8
3001,3.5202e-05,0.144,-0.8
3002,3.5204000000000004e-05,0.136,-0.8
3003,3.5206e-05,0.136,-0.8
3004,3.5208000000000006e-05,0.136,-0.8
3005,3.5210000000000003e-05,0.144,-0.8
3006,3.5212e-05,0.136,-0.8
3007,3.5214000000000005e-05,0.136,-0.8
3008,3.5216e-05,0.136,-0.8
3009,3.5218e-05,0.144,-0.8
3010,3.5220000000000005e-05,0.136,-0.8
3011,3.5222e-05,0.136,-0.8
3012,3.5224e-05,0.136,-0.8
3013,3.5226000000000005e-05,0.144,-0.8
3014,3.5228e-05,0.136,-0.8
3015,3.523e-05,0.136,-0.8
3016,3.5232000000000004e-05,0.136,-0.8
3017,3.5234e-05,0.144,-0.8
3018,3.5236e-05,0.136,-0.8
3019,3.5238000000000004e-05,0.136,-0.8
3020,3.524e-05,0.136,-0.8
3021,3.5242e-05,0.144,-0.8
3022,3.5244000000000003e-05,0.136,-0.8
3023,3.5246e-05,0.136,-0.8
3024,3.5248e-05,0.136,-0.8
3025,3.525e-05,0.144,-0.8
3026,3.5252e-05,0.136,-0.8
3027,3.5254e-05,0.136,-0.8
3028,3.5256e-05,0.136,-0.8
3029,3.5258e-05,0.144,-0.8
3030,3.5260000000000005e-05,0.136,-0.8
3031,3.5262e-05,0.144,-0.8
3032,3.5264e-05,0.136,-0.8
3033,3.5266000000000004e-05,0.144,-0.8
3034,3.5268e-05,0.136,-0.8
3035,3.527e-05,0.144,-0.8
3036,3.5272000000000004e-05,0.136,-0.8
3037,3.5274e-05,0.144,-0.8
3038,3.5276000000000006e-05,0.136,-0.8
3039,3.5278000000000003e-05,0.144,-0.8
3040,3.528e-05,0.136,-0.8
3041,3.5282000000000005e-05,0.144,-0.8
3042,3.5284e-05,0.136,-0.8
3043,3.5286e-05,0.144,-0.8
3044,3.5288000000000005e-05,0.136,-0.8
3045,3.529e-05,0.144,-0.8
3046,3.5292e-05,0.144,-0.8
3047,3.5294000000000005e-05,0.136,-0.8
3048,3.5296e-05,0.136,-0.8
3049,3.5298e-05,0.144,-0.8
3050,3.5300000000000004e-05,0.144,-0.8
3051,3.5302e-05,0.144,-0.8
3052,3.5304e-05,0.136,-0.8
3053,3.5306000000000004e-05,0.144,-0.8
3054,3.5308e-05,0.136,-0.8
3055,3.531e-05,0.144,-0.8
3056,3.5312000000000003e-05,0.136,-0.8
3057,3.5314e-05,0.152,-0.8
3058,3.5316e-05,0.144,-0.8
3059,3.5318e-05,0.144,-0.8
3060,3.532e-05,0.136,-0.8
3061,3.5322e-05,0.152,-0.8
3062,3.5324e-05,0.136,-0.8
3063,3.5326e-05,0.136,-0.8
3064,3.5328000000000005e-05,0.136,-0.8
3065,3.533e-05,0.152,-0.8
3066,3.5332e-05,0.144,-0.8
3067,3.5334000000000004e-05,0.144,-0.8
3068,3.5336e-05,0.136,-0.8
3069,3.5338e-05,0.144,-0.8
3070,3.5340000000000004e-05,0.144,-0.8
3071,3.5342e-05,0.144,-0.8
3072,3.5344000000000006e-05,0.136,-0.8
3073,3.5346000000000003e-05,0.152,-0.8
3074,3.5348e-05,0.144,-0.8
3075,3.5350000000000005e-05,0.144,-0.8
3076,3.5352e-05,0.144,-0.8
3077,3.5354e-05,0.152,-0.8
3078,3.5356000000000005e-05,0.144,-0.8
3079,3.5358e-05,0.144,-0.8
3080,3.536e-05,0.136,-0.8
3081,3.5362000000000005e-05,0.152,-0.8
3082,3.5364e-05,0.144,-0.8
3083,3.5366e-05,0.144,-0.8
3084,3.5368000000000004e-05,0.144,-0.8
3085,3.537e-05,0.152,-0.8
3086,3.5372e-05,0.144,-0.8
3087,3.5374000000000004e-05,0.144,-0.8
3088,3.5376e-05,0.144,-0.8
3089,3.5378e-05,0.152,-0.8
3090,3.5380000000000003e-05,0.144,-0.8
3091,3.5382e-05,0.144,-0.8
3092,3.5384e-05,0.144,-0.8
3093,3.5386e-05,0.152,-0.8
3094,3.5388e-05,0.144,-0.8
3095,3.539e-05,0.144,-0.8
3096,3.5392e-05,0.144,-0.8
3097,3.5394e-05,0.152,-0.8
3098,3.5396000000000005e-05,0.144,-0.8
3099,3.5398e-05,0.144,-0.8
3100,3.54e-05,0.144,-0.000174
3101,3.5402000000000004e-05,0.152,-0.8
3102,3.5404e-05,0.144,-0.8
3103,3.5406e-05,0.144,-0.000174
3104,3.5408000000000004e-05,0.144,-0.8
3105,3.541e-05,0.152,-0.8
3106,3.5412e-05,0.144,-0.8
3107,3.5414000000000003e-05,0.152,-0.8
3108,3.5416e-05,0.144,-0.000174
3109,3.5418000000000005e-05,0.152,-0.8
3110,3.542e-05,0.144,-0.8
3111,3.5422e-05,0.144,-0.8
3112,3.5424000000000005e-05,0.144,-0.8
3113,3.5426e-05,0.152,-0.8
3114,3.5428e-05,0.144,-0.8
3115,3.5430000000000005e-05,0.144,-0.8
3116,3.5432e-05,0.144,-0.8
3117,3.5434e-05,0.152,-0.8
3118,3.5436000000000004e-05,0.144,-0.8
3119,3.5438e-05,0.144,-0.8
3120,3.544e-05,0.144,-0.8
3121,3.5442000000000004e-05,0.16,-0.8
3122,3.5444e-05,0.144,-0.8
3123,3.5446e-05,0.144,-0.8
3124,3.5448000000000003e-05,0.144,-0.8
3125,3.545e-05,0.152,-0.8
3126,3.5452e-05,0.144,-0.8
3127,3.5454e-05,0.152,-0.8
3128,3.5456e-05,0.144,-0.8
3129,3.5458e-05,0.152,-0.8
3130,3.546e-05,0.144,-0.8
3131,3.5462e-05,0.152,-0.8
3132,3.5464000000000005e-05,0.144,-0.8
3133,3.5466e-05,0.152,-0.8
3134,3.5468e-05,0.144,-0.8
3135,3.5470000000000004e-05,0.144,-0.8
3136,3.5472e-05,0.144,-0.8
3137,3.5474e-05,0.152,-0.8
3138,3.5476000000000004e-05,0.152,-0.8
3139,3.5478e-05,0.152,-0.8
3140,3.548e-05,0.144,-0.8
3141,3.5482000000000003e-05,0.152,-0.8
3142,3.5484e-05,0.144,-0.8
3143,3.5486000000000005e-05,0.152,-0.8
3144,3.5488e-05,0.144,-0.8
3145,3.549e-05,0.152,-0.8
3146,3.5492000000000005e-05,0.152,-0.8
3147,3.5494e-05,0.152,-0.8
3148,3.5496e-05,0.144,-0.8
3149,3.5498000000000005e-05,0.16,-0.8
3150,3.55e-05,0.144,-0.8
3151,3.5502e-05,0.152,-0.8
3152,3.5504000000000004e-05,0.144,-0.8
3153,3.5506e-05,0.152,-0.8
3154,3.5508e-05,0.152,-0.8
3155,3.5510000000000004e-05,0.152,-0.8
3156,3.5512e-05,0.152,-0.8
3157,3.5514e-05,0.152,-0.8
3158,3.5516000000000004e-05,0.144,-0.8
3159,3.5518e-05,0.152,-0.8
3160,3.552e-05,0.152,-0.8
3161,3.5522e-05,0.16,-0.8
3162,3.5524e-05,0.152,-0.8
3163,3.5526e-05,0.152,-0.8
3164,3.5528e-05,0.144,-0.8
3165,3.553e-05,0.16,-0.8
3166,3.5532000000000005e-05,0.144,-0.8
3167,3.5534e-05,0.152,-0.8
3168,3.5536e-05,0.144,-0.8
3169,3.5538000000000004e-05,0.16,-0.8
3170,3.554e-05,0.152,-0.8
3171,3.5542e-05,0.152,-0.8
3172,3.5544000000000004e-05,0.144,-0.8
3173,3.5546e-05,0.16,-0.8
3174,3.5548e-05,0.152,-0.8
3175,3.5550000000000004e-05,0.152,-0.8
3176,3.5552e-05,0.152,-0.8
3177,3.5554000000000006e-05,0.16,-0.8
3178,3.5556e-05,0.152,-0.8
3179,3.5558e-05,0.152,-0.8
3180,3.5560000000000005e-05,0.144,-0.8
3181,3.5562e-05,0.16,-0.8
3182,3.5564e-05,0.152,-0.8
3183,3.5566000000000005e-05,0.152,-0.8
3184,3.5568e-05,0.152,-0.8
3185,3.557e-05,0.16,-0.8
3186,3.5572000000000004e-05,0.152,-0.8
3187,3.5574e-05,0.152,-0.8
3188,3.5576e-05,0.152,-0.8
3189,3.5578000000000004e-05,0.16,-0.8
3190,3.558e-05,0.152,-0.8
3191,3.5582e-05,0.152,-0.8
3192,3.5584000000000004e-05,0.152,-0.8
3193,3.5586e-05,0.16,-0.8
3194,3.5588e-05,0.152,-0.8
3195,3.559e-05,0.152,-0.8
3196,3.5592e-05,0.152,-0.8
3197,3.5594e-05,0.16,-0.8
3198,3.5596e-05,0.152,-0.8
3199,3.5598e-05,0.152,-0.8
3200,3.5600000000000005e-05,0.152,-0.8
3201,3.5602e-05,0.16,-0.8
3202,3.5604e-05,0.152,-0.8
3203,3.5606000000000004e-05,0.152,-0.8
3204,3.5608e-05,0.152,-0.8
3205,3.561e-05,0.16,-0.8
3206,3.5612000000000004e-05,0.152,-0.8
3207,3.5614e-05,0.152,-0.8
3208,3.5616e-05,0.152,-0.8
3209,3.5618000000000004e-05,0.16,-0.8
3210,3.562e-05,0.152,-0.8
3211,3.5622000000000006e-05,0.152,-0.8
3212,3.5624e-05,0.152,-0.8
3213,3.5626e-05,0.16,-0.8
3214,3.5628000000000005e-05,0.152,-0.8
3215,3.563e-05,0.152,-0.8
3216,3.5632e-05,0.152,-0.8
3217,3.5634000000000005e-05,0.16,-0.8
3218,3.5636e-05,0.152,-0.8
3219,3.5638e-05,0.16,-0.8
3220,3.5640000000000004e-05,0.152,-0.000174
3221,3.5642e-05,0.16,-0.8
3222,3.5644e-05,0.152,-0.8
3223,3.5646000000000004e-05,0.16,-0.8
3224,3.5648e-05,0.152,-0.8
3225,3.565e-05,0.16,-0.8
3226,3.5652000000000004e-05,0.152,-0.8
3227,3.5654e-05,0.152,-0.8
3228,3.5656e-05,0.152,-0.8
3229,3.5658e-05,0.16,-0.8
3230,3.566e-05,0.152,-0.8
3231,3.5662e-05,0.16,-0.8
3232,3.5664e-05,0.152,-0.8
3233,3.5666e-05,0.16,-0.8
3234,3.5668000000000005e-05,0.16,-0.8
3235,3.567e-05,0.16,-0.8
3236,3.5672e-05,0.152,-0.8
3237,3.5674000000000004e-05,0.16,-0.8
3238,3.5676e-05,0.16,-0.8
3239,3.5678e-05,0.16,-0.8
3240,3.5680000000000004e-05,0.152,-0.8
3241,3.5682e-05,0.168,-0.8
3242,3.5684e-05,0.16,-0.8
3243,3.5686000000000004e-05,0.16,-0.8
3244,3.5688e-05,0.152,-0.8
3245,3.5690000000000006e-05,0.168,-0.8
3246,3.5692e-05,0.16,-0.8
3247,3.5694e-05,0.16,-0.8
3248,3.5696000000000005e-05,0.16,-0.8
3249,3.5698e-05,0.168,-0.8
3250,3.57e-05,0.152,-0.8
3251,3.5702000000000005e-05,0.16,-0.8
3252,3.5704e-05,0.152,-0.8
3253,3.5706e-05,0.168,-0.8
3254,3.5708000000000004e-05,0.16,-0.8
3255,3.571e-05,0.16,-0.8
3256,3.5712e-05,0.152,-0.8
3257,3.5714000000000004e-05,0.168,-0.8
3258,3.5716e-05,0.16,-0.8
3259,3.5718e-05,0.16,-0.8
3260,3.5720000000000004e-05,0.152,-0.8
3261,3.5722e-05,0.168,-0.8
3262,3.5724e-05,0.16,-0.8
3263,3.5726e-05,0.16,-0.8
3264,3.5728e-05,0.16,-0.8
3265,3.573e-05,0.168,-0.8
3266,3.5732e-05,0.16,-0.8
3267,3.5734e-05,0.16,-0.8
3268,3.5736000000000005e-05,0.16,-0.8
3269,3.5738e-05,0.168,-0.8
3270,3.574e-05,0.16,-0.8
3271,3.5742000000000004e-05,0.16,-0.8
3272,3.5744e-05,0.16,-0.8
3273,3.5746e-05,0.168,-0.8
3274,3.5748000000000004e-05,0.16,-0.8
3275,3.575e-05,0.16,-0.8
3276,3.5752e-05,0.16,-0.8
3277,3.5754000000000004e-05,0.168,-0.8
3278,3.5756e-05,0.16,-0.8
3279,3.5758000000000006e-05,0.16,-0.8
3280,3.576e-05,0.16,-0.8
3281,3.5762e-05,0.168,-0.8
3282,3.5764000000000005e-05,0.16,-0.8
3283,3.5766e-05,0.16,-0.8
3284,3.5768e-05,0.16,-0.8
3285,3.5770000000000005e-05,0.168,-0.8
3286,3.5772e-05,0.16,-0.8
3287,3.5774e-05,0.16,-0.8
3288,3.5776000000000004e-05,0.16,-0.8
3289,3.5778e-05,0.168,-0.8
3290,3.578e-05,0.16,-0.8
3291,3.5782000000000004e-05,0.16,-0.8
3292,3.5784e-05,0.16,-0.8
3293,3.5786e-05,0.168,-0.8
3294,3.5788000000000004e-05,0.16,-0.8
3295,3.579e-05,0.16,-0.8
3296,3.5792e-05,0.16,-0.8
3297,3.5794e-05,0.168,-0.8
3298,3.5796e-05,0.16,-0.8
3299,3.5798e-05,0.168,-0.8
3300,3.58e-05,0.16,-0.000174
3301,3.5802e-05,0.176,-0.8
3302,3.5804000000000005e-05,0.16,-0.8
3303,3.5806e-05,0.16,-0.000174
3304,3.5808e-05,0.168,-0.8
3305,3.5810000000000004e-05,0.168,-0.8
3306,3.5812e-05,0.16,-0.8
3307,3.5814e-05,0.168,-0.8
3308,3.5816000000000004e-05,0.16,-0.000174
3309,3.5818e-05,0.168,-0.8
3310,3.582e-05,0.16,-0.8
3311,3.5822000000000004e-05,0.16,-0.8
3312,3.5824e-05,0.16,-0.8
3313,3.5826000000000006e-05,0.168,-0.8
3314,3.5828e-05,0.168,-0.8
3315,3.583e-05,0.16,-0.8
3316,3.5832000000000005e-05,0.16,-0.8
3317,3.5834e-05,0.168,-0.8
3318,3.5836e-05,0.16,-0.8
3319,3.5838000000000005e-05,0.168,-0.8
3320,3.584e-05,0.16,-0.8
3321,3.5842e-05,0.176,-0.8
3322,3.5844000000000004e-05,0.168,-0.8
3323,3.5846e-05,0.168,-0.8
3324,3.5848e-05,0.16,-0.8
3325,3.5850000000000004e-05,0.168,-0.8
3326,3.5852e-05,0.16,-0.8
3327,3.5854e-05,0.168,-0.8
3328,3.5856000000000004e-05,0.16,-0.8
3329,3.5858e-05,0.176,-0.8
3330,3.586e-05,0.16,-0.8
3331,3.5862e-05,0.168,-0.8
3332,3.5864e-05,0.16,-0.8
3333,3.5866e-05,0.168,-0.8
3334,3.5868e-05,0.168,-0.8
3335,3.587e-05,0.168,-0.8
3336,3.5872000000000005e-05,0.16,-0.8
3337,3.5874e-05,0.176,-0.8
3338,3.5876e-05,0.168,-0.8
3339,3.5878000000000004e-05,0.168,-0.8
3340,3.588e-05,0.16,-0.8
3341,3.5882e-05,0.176,-0.8
3342,3.5884000000000004e-05,0.16,-0.8
3343,3.5886e-05,0.168,-0.8
3344,3.5888e-05,0.16,-0.8
3345,3.5890000000000004e-05,0.176,-0.8
3346,3.5892e-05,0.168,-0.8
3347,3.5894000000000006e-05,0.168,-0.8
3348,3.5896e-05,0.168,-0.8
3349,3.5898e-05,0.176,-0.8
3350,3.5900000000000005e-05,0.168,-0.8
3351,3.5902e-05,0.168,-0.8
3352,3.5904e-05,0.16,-0.8
3353,3.5906000000000005e-05,0.176,-0.8
3354,3.5908e-05,0.168,-0.8
3355,3.591e-05,0.168,-0.8
3356,3.5912000000000004e-05,0.168,-0.8
3357,3.5914e-05,0.176,-0.8
3358,3.5916e-05,0.168,-0.8
3359,3.5918000000000004e-05,0.168,-0.8
3360,3.592e-05,0.168,-0.8
3361,3.5922e-05,0.176,-0.8
3362,3.5924000000000004e-05,0.168,-0.8
3363,3.5926e-05,0.168,-0.8
3364,3.5928e-05,0.168,-0.8
3365,3.593e-05,0.176,-0.8
3366,3.5932e-05,0.168,-0.8
3367,3.5934e-05,0.168,-0.8
3368,3.5936e-05,0.168,-0.8
3369,3.5938e-05,0.176,-0.8
3370,3.5940000000000005e-05,0.168,-0.8
3371,3.5942e-05,0.168,-0.8
3372,3.5944e-05,0.168,-0.8
3373,3.5946000000000004e-05,0.176,-0.8
3374,3.5948e-05,0.168,-0.8
3375,3.595e-05,0.168,-0.8
3376,3.5952000000000004e-05,0.168,-0.8
3377,3.5954e-05,0.176,-0.8
3378,3.5956e-05,0.168,-0.8
3379,3.5958000000000004e-05,0.168,-0.8
3380,3.596e-05,0.168,-0.8
3381,3.5962000000000006e-05,0.176,-0.8
3382,3.5964e-05,0.168,-0.8
3383,3.5966e-05,0.168,-0.8
3384,3.5968000000000005e-05,0.168,-0.8
3385,3.597e-05,0.176,-0.8
3386,3.5972e-05,0.168,-0.8
3387,3.5974000000000005e-05,0.168,-0.8
3388,3.5976e-05,0.168,-0.8
3389,3.5978e-05,0.176,-0.8
3390,3.5980000000000004e-05,0.168,-0.8
3391,3.5982e-05,0.176,-0.8
3392,3.5984e-05,0.168,-0.8
3393,3.5986000000000004e-05,0.176,-0.8
3394,3.5988e-05,0.168,-0.8
3395,3.599e-05,0.168,-0.8
3396,3.5992000000000004e-05,0.168,-0.8
3397,3.5994e-05,0.176,-0.8
3398,3.5996e-05,0.168,-0.8
3399,3.5998e-05,0.168,-0.8
3400,3.6e-05,0.168,-0.8
3401,3.6002e-05,0.184,-0.8
3402,3.6004e-05,0.168,-0.8
3403,3.6006e-05,0.176,-0.8
3404,3.6008000000000005e-05,0.168,-0.8
3405,3.601e-05,0.176,-0.8
3406,3.6012e-05,0.168,-0.8
3407,3.6014000000000005e-05,0.168,-0.8
3408,3.6016e-05,0.168,-0.8
3409,3.6018e-05,0.184,-0.8
3410,3.6020000000000004e-05,0.168,-0.8
3411,3.6022e-05,0.176,-0.8
3412,3.6024e-05,0.168,-0.8
3413,3.6026000000000004e-05,0.176,-0.8
3414,3.6028e-05,0.168,-0.8
3415,3.6030000000000006e-05,0.176,-0.8
3416,3.6032e-05,0.168,-0.8
3417,3.6034e-05,0.184,-0.8
3418,3.6036000000000005e-05,0.176,-0.8
3419,3.6038e-05,0.176,-0.8
3420,3.604e-05,0.168,-0.8
3421,3.6042000000000005e-05,0.184,-0.8
3422,3.6044e-05,0.168,-0.8
3423,3.6046e-05,0.176,-0.8
3424,3.6048000000000005e-05,0.168,-0.8
3425,3.605e-05,0.184,-0.8
3426,3.6052e-05,0.176,-0.8
3427,3.6054000000000004e-05,0.176,-0.8
3428,3.6056e-05,0.168,-0.8
3429,3.6058e-05,0.184,-0.8
3430,3.6060000000000004e-05,0.168,-0.8
3431,3.6062e-05,0.176,-0.8
3432,3.6064e-05,0.168,-0.8
3433,3.6066e-05,0.184,-0.8
3434,3.6068e-05,0.176,-0.8
3435,3.607e-05,0.176,-0.8
3436,3.6072e-05,0.176,-0.8
3437,3.6074e-05,0.184,-0.8
3438,3.6076000000000005e-05,0.176,-0.8
3439,3.6078e-05,0.176,-0.8
3440,3.608e-05,0.168,-0.8
3441,3.6082000000000005e-05,0.184,-0.8
3442,3.6084e-05,0.176,-0.8
3443,3.6086e-05,0.176,-0.8
3444,3.6088000000000004e-05,0.176,-0.8
3445,3.609e-05,0.184,-0.8
3446,3.6092e-05,0.176,-0.8
3447,3.6094000000000004e-05,0.176,-0.8
3448,3.6096e-05,0.176,-0.8
3449,3.6098000000000006e-05,0.184,-0.8
3450,3.61e-05,0.176,-0.8
3451,3.6102e-05,0.176,-0.8
3452,3.6104000000000005e-05,0.168,-0.8
3453,3.6106e-05,0.184,-0.8
3454,3.6108e-05,0.176,-0.8
3455,3.6110000000000005e-05,0.176,-0.8
3456,3.6112e-05,0.176,-0.8
3457,3.6114e-05,0.184,-0.8
3458,3.6116000000000005e-05,0.176,-0.8
3459,3.6118e-05,0.176,-0.8
3460,3.612e-05,0.176,-0.8
3461,3.6122000000000004e-05,0.184,-0.8
3462,3.6124e-05,0.176,-0.8
3463,3.6126e-05,0.176,-0.8
3464,3.6128000000000004e-05,0.176,-0.8
3465,3.613e-05,0.184,-0.8
3466,3.6132e-05,0.176,-0.8
3467,3.6134e-05,0.176,-0.8
3468,3.6136e-05,0.176,-0.8
3469,3.6138e-05,0.184,-0.8
3470,3.614e-05,0.176,-0.8
3471,3.6142e-05,0.176,-0.8
3472,3.6144000000000005e-05,0.176,-0.8
3473,3.6146e-05,0.184,-0.8
3474,3.6148e-05,0.176,-0.8
3475,3.6150000000000005e-05,0.176,-0.8
3476,3.6152e-05,0.176,-0.8
3477,3.6154e-05,0.184,-0.8
3478,3.6156000000000004e-05,0.176,-0.8
3479,3.6158e-05,0.176,-0.8
3480,3.616e-05,0.176,-0.8
3481,3.6162000000000004e-05,0.192,-0.8
3482,3.6164e-05,0.176,-0.8
3483,3.6166000000000006e-05,0.184,-0.8
3484,3.6168e-05,0.176,-0.8
3485,3.617e-05,0.184,-0.8
3486,3.6172000000000005e-05,0.176,-0.8
3487,3.6174e-05,0.184,-0.8
3488,3.6176e-05,0.176,-0.8
3489,3.6178000000000005e-05,0.184,-0.8
3490,3.618e-05,0.176,-0.8
3491,3.6182e-05,0.184,-0.8
3492,3.6184000000000005e-05,0.176,-0.8
3493,3.6186e-05,0.184,-0.8
3494,3.6188e-05,0.176,-0.8
3495,3.6190000000000004e-05,0.176,-0.8
3496,3.6192e-05,0.176,-0.8
3497,3.6194e-05,0.192,-0.8
3498,3.6196000000000004e-05,0.184,-0.8
3499,3.6198e-05,0.184,-0.8
3500,3.62e-05,0.176,-0.000174
3501,3.6202e-05,0.192,-0.8
3502,3.6204e-05,0.184,-0.8
3503,3.6206e-05,0.176,-0.000174
3504,3.6208e-05,0.184,-0.8
3505,3.621e-05,0.184,-0.8
3506,3.6212000000000005e-05,0.176,-0.8
3507,3.6214e-05,0.184,-0.8
3508,3.6216e-05,0.176,-0.000174
3509,3.6218000000000005e-05,0.192,-0.8
3510,3.622e-05,0.176,-0.8
3511,3.6222e-05,0.184,-0.8
3512,3.6224000000000004e-05,0.176,-0.8
3513,3.6226e-05,0.192,-0.8
3514,3.6228e-05,0.184,-0.8
3515,3.6230000000000004e-05,0.184,-0.8
3516,3.6232e-05,0.176,-0.8
3517,3.6234000000000006e-05,0.192,-0.8
3518,3.6236000000000003e-05,0.184,-0.8
3519,3.6238e-05,0.184,-0.8
3520,3.6240000000000005e-05,0.176,-0.8
3521,3.6242e-05,0.192,-0.8
3522,3.6244e-05,0.184,-0.8
3523,3.6246000000000005e-05,0.184,-0.8
3524,3.6248e-05,0.176,-0.8
3525,3.625e-05,0.192,-0.8
3526,3.6252000000000005e-05,0.184,-0.8
3527,3.6254e-05,0.184,-0.8
3528,3.6256e-05,0.176,-0.8
3529,3.6258000000000004e-05,0.192,-0.8
3530,3.626e-05,0.184,-0.8
3531,3.6262e-05,0.184,-0.8
3532,3.6264000000000004e-05,0.184,-0.8
3533,3.6266e-05,0.192,-0.8
3534,3.6268e-05,0.184,-0.8
3535,3.6270000000000003e-05,0.184,-0.8
3536,3.6272e-05,0.184,-0.8
3537,3.6274e-05,0.192,-0.8
3538,3.6276e-05,0.184,-0.8
3539,3.6278e-05,0.184,-0.8
3540,3.6280000000000005e-05,0.176,-0.8
3541,3.6282e-05,0.192,-0.8
3542,3.6284e-05,0.184,-0.8
3543,3.6286000000000005e-05,0.184,-0.8
3544,3.6288e-05,0.184,-0.8
3545,3.629e-05,0.192,-0.8
3546,3.6292000000000004e-05,0.184,-0.8
3547,3.6294e-05,0.184,-0.8
3548,3.6296e-05,0.184,-0.8
3549,3.6298000000000004e-05,0.192,-0.8
3550,3.63e-05,0.184,-0.8
3551,3.6302000000000006e-05,0.192,-0.8
3552,3.6304000000000003e-05,0.184,-0.8
3553,3.6306e-05,0.192,-0.8
3554,3.6308000000000005e-05,0.184,-0.8
3555,3.631e-05,0.184,-0.8
3556,3.6312e-05,0.184,-0.8
3557,3.6314000000000005e-05,0.192,-0.8
3558,3.6316e-05,0.184,-0.8
3559,3.6318e-05,0.184,-0.8
3560,3.6320000000000005e-05,0.184,-0.8
3561,3.6322e-05,0.192,-0.8
3562,3.6324e-05,0.184,-0.8
3563,3.6326000000000004e-05,0.184,-0.8
3564,3.6328e-05,0.184,-0.8
3565,3.633e-05,0.192,-0.8
3566,3.6332000000000004e-05,0.184,-0.8
3567,3.6334e-05,0.184,-0.8
3568,3.6336e-05,0.184,-0.8
3569,3.6338000000000003e-05,0.192,-0.8
3570,3.634e-05,0.184,-0.8
3571,3.6342e-05,0.192,-0.8
3572,3.6344e-05,0.184,-0.8
3573,3.6346e-05,0.192,-0.8
3574,3.6348000000000005e-05,0.184,-0.8
3575,3.635e-05,0.184,-0.8
3576,3.6352e-05,0.184,-0.8
3577,3.6354000000000005e-05,0.192,-0.8
3578,3.6356e-05,0.184,-0.8
3579,3.6358e-05,0.184,-0.8
3580,3.6360000000000004e-05,0.184,-0.000174
3581,3.6362e-05,0.192,-0.8
3582,3.6364e-05,0.184,-0.8
3583,3.6366000000000004e-05,0.192,-0.8
3584,3.6368e-05,0.184,-0.8
3585,3.6370000000000006e-05,0.192,-0.8
3586,3.6372000000000003e-05,0.192,-0.8
3587,3.6374e-05,0.192,-0.8
3588,3.6376000000000005e-05,0.184,-0.8
3589,3.6378e-05,0.2,-0.8
3590,3.638e-05,0.184,-0.8
3591,3.6382000000000005e-05,0.192,-0.8
3592,3.6384e-05,0.184,-0.8
3593,3.6386e-05,0.192,-0.8
3594,3.6388000000000005e-05,0.192,-0.8
3595,3.639e-05,0.192,-0.8
3596,3.6392e-05,0.184,-0.8
3597,3.6394000000000004e-05,0.192,-0.8
3598,3.6396e-05,0.192,-0.8
3599,3.6398e-05,0.192,-0.8
3600,3.6400000000000004e-05,0.184,-0.8
3601,3.6402e-05,0.2,-0.8
3602,3.6404e-05,0.192,-0.8
3603,3.6406000000000003e-05,0.192,-0.8
3604,3.6408e-05,0.184,-0.8
3605,3.641e-05,0.2,-0.8
3606,3.6412e-05,0.184,-0.8
3607,3.6414e-05,0.192,-0.8
3608,3.6416e-05,0.184,-0.8
3609,3.6418e-05,0.2,-0.8
3610,3.642e-05,0.192,-0.8
3611,3.6422000000000005e-05,0.192,-0.8
3612,3.6424e-05,0.184,-0.8
3613,3.6426e-05,0.2,-0.8
3614,3.6428000000000004e-05,0.192,-0.8
3615,3.643e-05,0.192,-0.8
3616,3.6432e-05,0.192,-0.8
3617,3.6434000000000004e-05,0.2,-0.8
3618,3.6436e-05,0.184,-0.8
3619,3.6438000000000006e-05,0.192,-0.8
3620,3.6440000000000003e-05,0.184,-0.000174
3621,3.6442e-05,0.2,-0.8
3622,3.6444000000000005e-05,0.192,-0.8
3623,3.6446e-05,0.192,-0.8
3624,3.6448e-05,0.192,-0.8
3625,3.6450000000000005e-05,0.2,-0.8
3626,3.6452e-05,0.192,-0.8
3627,3.6454e-05,0.192,-0.8
3628,3.6456000000000005e-05,0.192,-0.8
3629,3.6458e-05,0.2,-0.8
3630,3.646e-05,0.192,-0.8
3631,3.6462000000000004e-05,0.192,-0.8
3632,3.6464e-05,0.192,-0.8
3633,3.6466e-05,0.2,-0.8
3634,3.6468000000000004e-05,0.192,-0.8
3635,3.647e-05,0.192,-0.8
3636,3.6472e-05,0.192,-0.8
3637,3.6474000000000003e-05,0.2,-0.8
3638,3.6476e-05,0.192,-0.8
3639,3.6478e-05,0.192,-0.8
3640,3.648e-05,0.192,-0.8
3641,3.6482e-05,0.2,-0.8
3642,3.6484e-05,0.192,-0.8
3643,3.6486e-05,0.192,-0.8
3644,3.6488e-05,0.192,-0.8
3645,3.6490000000000005e-05,0.2,-0.8
3646,3.6492e-05,0.192,-0.8
3647,3.6494e-05,0.192,-0.8
3648,3.6496000000000004e-05,0.192,-0.8
3649,3.6498e-05,0.2,-0.8
3650,3.65e-05,0.192,-0.8
3651,3.6502000000000004e-05,0.192,-0.8
3652,3.6504e-05,0.192,-0.000174
3653,3.6506000000000006e-05,0.2,-0.8
3654,3.6508000000000004e-05,0.192,-0.8
3655,3.651e-05,0.192,-0.8
3656,3.6512000000000005e-05,0.192,-0.8
3657,3.6514e-05,0.2,-0.8
3658,3.6516e-05,0.192,-0.8
3659,3.6518000000000005e-05,0.192,-0.8
3660,3.652e-05,0.192,-0.8
3661,3.6522e-05,0.208,-0.8
3662,3.6524000000000005e-05,0.192,-0.8
3663,3.6526e-05,0.2,-0.8
3664,3.6528e-05,0.192,-0.8
3665,3.6530000000000004e-05,0.2,-0.8
3666,3.6532e-05,0.192,-0.8
3667,3.6534e-05,0.192,-0.8
3668,3.6536000000000004e-05,0.192,-0.8
3669,3.6538e-05,0.2,-0.8
3670,3.654e-05,0.192,-0.8
3671,3.6542000000000004e-05,0.2,-0.8
3672,3.6544e-05,0.192,-0.8
3673,3.6546e-05,0.2,-0.8
3674,3.6548e-05,0.2,-0.8
3675,3.655e-05,0.2,-0.8
3676,3.6552e-05,0.192,-0.8
3677,3.6554e-05,0.2,-0.8
3678,3.6556e-05,0.192,-0.8
3679,3.6558000000000005e-05,0.2,-0.8
3680,3.656e-05,0.192,-0.8
3681,3.6562e-05,0.208,-0.8
3682,3.6564000000000004e-05,0.192,-0.8
3683,3.6566e-05,0.2,-0.8
3684,3.6568e-05,0.192,-0.8
3685,3.6570000000000004e-05,0.208,-0.8
3686,3.6572e-05,0.2,-0.8
3687,3.6574e-05,0.2,-0.8
3688,3.6576000000000004e-05,0.192,-0.8
3689,3.6578e-05,0.2,-0.8
3690,3.6580000000000006e-05,0.2,-0.8
3691,3.6582e-05,0.2,-0.8
3692,3.6584e-05,0.192,-0.8
3693,3.6586000000000005e-05,0.208,-0.8
3694,3.6588e-05,0.2,-0.8
3695,3.659e-05,0.2,-0.8
3696,3.6592000000000005e-05,0.192,-0.8
3697,3.6594e-05,0.208,-0.8
3698,3.6596e-05,0.2,-0.8
3699,3.6598000000000004e-05,0.2,-0.8
3700,3.66e-05,0.192,-0.000174
3701,3.6602e-05,0.208,-0.8
3702,3.6604000000000004e-05,0.2,-0.8
3703,3.6606e-05,0.192,-0.000174
3704,3.6608e-05,0.2,-0.8
3705,3.6610000000000004e-05,0.208,-0.000174
3706,3.6612e-05,0.2,-0.8
3707,3.6614e-05,0.2,-0.8
3708,3.6616e-05,0.192,-0.000174
3709,3.6618e-05,0.208,-0.8
3710,3.662e-05,0.192,-0.8
3711,3.6622e-05,0.2,-0.8
3712,3.6624e-05,0.192,-0.8
3713,3.6626000000000005e-05,0.208,-0.8
3714,3.6628e-05,0.2,-0.8
3715,3.663e-05,0.2,-0.8
3716,3.6632000000000004e-05,0.2,-0.8
3717,3.6634e-05,0.208,-0.8
3718,3.6636e-05,0.2,-0.8
3719,3.6638000000000004e-05,0.2,-0.8
3720,3.664e-05,0.192,-0.8
3721,3.6642e-05,0.208,-0.8
3722,3.6644000000000004e-05,0.2,-0.8
3723,3.6646e-05,0.2,-0.8
3724,3.6648000000000006e-05,0.2,-0.8
3725,3.665e-05,0.208,-0.8
3726,3.6652e-05,0.2,-0.8
3727,3.6654000000000005e-05,0.2,-0.8
3728,3.6656e-05,0.2,-0.8
3729,3.6658e-05,0.208,-0.8
3730,3.6660000000000005e-05,0.2,-0.8
3731,3.6662e-05,0.2,-0.8
3732,3.6664e-05,0.2,-0.000174
3733,3.6666000000000004e-05,0.208,-0.8
3734,3.6668e-05,0.2,-0.8
3735,3.667e-05,0.2,-0.8
3736,3.6672000000000004e-05,0.2,-0.8
3737,3.6674e-05,0.208,-0.8
3738,3.6676e-05,0.2,-0.8
3739,3.6678000000000004e-05,0.2,-0.8
3740,3.668e-05,0.2,-0.000174
3741,3.6682e-05,0.208,-0.8
3742,3.6684e-05,0.2,-0.8
3743,3.6686e-05,0.2,-0.8
3744,3.6688e-05,0.2,-0.8
3745,3.669e-05,0.208,-0.8
3746,3.6692e-05,0.2,-0.8
3747,3.6694000000000005e-05,0.2,-0.8
3748,3.6696e-05,0.2,-0.8
3749,3.6698e-05,0.208,-0.8
3750,3.6700000000000004e-05,0.2,-0.8
3751,3.6702e-05,0.208,-0.8
3752,3.6704e-05,0.2,-0.8
3753,3.6706000000000004e-05,0.208,-0.8
3754,3.6708e-05,0.2,-0.8
3755,3.671e-05,0.208,-0.8
3756,3.6712000000000004e-05,0.2,-0.8
3757,3.6714e-05,0.208,-0.8
3758,3.6716000000000006e-05,0.2,-0.8
3759,3.6718e-05,0.208,-0.8
3760,3.672e-05,0.2,-0.8
3761,3.6722000000000005e-05,0.208,-0.8
3762,3.6724e-05,0.2,-0.8
3763,3.6726e-05,0.208,-0.8
3764,3.6728000000000005e-05,0.2,-0.8
3765,3.673e-05,0.208,-0.8
3766,3.6732e-05,0.2,-0.8
3767,3.6734000000000004e-05,0.2,-0.8
3768,3.6736e-05,0.2,-0.8
3769,3.6738e-05,0.216,-0.8
3770,3.6740000000000004e-05,0.2,-0.8
3771,3.6742e-05,0.208,-0.8
3772,3.6744e-05,0.2,-0.000174
3773,3.6746000000000004e-05,0.216,-0.8
3774,3.6748e-05,0.2,-0.8
3775,3.675e-05,0.208,-0.8
3776,3.6752e-05,0.2,-0.8
3777,3.6754e-05,0.216,-0.8
3778,3.6756e-05,0.2,-0.8
3779,3.6758e-05,0.208,-0.8
3780,3.676e-05,0.2,-0.000174
3781,3.6762000000000005e-05,0.216,-0.8
3782,3.6764e-05,0.2,-0.8
3783,3.6766e-05,0.208,-0.8
3784,3.6768000000000004e-05,0.2,-0.8
3785,3.677e-05,0.208,-0.8
3786,3.6772e-05,0.208,-0.8
3787,3.6774000000000004e-05,0.208,-0.8
3788,3.6776e-05,0.2,-0.8
3789,3.6778e-05,0.216,-0.8
3790,3.6780000000000004e-05,0.208,-0.8
3791,3.6782e-05,0.208,-0.8
3792,3.6784000000000006e-05,0.2,-0.8
3793,3.6786e-05,0.216,-0.8
3794,3.6788e-05,0.208,-0.8
3795,3.6790000000000005e-05,0.208,-0.8
3796,3.6792e-05,0.2,-0.8
3797,3.6794e-05,0.216,-0.8
3798,3.6796000000000005e-05,0.208,-0.8
3799,3.6798e-05,0.208,-0.8
3800,3.68e-05,0.2,-0.8
3801,3.6802000000000004e-05,0.216,-0.8
3802,3.6804e-05,0.208,-0.8
3803,3.6806e-05,0.208,-0.8
3804,3.6808000000000004e-05,0.2,-0.8
3805,3.681e-05,0.216,-0.8
3806,3.6812e-05,0.208,-0.8
3807,3.6814000000000004e-05,0.208,-0.8
3808,3.6816e-05,0.208,-0.8
3809,3.6818e-05,0.216,-0.8
3810,3.682e-05,0.208,-0.8
3811,3.6822e-05,0.208,-0.8
3812,3.6824e-05,0.208,-0.8
3813,3.6826e-05,0.216,-0.8
3814,3.6828e-05,0.208,-0.8
3815,3.683e-05,0.208,-0.8
3816,3.6832e-05,0.208,-0.8
3817,3.6834e-05,0.216,-0.000174
3818,3.6836000000000004e-05,0.208,-0.8
3819,3.6838e-05,0.208,-0.8
3820,3.684e-05,0.208,-0.8
3821,3.6842000000000004e-05,0.216,-0.8
3822,3.6844e-05,0.208,-0.8
3823,3.6846000000000006e-05,0.208,-0.8
3824,3.6848000000000004e-05,0.208,-0.8
3825,3.685e-05,0.216,-0.8
3826,3.6852000000000006e-05,0.208,-0.8
3827,3.6854e-05,0.208,-0.8
3828,3.6856e-05,0.208,-0.8
3829,3.6858000000000005e-05,0.216,-0.8
3830,3.686e-05,0.208,-0.8
3831,3.6862e-05,0.208,-0.8
3832,3.6864000000000005e-05,0.208,-0.8
3833,3.6866e-05,0.216,-0.8
3834,3.6868e-05,0.208,-0.8
3835,3.6870000000000004e-05,0.208,-0.8
3836,3.6872e-05,0.208,-0.8
3837,3.6874e-05,0.216,-0.8
3838,3.6876000000000004e-05,0.208,-0.8
3839,3.6878e-05,0.208,-0.8
3840,3.688e-05,0.208,-0.8
3841,3.6882000000000004e-05,0.216,-0.8
3842,3.6884e-05,0.208,-0.8
3843,3.6886e-05,0.208,-0.8
3844,3.6888e-05,0.208,-0.8
3845,3.689e-05,0.216,-0.8
3846,3.6892e-05,0.208,-0.8
3847,3.6894e-05,0.208,-0.8
3848,3.6896e-05,0.208,-0.8
3849,3.6898e-05,0.216,-0.8
3850,3.69e-05,0.208,-0.8
3851,3.6902e-05,0.216,-0.8
3852,3.6904000000000004e-05,0.208,-0.8
3853,3.6906e-05,0.216,-0.8
3854,3.6908e-05,0.208,-0.8
3855,3.6910000000000004e-05,0.208,-0.8
3856,3.6912e-05,0.208,-0.8
3857,3.6914000000000006e-05,0.224,-0.8
3858,3.6916000000000004e-05,0.208,-0.8
3859,3.6918e-05,0.216,-0.8
3860,3.6920000000000006e-05,0.208,-0.000174
3861,3.6922e-05,0.216,-0.8
3862,3.6924e-05,0.208,-0.8
3863,3.6926000000000005e-05,0.216,-0.8
3864,3.6928e-05,0.208,-0.8
3865,3.693e-05,0.216,-0.8
3866,3.6932000000000005e-05,0.216,-0.8
3867,3.6934e-05,0.216,-0.8
3868,3.6936e-05,0.208,-0.8
3869,3.6938000000000004e-05,0.224,-0.8
3870,3.694e-05,0.208,-0.8
3871,3.6942e-05,0.216,-0.8
3872,3.6944000000000004e-05,0.208,-0.8
3873,3.6946e-05,0.224,-0.8
3874,3.6948e-05,0.216,-0.8
3875,3.6950000000000004e-05,0.216,-0.8
3876,3.6952e-05,0.208,-0.8
3877,3.6954e-05,0.224,-0.8
3878,3.6956e-05,0.216,-0.8
3879,3.6958e-05,0.216,-0.8
3880,3.696e-05,0.208,-0.000174
3881,3.6962e-05,0.224,-0.8
3882,3.6964e-05,0.216,-0.8
3883,3.6966e-05,0.216,-0.8
3884,3.6968e-05,0.208,-0.8
3885,3.697e-05,0.216,-0.8
3886,3.6972000000000004e-05,0.216,-0.8
3887,3.6974e-05,0.216,-0.8
3888,3.6976e-05,0.216,-0.8
3889,3.6978000000000004e-05,0.224,-0.8
3890,3.698e-05,0.216,-0.8
3891,3.6982000000000006e-05,0.216,-0.8
3892,3.6984000000000004e-05,0.208,-0.000174
3893,3.6986e-05,0.224,-0.8
3894,3.6988000000000006e-05,0.216,-0.8
3895,3.699e-05,0.216,-0.8
3896,3.6992e-05,0.216,-0.8
3897,3.6994000000000005e-05,0.224,-0.8
3898,3.6996e-05,0.216,-0.8
3899,3.6998e-05,0.216,-0.8
3900,3.7000000000000005e-05,0.208,-0.000174
3901,3.7002e-05,0.224,-0.8
3902,3.7004e-05,0.216,-0.8
3903,3.7006000000000004e-05,0.216,-0.000174
3904,3.7008e-05,0.216,-0.8
3905,3.701e-05,0.224,-0.000174
3906,3.7012000000000004e-05,0.216,-0.8
3907,3.7014e-05,0.216,-0.8
3908,3.7016e-05,0.208,-0.000174
3909,3.7018000000000004e-05,0.224,-0.8
3910,3.702e-05,0.216,-0.8
3911,3.7022e-05,0.216,-0.8
3912,3.7024e-05,0.216,-0.8
3913,3.7026e-05,0.224,-0.8
3914,3.7028e-05,0.216,-0.8
3915,3.703e-05,0.216,-0.8
3916,3.7032e-05,0.216,-0.8
3917,3.7034e-05,0.224,-0.8
3918,3.7036e-05,0.216,-0.8
3919,3.7038e-05,0.216,-0.8
3920,3.7040000000000005e-05,0.216,-0.8
3921,3.7042e-05,0.224,-0.8
3922,3.7044e-05,0.216,-0.8
3923,3.7046000000000004e-05,0.216,-0.8
3924,3.7048e-05,0.216,-0.8
3925,3.7050000000000006e-05,0.224,-0.8
3926,3.7052000000000004e-05,0.216,-0.8
3927,3.7054e-05,0.216,-0.8
3928,3.7056000000000006e-05,0.216,-0.8
3929,3.7058e-05,0.224,-0.8
3930,3.706e-05,0.216,-0.8
3931,3.7062000000000005e-05,0.216,-0.8
3932,3.7064e-05,0.216,-0.000174
3933,3.7066e-05,0.224,-0.8
3934,3.7068000000000005e-05,0.216,-0.8
3935,3.707e-05,0.224,-0.8
3936,3.7072e-05,0.216,-0.8
3937,3.7074000000000005e-05,0.224,-0.8
3938,3.7076e-05,0.216,-0.8
3939,3.7078e-05,0.216,-0.8
3940,3.7080000000000004e-05,0.216,-0.8
3941,3.7082e-05,0.232,-0.8
3942,3.7084e-05,0.216,-0.8
3943,3.7086000000000004e-05,0.224,-0.8
3944,3.7088e-05,0.216,-0.8
3945,3.709e-05,0.224,-0.8
3946,3.7092e-05,0.216,-0.8
3947,3.7094e-05,0.224,-0.8
3948,3.7096e-05,0.216,-0.8
3949,3.7098e-05,0.224,-0.8
3950,3.71e-05,0.216,-0.8
3951,3.7102e-05,0.224,-0.8
3952,3.7104e-05,0.216,-0.8
3953,3.7106e-05,0.224,-0.8
3954,3.7108000000000005e-05,0.224,-0.8
3955,3.711e-05,0.224,-0.8
3956,3.7112e-05,0.216,-0.8
3957,3.7114000000000004e-05,0.224,-0.8
3958,3.7116e-05,0.216,-0.8
3959,3.7118000000000006e-05,0.224,-0.8
3960,3.7120000000000004e-05,0.216,-0.8
3961,3.7122e-05,0.232,-0.8
3962,3.7124000000000006e-05,0.224,-0.8
3963,3.7126e-05,0.224,-0.8
3964,3.7128e-05,0.216,-0.8
3965,3.7130000000000005e-05,0.232,-0.8
3966,3.7132e-05,0.224,-0.8
3967,3.7134e-05,0.224,-0.8
3968,3.7136000000000005e-05,0.216,-0.8
3969,3.7138e-05,0.232,-0.8
3970,3.714e-05,0.224,-0.8
3971,3.7142000000000005e-05,0.224,-0.8
3972,3.7144e-05,0.216,-0.000174
3973,3.7146e-05,0.232,-0.8
3974,3.7148000000000004e-05,0.224,-0.8
3975,3.715e-05,0.224,-0.8
3976,3.7152e-05,0.216,-0.8
3977,3.7154000000000004e-05,0.232,-0.8
3978,3.7156e-05,0.224,-0.8
3979,3.7158e-05,0.224,-0.8
3980,3.716e-05,0.216,-0.8
3981,3.7162e-05,0.232,-0.8
3982,3.7164e-05,0.224,-0.8
3983,3.7166e-05,0.224,-0.8
3984,3.7168e-05,0.224,-0.8
3985,3.717e-05,0.232,-0.8
3986,3.7172e-05,0.224,-0.8
3987,3.7174e-05,0.224,-0.8
3988,3.7176000000000005e-05,0.224,-0.000174
3989,3.7178e-05,0.232,-0.8
3990,3.718e-05,0.224,-0.8
3991,3.7182000000000004e-05,0.224,-0.8
3992,3.7184e-05,0.224,-0.8
3993,3.7186000000000006e-05,0.232,-0.8
3994,3.7188000000000004e-05,0.224,-0.8
3995,3.719e-05,0.224,-0.8
3996,3.7192000000000006e-05,0.224,-0.8
3997,3.7194e-05,0.232,-0.8
3998,3.7196e-05,0.224,-0.8
3999,3.7198000000000005e-05,0.224,-0.8
4000,3.72e-05,0.224,-0.000174
4001,3.7202e-05,0.232,-0.8
4002,3.7204000000000005e-05,0.224,-0.8
4003,3.7206e-05,0.224,-0.8
4004,3.7208e-05,0.224,-0.8
4005,3.7210000000000005e-05,0.232,-0.8
4006,3.7212e-05,0.224,-0.8
4007,3.7214e-05,0.224,-0.8
4008,3.7216000000000004e-05,0.224,-0.8
4009,3.7218e-05,0.232,-0.8
4010,3.722e-05,0.224,-0.8
4011,3.7222000000000004e-05,0.224,-0.8
4012,3.7224e-05,0.216,-0.000174
4013,3.7226e-05,0.232,-0.8
4014,3.7228e-05,0.224,-0.8
4015,3.723e-05,0.224,-0.8
4016,3.7232e-05,0.224,-0.8
4017,3.7234e-05,0.232,-0.8
4018,3.7236e-05,0.224,-0.8
4019,3.7238e-05,0.224,-0.8
4020,3.724e-05,0.224,-0.000174
4021,3.7242e-05,0.24,-0.8
4022,3.7244000000000005e-05,0.224,-0.8
4023,3.7246e-05,0.224,-0.8
4024,3.7248e-05,0.224,-0.8
4025,3.7250000000000004e-05,0.232,-0.8
4026,3.7252e-05,0.224,-0.8
4027,3.7254000000000006e-05,0.224,-0.8
4028,3.7256000000000004e-05,0.224,-0.000174
4029,3.7258e-05,0.24,-0.8
4030,3.7260000000000006e-05,0.224,-0.8
4031,3.7262000000000003e-05,0.232,-0.8
4032,3.7264e-05,0.224,-0.8
4033,3.7266000000000005e-05,0.24,-0.8
4034,3.7268e-05,0.232,-0.8
4035,3.727e-05,0.232,-0.8
4036,3.7272000000000005e-05,0.224,-0.8
4037,3.7274e-05,0.232,-0.8
4038,3.7276e-05,0.224,-0.8
4039,3.7278000000000005e-05,0.232,-0.8
4040,3.728e-05,0.224,-0.000174
4041,3.7282e-05,0.24,-0.8
4042,3.7284000000000004e-05,0.224,-0.8
4043,3.7286e-05,0.232,-0.8
4044,3.7288e-05,0.224,-0.8
4045,3.7290000000000004e-05,0.24,-0.8
4046,3.7292e-05,0.232,-0.8
4047,3.7294e-05,0.232,-0.8
4048,3.7296000000000003e-05,0.224,-0.8
4049,3.7298e-05,0.24,-0.8
4050,3.73e-05,0.232,-0.8
4051,3.7302e-05,0.232,-0.8
4052,3.7304e-05,0.224,-0.000174
4053,3.7306e-05,0.24,-0.8
4054,3.7308e-05,0.224,-0.8
4055,3.731e-05,0.232,-0.8
4056,3.7312000000000005e-05,0.224,-0.8
4057,3.7314e-05,0.24,-0.8
4058,3.7316e-05,0.232,-0.8
4059,3.7318000000000004e-05,0.232,-0.8
4060,3.732e-05,0.224,-0.000174
4061,3.7322000000000006e-05,0.24,-0.8
4062,3.7324000000000004e-05,0.224,-0.8
4063,3.7326e-05,0.232,-0.8
4064,3.7328000000000006e-05,0.224,-0.8
4065,3.7330000000000003e-05,0.24,-0.8
4066,3.7332e-05,0.232,-0.8
4067,3.7334000000000005e-05,0.232,-0.8
4068,3.7336e-05,0.224,-0.8
4069,3.7338e-05,0.24,-0.8
4070,3.7340000000000005e-05,0.232,-0.8
4071,3.7342e-05,0.232,-0.8
4072,3.7344e-05,0.224,-0.000174
4073,3.7346000000000005e-05,0.24,-0.8
4074,3.7348e-05,0.232,-0.8
4075,3.735e-05,0.232,-0.8
4076,3.7352000000000004e-05,0.224,-0.8
4077,3.7354e-05,0.24,-0.8
4078,3.7356e-05,0.232,-0.8
4079,3.7358000000000004e-05,0.232,-0.8
4080,3.736e-05,0.224,-0.8
4081,3.7362e-05,0.24,-0.8
4082,3.7364000000000003e-05,0.232,-0.8
4083,3.7366e-05,0.232,-0.8
4084,3.7368e-05,0.232,-0.8
4085,3.737e-05,0.24,-0.8
4086,3.7372e-05,0.232,-0.8
4087,3.7374e-05,0.232,-0.8
4088,3.7376e-05,0.232,-0.8
4089,3.7378e-05,0.24,-0.8
4090,3.7380000000000005e-05,0.232,-0.8
4091,3.7382e-05,0.24,-0.8
4092,3.7384e-05,0.232,-0.000174
4093,3.7386000000000004e-05,0.24,-0.8
4094,3.7388e-05,0.232,-0.8
4095,3.7390000000000006e-05,0.232,-0.000174
4096,3.7392000000000004e-05,0.232,-0.8
4097,3.7394e-05,0.24,-0.000174
4098,3.7396000000000006e-05,0.232,-0.8
4099,3.7398000000000003e-05,0.232,-0.8
4100,3.74e-05,0.224,-0.000174
4101,3.7402000000000005e-05,0.24,-0.8
4102,3.7404e-05,0.232,-0.8
4103,3.7406e-05,0.232,-0.000174
4104,3.7408000000000005e-05,0.232,-0.8
4105,3.741e-05,0.24,-0.8
4106,3.7412e-05,0.232,-0.8
4107,3.7414000000000005e-05,0.24,-0.8
4108,3.7416e-05,0.232,-0.000174
4109,3.7418e-05,0.256,-0.8
4110,3.7420000000000004e-05,0.232,-0.8
4111,3.7422e-05,0.24,-0.8
4112,3.7424e-05,0.232,-0.8
4113,3.7426000000000004e-05,0.24,-0.8
4114,3.7428e-05,0.232,-0.8
4115,3.743e-05,0.232,-0.8
4116,3.7432000000000003e-05,0.232,-0.000174
4117,3.7434e-05,0.24,-0.8
4118,3.7436e-05,0.232,-0.8
4119,3.7438e-05,0.24,-0.8
4120,3.744e-05,0.232,-0.000174
4121,3.7442e-05,0.256,-0.8
4122,3.7444e-05,0.232,-0.8
4123,3.7446e-05,0.24,-0.8
4124,3.7448000000000005e-05,0.232,-0.8
4125,3.745e-05,0.256,-0.8
4126,3.7452e-05,0.232,-0.8
4127,3.7454000000000004e-05,0.24,-0.8
4128,3.7456e-05,0.232,-0.8
4129,3.7458000000000006e-05,0.24,-0.8
4130,3.7460000000000004e-05,0.232,-0.8
4131,3.7462e-05,0.24,-0.8
4132,3.7464000000000006e-05,0.232,-0.000174
4133,3.7466000000000003e-05,0.256,-0.8
4134,3.7468e-05,0.232,-0.8
4135,3.7470000000000005e-05,0.24,-0.8
4136,3.7472e-05,0.232,-0.8
4137,3.7474e-05,0.256,-0.8
4138,3.7476000000000005e-05,0.24,-0.8
4139,3.7478e-05,0.24,-0.8
4140,3.748e-05,0.232,-0.000174
4141,3.7482000000000005e-05,0.256,-0.8
4142,3.7484e-05,0.232,-0.8
4143,3.7486e-05,0.24,-0.8
4144,3.7488000000000004e-05,0.232,-0.8
4145,3.749e-05,0.24,-0.8
4146,3.7492e-05,0.24,-0.8
4147,3.7494000000000004e-05,0.24,-0.8
4148,3.7496e-05,0.232,-0.8
4149,3.7498e-05,0.256,-0.8
4150,3.7500000000000003e-05,0.232,-0.8
4151,3.7502e-05,0.24,-0.8
4152,3.7504e-05,0.232,-0.8
4153,3.7506e-05,0.256,-0.8
4154,3.7508e-05,0.24,-0.8
4155,3.751e-05,0.24,-0.8
4156,3.7512e-05,0.24,-0.000174
4157,3.7514e-05,0.256,-0.8
4158,3.7516000000000005e-05,0.24,-0.8
4159,3.7518e-05,0.24,-0.8
4160,3.752e-05,0.232,-0.000174
4161,3.7522000000000004e-05,0.256,-0.8
4162,3.7524e-05,0.24,-0.8
4163,3.7526000000000006e-05,0.24,-0.8
4164,3.7528000000000004e-05,0.232,-0.000174
4165,3.753e-05,0.256,-0.8
4166,3.7532000000000006e-05,0.24,-0.8
4167,3.7534000000000004e-05,0.24,-0.000174
4168,3.7536e-05,0.24,-0.000174
4169,3.7538000000000005e-05,0.256,-0.8
4170,3.754e-05,0.24,-0.8
4171,3.7542e-05,0.24,-0.8
4172,3.7544000000000005e-05,0.24,-0.000174
4173,3.7546e-05,0.256,-0.8
4174,3.7548e-05,0.24,-0.8
4175,3.7550000000000005e-05,0.24,-0.000174
4176,3.7552e-05,0.24,-0.000174
4177,3.7554e-05,0.256,-0.8
4178,3.7556000000000004e-05,0.24,-0.8
4179,3.7558e-05,0.24,-0.8
4180,3.756e-05,0.24,-0.000174
4181,3.7562000000000004e-05,0.256,-0.8
4182,3.7564e-05,0.24,-0.8
4183,3.7566e-05,0.24,-0.8
4184,3.7568000000000004e-05,0.24,-0.8
4185,3.757e-05,0.256,-0.8
4186,3.7572e-05,0.24,-0.8
4187,3.7574e-05,0.24,-0.8
4188,3.7576e-05,0.24,-0.000174
4189,3.7578e-05,0.256,-0.8
4190,3.758e-05,0.24,-0.8
4191,3.7582e-05,0.24,-0.8
4192,3.7584e-05,0.24,-0.8
4193,3.7586e-05,0.256,-0.8
4194,3.7588e-05,0.24,-0.8
4195,3.7590000000000004e-05,0.24,-0.8
4196,3.7592e-05,0.24,-0.000174
4197,3.7594000000000006e-05,0.256,-0.8
4198,3.7596000000000004e-05,0.24,-0.8
4199,3.7598e-05,0.256,-0.8
4200,3.7600000000000006e-05,0.24,-0.8
4201,3.7602000000000004e-05,0.256,-0.8
4202,3.7604e-05,0.24,-0.8
4203,3.7606000000000006e-05,0.24,-0.8
4204,3.7608e-05,0.24,-0.000174
4205,3.761e-05,0.256,-0.8
4206,3.7612000000000005e-05,0.24,-0.8
4207,3.7614e-05,0.256,-0.8
4208,3.7616e-05,0.24,-0.8
4209,3.7618000000000005e-05,0.264,-0.8
4210,3.762e-05,0.24,-0.8
4211,3.7622e-05,0.256,-0.8
4212,3.7624000000000004e-05,0.24,-0.000174
4213,3.7626e-05,0.256,-0.8
4214,3.7628e-05,0.24,-0.8
4215,3.7630000000000004e-05,0.256,-0.000174
4216,3.7632e-05,0.24,-0.8
4217,3.7634e-05,0.264,-0.8
4218,3.7636000000000004e-05,0.24,-0.8
4219,3.7638e-05,0.256,-0.8
4220,3.764e-05,0.24,-0.000174
4221,3.7642e-05,0.264,-0.8
4222,3.7644e-05,0.24,-0.8
4223,3.7646e-05,0.256,-0.8
4224,3.7648e-05,0.24,-0.8
4225,3.765e-05,0.264,-0.8
4226,3.7652e-05,0.256,-0.8
4227,3.7654e-05,0.256,-0.8
4228,3.7656e-05,0.24,-0.8
4229,3.7658000000000004e-05,0.264,-0.8
4230,3.766e-05,0.24,-0.8
4231,3.7662000000000006e-05,0.256,-0.8
4232,3.7664000000000004e-05,0.24,-0.000174
4233,3.7666e-05,0.264,-0.8
4234,3.7668000000000006e-05,0.256,-0.8
4235,3.7670000000000004e-05,0.256,-0.8
4236,3.7672e-05,0.256,-0.8
4237,3.7674000000000006e-05,0.264,-0.8
4238,3.7676e-05,0.256,-0.8
4239,3.7678e-05,0.256,-0.8
4240,3.7680000000000005e-05,0.24,-0.000174
4241,3.7682e-05,0.264,-0.8
4242,3.7684e-05,0.256,-0.8
4243,3.7686000000000005e-05,0.256,-0.8
4244,3.7688e-05,0.256,-0.000174
4245,3.769e-05,0.264,-0.000174
4246,3.7692000000000004e-05,0.256,-0.8
4247,3.7694e-05,0.256,-0.000174
4248,3.7696e-05,0.256,-0.8
4249,3.7698000000000004e-05,0.264,-0.8
4250,3.77e-05,0.256,-0.8
4251,3.7702e-05,0.256,-0.8
4252,3.7704000000000004e-05,0.24,-0.000174
4253,3.7706e-05,0.264,-0.8
4254,3.7708e-05,0.256,-0.8
4255,3.771e-05,0.256,-0.000174
4256,3.7712e-05,0.256,-0.8
4257,3.7714e-05,0.264,-0.8
4258,3.7716e-05,0.256,-0.8
4259,3.7718e-05,0.256,-0.8
4260,3.772e-05,0.256,-0.000174
4261,3.7722e-05,0.264,-0.8
4262,3.7724e-05,0.256,-0.8
4263,3.7726000000000004e-05,0.256,-0.8
4264,3.7728e-05,0.256,-0.8
4265,3.7730000000000006e-05,0.264,-0.8
4266,3.7732000000000004e-05,0.256,-0.8
4267,3.7734e-05,0.256,-0.8
4268,3.7736000000000006e-05,0.256,-0.8
4269,3.7738000000000004e-05,0.264,-0.8
4270,3.774e-05,0.256,-0.8
4271,3.7742000000000006e-05,0.264,-0.8
4272,3.7744e-05,0.256,-0.000174
4273,3.7746e-05,0.264,-0.8
4274,3.7748000000000005e-05,0.256,-0.8
4275,3.775e-05,0.256,-0.8
4276,3.7752e-05,0.256,-0.000174
4277,3.7754000000000005e-05,0.264,-0.8
4278,3.7756e-05,0.256,-0.8
4279,3.7758e-05,0.264,-0.8
4280,3.7760000000000004e-05,0.256,-0.000174
4281,3.7762e-05,0.272,-0.8
4282,3.7764e-05,0.256,-0.8
4283,3.7766000000000004e-05,0.264,-0.8
4284,3.7768e-05,0.256,-0.000174
4285,3.777e-05,0.264,-0.000174
4286,3.7772000000000004e-05,0.256,-0.8
4287,3.7774e-05,0.256,-0.8
4288,3.7776e-05,0.256,-0.8
4289,3.7778e-05,0.264,-0.000174
4290,3.778e-05,0.256,-0.8
4291,3.7782e-05,0.264,-0.8
4292,3.7784e-05,0.256,-0.000174
4293,3.7786e-05,0.264,-0.8
4294,3.7788e-05,0.256,-0.8
4295,3.779e-05,0.264,-0.000174
4296,3.7792e-05,0.256,-0.8
4297,3.7794000000000004e-05,0.272,-0.8
4298,3.7796e-05,0.256,-0.8
4299,3.7798000000000006e-05,0.264,-0.8
4300,3.7800000000000004e-05,0.256,-0.000174
4301,3.7802e-05,0.272,-0.8
4302,3.7804000000000006e-05,0.256,-0.8
4303,3.7806000000000004e-05,0.256,-0.000174
4304,3.7808e-05,0.264,-0.8
4305,3.7810000000000006e-05,0.264,-0.000174
4306,3.7812e-05,0.256,-0.8
4307,3.7814e-05,0.264,-0.8
4308,3.7816000000000005e-05,0.256,-0.000174
4309,3.7818e-05,0.272,-0.8
4310,3.782e-05,0.256,-0.8
4311,3.7822000000000005e-05,0.264,-0.000174
4312,3.7824e-05,0.256,-0.8
4313,3.7826e-05,0.272,-0.8
4314,3.7828000000000004e-05,0.264,-0.8
4315,3.783e-05,0.264,-0.8
4316,3.7832e-05,0.256,-0.8
4317,3.7834000000000004e-05,0.264,-0.000174
4318,3.7836e-05,0.256,-0.8
4319,3.7838e-05,0.264,-0.8
4320,3.7840000000000004e-05,0.256,-0.000174
4321,3.7842e-05,0.272,-0.8
4322,3.7844e-05,0.264,-0.8
4323,3.7846e-05,0.264,-0.8
4324,3.7848e-05,0.256,-0.8
4325,3.785e-05,0.272,-0.8
4326,3.7852e-05,0.256,-0.8
4327,3.7854e-05,0.264,-0.8
4328,3.7856e-05,0.256,-0.000174
4329,3.7858e-05,0.272,-0.8
4330,3.786e-05,0.264,-0.8
4331,3.7862000000000004e-05,0.264,-0.8
4332,3.7864e-05,0.256,-0.000174
4333,3.7866e-05,0.272,-0.8
4334,3.7868000000000004e-05,0.264,-0.8
4335,3.787e-05,0.264,-0.8
4336,3.7872000000000006e-05,0.264,-0.8
4337,3.7874000000000004e-05,0.272,-0.8
4338,3.7876e-05,0.264,-0.8
4339,3.7878000000000006e-05,0.264,-0.8
4340,3.788e-05,0.256,-0.000174
4341,3.7882e-05,0.272,-0.8
4342,3.7884000000000005e-05,0.264,-0.8
4343,3.7886e-05,0.264,-0.000174
4344,3.7888e-05,0.256,-0.000174
4345,3.7890000000000005e-05,0.272,-0.000174
4346,3.7892e-05,0.264,-0.8
4347,3.7894e-05,0.264,-0.8
4348,3.7896000000000004e-05,0.264,-0.000174
4349,3.7898e-05,0.272,-0.8
4350,3.79e-05,0.264,-0.8
4351,3.7902000000000004e-05,0.264,-0.8
4352,3.7904e-05,0.256,-0.000174
4353,3.7906e-05,0.272,-0.8
4354,3.7908000000000004e-05,0.264,-0.8
4355,3.791e-05,0.264,-0.8
4356,3.7912e-05,0.264,-0.8
4357,3.7914e-05,0.272,-0.8
4358,3.7916e-05,0.264,-0.8
4359,3.7918e-05,0.264,-0.8
4360,3.792e-05,0.264,-0.000174
4361,3.7922e-05,0.272,-0.8
4362,3.7924e-05,0.264,-0.8
4363,3.7926e-05,0.264,-0.8
4364,3.7928e-05,0.264,-0.000174
4365,3.7930000000000004e-05,0.272,-0.8
4366,3.7932e-05,0.264,-0.8
4367,3.7934e-05,0.264,-0.000174
4368,3.7936000000000004e-05,0.264,-0.000174
4369,3.7938e-05,0.272,-0.8
4370,3.7940000000000006e-05,0.264,-0.8
4371,3.7942000000000004e-05,0.272,-0.8
4372,3.7944e-05,0.264,-0.000174
4373,3.7946000000000006e-05,0.272,-0.8
4374,3.7948e-05,0.264,-0.8
4375,3.795e-05,0.272,-0.000174
4376,3.7952000000000005e-05,0.264,-0.8
4377,3.7954e-05,0.272,-0.8
4378,3.7956e-05,0.264,-0.8
4379,3.7958000000000005e-05,0.272,-0.8
4380,3.796e-05,0.264,-0.000174
4381,3.7962e-05,0.28,-0.8
4382,3.7964000000000004e-05,0.264,-0.8
4383,3.7966e-05,0.272,-0.8
4384,3.7968e-05,0.264,-0.000174
4385,3.7970000000000004e-05,0.272,-0.000174
4386,3.7972e-05,0.264,-0.8
4387,3.7974e-05,0.272,-0.8
4388,3.7976000000000004e-05,0.264,-0.000174
4389,3.7978e-05,0.28,-0.8
4390,3.798e-05,0.264,-0.8
4391,3.7982e-05,0.272,-0.8
4392,3.7984e-05,0.264,-0.000174
4393,3.7986e-05,0.28,-0.8
4394,3.7988e-05,0.264,-0.8
4395,3.799e-05,0.272,-0.8
4396,3.7992e-05,0.264,-0.8
4397,3.7994e-05,0.272,-0.8
4398,3.7996e-05,0.264,-0.8
4399,3.7998000000000004e-05,0.272,-0.8
4400,3.8e-05,0.264,-0.000174
4401,3.8002e-05,0.28,-0.8
4402,3.8004000000000004e-05,0.264,-0.8
4403,3.8006e-05,0.272,-0.8
4404,3.8008000000000006e-05,0.264,-0.000174
4405,3.8010000000000004e-05,0.28,-0.8
4406,3.8012e-05,0.264,-0.8
4407,3.8014000000000006e-05,0.272,-0.8
4408,3.8016e-05,0.264,-0.8
4409,3.8018e-05,0.28,-0.8
4410,3.8020000000000005e-05,0.264,-0.8
4411,3.8022e-05,0.272,-0.8
4412,3.8024e-05,0.264,-0.000174
4413,3.8026000000000005e-05,0.28,-0.8
4414,3.8028e-05,0.264,-0.8
4415,3.803e-05,0.272,-0.000174
4416,3.8032000000000004e-05,0.264,-0.8
4417,3.8034e-05,0.28,-0.000174
4418,3.8036e-05,0.272,-0.8
4419,3.8038000000000004e-05,0.272,-0.8
4420,3.804e-05,0.264,-0.000174
4421,3.8042e-05,0.28,-0.8
4422,3.8044000000000004e-05,0.272,-0.8
4423,3.8046e-05,0.272,-0.8
4424,3.8048e-05,0.264,-0.000174
4425,3.805e-05,0.28,-0.8
4426,3.8052e-05,0.272,-0.8
4427,3.8054e-05,0.272,-0.8
4428,3.8056e-05,0.264,-0.000174
4429,3.8058e-05,0.28,-0.8
4430,3.806e-05,0.272,-0.8
4431,3.8062e-05,0.272,-0.8
4432,3.8064e-05,0.272,-0.8
4433,3.8066000000000005e-05,0.28,-0.8
4434,3.8068e-05,0.272,-0.8
4435,3.807e-05,0.272,-0.8
4436,3.8072000000000004e-05,0.264,-0.000174
4437,3.8074e-05,0.28,-0.000174
4438,3.8076000000000006e-05,0.272,-0.8
4439,3.8078000000000004e-05,0.272,-0.8
4440,3.808e-05,0.272,-0.000174
4441,3.8082000000000006e-05,0.28,-0.8
4442,3.8084e-05,0.272,-0.8
4443,3.8086e-05,0.272,-0.8
4444,3.8088000000000005e-05,0.272,-0.000174
4445,3.809e-05,0.28,-0.8
4446,3.8092e-05,0.272,-0.8
4447,3.8094000000000005e-05,0.272,-0.000174
4448,3.8096e-05,0.272,-0.8
4449,3.8098e-05,0.28,-0.8
4450,3.8100000000000005e-05,0.272,-0.8
4451,3.8102e-05,0.28,-0.8
4452,3.8104e-05,0.272,-0.000174
4453,3.8106000000000004e-05,0.28,-0.8
4454,3.8108e-05,0.272,-0.8
4455,3.811e-05,0.28,-0.8
4456,3.8112000000000004e-05,0.272,-0.8
4457,3.8114e-05,0.28,-0.000174
4458,3.8116e-05,0.272,-0.8
4459,3.8118e-05,0.272,-0.8
4460,3.812e-05,0.272,-0.000174
4461,3.8122e-05,0.28,-0.8
4462,3.8124e-05,0.272,-0.8
4463,3.8126e-05,0.272,-0.000174
4464,3.8128e-05,0.272,-0.000174
4465,3.813e-05,0.28,-0.000174
4466,3.8132e-05,0.272,-0.8
4467,3.8134000000000005e-05,0.272,-0.000174
4468,3.8136e-05,0.272,-0.000174
4469,3.8138e-05,0.28,-0.8
4470,3.8140000000000004e-05,0.272,-0.8
4471,3.8142e-05,0.28,-0.8
4472,3.8144000000000006e-05,0.272,-0.000174
4473,3.8146000000000004e-05,0.288,-0.000174
4474,3.8148e-05,0.272,-0.8
4475,3.8150000000000006e-05,0.28,-0.000174
4476,3.8152e-05,0.272,-0.8
4477,3.8154e-05,0.28,-0.8
4478,3.8156000000000005e-05,0.272,-0.8
4479,3.8158e-05,0.28,-0.8
4480,3.816e-05,0.272,-0.000174
4481,3.8162000000000005e-05,0.288,-0.8
4482,3.8164e-05,0.272,-0.8
4483,3.8166e-05,0.28,-0.000174
4484,3.8168000000000005e-05,0.272,-0.000174
4485,3.817e-05,0.28,-0.8
4486,3.8172e-05,0.272,-0.8
4487,3.8174000000000004e-05,0.28,-0.000174
4488,3.8176e-05,0.272,-0.8
4489,3.8178e-05,0.288,-0.8
4490,3.8180000000000004e-05,0.272,-0.8
4491,3.8182e-05,0.28,-0.8
4492,3.8184e-05,0.272,-0.000174
4493,3.8186e-05,0.288,-0.8
4494,3.8188e-05,0.272,-0.8
4495,3.819e-05,0.28,-0.000174
4496,3.8192e-05,0.28,-0.8
4497,3.8194e-05,0.288,-0.000174
4498,3.8196e-05,0.28,-0.8
4499,3.8198e-05,0.28,-0.8
4500,3.82e-05,0.272,-0.000174
4501,3.8202000000000005e-05,0.288,-0.8
4502,3.8204e-05,0.28,-0.8
4503,3.8206e-05,0.28,-0.000174
4504,3.8208000000000004e-05,0.28,-0.8
4505,3.821e-05,0.28,-0.000174
4506,3.8212000000000006e-05,0.28,-0.8
4507,3.8214000000000004e-05,0.28,-0.8
4508,3.8216e-05,0.272,-0.000174
4509,3.8218000000000006e-05,0.288,-0.8
4510,3.822e-05,0.272,-0.8
4511,3.8222e-05,0.28,-0.8
4512,3.8224000000000005e-05,0.272,-0.8
4513,3.8226e-05,0.288,-0.000174
4514,3.8228e-05,0.28,-0.8
4515,3.8230000000000005e-05,0.28,-0.8
4516,3.8232e-05,0.272,-0.000174
4517,3.8234e-05,0.288,-0.8
4518,3.8236000000000005e-05,0.28,-0.8
4519,3.8238e-05,0.28,-0.8
4520,3.824e-05,0.272,-0.000174
4521,3.8242000000000004e-05,0.288,-0.8
4522,3.8244e-05,0.28,-0.8
4523,3.8246e-05,0.28,-0.8
4524,3.8248000000000004e-05,0.28,-0.8
4525,3.825e-05,0.288,-0.8
4526,3.8252e-05,0.28,-0.8
4527,3.8254e-05,0.28,-0.000174
4528,3.8256e-05,0.28,-0.000174
4529,3.8258e-05,0.288,-0.8
4530,3.826e-05,0.28,-0.8
4531,3.8262e-05,0.28,-0.8
4532,3.8264e-05,0.28,-0.000174
4533,3.8266e-05,0.288,-0.8
4534,3.8268e-05,0.28,-0.8
4535,3.8270000000000005e-05,0.28,-0.8
4536,3.8272e-05,0.28,-0.8
4537,3.8274e-05,0.288,-0.8
4538,3.8276000000000004e-05,0.28,-0.8
4539,3.8278e-05,0.28,-0.8
4540,3.8280000000000006e-05,0.272,-0.000174
4541,3.8282000000000004e-05,0.288,-0.8
4542,3.8284e-05,0.28,-0.8
4543,3.8286000000000006e-05,0.28,-0.000174
4544,3.8288000000000003e-05,0.28,-0.8
4545,3.829e-05,0.288,-0.000174
4546,3.8292000000000005e-05,0.28,-0.8
4547,3.8294e-05,0.28,-0.000174
4548,3.8296e-05,0.28,-0.000174
4549,3.8298000000000005e-05,0.288,-0.8
4550,3.83e-05,0.28,-0.8
4551,3.8302e-05,0.288,-0.8
4552,3.8304000000000005e-05,0.28,-0.000174
4553,3.8306e-05,0.288,-0.000174
4554,3.8308e-05,0.28,-0.8
4555,3.8310000000000004e-05,0.288,-0.000174
4556,3.8312e-05,0.28,-0.8
4557,3.8314e-05,0.288,-0.8
4558,3.8316000000000004e-05,0.28,-0.8
4559,3.8318e-05,0.288,-0.8
4560,3.832e-05,0.28,-0.8
4561,3.8322000000000003e-05,0.296,-0.000174
4562,3.8324e-05,0.28,-0.8
4563,3.8326e-05,0.288,-0.000174
4564,3.8328e-05,0.28,-0.000174
4565,3.833e-05,0.296,-0.8
4566,3.8332e-05,0.28,-0.8
4567,3.8334e-05,0.288,-0.000174
4568,3.8336e-05,0.28,-0.000174
4569,3.8338000000000005e-05,0.296,-0.000174
4570,3.834e-05,0.28,-0.8
4571,3.8342e-05,0.288,-0.8
4572,3.8344000000000004e-05,0.28,-0.000174
4573,3.8346e-05,0.296,-0.8
4574,3.8348000000000006e-05,0.28,-0.8
4575,3.8350000000000004e-05,0.288,-0.000174
4576,3.8352e-05,0.28,-0.000174
4577,3.8354000000000006e-05,0.296,-0.8
4578,3.8356000000000003e-05,0.288,-0.8
4579,3.8358e-05,0.288,-0.8
4580,3.8360000000000005e-05,0.28,-0.000174
4581,3.8362e-05,0.296,-0.8
4582,3.8364e-05,0.28,-0.8
4583,3.8366000000000005e-05,0.288,-0.000174
4584,3.8368e-05,0.28,-0.8
4585,3.837e-05,0.288,-0.000174
4586,3.8372000000000005e-05,0.288,-0.8
4587,3.8374e-05,0.288,-0.8
4588,3.8376e-05,0.28,-0.000174
4589,3.8378000000000004e-05,0.296,-0.8
4590,3.838e-05,0.28,-0.8
4591,3.8382e-05,0.288,-0.8
4592,3.8384000000000004e-05,0.28,-0.000174
4593,3.8386e-05,0.296,-0.000174
4594,3.8388e-05,0.288,-0.8
4595,3.8390000000000003e-05,0.288,-0.8
4596,3.8392e-05,0.288,-0.000174
4597,3.8394e-05,0.296,-0.000174
4598,3.8396e-05,0.28,-0.8
4599,3.8398e-05,0.288,-0.8
4600,3.84e-05,0.28,-0.000174
4601,3.8402e-05,0.296,-0.8
4602,3.8404e-05,0.288,-0.8
4603,3.8406000000000005e-05,0.288,-0.8
4604,3.8408e-05,0.28,-0.000174
4605,3.841e-05,0.296,-0.8
4606,3.8412000000000004e-05,0.288,-0.8
4607,3.8414e-05,0.288,-0.000174
4608,3.8416000000000006e-05,0.288,-0.000174
4609,3.8418000000000004e-05,0.296,-0.000174
4610,3.842e-05,0.288,-0.8
4611,3.8422000000000006e-05,0.288,-0.8
4612,3.8424000000000003e-05,0.28,-0.000174
4613,3.8426e-05,0.296,-0.8
4614,3.8428000000000005e-05,0.288,-0.8
4615,3.843e-05,0.288,-0.000174
4616,3.8432e-05,0.288,-0.8
4617,3.8434000000000005e-05,0.296,-0.000174
4618,3.8436e-05,0.288,-0.8
4619,3.8438e-05,0.288,-0.8
4620,3.8440000000000005e-05,0.28,-0.000174
4621,3.8442e-05,0.296,-0.8
4622,3.8444e-05,0.288,-0.8
4623,3.8446000000000004e-05,0.288,-0.8
4624,3.8448e-05,0.288,-0.000174
4625,3.845e-05,0.296,-0.000174
4626,3.8452000000000004e-05,0.288,-0.8
4627,3.8454e-05,0.288,-0.000174
4628,3.8456e-05,0.288,-0.000174
4629,3.8458000000000003e-05,0.296,-0.000174
4630,3.846e-05,0.288,-0.8
4631,3.8462e-05,0.288,-0.8
4632,3.8464e-05,0.288,-0.000174
4633,3.8466e-05,0.296,-0.000174
4634,3.8468e-05,0.288,-0.8
4635,3.847e-05,0.288,-0.000174
4636,3.8472e-05,0.288,-0.000174
4637,3.8474000000000005e-05,0.296,-0.8
4638,3.8476e-05,0.288,-0.8
4639,3.8478e-05,0.296,-0.8
4640,3.8480000000000004e-05,0.288,-0.000174
4641,3.8482e-05,0.296,-0.8
4642,3.8484000000000006e-05,0.288,-0.8
4643,3.8486000000000004e-05,0.288,-0.8
4644,3.8488e-05,0.288,-0.000174
4645,3.8490000000000006e-05,0.296,-0.8
4646,3.8492000000000003e-05,0.288,-0.8
4647,3.8494e-05,0.288,-0.000174
4648,3.8496000000000005e-05,0.288,-0.8
4649,3.8498e-05,0.304,-0.8
4650,3.85e-05,0.288,-0.8
4651,3.8502000000000005e-05,0.296,-0.8
4652,3.8504e-05,0.288,-0.000174
4653,3.8506e-05,0.304,-0.8
4654,3.8508000000000005e-05,0.288,-0.8
4655,3.851e-05,0.296,-0.000174
4656,3.8512e-05,0.288,-0.000174
4657,3.8514000000000004e-05,0.296,-0.000174
4658,3.8516e-05,0.288,-0.8
4659,3.8518e-05,0.296,-0.8
4660,3.8520000000000004e-05,0.288,-0.000174
4661,3.8522e-05,0.304,-0.8
4662,3.8524e-05,0.288,-0.8
4663,3.8526000000000003e-05,0.296,-0.000174
4664,3.8528e-05,0.288,-0.000174
4665,3.853e-05,0.304,-0.000174
4666,3.8532e-05,0.288,-0.8
4667,3.8534e-05,0.296,-0.8
4668,3.8536e-05,0.288,-0.000174
4669,3.8538e-05,0.304,-0.8
4670,3.854e-05,0.288,-0.8
4671,3.8542000000000005e-05,0.296,-0.8
4672,3.8544e-05,0.288,-0.000174
4673,3.8546e-05,0.304,-0.000174
4674,3.8548000000000004e-05,0.296,-0.8
4675,3.855e-05,0.296,-0.000174
4676,3.8552000000000006e-05,0.288,-0.000174
4677,3.8554000000000004e-05,0.296,-0.000174
4678,3.8556e-05,0.288,-0.8
4679,3.8558000000000006e-05,0.296,-0.000174
4680,3.8560000000000004e-05,0.288,-0.000174
4681,3.8562e-05,0.304,-0.8
4682,3.8564000000000006e-05,0.288,-0.8
4683,3.8566e-05,0.296,-0.8
4684,3.8568e-05,0.288,-0.000174
4685,3.8570000000000005e-05,0.304,-0.000174
4686,3.8572e-05,0.296,-0.8
4687,3.8574e-05,0.296,-0.000174
4688,3.8576000000000005e-05,0.288,-0.8
4689,3.8578e-05,0.304,-0.000174
4690,3.858e-05,0.288,-0.8
4691,3.8582000000000004e-05,0.296,-0.8
4692,3.8584e-05,0.288,-0.000174
4693,3.8586e-05,0.304,-0.8
4694,3.8588000000000004e-05,0.296,-0.8
4695,3.859e-05,0.296,-0.000174
4696,3.8592e-05,0.296,-0.8
4697,3.8594000000000004e-05,0.304,-0.000174
4698,3.8596e-05,0.296,-0.8
4699,3.8598e-05,0.296,-0.8
4700,3.86e-05,0.288,-0.000174
4701,3.8602e-05,0.304,-0.8
4702,3.8604e-05,0.296,-0.8
4703,3.8606e-05,0.288,-0.000174
4704,3.8608e-05,0.296,-0.8
4705,3.8610000000000005e-05,0.304,-0.000174
4706,3.8612e-05,0.296,-0.8
4707,3.8614e-05,0.304,-0.8
4708,3.8616000000000004e-05,0.288,-0.000174
4709,3.8618e-05,0.312,-0.8
4710,3.8620000000000006e-05,0.296,-0.8
4711,3.8622000000000004e-05,0.296,-0.000174
4712,3.8624e-05,0.296,-0.000174
4713,3.8626000000000006e-05,0.304,-0.000174
4714,3.8628000000000004e-05,0.296,-0.8
4715,3.863e-05,0.296,-0.000174
4716,3.8632000000000006e-05,0.296,-0.000174
4717,3.8634e-05,0.304,-0.8
4718,3.8636e-05,0.296,-0.8
4719,3.8638000000000005e-05,0.296,-0.000174
4720,3.864e-05,0.288,-0.000174
4721,3.8642e-05,0.312,-0.8
4722,3.8644000000000005e-05,0.296,-0.8
4723,3.8646e-05,0.296,-0.000174
4724,3.8648e-05,0.296,-0.000174
4725,3.8650000000000004e-05,0.304,-0.000174
4726,3.8652e-05,0.296,-0.8
4727,3.8654e-05,0.304,-0.000174
4728,3.8656000000000004e-05,0.296,-0.000174
4729,3.8658e-05,0.312,-0.000174
4730,3.866e-05,0.296,-0.8
4731,3.8662000000000004e-05,0.304,-0.8
4732,3.8664e-05,0.296,-0.000174
4733,3.8666e-05,0.304,-0.8
4734,3.8668e-05,0.296,-0.8
4735,3.867e-05,0.296,-0.000174
4736,3.8672e-05,0.296,-0.000174
4737,3.8674e-05,0.312,-0.8
4738,3.8676e-05,0.296,-0.8
4739,3.8678000000000005e-05,0.296,-0.8
4740,3.868e-05,0.296,-0.000174
4741,3.8682e-05,0.312,-0.8
4742,3.8684000000000004e-05,0.296,-0.8
4743,3.8686e-05,0.304,-0.000174
4744,3.8688000000000006e-05,0.296,-0.000174
4745,3.8690000000000004e-05,0.312,-0.000174
4746,3.8692e-05,0.296,-0.8
4747,3.8694000000000006e-05,0.304,-0.000174
4748,3.8696000000000004e-05,0.296,-0.000174
4749,3.8698e-05,0.312,-0.8
4750,3.8700000000000006e-05,0.296,-0.8
4751,3.8702e-05,0.304,-0.8
4752,3.8704e-05,0.296,-0.000174
4753,3.8706000000000005e-05,0.312,-0.000174
4754,3.8708e-05,0.296,-0.8
4755,3.871e-05,0.296,-0.8
4756,3.8712000000000005e-05,0.296,-0.000174
4757,3.8714e-05,0.312,-0.000174
4758,3.8716e-05,0.304,-0.8
4759,3.8718000000000004e-05,0.304,-0.000174
4760,3.872e-05,0.296,-0.000174
4761,3.8722e-05,0.312,-0.000174
4762,3.8724000000000004e-05,0.296,-0.8
4763,3.8726e-05,0.304,-0.8
4764,3.8728e-05,0.296,-0.000174
4765,3.8730000000000004e-05,0.312,-0.8
4766,3.8732e-05,0.304,-0.8
4767,3.8734e-05,0.304,-0.000174
4768,3.8736e-05,0.296,-0.000174
4769,3.8738e-05,0.312,-0.000174
4770,3.874e-05,0.296,-0.8
4771,3.8742e-05,0.304,-0.8
4772,3.8744e-05,0.296,-0.000174
4773,3.8746000000000005e-05,0.312,-0.000174
4774,3.8748e-05,0.296,-0.8
4775,3.875e-05,0.304,-0.000174
4776,3.8752000000000004e-05,0.296,-0.8
4777,3.8754e-05,0.312,-0.000174
4778,3.8756000000000006e-05,0.304,-0.8
4779,3.8758000000000004e-05,0.304,-0.000174
4780,3.876e-05,0.296,-0.000174
4781,3.8762000000000006e-05,0.312,-0.8
4782,3.8764000000000004e-05,0.304,-0.8
4783,3.8766e-05,0.304,-0.8
4784,3.8768000000000006e-05,0.304,-0.000174
4785,3.877e-05,0.312,-0.000174
4786,3.8772e-05,0.304,-0.8
4787,3.8774000000000005e-05,0.304,-0.000174
4788,3.8776e-05,0.304,-0.000174
4789,3.8778e-05,0.312,-0.8
4790,3.8780000000000005e-05,0.304,-0.8
4791,3.8782e-05,0.304,-0.000174
4792,3.8784e-05,0.304,-0.000174
4793,3.8786000000000004e-05,0.312,-0.000174
4794,3.8788e-05,0.304,-0.8
4795,3.879e-05,0.304,-0.8
4796,3.8792000000000004e-05,0.296,-0.000174
4797,3.8794e-05,0.312,-0.8
4798,3.8796e-05,0.304,-0.8
4799,3.8798000000000004e-05,0.304,-0.8
4800,3.88e-05,0.296,-0.000174
4801,3.8802e-05,0.312,-0.8
4802,3.8804e-05,0.304,-0.8
4803,3.8806e-05,0.304,-0.000174
4804,3.8808e-05,0.304,-0.000174
4805,3.881e-05,0.312,-0.000174
4806,3.8812e-05,0.304,-0.8
4807,3.8814e-05,0.304,-0.000174
4808,3.8816e-05,0.304,-0.000174
4809,3.8818e-05,0.312,-0.8
4810,3.8820000000000004e-05,0.304,-0.8
4811,3.8822e-05,0.312,-0.000174
4812,3.8824000000000006e-05,0.304,-0.000174
4813,3.8826000000000004e-05,0.312,-0.000174
4814,3.8828e-05,0.304,-0.8
4815,3.8830000000000006e-05,0.304,-0.000174
4816,3.8832000000000004e-05,0.304,-0.000174
4817,3.8834e-05,0.312,-0.000174
4818,3.8836000000000006e-05,0.304,-0.8
4819,3.8838e-05,0.312,-0.000174
4820,3.884e-05,0.304,-0.000174
4821,3.8842000000000005e-05,0.32,-0.8
4822,3.8844e-05,0.304,-0.8
4823,3.8846e-05,0.312,-0.8
4824,3.8848000000000005e-05,0.304,-0.000174
4825,3.885e-05,0.312,-0.8
4826,3.8852e-05,0.304,-0.8
4827,3.8854000000000004e-05,0.304,-0.000174
4828,3.8856e-05,0.304,-0.000174
4829,3.8858e-05,0.32,-0.000174
4830,3.8860000000000004e-05,0.304,-0.8
4831,3.8862e-05,0.312,-0.8
4832,3.8864e-05,0.304,-0.000174
4833,3.8866000000000004e-05,0.312,-0.000174
4834,3.8868e-05,0.304,-0.8
4835,3.887e-05,0.304,-0.000174
4836,3.8872e-05,0.304,-0.000174
4837,3.8874e-05,0.32,-0.000174
4838,3.8876e-05,0.304,-0.8
4839,3.8878e-05,0.312,-0.000174
4840,3.888e-05,0.304,-0.000174
4841,3.8882e-05,0.32,-0.000174
4842,3.8884e-05,0.304,-0.8
4843,3.8886e-05,0.312,-0.000174
4844,3.8888000000000004e-05,0.304,-0.000174
4845,3.889e-05,0.312,-0.000174
4846,3.8892000000000006e-05,0.304,-0.8
4847,3.8894000000000004e-05,0.312,-0.000174
4848,3.8896e-05,0.304,-0.000174
4849,3.8898000000000006e-05,0.32,-0.000174
4850,3.8900000000000004e-05,0.304,-0.8
4851,3.8902e-05,0.312,-0.8
4852,3.8904000000000006e-05,0.304,-0.000174
4853,3.8906e-05,0.32,-0.000174
4854,3.8908e-05,0.304,-0.8
4855,3.8910000000000005e-05,0.312,-0.000174
4856,3.8912e-05,0.304,-0.000174
4857,3.8914e-05,0.32,-0.000174
4858,3.8916000000000005e-05,0.312,-0.8
4859,3.8918e-05,0.312,-0.8
4860,3.892e-05,0.304,-0.000174
4861,3.8922000000000004e-05,0.32,-0.8
4862,3.8924e-05,0.304,-0.8
4863,3.8926e-05,0.312,-0.8
4864,3.8928000000000004e-05,0.304,-0.8
4865,3.893e-05,0.32,-0.000174
4866,3.8932e-05,0.312,-0.8
4867,3.8934000000000004e-05,0.312,-0.000174
4868,3.8936e-05,0.304,-0.000174
4869,3.8938e-05,0.32,-0.8
4870,3.894e-05,0.312,-0.8
4871,3.8942e-05,0.312,-0.8
4872,3.8944e-05,0.304,-0.000174
4873,3.8946e-05,0.32,-0.000174
4874,3.8948e-05,0.312,-0.8
4875,3.895e-05,0.312,-0.000174
4876,3.8952e-05,0.312,-0.000174
4877,3.8954e-05,0.32,-0.000174
4878,3.8956000000000004e-05,0.312,-0.8
4879,3.8958e-05,0.312,-0.000174
4880,3.8960000000000006e-05,0.304,-0.000174
4881,3.8962000000000004e-05,0.32,-0.8
4882,3.8964e-05,0.304,-0.8
4883,3.8966000000000006e-05,0.312,-0.000174
4884,3.8968000000000004e-05,0.312,-0.000174
4885,3.897e-05,0.32,-0.000174
4886,3.8972000000000006e-05,0.312,-0.8
4887,3.8974e-05,0.312,-0.000174
4888,3.8976e-05,0.312,-0.000174
4889,3.8978000000000005e-05,0.32,-0.000174
4890,3.898e-05,0.312,-0.8
4891,3.8982e-05,0.312,-0.000174
4892,3.8984000000000005e-05,0.304,-0.000174
4893,3.8986e-05,0.32,-0.000174
4894,3.8988e-05,0.312,-0.8
4895,3.8990000000000004e-05,0.312,-0.000174
4896,3.8992e-05,0.312,-0.000174
4897,3.8994e-05,0.32,-0.000174
4898,3.8996000000000004e-05,0.312,-0.8
4899,3.8998e-05,0.312,-0.000174
4900,3.9e-05,0.304,-0.000174
4901,3.9002000000000004e-05,0.32,-0.000174
4902,3.9004e-05,0.312,-0.8
4903,3.9006e-05,0.312,-0.000174
4904,3.9008e-05,0.312,-0.8
4905,3.901e-05,0.32,-0.000174
4906,3.9012e-05,0.312,-0.000174
4907,3.9014e-05,0.32,-0.8
4908,3.9016e-05,0.304,-0.000174
4909,3.9018e-05,0.328,-0.8
4910,3.902e-05,0.312,-0.8
4911,3.9022e-05,0.312,-0.000174
4912,3.9024000000000004e-05,0.312,-0.000174
4913,3.9026e-05,0.32,-0.000174
4914,3.9028000000000006e-05,0.312,-0.8
4915,3.9030000000000004e-05,0.312,-0.000174
4916,3.9032e-05,0.312,-0.000174
4917,3.9034000000000006e-05,0.32,-0.000174
4918,3.9036000000000004e-05,0.312,-0.8
4919,3.9038e-05,0.32,-0.8
4920,3.9040000000000006e-05,0.312,-0.000174
4921,3.9042e-05,0.328,-0.8
4922,3.9044e-05,0.312,-0.8
4923,3.9046000000000005e-05,0.32,-0.000174
4924,3.9048e-05,0.312,-0.000174
4925,3.905e-05,0.32,-0.000174
4926,3.9052000000000005e-05,0.312,-0.8
4927,3.9054e-05,0.32,-0.000174
4928,3.9056e-05,0.312,-0.000174
4929,3.9058000000000004e-05,0.328,-0.000174
4930,3.906e-05,0.312,-0.8
4931,3.9062e-05,0.32,-0.8
4932,3.9064000000000004e-05,0.312,-0.000174
4933,3.9066e-05,0.328,-0.8
4934,3.9068e-05,0.312,-0.8
4935,3.9070000000000004e-05,0.32,-0.000174
4936,3.9072e-05,0.312,-0.000174
4937,3.9074e-05,0.328,-0.000174
4938,3.9076e-05,0.312,-0.8
4939,3.9078e-05,0.32,-0.000174
4940,3.908e-05,0.312,-0.000174
4941,3.9082e-05,0.328,-0.8
4942,3.9084e-05,0.312,-0.8
4943,3.9086e-05,0.32,-0.8
4944,3.9088e-05,0.312,-0.000174
4945,3.909e-05,0.328,-0.000174
4946,3.9092000000000005e-05,0.32,-0.8
4947,3.9094e-05,0.32,-0.000174
4948,3.9096e-05,0.312,-0.000174
4949,3.9098000000000004e-05,0.328,-0.000174
4950,3.91e-05,0.312,-0.8
4951,3.9102000000000006e-05,0.32,-0.000174
4952,3.9104000000000004e-05,0.312,-0.000174
4953,3.9106e-05,0.328,-0.000174
4954,3.9108000000000006e-05,0.32,-0.8
4955,3.911e-05,0.32,-0.000174
4956,3.9112e-05,0.312,-0.000174
4957,3.9114000000000005e-05,0.328,-0.000174
4958,3.9116e-05,0.32,-0.8
4959,3.9118e-05,0.32,-0.000174
4960,3.9120000000000005e-05,0.312,-0.000174
4961,3.9122e-05,0.328,-0.000174
4962,3.9124e-05,0.32,-0.8
4963,3.9126000000000005e-05,0.32,-0.000174
4964,3.9128e-05,0.312,-0.000174
4965,3.913e-05,0.328,-0.000174
4966,3.9132000000000004e-05,0.32,-0.8
4967,3.9134e-05,0.32,-0.000174
4968,3.9136e-05,0.32,-0.000174
4969,3.9138000000000004e-05,0.328,-0.8
4970,3.914e-05,0.32,-0.8
4971,3.9142e-05,0.32,-0.8
4972,3.9144e-05,0.312,-0.000174
4973,3.9146e-05,0.328,-0.000174
4974,3.9148e-05,0.32,-0.8
4975,3.915e-05,0.32,-0.000174
4976,3.9152e-05,0.32,-0.000174
4977,3.9154e-05,0.328,-0.000174
4978,3.9156e-05,0.32,-0.8
4979,3.9158e-05,0.32,-0.000174
4980,3.9160000000000005e-05,0.312,-0.000174
4981,3.9162e-05,0.328,-0.8
4982,3.9164e-05,0.32,-0.8
4983,3.9166000000000004e-05,0.32,-0.000174
4984,3.9168e-05,0.32,-0.000174
4985,3.9170000000000006e-05,0.328,-0.000174
4986,3.9172000000000004e-05,0.32,-0.8
4987,3.9174e-05,0.32,-0.000174
4988,3.9176000000000006e-05,0.32,-0.000174
4989,3.9178e-05,0.328,-0.000174
4990,3.918e-05,0.32,-0.8
4991,3.9182000000000005e-05,0.328,-0.000174
4992,3.9184e-05,0.32,-0.000174
4993,3.9186e-05,0.328,-0.000174
4994,3.9188000000000005e-05,0.32,-0.8
4995,3.919e-05,0.32,-0.000174
4996,3.9192e-05,0.32,-0.000174
4997,3.9194000000000005e-05,0.336,-0.000174
4998,3.9196e-05,0.32,-0.8
4999,3.9198e-05,0.328,-0.000174
5000,3.9200000000000004e-05,0.32,-0.000174
5001,3.9202e-05,0.336,-0.000174
5002,3.9204e-05,0.32,-0.8
5003,3.9206000000000004e-05,0.32,-0.000174
5004,3.9208e-05,0.32,-0.000174
5005,3.921e-05,0.336,-0.000174
5006,3.9212e-05,0.32,-0.8
5007,3.9214e-05,0.32,-0.000174
5008,3.9216e-05,0.32,-0.000174
5009,3.9218e-05,0.328,-0.000174
5010,3.922e-05,0.32,-0.8
5011,3.9222e-05,0.328,-0.000174
5012,3.9224e-05,0.32,-0.000174
5013,3.9226e-05,0.328,-0.000174
5014,3.9228000000000005e-05,0.32,-0.8
5015,3.923e-05,0.328,-0.000174
5016,3.9232e-05,0.32,-0.000174
5017,3.9234000000000004e-05,0.336,-0.000174
5018,3.9236e-05,0.32,-0.8
5019,3.9238000000000006e-05,0.328,-0.8
5020,3.9240000000000004e-05,0.32,-0.000174
5021,3.9242e-05,0.336,-0.8
5022,3.9244000000000006e-05,0.32,-0.8
5023,3.9246e-05,0.328,-0.000174
5024,3.9248e-05,0.32,-0.000174
5025,3.9250000000000005e-05,0.336,-0.000174
5026,3.9252e-05,0.32,-0.8
5027,3.9254e-05,0.328,-0.000174
5028,3.9256000000000005e-05,0.32,-0.000174
5029,3.9258e-05,0.336,-0.000174
5030,3.926e-05,0.32,-0.8
5031,3.9262000000000005e-05,0.328,-0.000174
5032,3.9264e-05,0.32,-0.000174
5033,3.9266e-05,0.336,-0.000174
5034,3.9268000000000004e-05,0.328,-0.8
5035,3.927e-05,0.328,-0.000174
5036,3.9272e-05,0.32,-0.000174
5037,3.9274000000000004e-05,0.336,-0.000174
5038,3.9276e-05,0.328,-0.8
5039,3.9278e-05,0.328,-0.000174
5040,3.9280000000000003e-05,0.32,-0.000174
5041,3.9282e-05,0.336,-0.8
5042,3.9284e-05,0.32,-0.8
5043,3.9286e-05,0.328,-0.8
5044,3.9288e-05,0.32,-0.000174
5045,3.929e-05,0.336,-0.000174
5046,3.9292e-05,0.328,-0.8
5047,3.9294e-05,0.328,-0.000174
5048,3.9296000000000005e-05,0.32,-0.000174
5049,3.9298e-05,0.336,-0.000174
5050,3.93e-05,0.32,-0.8
5051,3.9302000000000004e-05,0.328,-0.8
5052,3.9304e-05,0.32,-0.000174
5053,3.9306000000000006e-05,0.336,-0.000174
5054,3.9308000000000004e-05,0.328,-0.8
5055,3.931e-05,0.328,-0.000174
5056,3.9312000000000006e-05,0.32,-0.000174
5057,3.9314000000000003e-05,0.336,-0.000174
5058,3.9316e-05,0.328,-0.8
5059,3.9318000000000005e-05,0.328,-0.8
5060,3.932e-05,0.32,-0.000174
5061,3.9322e-05,0.336,-0.8
5062,3.9324000000000005e-05,0.328,-0.8
5063,3.9326e-05,0.328,-0.000174
5064,3.9328e-05,0.328,-0.000174
5065,3.9330000000000005e-05,0.336,-0.000174
5066,3.9332e-05,0.328,-0.8
5067,3.9334e-05,0.328,-0.000174
5068,3.9336000000000004e-05,0.328,-0.000174
5069,3.9338e-05,0.336,-0.000174
5070,3.934e-05,0.328,-0.8
5071,3.9342000000000004e-05,0.336,-0.000174
5072,3.9344e-05,0.32,-0.000174
5073,3.9346e-05,0.336,-0.000174
5074,3.9348000000000003e-05,0.328,-0.8
5075,3.935e-05,0.328,-0.8
5076,3.9352e-05,0.328,-0.000174
5077,3.9354e-05,0.336,-0.000174
5078,3.9356e-05,0.328,-0.8
5079,3.9358e-05,0.328,-0.000174
5080,3.936e-05,0.32,-0.000174
5081,3.9362e-05,0.336,-0.8
5082,3.9364000000000005e-05,0.328,-0.8
5083,3.9366e-05,0.328,-0.000174
5084,3.9368e-05,0.328,-0.000174
5085,3.9370000000000004e-05,0.336,-0.000174
5086,3.9372e-05,0.328,-0.8
5087,3.9374000000000006e-05,0.328,-0.000174
5088,3.9376000000000004e-05,0.328,-0.000174
5089,3.9378e-05,0.344,-0.000174
5090,3.9380000000000006e-05,0.328,-0.8
5091,3.9382000000000003e-05,0.336,-0.8
5092,3.9384e-05,0.328,-0.000174
5093,3.9386000000000005e-05,0.336,-0.000174
5094,3.9388e-05,0.328,-0.8
5095,3.939e-05,0.328,-0.000174
5096,3.9392000000000005e-05,0.328,-0.8
5097,3.9394e-05,0.344,-0.000174
5098,3.9396e-05,0.328,-0.8
5099,3.9398000000000005e-05,0.336,-0.000174
5100,3.94e-05,0.328,-0.000174
5101,3.9402e-05,0.344,-0.000174
5102,3.9404000000000004e-05,0.328,-0.8
5103,3.9406e-05,0.328,-0.000174
5104,3.9408e-05,0.336,-0.8
5105,3.9410000000000004e-05,0.336,-0.000174
5106,3.9412e-05,0.328,-0.8
5107,3.9414e-05,0.336,-0.8
5108,3.9416000000000003e-05,0.328,-0.000174
5109,3.9418e-05,0.344,-0.8
5110,3.942e-05,0.328,-0.8
5111,3.9422e-05,0.336,-0.000174
5112,3.9424e-05,0.328,-0.000174
5113,3.9426e-05,0.336,-0.000174
5114,3.9428e-05,0.328,-0.8
5115,3.943e-05,0.336,-0.000174
5116,3.9432000000000005e-05,0.328,-0.000174
5117,3.9434e-05,0.344,-0.000174
5118,3.9436e-05,0.328,-0.8
5119,3.9438000000000004e-05,0.336,-0.000174
5120,3.944e-05,0.328,-0.000174
5121,3.9442000000000006e-05,0.344,-0.8
5122,3.9444000000000004e-05,0.328,-0.8
5123,3.9446e-05,0.336,-0.000174
5124,3.9448000000000006e-05,0.328,-0.000174
5125,3.9450000000000003e-05,0.344,-0.000174
5126,3.9452e-05,0.328,-0.8
5127,3.9454000000000005e-05,0.336,-0.000174
5128,3.9456e-05,0.328,-0.000174
5129,3.9458e-05,0.344,-0.000174
5130,3.9460000000000005e-05,0.336,-0.8
5131,3.9462e-05,0.336,-0.8
5132,3.9464e-05,0.328,-0.000174
5133,3.9466000000000005e-05,0.344,-0.000174
5134,3.9468e-05,0.336,-0.8
5135,3.947e-05,0.336,-0.000174
5136,3.9472000000000004e-05,0.328,-0.000174
5137,3.9474e-05,0.344,-0.000174
5138,3.9476e-05,0.336,-0.8
5139,3.9478000000000004e-05,0.336,-0.000174
5140,3.948e-05,0.328,-0.000174
5141,3.9482e-05,0.344,-0.000174
5142,3.9484000000000003e-05,0.336,-0.8
5143,3.9486e-05,0.336,-0.000174
5144,3.9488e-05,0.336,-0.000174
5145,3.949e-05,0.344,-0.000174
5146,3.9492e-05,0.336,-0.8
5147,3.9494e-05,0.336,-0.000174
5148,3.9496e-05,0.328,-0.000174
5149,3.9498e-05,0.344,-0.000174
5150,3.9500000000000005e-05,0.336,-0.8
5151,3.9502e-05,0.336,-0.000174
5152,3.9504e-05,0.328,-0.000174
5153,3.9506000000000004e-05,0.344,-0.000174
5154,3.9508e-05,0.336,-0.8
5155,3.9510000000000006e-05,0.336,-0.000174
5156,3.9512000000000004e-05,0.336,-0.000174
5157,3.9514e-05,0.344,-0.000174
5158,3.9516000000000006e-05,0.336,-0.8
5159,3.9518000000000003e-05,0.336,-0.000174
5160,3.952e-05,0.328,-0.000174
5161,3.9522000000000005e-05,0.344,-0.8
5162,3.9524e-05,0.336,-0.8
5163,3.9526e-05,0.336,-0.000174
5164,3.9528000000000005e-05,0.336,-0.000174
5165,3.953e-05,0.344,-0.000174
5166,3.9532e-05,0.336,-0.8
5167,3.9534000000000005e-05,0.336,-0.000174
5168,3.9536e-05,0.336,-0.000174
5169,3.9538e-05,0.344,-0.000174
5170,3.9540000000000004e-05,0.336,-0.8
5171,3.9542e-05,0.336,-0.000174
5172,3.9544e-05,0.336,-0.000174
5173,3.9546000000000004e-05,0.344,-0.000174
5174,3.9548e-05,0.336,-0.8
5175,3.955e-05,0.336,-0.000174
5176,3.9552000000000003e-05,0.336,-0.000174
5177,3.9554e-05,0.344,-0.000174
5178,3.9556e-05,0.336,-0.8
5179,3.9558e-05,0.344,-0.000174
5180,3.956e-05,0.336,-0.000174
5181,3.9562e-05,0.352,-0.000174
5182,3.9564e-05,0.336,-0.8
5183,3.9566e-05,0.344,-0.000174
5184,3.9568000000000005e-05,0.336,-0.000174
5185,3.957e-05,0.352,-0.000174
5186,3.9572e-05,0.336,-0.8
5187,3.9574000000000004e-05,0.336,-0.000174
5188,3.9576e-05,0.32,-0.000174
5189,3.9578000000000006e-05,0.328,-0.8
5190,3.9580000000000004e-05,0.296,-0.8
5191,3.9582e-05,0.28,-0.8
5192,3.9584000000000006e-05,0.264,-0.000174
5193,3.9586000000000004e-05,0.272,-0.8
5194,3.9588e-05,0.264,-0.8
5195,3.9590000000000006e-05,0.264,-0.000174
5196,3.9592e-05,0.272,-0.000174
5197,3.9594e-05,0.296,-0.000174
5198,3.9596000000000005e-05,0.304,-0.8
5199,3.9598e-05,0.312,-0.000174
5200,3.96e-05,0.312,-0.000174
5201,3.9602000000000005e-05,0.328,-0.000174
5202,3.9604e-05,0.312,-0.8
5203,3.9606e-05,0.32,-0.000174
5204,3.9608000000000004e-05,0.312,-0.000174
5205,3.961e-05,0.328,-0.000174
5206,3.9612e-05,0.32,-0.8
5207,3.9614000000000004e-05,0.32,-0.000174
5208,3.9616e-05,0.32,-0.000174
5209,3.9618e-05,0.328,-0.000174
5210,3.9620000000000004e-05,0.32,-0.8
5211,3.9622e-05,0.328,-0.000174
5212,3.9624e-05,0.32,-0.000174
5213,3.9626e-05,0.336,-0.000174
5214,3.9628e-05,0.328,-0.8
5215,3.963e-05,0.328,-0.000174
5216,3.9632e-05,0.32,-0.000174
5217,3.9634e-05,0.336,-0.000174
5218,3.9636000000000005e-05,0.328,-0.8
5219,3.9638e-05,0.328,-0.000174
5220,3.964e-05,0.32,-0.000174
5221,3.9642000000000004e-05,0.336,-0.8
5222,3.9644e-05,0.328,-0.8
5223,3.9646000000000006e-05,0.328,-0.000174
5224,3.9648000000000004e-05,0.32,-0.000174
5225,3.965e-05,0.336,-0.000174
5226,3.9652000000000006e-05,0.328,-0.8
5227,3.9654000000000004e-05,0.328,-0.000174
5228,3.9656e-05,0.328,-0.000174
5229,3.9658000000000006e-05,0.336,-0.000174
5230,3.966e-05,0.328,-0.8
5231,3.9662e-05,0.336,-0.000174
5232,3.9664000000000005e-05,0.328,-0.000174
5233,3.9666e-05,0.344,-0.000174
5234,3.9668e-05,0.328,-0.8
5235,3.9670000000000005e-05,0.336,-0.000174
5236,3.9672e-05,0.328,-0.000174
5237,3.9674e-05,0.336,-0.000174
5238,3.9676000000000004e-05,0.328,-0.8
5239,3.9678e-05,0.336,-0.000174
5240,3.968e-05,0.328,-0.000174
5241,3.9682000000000004e-05,0.344,-0.000174
5242,3.9684e-05,0.336,-0.8
5243,3.9686e-05,0.336,-0.000174
5244,3.9688000000000004e-05,0.328,-0.000174
5245,3.969e-05,0.344,-0.000174
5246,3.9692e-05,0.328,-0.8
5247,3.9694e-05,0.336,-0.000174
5248,3.9696e-05,0.328,-0.000174
5249,3.9698e-05,0.344,-0.000174
5250,3.97e-05,0.328,-0.8
5251,3.9702e-05,0.336,-0.8
5252,3.9704000000000005e-05,0.328,-0.000174
5253,3.9706e-05,0.344,-0.000174
5254,3.9708e-05,0.336,-0.8
5255,3.9710000000000004e-05,0.336,-0.000174
5256,3.9712e-05,0.336,-0.000174
5257,3.9714000000000006e-05,0.344,-0.000174
5258,3.9716000000000004e-05,0.336,-0.8
5259,3.9718e-05,0.336,-0.000174
5260,3.9720000000000006e-05,0.336,-0.000174
5261,3.9722000000000004e-05,0.344,-0.8
5262,3.9724e-05,0.336,-0.000174
5263,3.9726000000000006e-05,0.344,-0.000174
5264,3.9728e-05,0.336,-0.000174
5265,3.973e-05,0.352,-0.000174
5266,3.9732000000000005e-05,0.336,-0.8
5267,3.9734e-05,0.336,-0.000174
5268,3.9736e-05,0.336,-0.000174
5269,3.9738000000000005e-05,0.352,-0.000174
5270,3.974e-05,0.336,-0.000174
5271,3.9742e-05,0.344,-0.000174
5272,3.9744000000000004e-05,0.336,-0.000174
5273,3.9746e-05,0.352,-0.000174
5274,3.9748e-05,0.344,-0.8
5275,3.9750000000000004e-05,0.336,-0.000174
5276,3.9752e-05,0.336,-0.000174
5277,3.9754e-05,0.352,-0.000174
5278,3.9756000000000004e-05,0.336,-0.8
5279,3.9758e-05,0.344,-0.000174
5280,3.976e-05,0.336,-0.000174
5281,3.9762e-05,0.352,-0.000174
5282,3.9764e-05,0.336,-0.000174
5283,3.9766e-05,0.344,-0.000174
5284,3.9768e-05,0.336,-0.000174
5285,3.977e-05,0.352,-0.000174
5286,3.9772000000000005e-05,0.336,-0.8
5287,3.9774e-05,0.344,-0.000174
5288,3.9776e-05,0.336,-0.000174
5289,3.9778000000000004e-05,0.352,-0.000174
5290,3.978e-05,0.344,-0.000174
5291,3.9782000000000006e-05,0.344,-0.000174
5292,3.9784000000000004e-05,0.336,-0.000174
5293,3.9786e-05,0.352,-0.000174
5294,3.9788000000000006e-05,0.344,-0.8
5295,3.9790000000000004e-05,0.344,-0.000174
5296,3.9792e-05,0.344,-0.000174
5297,3.9794000000000006e-05,0.352,-0.000174
5298,3.9796e-05,0.344,-0.8
5299,3.9798e-05,0.344,-0.000174
5300,3.9800000000000005e-05,0.336,-0.000174
5301,3.9802e-05,0.352,-0.000174
5302,3.9804e-05,0.344,-0.8
5303,3.9806000000000005e-05,0.336,1.6
5304,3.9808e-05,0.344,-0.000174
5305,3.981e-05,0.344,-0.000174
5306,3.9812000000000004e-05,0.344,-0.000174
5307,3.9814e-05,0.344,-0.000174
5308,3.9816e-05,0.336,1.6
5309,3.9818000000000004e-05,0.352,-0.000174
5310,3.982e-05,0.336,1.6
5311,3.9822e-05,0.344,1.6
5312,3.9824000000000004e-05,0.336,1.6
5313,3.9826e-05,0.352,1.6
5314,3.9828e-05,0.344,1.6
5315,3.983e-05,0.344,1.6
5316,3.9832e-05,0.336,2.4
5317,3.9834e-05,0.352,2.4
5318,3.9836e-05,0.344,1.6
5319,3.9838e-05,0.344,2.4
5320,3.9840000000000005e-05,0.336,2.4
5321,3.9842e-05,0.352,2.4
5322,3.9844e-05,0.344,2.4
5323,3.9846000000000004e-05,0.344,2.4
5324,3.9848e-05,0.344,3.2
5325,3.9850000000000006e-05,0.352,3.2
5326,3.9852000000000004e-05,0.344,3.2
5327,3.9854e-05,0.344,3.2
5328,3.9856000000000006e-05,0.336,3.2
5329,3.9858000000000004e-05,0.352,4.0
5330,3.986e-05,0.344,3.2
5331,3.9862000000000006e-05,0.344,4.0
5332,3.9864e-05,0.336,4.0
5333,3.9866e-05,0.352,4.0
5334,3.9868000000000005e-05,0.344,4.0
5335,3.987e-05,0.344,4.8
5336,3.9872e-05,0.344,4.8
5337,3.9874000000000005e-05,0.352,4.8
5338,3.9876e-05,0.344,4.8
5339,3.9878e-05,0.344,4.8
5340,3.9880000000000004e-05,0.336,5.6
5341,3.9882e-05,0.352,4.8
5342,3.9884e-05,0.344,4.8
5343,3.9886000000000004e-05,0.344,5.6
5344,3.9888e-05,0.336,5.6
5345,3.989e-05,0.352,5.6
5346,3.9892000000000004e-05,0.344,5.6
5347,3.9894e-05,0.344,6.4
5348,3.9896e-05,0.336,6.4
5349,3.9898e-05,0.352,7.2
5350,3.99e-05,0.336,7.2
5351,3.9902e-05,0.344,8.0
5352,3.9904e-05,0.336,8.0
5353,3.9906e-05,0.344,8.8
5354,3.9908000000000005e-05,0.336,8.8
5355,3.991e-05,0.336,10.4
5356,3.9912e-05,0.328,11.2
5357,3.9914000000000004e-05,0.344,12.0
5358,3.9916e-05,0.328,13.6
5359,3.9918000000000006e-05,0.328,15.2
5360,3.9920000000000004e-05,0.32,17.6
5361,3.9922e-05,0.328,19.2
5362,3.9924000000000006e-05,0.312,21.6
5363,3.9926000000000004e-05,0.304,24.0
5364,3.9928e-05,0.288,28.0
5365,3.9930000000000006e-05,0.296,31.2
5366,3.9932e-05,0.28,34.4
5367,3.9934e-05,0.272,39.2
5368,3.9936000000000005e-05,0.24,43.2
5369,3.9938e-05,0.232,47.2
5370,3.994e-05,0.168,51.2
5371,3.9942000000000005e-05,0.112,55.2
5372,3.9944e-05,0.032,58.4
5373,3.9946e-05,-0.016,63.2
5374,3.9948000000000004e-05,-0.08,66.4
5375,3.995e-05,-0.152,68.8
5376,3.9952e-05,-0.216,72.0
5377,3.9954000000000004e-05,-0.272,75.2
5378,3.9956e-05,-0.344,77.6
5379,3.9958e-05,-0.4,79.2
5380,3.9960000000000004e-05,-0.448,80.8
5381,3.9962e-05,-0.512,82.4
5382,3.9964e-05,-0.552,83.2
5383,3.9966e-05,-0.6,84.0
5384,3.9968e-05,-0.632,84.0
5385,3.997e-05,-0.672,83.2
5386,3.9972e-05,-0.696,82.4
5387,3.9974e-05,-0.704,80.0
5388,3.9976e-05,-0.704,76.8
5389,3.9978e-05,-0.712,73.6
5390,3.998e-05,-0.68,67.2
5391,3.9982000000000004e-05,-0.64,61.6
5392,3.9984e-05,-0.592,54.4
5393,3.9986000000000006e-05,-0.536,47.2
5394,3.9988000000000004e-05,-0.456,40.0
5395,3.999e-05,-0.384,32.8
5396,3.9992000000000006e-05,-0.296,28.0
5397,3.9994000000000004e-05,-0.216,22.4
5398,3.9996e-05,-0.144,18.4
5399,3.9998000000000006e-05,-0.064,16.0
5400,4e-05,0.0,13.6
5401,4.0002e-05,0.08,11.2
5402,4.0004000000000005e-05,0.128,9.6
5403,4.0006e-05,0.176,8.8
5404,4.0008e-05,0.208,8.8
5405,4.0010000000000005e-05,0.256,8.0
5406,4.0012e-05,0.272,8.0
5407,4.0014e-05,0.296,8.8
5408,4.0016000000000004e-05,0.304,8.8
5409,4.0018e-05,0.328,9.6
5410,4.002e-05,0.32,10.4
5411,4.0022000000000004e-05,0.32,12.0
5412,4.0024e-05,0.312,14.4
5413,4.0026e-05,0.312,16.8
5414,4.0028000000000004e-05,0.288,19.2
5415,4.003e-05,0.264,22.4
5416,4.0032e-05,0.224,27.2
5417,4.0034e-05,0.184,32.0
5418,4.0036e-05,0.136,38.4
5419,4.0038e-05,0.072,43.2
5420,4.004e-05,0.0,49.6
5421,4.0042e-05,-0.064,54.4
5422,4.0044e-05,-0.152,59.2
5423,4.0046e-05,-0.224,63.2
5424,4.0048e-05,-0.288,65.6
5425,4.0050000000000004e-05,-0.36,67.2
5426,4.0052e-05,-0.408,67.2
5427,4.0054000000000006e-05,-0.44,64.8
5428,4.0056000000000004e-05,-0.464,62.4
5429,4.0058e-05,-0.472,57.6
5430,4.0060000000000006e-05,-0.456,52.8
5431,4.0062000000000004e-05,-0.432,47.2
5432,4.0064e-05,-0.392,41.6
5433,4.0066000000000006e-05,-0.344,36.0
5434,4.0068e-05,-0.28,31.2
5435,4.007e-05,-0.224,27.2
5436,4.0072000000000005e-05,-0.16,22.4
5437,4.0074e-05,-0.088,19.2
5438,4.0076e-05,-0.032,16.8
5439,4.0078000000000005e-05,0.024,15.2
5440,4.008e-05,0.08,13.6
5441,4.0082e-05,0.136,12.0
5442,4.0084000000000005e-05,0.16,11.2
5443,4.0086e-05,0.192,11.2
5444,4.0088e-05,0.216,10.4
5445,4.0090000000000004e-05,0.256,10.4
5446,4.0092e-05,0.256,11.2
5447,4.0094e-05,0.272,12.0
5448,4.0096000000000004e-05,0.272,13.6
5449,4.0098e-05,0.288,14.4
5450,4.01e-05,0.272,16.0
5451,4.0102e-05,0.264,18.4
5452,4.0104e-05,0.24,20.8
5453,4.0106e-05,0.232,23.2
5454,4.0108e-05,0.192,27.2
5455,4.011e-05,0.16,31.2
5456,4.0112e-05,0.12,35.2
5457,4.0114e-05,0.08,40.0
5458,4.0116e-05,0.008,44.8
5459,4.0118000000000005e-05,-0.048,49.6
5460,4.012e-05,-0.104,52.8
5461,4.0122000000000007e-05,-0.168,56.0
5462,4.0124000000000004e-05,-0.224,58.4
5463,4.0126e-05,-0.272,59.2
5464,4.0128000000000006e-05,-0.32,59.2
5465,4.0130000000000004e-05,-0.352,58.4
5466,4.0132e-05,-0.368,56.0
5467,4.0134000000000006e-05,-0.376,53.6
5468,4.0136e-05,-0.376,50.4
5469,4.0138e-05,-0.36,45.6
5470,4.0140000000000005e-05,-0.336,41.6
5471,4.0142e-05,-0.288,37.6
5472,4.0144e-05,-0.248,32.8
5473,4.0146000000000005e-05,-0.2,28.8
5474,4.0148e-05,-0.152,25.6
5475,4.015e-05,-0.096,22.4
5476,4.0152000000000005e-05,-0.04,20.0
5477,4.0154e-05,0.008,18.4
5478,4.0156e-05,0.048,16.8
5479,4.0158000000000004e-05,0.096,16.0
5480,4.016e-05,0.12,15.2
5481,4.0162e-05,0.168,14.4
5482,4.0164000000000004e-05,0.176,14.4
5483,4.0166e-05,0.2,14.4
5484,4.0168e-05,0.208,14.4
5485,4.017e-05,0.232,15.2
5486,4.0172e-05,0.224,16.0
5487,4.0174e-05,0.232,16.8
5488,4.0176e-05,0.224,18.4
5489,4.0178e-05,0.224,20.0
5490,4.018e-05,0.2,22.4
5491,4.0182e-05,0.184,25.6
5492,4.0184e-05,0.16,28.8
5493,4.0186000000000005e-05,0.136,32.0
5494,4.0188e-05,0.096,35.2
5495,4.0190000000000007e-05,0.048,39.2
5496,4.0192000000000004e-05,0.0,42.4
5497,4.0194e-05,-0.04,45.6
5498,4.0196000000000006e-05,-0.088,49.6
5499,4.0198000000000004e-05,-0.144,51.2
5500,4.02e-05,-0.184,52.8
5501,4.0202000000000006e-05,-0.224,53.6
5502,4.0204e-05,-0.256,54.4
5503,4.0206e-05,-0.28,52.8
5504,4.0208000000000005e-05,-0.296,52.0
5505,4.021e-05,-0.312,49.6
5506,4.0212e-05,-0.296,45.6
5507,4.0214000000000005e-05,-0.288,43.2
5508,4.0216e-05,-0.264,40.0
5509,4.0218e-05,-0.24,36.0
5510,4.0220000000000005e-05,-0.208,32.8
5511,4.0222e-05,-0.168,29.6
5512,4.0224e-05,-0.128,27.2
5513,4.0226000000000004e-05,-0.072,24.0
5514,4.0228e-05,-0.04,21.6
5515,4.023e-05,0.0,20.0
5516,4.0232000000000004e-05,0.032,19.2
5517,4.0234e-05,0.08,17.6
5518,4.0236e-05,0.104,16.8
5519,4.0238e-05,0.128,16.8
5520,4.024e-05,0.144,16.8
5521,4.0242e-05,0.176,16.8
5522,4.0244e-05,0.176,16.8
5523,4.0246e-05,0.184,17.6
5524,4.0248e-05,0.184,18.4
5525,4.025e-05,0.2,19.2
5526,4.0252e-05,0.184,20.8
5527,4.0254000000000005e-05,0.176,22.4
5528,4.0256e-05,0.16,25.6
5529,4.0258000000000007e-05,0.152,27.2
5530,4.0260000000000004e-05,0.12,29.6
5531,4.0262e-05,0.096,32.8
5532,4.0264000000000006e-05,0.056,35.2
5533,4.0266000000000004e-05,0.032,38.4
5534,4.0268e-05,-0.016,41.6
5535,4.0270000000000006e-05,-0.048,44.0
5536,4.0272e-05,-0.088,45.6
5537,4.0274e-05,-0.128,47.2
5538,4.0276000000000005e-05,-0.16,48.0
5539,4.0278e-05,-0.192,49.6
5540,4.028e-05,-0.216,49.6
5541,4.0282000000000005e-05,-0.232,48.0
5542,4.0284e-05,-0.248,46.4
5543,4.0286e-05,-0.248,44.8
5544,4.0288000000000005e-05,-0.248,42.4
5545,4.029e-05,-0.232,40.0
5546,4.0292e-05,-0.216,37.6
5547,4.0294000000000004e-05,-0.192,34.4
5548,4.0296e-05,-0.168,32.0
5549,4.0298e-05,-0.136,29.6
5550,4.0300000000000004e-05,-0.096,27.2
5551,4.0302e-05,-0.064,25.6
5552,4.0304e-05,-0.032,23.2
5553,4.0306000000000003e-05,0.008,21.6
5554,4.0308e-05,0.032,20.8
5555,4.031e-05,0.056,20.0
5556,4.0312e-05,0.088,19.2
5557,4.0314e-05,0.12,19.2
5558,4.0316e-05,0.128,18.4
5559,4.0318e-05,0.144,19.2
5560,4.032e-05,0.144,19.2
5561,4.0322000000000005e-05,0.168,20.0
5562,4.0324e-05,0.16,20.8
5563,4.0326e-05,0.16,21.6
5564,4.0328000000000004e-05,0.152,23.2
5565,4.033e-05,0.152,25.6
5566,4.0332000000000006e-05,0.128,27.2
5567,4.0334000000000004e-05,0.112,28.8
5568,4.0336e-05,0.088,31.2
5569,4.0338000000000006e-05,0.072,33.6
5570,4.0340000000000003e-05,0.032,35.2
5571,4.0342e-05,0.008,38.4
5572,4.0344000000000005e-05,-0.024,40.8
5573,4.0346e-05,-0.056,42.4
5574,4.0348e-05,-0.088,44.0
5575,4.0350000000000005e-05,-0.112,44.8
5576,4.0352e-05,-0.144,45.6
5577,4.0354e-05,-0.168,45.6
5578,4.0356000000000005e-05,-0.184,44.8
5579,4.0358e-05,-0.192,44.0
5580,4.036e-05,-0.2,43.2
5581,4.0362000000000004e-05,-0.2,41.6
5582,4.0364e-05,-0.2,40.0
5583,4.0366e-05,-0.184,38.4
5584,4.0368000000000004e-05,-0.168,35.2
5585,4.037e-05,-0.152,32.8
5586,4.0372e-05,-0.128,31.2
5587,4.0374000000000003e-05,-0.096,29.6
5588,4.0376e-05,-0.072,28.0
5589,4.0378e-05,-0.032,26.4
5590,4.038e-05,-0.016,24.0
5591,4.0382e-05,0.008,23.2
5592,4.0384e-05,0.032,22.4
5593,4.0386e-05,0.072,21.6
5594,4.0388e-05,0.08,20.8
5595,4.0390000000000005e-05,0.096,20.8
5596,4.0392e-05,0.112,20.8
5597,4.0394e-05,0.128,20.8
5598,4.0396000000000004e-05,0.128,21.6
5599,4.0398e-05,0.136,22.4
5600,4.0400000000000006e-05,0.128,23.2
5601,4.0402000000000004e-05,0.136,24.0
5602,4.0404e-05,0.12,25.6
5603,4.0406000000000006e-05,0.112,27.2
5604,4.0408000000000003e-05,0.096,28.8
5605,4.041e-05,0.088,30.4
5606,4.0412000000000005e-05,0.056,32.0
5607,4.0414e-05,0.032,33.6
5608,4.0416e-05,0.008,36.0
5609,4.0418000000000005e-05,-0.008,38.4
5610,4.042e-05,-0.032,39.2
5611,4.0422e-05,-0.064,40.8
5612,4.0424000000000005e-05,-0.08,41.6
5613,4.0426e-05,-0.104,42.4
5614,4.0428e-05,-0.136,42.4
5615,4.0430000000000004e-05,-0.144,42.4
5616,4.0432e-05,-0.16,42.4
5617,4.0434e-05,-0.16,41.6
5618,4.0436000000000004e-05,-0.168,40.8
5619,4.0438e-05,-0.16,39.2
5620,4.044e-05,-0.16,37.6
5621,4.0442000000000003e-05,-0.144,35.2
5622,4.0444e-05,-0.136,33.6
5623,4.0446e-05,-0.112,32.0
5624,4.0448e-05,-0.088,30.4
5625,4.045e-05,-0.064,28.8
5626,4.0452e-05,-0.048,27.2
5627,4.0454e-05,-0.024,26.4
5628,4.0456e-05,-0.008,25.6
5629,4.0458000000000005e-05,0.024,24.0
5630,4.046e-05,0.032,23.2
5631,4.0462e-05,0.048,22.4
5632,4.0464000000000004e-05,0.072,22.4
5633,4.0466e-05,0.096,22.4
5634,4.0468000000000006e-05,0.096,22.4
5635,4.0470000000000004e-05,0.104,22.4
5636,4.0472e-05,0.104,23.2
5637,4.0474000000000006e-05,0.112,24.0
5638,4.0476000000000003e-05,0.104,25.6
5639,4.0478e-05,0.104,26.4
5640,4.0480000000000005e-05,0.096,27.2
5641,4.0482e-05,0.088,28.8
5642,4.0484e-05,0.072,30.4
5643,4.0486000000000005e-05,0.048,31.2
5644,4.0488e-05,0.032,32.8
5645,4.049e-05,0.016,34.4
5646,4.0492000000000005e-05,-0.008,35.2
5647,4.0494e-05,-0.024,37.6
5648,4.0496e-05,-0.04,38.4
5649,4.0498000000000004e-05,-0.064,39.2
5650,4.05e-05,-0.08,40.0
5651,4.0502e-05,-0.096,40.8
5652,4.0504000000000004e-05,-0.112,40.8
5653,4.0506e-05,-0.128,40.8
5654,4.0508e-05,-0.136,40.0
5655,4.0510000000000003e-05,-0.136,39.2
5656,4.0512e-05,-0.136,38.4
5657,4.0514e-05,-0.136,37.6
5658,4.0516e-05,-0.128,35.2
5659,4.0518e-05,-0.112,33.6
5660,4.052e-05,-0.096,32.8
5661,4.0522e-05,-0.08,31.2
5662,4.0524e-05,-0.072,29.6
5663,4.0526000000000005e-05,-0.048,28.8
5664,4.0528e-05,-0.032,28.0
5665,4.053e-05,-0.008,27.2
5666,4.0532000000000004e-05,0.0,26.4
5667,4.0534e-05,0.016,25.6
5668,4.0536000000000006e-05,0.032,24.0
5669,4.0538000000000004e-05,0.048,24.0
5670,4.054e-05,0.056,24.0
5671,4.0542000000000006e-05,0.072,24.0
5672,4.0544000000000003e-05,0.08,24.0
5673,4.0546e-05,0.088,24.0
5674,4.0548000000000005e-05,0.088,25.6
5675,4.055e-05,0.088,26.4
5676,4.0552e-05,0.08,27.2
5677,4.0554000000000005e-05,0.088,28.0
5678,4.0556e-05,0.072,28.8
5679,4.0558e-05,0.056,29.6
5680,4.0560000000000005e-05,0.04,31.2
5681,4.0562e-05,0.032,32.0
5682,4.0564e-05,0.016,33.6
5683,4.0566000000000004e-05,0.0,34.4
5684,4.0568e-05,-0.016,35.2
5685,4.057e-05,-0.032,36.0
5686,4.0572000000000004e-05,-0.048,37.6
5687,4.0574e-05,-0.064,38.4
5688,4.0576e-05,-0.08,39.2
5689,4.0578000000000003e-05,-0.088,39.2
5690,4.058e-05,-0.096,39.2
5691,4.0582e-05,-0.104,38.4
5692,4.0584e-05,-0.112,38.4
5693,4.0586e-05,-0.104,37.6
5694,4.0588e-05,-0.112,36.0
5695,4.059e-05,-0.104,35.2
5696,4.0592e-05,-0.096,33.6
5697,4.0594000000000005e-05,-0.088,32.8
5698,4.0596e-05,-0.072,32.0
5699,4.0598e-05,-0.064,30.4
5700,4.0600000000000004e-05,-0.048,29.6
5701,4.0602e-05,-0.032,28.8
5702,4.0604000000000006e-05,-0.024,28.0
5703,4.0606000000000004e-05,-0.008,27.2
5704,4.0608e-05,0.008,26.4
5705,4.0610000000000006e-05,0.024,26.4
5706,4.0612000000000004e-05,0.032,25.6
5707,4.0614e-05,0.04,25.6
5708,4.0616000000000006e-05,0.048,25.6
5709,4.0618e-05,0.072,25.6
5710,4.062e-05,0.056,26.4
5711,4.0622000000000005e-05,0.072,26.4
5712,4.0624e-05,0.072,27.2
5713,4.0626e-05,0.08,27.2
5714,4.0628000000000005e-05,0.056,28.0
5715,4.063e-05,0.056,28.8
5716,4.0632e-05,0.048,29.6
5717,4.0634000000000004e-05,0.04,30.4
5718,4.0636e-05,0.024,32.0
5719,4.0638e-05,0.016,32.8
5720,4.0640000000000004e-05,0.0,33.6
5721,4.0642e-05,-0.008,34.4
5722,4.0644e-05,-0.024,35.2
5723,4.0646000000000004e-05,-0.04,36.0
5724,4.0648e-05,-0.048,36.0
5725,4.065e-05,-0.056,37.6
5726,4.0652e-05,-0.072,37.6
5727,4.0654e-05,-0.08,37.6
5728,4.0656e-05,-0.088,37.6
5729,4.0658e-05,-0.08,36.0
5730,4.066e-05,-0.088,36.0
5731,4.0662000000000005e-05,-0.088,35.2
5732,4.0664e-05,-0.088,34.4
5733,4.0666e-05,-0.08,33.6
5734,4.0668000000000004e-05,-0.072,32.8
5735,4.067e-05,-0.064,32.0
5736,4.0672000000000006e-05,-0.056,31.2
5737,4.0674000000000004e-05,-0.04,30.4
5738,4.0676e-05,-0.032,29.6
5739,4.0678000000000006e-05,-0.024,28.8
5740,4.0680000000000004e-05,-0.008,28.0
5741,4.0682e-05,0.008,28.0
5742,4.0684000000000006e-05,0.008,27.2
5743,4.0686e-05,0.024,27.2
5744,4.0688e-05,0.032,26.4
5745,4.0690000000000005e-05,0.04,26.4
5746,4.0692e-05,0.04,26.4
5747,4.0694e-05,0.048,27.2
5748,4.0696000000000005e-05,0.048,27.2
5749,4.0698e-05,0.056,27.2
5750,4.07e-05,0.048,28.0
5751,4.0702000000000004e-05,0.048,28.8
5752,4.0704e-05,0.04,29.6
5753,4.0706e-05,0.048,29.6
5754,4.0708000000000004e-05,0.032,30.4
5755,4.071e-05,0.024,31.2
5756,4.0712e-05,0.016,32.0
5757,4.0714000000000004e-05,0.008,32.8
5758,4.0716e-05,-0.008,33.6
5759,4.0718e-05,-0.016,34.4
5760,4.072e-05,-0.032,34.4
5761,4.0722e-05,-0.032,35.2
5762,4.0724e-05,-0.048,35.2
5763,4.0726e-05,-0.056,35.2
5764,4.0728e-05,-0.064,36.0
5765,4.0730000000000005e-05,-0.064,35.2
5766,4.0732e-05,-0.072,35.2
5767,4.0734e-05,-0.072,35.2
5768,4.0736000000000004e-05,-0.08,34.4
5769,4.0738e-05,-0.072,34.4
5770,4.0740000000000006e-05,-0.072,33.6
5771,4.0742000000000004e-05,-0.064,32.8
5772,4.0744e-05,-0.064,32.0
5773,4.0746000000000006e-05,-0.048,31.2
5774,4.0748000000000004e-05,-0.04,30.4
5775,4.075e-05,-0.032,30.4
5776,4.0752000000000006e-05,-0.024,29.6
5777,4.0754e-05,-0.008,28.8
5778,4.0756e-05,-0.008,28.8
5779,4.0758000000000005e-05,0.008,28.0
5780,4.076e-05,0.008,28.0
5781,4.0762e-05,0.024,28.0
5782,4.0764000000000005e-05,0.024,27.2
5783,4.0766e-05,0.032,28.0
5784,4.0768e-05,0.032,28.0
5785,4.0770000000000004e-05,0.04,28.0
5786,4.0772e-05,0.04,28.0
5787,4.0774e-05,0.04,28.8
5788,4.0776000000000004e-05,0.04,28.8
5789,4.0778e-05,0.04,29.6
5790,4.078e-05,0.032,29.6
5791,4.0782000000000004e-05,0.024,30.4
5792,4.0784e-05,0.016,31.2
5793,4.0786e-05,0.016,32.0
5794,4.0788e-05,0.0,32.0
5795,4.079e-05,-0.008,32.8
5796,4.0792e-05,-0.016,33.6
5797,4.0794e-05,-0.016,33.6
5798,4.0796e-05,-0.032,34.4
5799,4.0798000000000005e-05,-0.04,34.4
5800,4.08e-05,-0.048,34.4
5801,4.0802e-05,-0.048,34.4
5802,4.0804000000000004e-05,-0.056,35.2
5803,4.0806e-05,-0.056,34.4
5804,4.0808000000000006e-05,-0.064,34.4
5805,4.0810000000000004e-05,-0.064,34.4
5806,4.0812e-05,-0.064,33.6
5807,4.0814000000000006e-05,-0.056,33.6
5808,4.0816000000000004e-05,-0.056,32.8
5809,4.0818e-05,-0.048,32.0
5810,4.0820000000000006e-05,-0.048,31.2
5811,4.0822e-05,-0.04,31.2
5812,4.0824e-05,-0.032,30.4
5813,4.0826000000000005e-05,-0.024,29.6
5814,4.0828e-05,-0.016,29.6
5815,4.083e-05,-0.008,28.8
5816,4.0832000000000005e-05,-0.008,28.8
5817,4.0834e-05,0.008,28.8
5818,4.0836e-05,0.008,28.0
5819,4.0838000000000004e-05,0.016,28.0
5820,4.084e-05,0.016,28.0
5821,4.0842e-05,0.032,28.0
5822,4.0844000000000004e-05,0.024,28.0
5823,4.0846e-05,0.032,28.8
5824,4.0848e-05,0.024,28.8
5825,4.0850000000000004e-05,0.032,29.6
5826,4.0852e-05,0.024,29.6
5827,4.0854e-05,0.024,29.6
5828,4.0856e-05,0.016,30.4
5829,4.0858e-05,0.016,31.2
5830,4.086e-05,0.008,31.2
5831,4.0862e-05,0.0,32.0
5832,4.0864e-05,-0.008,32.0
5833,4.0866000000000005e-05,-0.008,32.8
5834,4.0868e-05,-0.016,33.6
5835,4.087e-05,-0.024,33.6
5836,4.0872000000000004e-05,-0.032,33.6
5837,4.0874e-05,-0.032,34.4
5838,4.0876000000000006e-05,-0.04,34.4
5839,4.0878000000000004e-05,-0.048,34.4
5840,4.088e-05,-0.048,34.4
5841,4.0882000000000006e-05,-0.048,33.6
5842,4.0884000000000004e-05,-0.056,33.6
5843,4.0886e-05,-0.048,33.6
5844,4.0888000000000006e-05,-0.056,32.8
5845,4.089e-05,-0.048,32.8
5846,4.0892e-05,-0.048,32.0
5847,4.0894000000000005e-05,-0.04,32.0
5848,4.0896e-05,-0.04,31.2
5849,4.0898e-05,-0.024,30.4
5850,4.0900000000000005e-05,-0.024,30.4
5851,4.0902e-05,-0.016,29.6
5852,4.0904e-05,-0.016,29.6
5853,4.0906000000000004e-05,0.0,29.6
5854,4.0908e-05,0.0,28.8
5855,4.091e-05,0.008,28.8
5856,4.0912000000000004e-05,0.008,28.8
5857,4.0914e-05,0.016,28.8
5858,4.0916e-05,0.016,28.8
5859,4.0918000000000004e-05,0.024,28.8
5860,4.092e-05,0.016,28.8
5861,4.0922e-05,0.032,28.8
5862,4.0924e-05,0.024,29.6
5863,4.0926e-05,0.024,29.6
5864,4.0928e-05,0.016,30.4
5865,4.093e-05,0.016,30.4
5866,4.0932e-05,0.008,31.2
5867,4.0934000000000005e-05,0.008,31.2
5868,4.0936e-05,0.0,32.0
5869,4.0938e-05,0.0,32.0
5870,4.0940000000000004e-05,-0.008,32.0
5871,4.0942e-05,-0.016,32.8
5872,4.0944000000000006e-05,-0.024,32.8
5873,4.0946000000000004e-05,-0.016,33.6
5874,4.0948e-05,-0.032,33.6
5875,4.0950000000000006e-05,-0.032,33.6
5876,4.0952000000000004e-05,-0.04,33.6
5877,4.0954e-05,-0.04,33.6
5878,4.0956000000000006e-05,-0.048,33.6
5879,4.0958e-05,-0.04,33.6
5880,4.096e-05,-0.048,32.8
5881,4.0962000000000005e-05,-0.04,32.8
5882,4.0964e-05,-0.04,32.8
5883,4.0966e-05,-0.04,32.0
5884,4.0968000000000005e-05,-0.04,32.0
5885,4.097e-05,-0.032,31.2
5886,4.0972e-05,-0.032,31.2
5887,4.0974000000000004e-05,-0.024,30.4
5888,4.0976e-05,-0.016,30.4
5889,4.0978e-05,-0.008,30.4
5890,4.0980000000000004e-05,-0.008,29.6
5891,4.0982e-05,0.0,29.6
5892,4.0984e-05,0.0,29.6
5893,4.0986000000000004e-05,0.008,29.6
5894,4.0988e-05,0.008,28.8
5895,4.099e-05,0.008,29.6
5896,4.0992e-05,0.016,29.6
5897,4.0994e-05,0.016,29.6
5898,4.0996e-05,0.016,29.6
5899,4.0998e-05,0.016,29.6
5900,4.1e-05,0.016,29.6
5901,4.1002000000000005e-05,0.016,30.4
5902,4.1004e-05,0.008,30.4
5903,4.1006e-05,0.008,31.2
5904,4.1008000000000004e-05,0.008,31.2
5905,4.101e-05,0.008,31.2
5906,4.1012000000000006e-05,-0.008,32.0
5907,4.1014000000000004e-05,-0.008,32.0
5908,4.1016e-05,-0.016,32.8
5909,4.1018000000000006e-05,-0.016,32.8
5910,4.1020000000000004e-05,-0.024,32.8
5911,4.1022e-05,-0.024,32.8
5912,4.1024000000000006e-05,-0.032,32.8
5913,4.1026e-05,-0.024,32.8
5914,4.1028e-05,-0.032,32.8
5915,4.1030000000000005e-05,-0.032,32.8
5916,4.1032e-05,-0.04,32.8
5917,4.1034e-05,-0.032,32.8
5918,4.1036000000000005e-05,-0.04,32.8
5919,4.1038e-05,-0.032,32.0
5920,4.104e-05,-0.04,32.0
5921,4.1042000000000004e-05,-0.024,32.0
5922,4.1044e-05,-0.032,31.2
5923,4.1046e-05,-0.024,31.2
5924,4.1048000000000004e-05,-0.024,31.2
5925,4.105e-05,-0.016,30.4
5926,4.1052e-05,-0.016,30.4
5927,4.1054000000000004e-05,-0.008,30.4
5928,4.1056e-05,-0.008,29.6
5929,4.1058e-05,0.0,29.6
5930,4.106e-05,0.0,29.6
5931,4.1062e-05,0.008,29.6
5932,4.1064e-05,0.0,29.6
5933,4.1066e-05,0.016,29.6
5934,4.1068e-05,0.008,29.6
5935,4.1070000000000005e-05,0.008,29.6
5936,4.1072e-05,0.008,29.6
5937,4.1074e-05,0.016,30.4
5938,4.1076000000000004e-05,0.008,30.4
5939,4.1078e-05,0.008,30.4
5940,4.1080000000000006e-05,0.008,31.2
5941,4.1082000000000004e-05,0.008,31.2
5942,4.1084e-05,0.0,31.2
5943,4.1086000000000006e-05,-0.008,32.0
5944,4.1088000000000004e-05,-0.008,32.0
5945,4.109e-05,-0.008,32.0
5946,4.1092000000000006e-05,-0.016,32.0
5947,4.1094e-05,-0.016,32.8
5948,4.1096e-05,-0.024,32.8
5949,4.1098000000000005e-05,-0.024,32.8
5950,4.11e-05,-0.032,32.8
5951,4.1102e-05,-0.032,32.8
5952,4.1104000000000005e-05,-0.032,32.8
5953,4.1106e-05,-0.024,32.8
5954,4.1108e-05,-0.032,32.8
5955,4.1110000000000005e-05,-0.032,32.0
5956,4.1112e-05,-0.032,32.0
5957,4.1114e-05,-0.032,32.0
5958,4.1116000000000004e-05,-0.032,32.0
5959,4.1118e-05,-0.032,31.2
5960,4.112e-05,-0.024,31.2
5961,4.1122000000000004e-05,-0.016,31.2
5962,4.1124e-05,-0.016,30.4
5963,4.1126e-05,-0.016,30.4
5964,4.1128e-05,-0.016,30.4
5965,4.113e-05,-0.008,30.4
5966,4.1132e-05,-0.008,30.4
5967,4.1134e-05,0.0,29.6
5968,4.1136e-05,0.0,29.6
5969,4.1138000000000005e-05,0.008,29.6
5970,4.114e-05,0.0,29.6
5971,4.1142e-05,0.008,29.6
5972,4.1144000000000005e-05,0.0,30.4
5973,4.1146e-05,0.008,30.4
5974,4.1148000000000007e-05,0.008,30.4
5975,4.1150000000000004e-05,0.008,30.4
5976,4.1152e-05,0.0,30.4
5977,4.1154000000000006e-05,0.008,31.2
5978,4.1156000000000004e-05,0.0,31.2
5979,4.1158e-05,0.0,31.2
5980,4.1160000000000006e-05,-0.008,31.2
5981,4.1162e-05,0.0,32.0
5982,4.1164e-05,-0.016,32.0
5983,4.1166000000000005e-05,-0.008,32.0
5984,4.1168e-05,-0.016,32.0
5985,4.117e-05,-0.016,32.8
5986,4.1172000000000005e-05,-0.024,32.0
5987,4.1174e-05,-0.024,32.8
5988,4.1176e-05,-0.024,32.8
5989,4.1178000000000005e-05,-0.024,32.8
5990,4.118e-05,-0.032,32.8
5991,4.1182e-05,-0.024,32.0
5992,4.1184000000000004e-05,-0.032,32.0
5993,4.1186e-05,-0.024,32.0
5994,4.1188e-05,-0.024,32.0
5995,4.1190000000000004e-05,-0.024,32.0
5996,4.1192e-05,-0.024,31.2
5997,4.1194e-05,-0.016,31.2
5998,4.1196e-05,-0.024,31.2
5999,4.1198e-05,-0.016,31.2
6000,4.12e-05,-0.016,31.2
6001,4.1202e-05,-0.008,30.4
6002,4.1204e-05,-0.008,30.4
6003,4.1206e-05,-0.008,30.4
6004,4.1208e-05,-0.008,30.4
6005,4.121e-05,0.0,30.4
6006,4.1212000000000005e-05,0.0,30.4
6007,4.1214e-05,0.0,30.4
6008,4.1216000000000007e-05,0.0,30.4
6009,4.1218000000000004e-05,0.008,30.4
6010,4.122e-05,0.008,30.4
6011,4.1222000000000006e-05,0.008,30.4
6012,4.1224000000000004e-05,0.0,30.4
6013,4.1226e-05,0.008,30.4
6014,4.1228000000000006e-05,0.0,30.4
6015,4.123e-05,0.0,31.2
6016,4.1232e-05,0.0,31.2
6017,4.1234000000000005e-05,0.0,31.2
6018,4.1236e-05,-0.008,31.2
6019,4.1238e-05,-0.008,32.0
6020,4.1240000000000005e-05,-0.016,32.0
6021,4.1242e-05,-0.008,32.0
6022,4.1244e-05,-0.016,32.0
6023,4.1246000000000005e-05,-0.016,32.0
6024,4.1248e-05,-0.016,32.0
6025,4.125e-05,-0.016,32.0
6026,4.1252000000000004e-05,-0.024,32.0
6027,4.1254e-05,-0.024,32.0
6028,4.1256e-05,-0.024,32.0
6029,4.1258000000000004e-05,-0.024,32.0
6030,4.126e-05,-0.024,32.0
6031,4.1262e-05,-0.024,32.0
6032,4.1264e-05,-0.024,32.0
6033,4.1266e-05,-0.016,32.0
6034,4.1268e-05,-0.024,31.2
6035,4.127e-05,-0.016,31.2
6036,4.1272e-05,-0.016,31.2
6037,4.1274e-05,-0.008,31.2
6038,4.1276e-05,-0.016,30.4
6039,4.1278e-05,-0.008,30.4
6040,4.1280000000000005e-05,-0.008,30.4
6041,4.1282e-05,0.0,30.4
6042,4.1284000000000007e-05,-0.008,30.4
6043,4.1286000000000004e-05,0.0,30.4
6044,4.1288e-05,0.0,30.4
6045,4.1290000000000006e-05,0.008,30.4
6046,4.1292000000000004e-05,0.0,30.4
6047,4.1294e-05,0.0,30.4
6048,4.1296000000000006e-05,0.0,30.4
6049,4.1298e-05,0.008,30.4
6050,4.13e-05,0.0,30.4
6051,4.1302000000000005e-05,0.0,31.2
6052,4.1304e-05,0.0,31.2
6053,4.1306e-05,0.0,31.2
6054,4.1308000000000005e-05,-0.008,31.2
6055,4.131e-05,-0.008,31.2
6056,4.1312e-05,-0.008,31.2
6057,4.1314000000000005e-05,-0.008,32.0
6058,4.1316e-05,-0.016,32.0
6059,4.1318e-05,-0.016,32.0
6060,4.1320000000000004e-05,-0.016,32.0
6061,4.1322e-05,-0.016,32.0
6062,4.1324e-05,-0.024,32.0
6063,4.1326000000000004e-05,-0.024,32.0
6064,4.1328e-05,-0.024,32.0
6065,4.133e-05,-0.016,32.0
6066,4.1332000000000003e-05,-0.024,32.0
6067,4.1334e-05,-0.024,32.0
6068,4.1336e-05,-0.024,32.0
6069,4.1338e-05,-0.016,32.0
6070,4.134e-05,-0.024,31.2
6071,4.1342e-05,-0.016,31.2
6072,4.1344e-05,-0.024,31.2
6073,4.1346e-05,-0.016,31.2
6074,4.1348000000000005e-05,-0.016,31.2
6075,4.135e-05,-0.016,31.2
6076,4.1352000000000007e-05,-0.016,31.2
6077,4.1354000000000004e-05,-0.008,30.4
6078,4.1356e-05,-0.008,30.4
6079,4.1358000000000006e-05,-0.008,30.4
6080,4.1360000000000004e-05,-0.008,30.4
6081,4.1362e-05,0.0,30.4
6082,4.1364000000000006e-05,0.0,30.4
6083,4.1366000000000003e-05,0.0,30.4
6084,4.1368e-05,0.0,30.4
6085,4.1370000000000005e-05,0.0,30.4
6086,4.1372e-05,0.0,30.4
6087,4.1374e-05,0.0,31.2
6088,4.1376000000000005e-05,-0.008,31.2
6089,4.1378e-05,0.0,31.2
6090,4.138e-05,-0.008,31.2
6091,4.1382000000000005e-05,-0.008,31.2
6092,4.1384e-05,-0.008,31.2
6093,4.1386e-05,-0.008,31.2
6094,4.1388000000000004e-05,-0.008,31.2
6095,4.139e-05,-0.016,32.0
6096,4.1392e-05,-0.016,32.0
6097,4.1394000000000004e-05,-0.008,32.0
6098,4.1396e-05,-0.016,32.0
6099,4.1398e-05,-0.016,32.0
6100,4.1400000000000003e-05,-0.016,32.0
6101,4.1402e-05,-0.016,32.0
6102,4.1404e-05,-0.024,32.0
6103,4.1406e-05,-0.024,32.0
6104,4.1408e-05,-0.024,32.0
6105,4.141e-05,-0.016,32.0
6106,4.1412e-05,-0.016,31.2
6107,4.1414e-05,-0.016,31.2
6108,4.1416000000000005e-05,-0.024,31.2
6109,4.1418e-05,-0.016,31.2
6110,4.142000000000001e-05,-0.016,31.2
6111,4.1422000000000004e-05,-0.016,31.2
6112,4.1424e-05,-0.016,31.2
6113,4.1426000000000006e-05,-0.008,31.2
6114,4.1428000000000004e-05,-0.008,31.2
6115,4.143e-05,-0.008,30.4
6116,4.1432000000000006e-05,-0.008,30.4
6117,4.1434000000000003e-05,0.0,30.4
6118,4.1436e-05,-0.008,30.4
6119,4.1438000000000005e-05,0.0,30.4
6120,4.144e-05,-0.008,30.4
6121,4.1442e-05,0.0,30.4
6122,4.1444000000000005e-05,0.0,30.4
6123,4.1446e-05,0.0,31.2
6124,4.1448e-05,-0.008,31.2
6125,4.1450000000000005e-05,0.0,31.2
6126,4.1452e-05,-0.008,31.2
6127,4.1454e-05,-0.008,31.2
6128,4.1456000000000004e-05,-0.008,31.2
6129,4.1458e-05,0.0,31.2
6130,4.146e-05,-0.008,31.2
6131,4.1462000000000004e-05,-0.008,31.2
6132,4.1464e-05,-0.008,31.2
6133,4.1466e-05,-0.008,32.0
6134,4.1468000000000003e-05,-0.016,32.0
6135,4.147e-05,-0.016,32.0
6136,4.1472e-05,-0.016,32.0
6137,4.1474e-05,-0.008,32.0
6138,4.1476e-05,-0.016,32.0
6139,4.1478e-05,-0.016,32.0
6140,4.148e-05,-0.024,32.0
6141,4.1482e-05,-0.016,32.0
6142,4.1484000000000005e-05,-0.016,32.0
6143,4.1486e-05,-0.016,31.2
6144,4.148800000000001e-05,-0.016,31.2
6145,4.1490000000000004e-05,-0.016,31.2
6146,4.1492e-05,-0.016,31.2
6147,4.1494000000000006e-05,-0.016,31.2
6148,4.1496000000000004e-05,-0.016,31.2
6149,4.1498e-05,-0.008,31.2
6150,4.1500000000000006e-05,-0.016,31.2
6151,4.1502000000000003e-05,-0.008,31.2
6152,4.1504e-05,-0.008,31.2
6153,4.1506000000000005e-05,-0.008,31.2
6154,4.1508e-05,-0.008,30.4
6155,4.151e-05,-0.008,30.4
6156,4.1512000000000005e-05,-0.008,31.2
6157,4.1514e-05,0.0,31.2
6158,4.1516e-05,-0.008,31.2
6159,4.1518000000000005e-05,0.0,31.2
6160,4.152e-05,-0.008,31.2
6161,4.1522e-05,0.0,31.2
6162,4.1524000000000004e-05,-0.008,31.2
6163,4.1526e-05,0.0,31.2
6164,4.1528e-05,-0.008,31.2
6165,4.1530000000000004e-05,0.0,31.2
6166,4.1532e-05,-0.008,31.2
6167,4.1534e-05,-0.008,31.2
6168,4.1536000000000003e-05,-0.008,31.2
6169,4.1538e-05,-0.008,31.2
6170,4.154e-05,-0.016,31.2
6171,4.1542e-05,-0.008,31.2
6172,4.1544e-05,-0.016,32.0
6173,4.1546e-05,-0.008,32.0
6174,4.1548e-05,-0.016,32.0
6175,4.155e-05,-0.016,32.0
6176,4.1552000000000005e-05,-0.016,32.0
6177,4.1554e-05,-0.016,32.0
6178,4.1556e-05,-0.016,31.2
6179,4.1558000000000004e-05,-0.016,31.2
6180,4.156e-05,-0.016,31.2
6181,4.1562000000000006e-05,-0.008,31.2
6182,4.1564000000000004e-05,-0.016,31.2
6183,4.1566e-05,-0.016,31.2
6184,4.1568000000000006e-05,-0.016,31.2
6185,4.1570000000000003e-05,-0.008,31.2
6186,4.1572e-05,-0.016,31.2
6187,4.1574000000000005e-05,-0.008,31.2
6188,4.1576e-05,-0.008,31.2
6189,4.1578e-05,-0.008,31.2
6190,4.1580000000000005e-05,-0.008,31.2
6191,4.1582e-05,-0.008,31.2
6192,4.1584e-05,-0.008,31.2
6193,4.1586000000000005e-05,0.0,31.2
6194,4.1588e-05,-0.008,31.2
6195,4.159e-05,-0.008,31.2
6196,4.1592000000000004e-05,-0.008,31.2
6197,4.1594e-05,0.0,31.2
6198,4.1596e-05,-0.008,31.2
6199,4.1598000000000004e-05,0.0,31.2
6200,4.16e-05,-0.008,31.2
6201,4.1602e-05,0.0,31.2
6202,4.1604000000000004e-05,-0.008,31.2
6203,4.1606e-05,-0.008,31.2
6204,4.1608e-05,-0.008,31.2
6205,4.161e-05,-0.008,31.2
6206,4.1612e-05,-0.008,31.2
6207,4.1614e-05,-0.008,31.2
6208,4.1616e-05,-0.016,31.2
6209,4.1618e-05,-0.008,32.0
6210,4.1620000000000005e-05,-0.016,31.2
6211,4.1622e-05,-0.016,31.2
6212,4.1624e-05,-0.016,32.0
6213,4.1626000000000004e-05,-0.008,32.0
6214,4.1628e-05,-0.016,31.2
6215,4.1630000000000006e-05,-0.016,32.0
6216,4.1632000000000004e-05,-0.016,32.0
6217,4.1634e-05,-0.008,31.2
6218,4.1636000000000006e-05,-0.016,31.2
6219,4.1638000000000004e-05,-0.016,31.2
6220,4.164e-05,-0.016,31.2
6221,4.1642000000000006e-05,-0.008,31.2
6222,4.1644e-05,-0.016,31.2
6223,4.1646e-05,-0.008,31.2
6224,4.1648000000000005e-05,-0.016,31.2
6225,4.165e-05,-0.008,31.2
6226,4.1652e-05,-0.008,31.2
6227,4.1654000000000005e-05,-0.008,31.2
6228,4.1656e-05,-0.008,31.2
6229,4.1658e-05,-0.008,31.2
6230,4.1660000000000004e-05,-0.008,31.2
6231,4.1662e-05,-0.008,31.2
6232,4.1664e-05,-0.008,31.2
6233,4.1666000000000004e-05,0.0,31.2
6234,4.1668e-05,-0.008,31.2
6235,4.167e-05,-0.008,31.2
6236,4.1672000000000004e-05,-0.008,31.2
6237,4.1674e-05,0.0,31.2
6238,4.1676e-05,-0.008,31.2
6239,4.1678e-05,-0.008,31.2
6240,4.168e-05,-0.008,31.2
6241,4.1682e-05,0.0,31.2
6242,4.1684e-05,-0.008,31.2
6243,4.1686e-05,-0.008,31.2
6244,4.1688000000000005e-05,-0.008,31.2
6245,4.169e-05,-0.008,31.2
6246,4.1692e-05,-0.016,31.2
6247,4.1694000000000004e-05,-0.008,31.2
6248,4.1696e-05,-0.016,32.0
6249,4.1698000000000006e-05,-0.008,31.2
6250,4.1700000000000004e-05,-0.016,31.2
6251,4.1702e-05,-0.016,31.2
6252,4.1704000000000006e-05,-0.016,32.0
6253,4.1706000000000004e-05,-0.008,31.2
6254,4.1708e-05,-0.016,31.2
6255,4.1710000000000006e-05,-0.016,31.2
6256,4.1712e-05,-0.016,31.2
6257,4.1714e-05,-0.008,31.2
6258,4.1716000000000005e-05,-0.016,31.2
6259,4.1718e-05,-0.016,31.2
6260,4.172e-05,-0.016,31.2
6261,4.1722000000000005e-05,-0.008,31.2
6262,4.1724e-05,-0.016,31.2
6263,4.1726e-05,-0.008,31.2
6264,4.1728000000000004e-05,-0.008,31.2
6265,4.173e-05,0.0,31.2
6266,4.1732e-05,-0.008,31.2
6267,4.1734000000000004e-05,-0.008,31.2
6268,4.1736e-05,-0.008,31.2
6269,4.1738e-05,0.0,31.2
6270,4.1740000000000004e-05,-0.008,31.2
6271,4.1742e-05,-0.008,31.2
6272,4.1744e-05,-0.008,31.2
6273,4.1746e-05,0.0,31.2
6274,4.1748e-05,-0.008,31.2
6275,4.175e-05,-0.008,31.2
6276,4.1752e-05,-0.008,31.2
6277,4.1754e-05,0.0,31.2
6278,4.1756000000000005e-05,-0.008,31.2
6279,4.1758e-05,-0.008,31.2
6280,4.176e-05,-0.008,31.2
6281,4.1762000000000004e-05,-0.008,31.2
6282,4.1764e-05,-0.008,31.2
6283,4.1766000000000006e-05,-0.008,31.2
6284,4.1768000000000004e-05,-0.016,31.2
6285,4.177e-05,-0.008,31.2
6286,4.1772000000000006e-05,-0.016,31.2
6287,4.1774000000000004e-05,-0.016,31.2
6288,4.1776e-05,-0.016,31.2
6289,4.1778000000000006e-05,-0.008,31.2
6290,4.178e-05,-0.016,31.2
6291,4.1782e-05,-0.008,31.2
6292,4.1784000000000005e-05,-0.016,31.2
6293,4.1786e-05,-0.008,31.2
6294,4.1788e-05,-0.016,31.2
6295,4.1790000000000005e-05,-0.016,31.2
6296,4.1792e-05,-0.008,31.2
6297,4.1794e-05,-0.008,31.2
6298,4.1796000000000004e-05,-0.008,31.2
6299,4.1798e-05,-0.008,31.2
6300,4.18e-05,-0.008,31.2
6301,4.1802000000000004e-05,0.0,31.2
6302,4.1804e-05,-0.008,31.2
6303,4.1806e-05,-0.008,31.2
6304,4.1808000000000004e-05,-0.008,31.2
6305,4.181e-05,0.0,31.2
6306,4.1812e-05,-0.008,31.2
6307,4.1814e-05,-0.008,31.2
6308,4.1816e-05,-0.008,31.2
6309,4.1818e-05,0.0,31.2
6310,4.182e-05,-0.008,31.2
6311,4.1822e-05,-0.008,31.2
6312,4.1824000000000005e-05,-0.008,31.2
6313,4.1826e-05,-0.008,31.2
6314,4.1828e-05,-0.008,31.2
6315,4.1830000000000004e-05,-0.008,31.2
6316,4.1832e-05,-0.008,31.2
6317,4.1834000000000006e-05,-0.008,31.2
6318,4.1836000000000004e-05,-0.008,31.2
6319,4.1838e-05,-0.008,31.2
6320,4.1840000000000006e-05,-0.008,31.2
6321,4.1842000000000004e-05,-0.008,31.2
6322,4.1844e-05,-0.008,31.2
6323,4.1846000000000006e-05,-0.008,31.2
6324,4.1848e-05,-0.016,31.2
6325,4.185e-05,-0.008,31.2
6326,4.1852000000000005e-05,-0.016,31.2
6327,4.1854e-05,-0.016,31.2
6328,4.1856e-05,-0.016,31.2
6329,4.1858000000000005e-05,-0.008,31.2
6330,4.186e-05,-0.016,31.2
6331,4.1862e-05,-0.008,31.2
6332,4.1864000000000004e-05,-0.016,31.2
6333,4.1866e-05,-0.008,31.2
6334,4.1868e-05,-0.016,31.2
6335,4.1870000000000004e-05,-0.008,31.2
6336,4.1872e-05,-0.008,31.2
6337,4.1874e-05,-0.008,31.2
6338,4.1876000000000004e-05,-0.008,31.2
6339,4.1878e-05,-0.008,31.2
6340,4.188e-05,-0.008,31.2
6341,4.1882e-05,0.0,31.2
6342,4.1884e-05,-0.008,31.2
6343,4.1886e-05,-0.008,31.2
6344,4.1888e-05,-0.008,31.2
6345,4.189e-05,0.0,31.2
6346,4.1892000000000005e-05,-0.008,31.2
6347,4.1894e-05,-0.008,31.2
6348,4.1896e-05,-0.008,31.2
6349,4.1898000000000004e-05,0.0,31.2
6350,4.19e-05,-0.008,31.2
6351,4.1902000000000006e-05,-0.008,31.2
6352,4.1904000000000004e-05,-0.008,31.2
6353,4.1906e-05,-0.008,31.2
6354,4.1908000000000006e-05,-0.008,31.2
6355,4.1910000000000004e-05,-0.008,31.2
6356,4.1912e-05,-0.016,31.2
6357,4.1914000000000006e-05,-0.008,31.2
6358,4.1916e-05,-0.008,31.2
6359,4.1918e-05,-0.008,31.2
6360,4.1920000000000005e-05,-0.016,31.2
6361,4.1922e-05,-0.008,31.2
6362,4.1924e-05,-0.008,31.2
6363,4.1926000000000005e-05,-0.008,31.2
6364,4.1928e-05,-0.016,31.2
6365,4.193e-05,-0.008,31.2
6366,4.1932000000000004e-05,-0.016,31.2
6367,4.1934e-05,-0.008,31.2
6368,4.1936e-05,-0.016,31.2
6369,4.1938000000000004e-05,-0.008,31.2
6370,4.194e-05,-0.008,31.2
6371,4.1942e-05,-0.008,31.2
6372,4.1944000000000004e-05,-0.016,31.2
6373,4.1946e-05,-0.008,31.2
6374,4.1948e-05,-0.008,31.2
6375,4.195e-05,-0.008,31.2
6376,4.1952e-05,-0.008,31.2
6377,4.1954e-05,-0.008,31.2
6378,4.1956e-05,-0.008,31.2
6379,4.1958e-05,-0.008,31.2
6380,4.1960000000000005e-05,-0.008,31.2
6381,4.1962e-05,0.0,31.2
6382,4.1964e-05,-0.008,31.2
6383,4.1966000000000004e-05,-0.008,31.2
6384,4.1968e-05,-0.008,31.2
6385,4.1970000000000006e-05,0.0,31.2
6386,4.1972000000000004e-05,-0.008,31.2
6387,4.1974e-05,-0.008,31.2
6388,4.1976000000000006e-05,-0.008,31.2
6389,4.1978000000000004e-05,0.0,31.2
6390,4.198e-05,-0.008,31.2
6391,4.1982000000000006e-05,-0.008,31.2
6392,4.1984e-05,-0.008,31.2
6393,4.1986e-05,-0.008,31.2
6394,4.1988000000000005e-05,-0.008,31.2
6395,4.199e-05,-0.008,31.2
6396,4.1992e-05,-0.016,31.2
6397,4.1994000000000005e-05,-0.008,31.2
6398,4.1996e-05,-0.016,31.2
6399,4.1998e-05,-0.008,31.2
6400,4.2000000000000004e-05,-0.016,31.2
6401,4.2002e-05,-0.008,31.2
6402,4.2004e-05,-0.008,31.2
6403,4.2006000000000004e-05,-0.008,31.2
6404,4.2008e-05,-0.008,31.2
6405,4.201e-05,-0.008,31.2
6406,4.2012000000000004e-05,-0.008,31.2
6407,4.2014e-05,-0.008,31.2
6408,4.2016e-05,-0.008,31.2
6409,4.2018e-05,-0.008,31.2
6410,4.202e-05,-0.008,31.2
6411,4.2022e-05,-0.008,31.2
6412,4.2024e-05,-0.008,31.2
6413,4.2026e-05,-0.008,31.2
6414,4.2028000000000005e-05,-0.008,31.2
6415,4.203e-05,-0.008,31.2
6416,4.2032e-05,-0.008,31.2
6417,4.2034000000000004e-05,0.0,31.2
6418,4.2036e-05,-0.008,31.2
6419,4.2038000000000006e-05,-0.008,31.2
6420,4.2040000000000004e-05,-0.008,31.2
6421,4.2042e-05,-0.008,31.2
6422,4.2044000000000006e-05,-0.008,31.2
6423,4.2046000000000004e-05,-0.008,31.2
6424,4.2048e-05,-0.008,31.2
6425,4.2050000000000006e-05,-0.008,31.2
6426,4.2052e-05,-0.008,31.2
6427,4.2054e-05,-0.008,31.2
6428,4.2056000000000005e-05,-0.008,31.2
6429,4.2058e-05,-0.008,31.2
6430,4.206e-05,-0.008,31.2
6431,4.2062000000000005e-05,-0.008,31.2
6432,4.2064e-05,-0.008,31.2
6433,4.2066e-05,-0.008,31.2
6434,4.2068000000000004e-05,-0.008,31.2
6435,4.207e-05,-0.008,31.2
6436,4.2072e-05,-0.016,31.2
6437,4.2074000000000004e-05,-0.008,31.2
6438,4.2076e-05,-0.016,31.2
6439,4.2078e-05,-0.008,31.2
6440,4.2080000000000004e-05,-0.008,31.2
6441,4.2082e-05,-0.008,31.2
6442,4.2084e-05,-0.008,31.2
6443,4.2086e-05,-0.008,31.2
6444,4.2088e-05,-0.008,31.2
6445,4.209e-05,-0.008,31.2
6446,4.2092e-05,-0.008,31.2
6447,4.2094e-05,-0.008,31.2
6448,4.2096000000000005e-05,-0.008,31.2
6449,4.2098e-05,-0.008,31.2
6450,4.21e-05,-0.008,31.2
6451,4.2102000000000004e-05,-0.008,31.2
6452,4.2104e-05,-0.008,31.2
6453,4.2106000000000006e-05,0.0,31.2
6454,4.2108000000000004e-05,-0.008,31.2
6455,4.211e-05,-0.008,31.2
6456,4.2112000000000006e-05,-0.008,31.2
6457,4.2114000000000004e-05,0.0,31.2
6458,4.2116e-05,-0.008,31.2
6459,4.2118000000000006e-05,-0.008,31.2
6460,4.212e-05,-0.008,31.2
6461,4.2122e-05,-0.008,31.2
6462,4.2124000000000005e-05,-0.008,31.2
6463,4.2126e-05,-0.008,31.2
6464,4.2128e-05,-0.008,31.2
6465,4.2130000000000005e-05,-0.008,31.2
6466,4.2132e-05,-0.008,31.2
6467,4.2134e-05,-0.008,31.2
6468,4.2136000000000005e-05,-0.008,31.2
6469,4.2138e-05,-0.008,31.2
6470,4.214e-05,-0.008,31.2
6471,4.2142000000000004e-05,-0.008,31.2
6472,4.2144e-05,-0.016,31.2
6473,4.2146e-05,-0.008,31.2
6474,4.2148000000000004e-05,-0.008,31.2
6475,4.215e-05,-0.008,31.2
6476,4.2152e-05,-0.008,31.2
6477,4.2154e-05,-0.008,31.2
6478,4.2156e-05,-0.008,31.2
6479,4.2158e-05,-0.008,31.2
6480,4.216e-05,-0.016,31.2
6481,4.2162e-05,-0.008,31.2
6482,4.2164000000000005e-05,-0.008,31.2
6483,4.2166e-05,-0.008,31.2
6484,4.2168e-05,-0.008,31.2
6485,4.2170000000000005e-05,-0.008,31.2
6486,4.2172e-05,-0.008,31.2
6487,4.2174000000000007e-05,-0.008,31.2
6488,4.2176000000000004e-05,-0.008,31.2
6489,4.2178e-05,-0.008,31.2
6490,4.2180000000000006e-05,-0.008,31.2
6491,4.2182000000000004e-05,-0.008,31.2
6492,4.2184e-05,-0.008,31.2
6493,4.2186000000000006e-05,0.0,31.2
6494,4.2188e-05,-0.008,31.2
6495,4.219e-05,-0.008,31.2
6496,4.2192000000000005e-05,-0.008,31.2
6497,4.2194e-05,0.0,31.2
6498,4.2196e-05,-0.008,31.2
6499,4.2198000000000005e-05,-0.008,31.2
6500,4.22e-05,-0.008,31.2
6501,4.2202e-05,0.0,31.2
6502,4.2204000000000005e-05,-0.008,31.2
6503,4.2206e-05,-0.008,31.2
6504,4.2208e-05,-0.008,31.2
6505,4.2210000000000004e-05,-0.008,31.2
6506,4.2212e-05,-0.008,31.2
6507,4.2214e-05,-0.008,31.2
6508,4.2216000000000004e-05,-0.008,31.2
6509,4.2218e-05,0.0,31.2
6510,4.222e-05,-0.016,31.2
6511,4.2222e-05,-0.008,31.2
6512,4.2224e-05,-0.008,31.2
6513,4.2226e-05,-0.008,31.2
6514,4.2228e-05,-0.008,31.2
6515,4.223e-05,-0.008,31.2
6516,4.2232000000000005e-05,-0.016,31.2
6517,4.2234e-05,-0.008,31.2
6518,4.2236e-05,-0.008,31.2
6519,4.2238000000000005e-05,-0.008,31.2
6520,4.224e-05,-0.016,31.2
6521,4.2242000000000007e-05,-0.008,31.2
6522,4.2244000000000004e-05,-0.008,31.2
6523,4.2246e-05,-0.008,31.2
6524,4.2248000000000006e-05,-0.008,31.2
6525,4.2250000000000004e-05,-0.008,31.2
6526,4.2252e-05,-0.008,31.2
6527,4.2254000000000006e-05,-0.008,31.2
6528,4.2256e-05,-0.008,31.2
6529,4.2258e-05,-0.008,31.2
6530,4.2260000000000005e-05,-0.008,31.2
6531,4.2262e-05,-0.008,31.2
6532,4.2264e-05,-0.008,31.2
6533,4.2266000000000005e-05,0.0,31.2
6534,4.2268e-05,-0.008,31.2
6535,4.227e-05,-0.008,31.2
6536,4.2272000000000005e-05,-0.008,31.2
6537,4.2274e-05,0.0,31.2
6538,4.2276e-05,-0.008,31.2
6539,4.2278000000000004e-05,-0.008,31.2
6540,4.228e-05,-0.008,31.2
6541,4.2282e-05,0.0,31.2
6542,4.2284000000000004e-05,-0.008,31.2
6543,4.2286e-05,-0.008,31.2
6544,4.2288e-05,-0.008,31.2
6545,4.229e-05,-0.008,31.2
6546,4.2292e-05,-0.008,31.2
6547,4.2294e-05,-0.008,31.2
6548,4.2296e-05,-0.008,31.2
6549,4.2298e-05,-0.008,31.2
6550,4.2300000000000005e-05,-0.016,31.2
6551,4.2302e-05,-0.008,31.2
6552,4.2304e-05,-0.008,31.2
6553,4.2306000000000005e-05,-0.008,31.2
6554,4.2308e-05,-0.008,31.2
6555,4.2310000000000007e-05,-0.008,31.2
6556,4.2312000000000004e-05,-0.008,31.2
6557,4.2314e-05,-0.008,31.2
6558,4.2316000000000006e-05,-0.008,31.2
6559,4.2318000000000004e-05,-0.008,31.2
6560,4.232e-05,-0.008,31.2
6561,4.2322000000000006e-05,0.0,31.2
6562,4.2324e-05,-0.008,31.2
6563,4.2326e-05,-0.008,31.2
6564,4.2328000000000005e-05,-0.008,31.2
6565,4.233e-05,-0.008,31.2
6566,4.2332e-05,-0.008,31.2
6567,4.2334000000000005e-05,-0.008,31.2
6568,4.2336e-05,-0.008,31.2
6569,4.2338e-05,0.0,31.2
6570,4.2340000000000005e-05,-0.008,31.2
6571,4.2342e-05,-0.008,31.2
6572,4.2344e-05,-0.008,31.2
6573,4.2346000000000004e-05,-0.008,31.2
6574,4.2348e-05,-0.008,31.2
6575,4.235e-05,-0.008,31.2
6576,4.2352000000000004e-05,-0.008,31.2
6577,4.2354e-05,-0.008,31.2
6578,4.2356e-05,-0.008,31.2
6579,4.2358000000000003e-05,-0.008,31.2
6580,4.236e-05,-0.008,31.2
6581,4.2362e-05,-0.008,31.2
6582,4.2364e-05,-0.008,31.2
6583,4.2366e-05,-0.008,31.2
6584,4.2368000000000005e-05,-0.008,31.2
6585,4.237e-05,0.0,31.2
6586,4.2372e-05,-0.008,31.2
6587,4.2374000000000005e-05,-0.008,31.2
6588,4.2376e-05,-0.008,31.2
6589,4.2378000000000007e-05,-0.008,31.2
6590,4.2380000000000004e-05,-0.016,31.2
6591,4.2382e-05,-0.008,31.2
6592,4.2384000000000006e-05,-0.008,31.2
6593,4.2386000000000004e-05,-0.008,31.2
6594,4.2388e-05,-0.008,31.2
6595,4.2390000000000006e-05,-0.008,31.2
6596,4.2392000000000003e-05,-0.008,31.2
6597,4.2394e-05,-0.008,31.2
6598,4.2396000000000005e-05,-0.008,31.2
6599,4.2398e-05,-0.008,31.2
6600,4.24e-05,-0.008,31.2
6601,4.2402000000000005e-05,0.0,31.2
6602,4.2404e-05,-0.008,31.2
6603,4.2406e-05,-0.008,31.2
6604,4.2408000000000005e-05,-0.008,31.2
6605,4.241e-05,0.0,31.2
6606,4.2412e-05,-0.008,31.2
6607,4.2414000000000004e-05,-0.008,31.2
6608,4.2416e-05,-0.008,31.2
6609,4.2418e-05,0.0,31.2
6610,4.2420000000000004e-05,-0.008,31.2
6611,4.2422e-05,-0.008,31.2
6612,4.2424e-05,-0.008,31.2
6613,4.2426000000000003e-05,0.0,31.2
6614,4.2428e-05,-0.008,31.2
6615,4.243e-05,-0.008,31.2
6616,4.2432e-05,-0.008,31.2
6617,4.2434e-05,-0.008,31.2
6618,4.2436e-05,-0.008,31.2
6619,4.2438e-05,-0.008,31.2
6620,4.244e-05,-0.008,31.2
6621,4.2442000000000005e-05,-0.008,31.2
6622,4.2444e-05,-0.008,31.2
6623,4.244600000000001e-05,-0.008,31.2
6624,4.2448000000000004e-05,-0.008,31.2
6625,4.245e-05,-0.008,31.2
6626,4.2452000000000006e-05,-0.008,31.2
6627,4.2454000000000004e-05,-0.008,31.2
6628,4.2456e-05,-0.008,31.2
6629,4.2458000000000006e-05,-0.008,31.2
6630,4.2460000000000003e-05,-0.008,31.2
6631,4.2462e-05,-0.008,31.2
6632,4.2464000000000005e-05,-0.008,31.2
6633,4.2466e-05,0.0,31.2
6634,4.2468e-05,-0.008,31.2
6635,4.2470000000000005e-05,-0.008,31.2
6636,4.2472e-05,-0.008,31.2
6637,4.2474e-05,-0.008,31.2
6638,4.2476000000000005e-05,-0.008,31.2
6639,4.2478e-05,-0.008,31.2
6640,4.248e-05,-0.008,31.2
6641,4.2482000000000004e-05,-0.008,31.2
6642,4.2484e-05,-0.008,31.2
6643,4.2486e-05,-0.008,31.2
6644,4.2488000000000004e-05,-0.008,31.2
6645,4.249e-05,-0.008,31.2
6646,4.2492e-05,-0.008,31.2
6647,4.2494000000000003e-05,-0.008,31.2
6648,4.2496e-05,-0.008,31.2
6649,4.2498e-05,0.0,31.2
6650,4.25e-05,-0.008,31.2
6651,4.2502e-05,-0.008,31.2
6652,4.2504e-05,-0.008,31.2
6653,4.2506e-05,-0.008,31.2
6654,4.2508e-05,-0.008,31.2
6655,4.2510000000000005e-05,-0.008,31.2
6656,4.2512e-05,-0.008,31.2
6657,4.251400000000001e-05,-0.008,31.2
6658,4.2516000000000004e-05,-0.008,31.2
6659,4.2518e-05,-0.008,31.2
6660,4.2520000000000006e-05,-0.008,31.2
6661,4.2522000000000004e-05,0.0,31.2
6662,4.2524e-05,-0.008,31.2
6663,4.2526000000000006e-05,-0.008,31.2
6664,4.2528000000000003e-05,-0.008,31.2
6665,4.253e-05,-0.008,31.2
6666,4.2532000000000005e-05,-0.008,31.2
6667,4.2534e-05,-0.008,31.2
6668,4.2536e-05,-0.008,31.2
6669,4.2538000000000005e-05,0.0,31.2
6670,4.254e-05,-0.008,31.2
6671,4.2542e-05,-0.008,31.2
6672,4.2544000000000005e-05,-0.008,31.2
6673,4.2546e-05,-0.008,31.2
6674,4.2548e-05,-0.008,31.2
6675,4.2550000000000004e-05,-0.008,31.2
6676,4.2552e-05,-0.008,31.2
6677,4.2554e-05,-0.008,31.2
6678,4.2556000000000004e-05,-0.008,31.2
6679,4.2558e-05,-0.008,31.2
6680,4.256e-05,-0.008,31.2
6681,4.2562000000000003e-05,0.0,31.2
6682,4.2564e-05,-0.008,31.2
6683,4.2566e-05,-0.008,31.2
6684,4.2568e-05,-0.008,31.2
6685,4.257e-05,-0.008,31.2
6686,4.2572e-05,-0.008,31.2
6687,4.2574e-05,-0.008,31.2
6688,4.2576e-05,-0.008,31.2
6689,4.2578000000000005e-05,0.0,31.2
6690,4.258e-05,-0.008,31.2
6691,4.258200000000001e-05,-0.008,31.2
6692,4.2584000000000004e-05,-0.008,31.2
6693,4.2586e-05,0.0,31.2
6694,4.2588000000000006e-05,-0.008,31.2
6695,4.2590000000000004e-05,-0.008,31.2
6696,4.2592e-05,-0.008,31.2
6697,4.2594000000000006e-05,-0.008,31.2
6698,4.2596000000000003e-05,-0.008,31.2
6699,4.2598e-05,-0.008,31.2
6700,4.2600000000000005e-05,-0.008,31.2
6701,4.2602e-05,-0.008,31.2
6702,4.2604e-05,-0.008,31.2
6703,4.2606000000000005e-05,-0.008,31.2
6704,4.2608e-05,-0.008,31.2
6705,4.261e-05,-0.008,31.2
6706,4.2612000000000005e-05,-0.008,31.2
6707,4.2614e-05,-0.008,31.2
6708,4.2616e-05,-0.008,31.2
6709,4.2618000000000004e-05,-0.008,31.2
6710,4.262e-05,-0.008,31.2
6711,4.2622e-05,-0.008,31.2
6712,4.2624000000000004e-05,-0.008,31.2
6713,4.2626e-05,0.0,31.2
6714,4.2628e-05,-0.008,31.2
6715,4.2630000000000004e-05,-0.008,31.2
6716,4.2632e-05,-0.008,31.2
6717,4.2634e-05,0.0,31.2
6718,4.2636e-05,-0.008,31.2
6719,4.2638e-05,-0.008,31.2
6720,4.264e-05,-0.008,31.2
6721,4.2642e-05,0.0,31.2
6722,4.2644e-05,-0.008,31.2
6723,4.2646000000000005e-05,-0.008,31.2
6724,4.2648e-05,-0.008,31.2
6725,4.265000000000001e-05,0.0,31.2
6726,4.2652000000000004e-05,-0.008,31.2
6727,4.2654e-05,-0.008,31.2
6728,4.2656000000000006e-05,-0.008,31.2
6729,4.2658000000000004e-05,-0.008,31.2
6730,4.266e-05,-0.008,31.2
6731,4.2662000000000006e-05,-0.008,31.2
6732,4.2664000000000004e-05,-0.008,31.2
6733,4.2666e-05,0.0,31.2
6734,4.2668000000000006e-05,-0.008,31.2
6735,4.267e-05,-0.008,31.2
6736,4.2672e-05,-0.008,31.2
6737,4.2674000000000005e-05,-0.008,31.2
6738,4.2676e-05,-0.008,31.2
6739,4.2678e-05,-0.008,31.2
6740,4.2680000000000005e-05,-0.008,31.2
6741,4.2682e-05,0.0,31.2
6742,4.2684e-05,-0.008,31.2
6743,4.2686000000000004e-05,-0.008,31.2
6744,4.2688e-05,-0.008,31.2
6745,4.269e-05,0.0,31.2
6746,4.2692000000000004e-05,-0.008,31.2
6747,4.2694e-05,-0.008,31.2
6748,4.2696e-05,-0.008,31.2
6749,4.2698000000000004e-05,-0.008,31.2
6750,4.27e-05,-0.008,31.2
6751,4.2702e-05,-0.008,31.2
6752,4.2704e-05,-0.008,31.2
6753,4.2706e-05,-0.008,31.2
6754,4.2708e-05,-0.008,31.2
6755,4.271e-05,-0.008,31.2
6756,4.2712e-05,-0.008,31.2
6757,4.2714000000000005e-05,0.0,31.2
6758,4.2716e-05,-0.008,31.2
6759,4.2718e-05,-0.008,31.2
6760,4.2720000000000004e-05,-0.008,31.2
6761,4.2722e-05,0.0,31.2
6762,4.2724000000000006e-05,-0.008,31.2
6763,4.2726000000000004e-05,-0.008,31.2
6764,4.2728e-05,-0.008,31.2
6765,4.2730000000000006e-05,0.0,31.2
6766,4.2732000000000004e-05,-0.008,31.2
6767,4.2734e-05,-0.008,31.2
6768,4.2736000000000006e-05,-0.008,31.2
6769,4.2738e-05,-0.008,31.2
6770,4.274e-05,-0.008,31.2
6771,4.2742000000000005e-05,-0.008,31.2
6772,4.2744e-05,-0.008,31.2
6773,4.2746e-05,-0.008,31.2
6774,4.2748000000000005e-05,-0.008,31.2
6775,4.275e-05,-0.008,31.2
6776,4.2752e-05,-0.008,31.2
6777,4.2754000000000004e-05,0.0,31.2
6778,4.2756e-05,-0.008,31.2
6779,4.2758e-05,-0.008,31.2
6780,4.2760000000000004e-05,-0.008,31.2
6781,4.2762e-05,0.0,31.2
6782,4.2764e-05,-0.008,31.2
6783,4.2766000000000004e-05,-0.008,31.2
6784,4.2768e-05,-0.008,31.2
6785,4.277e-05,-0.008,31.2
6786,4.2772e-05,-0.008,31.2
6787,4.2774e-05,-0.008,31.2
6788,4.2776e-05,-0.008,31.2
6789,4.2778e-05,0.0,31.2
6790,4.278e-05,-0.008,31.2
6791,4.2782000000000005e-05,-0.008,31.2
6792,4.2784e-05,-0.008,31.2
6793,4.2786e-05,-0.008,31.2
6794,4.2788000000000004e-05,-0.008,31.2
6795,4.279e-05,-0.008,31.2
6796,4.2792000000000006e-05,-0.008,31.2
6797,4.2794000000000004e-05,0.0,31.2
6798,4.2796e-05,-0.008,31.2
6799,4.2798000000000006e-05,-0.008,31.2
6800,4.2800000000000004e-05,-0.008,31.2
6801,4.2802e-05,0.0,31.2
6802,4.2804000000000006e-05,-0.008,31.2
6803,4.2806e-05,-0.008,31.2
6804,4.2808e-05,-0.008,31.2
6805,4.2810000000000005e-05,-0.008,31.2
6806,4.2812e-05,-0.008,31.2
6807,4.2814e-05,-0.008,31.2
6808,4.2816000000000005e-05,-0.008,31.2
6809,4.2818e-05,-0.008,31.2
6810,4.282e-05,-0.008,31.2
6811,4.2822000000000004e-05,-0.008,31.2
6812,4.2824e-05,-0.008,31.2
6813,4.2826e-05,-0.008,31.2
6814,4.2828000000000004e-05,-0.008,31.2
6815,4.283e-05,-0.008,31.2
6816,4.2832e-05,-0.008,31.2
6817,4.2834000000000004e-05,-0.008,31.2
6818,4.2836e-05,-0.008,31.2
6819,4.2838e-05,-0.008,31.2
6820,4.284e-05,-0.008,31.2
6821,4.2842e-05,-0.008,31.2
6822,4.2844e-05,-0.008,31.2
6823,4.2846e-05,-0.008,31.2
6824,4.2848e-05,-0.008,31.2
6825,4.2850000000000005e-05,-0.008,31.2
6826,4.2852e-05,-0.008,31.2
6827,4.2854e-05,-0.008,31.2
6828,4.2856000000000004e-05,-0.008,31.2
6829,4.2858e-05,0.0,31.2
6830,4.2860000000000006e-05,-0.008,31.2
6831,4.2862000000000004e-05,-0.008,31.2
6832,4.2864e-05,-0.008,31.2
6833,4.2866000000000006e-05,0.0,31.2
6834,4.2868000000000004e-05,-0.008,31.2
6835,4.287e-05,-0.008,31.2
6836,4.2872000000000006e-05,-0.008,31.2
6837,4.2874e-05,0.0,31.2
6838,4.2876e-05,-0.008,31.2
6839,4.2878000000000005e-05,-0.008,31.2
6840,4.288e-05,-0.008,31.2
6841,4.2882e-05,0.0,31.2
6842,4.2884000000000005e-05,-0.008,31.2
6843,4.2886e-05,-0.008,31.2
6844,4.2888e-05,-0.008,31.2
6845,4.2890000000000004e-05,-0.008,31.2
6846,4.2892e-05,-0.008,31.2
6847,4.2894e-05,-0.008,31.2
6848,4.2896000000000004e-05,-0.008,31.2
6849,4.2898e-05,0.0,31.2
6850,4.29e-05,-0.008,31.2
6851,4.2902000000000004e-05,-0.008,31.2
6852,4.2904e-05,-0.008,31.2
6853,4.2906e-05,0.0,31.2
6854,4.2908e-05,-0.008,31.2
6855,4.291e-05,-0.008,31.2
6856,4.2912e-05,-0.008,31.2
6857,4.2914e-05,0.0,31.2
6858,4.2916e-05,-0.008,31.2
6859,4.2918000000000005e-05,-0.008,31.2
6860,4.292e-05,-0.008,31.2
6861,4.2922e-05,0.0,31.2
6862,4.2924000000000004e-05,-0.008,31.2
6863,4.2926e-05,-0.008,31.2
6864,4.2928000000000006e-05,-0.008,31.2
6865,4.2930000000000004e-05,0.0,31.2
6866,4.2932e-05,-0.008,31.2
6867,4.2934000000000006e-05,-0.008,31.2
6868,4.2936000000000004e-05,-0.008,31.2
6869,4.2938e-05,0.0,31.2
6870,4.2940000000000006e-05,-0.008,31.2
6871,4.2942e-05,-0.008,31.2
6872,4.2944e-05,-0.008,31.2
6873,4.2946000000000005e-05,0.0,31.2
6874,4.2948e-05,-0.008,31.2
6875,4.295e-05,-0.008,31.2
6876,4.2952000000000005e-05,-0.008,31.2
6877,4.2954e-05,0.0,31.2
6878,4.2956e-05,-0.008,31.2
6879,4.2958000000000004e-05,-0.008,31.2
6880,4.296e-05,-0.008,31.2
6881,4.2962e-05,0.0,31.2
6882,4.2964000000000004e-05,-0.008,31.2
6883,4.2966e-05,-0.008,31.2
6884,4.2968e-05,-0.008,31.2
6885,4.2970000000000004e-05,-0.008,31.2
6886,4.2972e-05,-0.008,31.2
6887,4.2974e-05,-0.008,31.2
6888,4.2976e-05,-0.008,31.2
6889,4.2978e-05,-0.008,31.2
6890,4.298e-05,-0.008,31.2
6891,4.2982e-05,-0.008,31.2
6892,4.2984e-05,-0.008,31.2
6893,4.2986000000000005e-05,0.0,31.2
6894,4.2988e-05,-0.008,31.2
6895,4.299e-05,-0.008,31.2
6896,4.2992000000000004e-05,-0.008,31.2
6897,4.2994e-05,-0.008,31.2
6898,4.2996000000000006e-05,-0.008,31.2
6899,4.2998000000000004e-05,-0.008,31.2
6900,4.3e-05,-0.008,31.2
6901,4.3002000000000006e-05,0.0,31.2
6902,4.3004000000000004e-05,-0.008,31.2
6903,4.3006e-05,-0.008,31.2
6904,4.3008000000000006e-05,-0.008,31.2
6905,4.301e-05,-0.008,31.2
6906,4.3012e-05,-0.008,31.2
6907,4.3014000000000005e-05,-0.008,31.2
6908,4.3016e-05,-0.008,31.2
6909,4.3018e-05,0.0,31.2
6910,4.3020000000000005e-05,-0.008,31.2
6911,4.3022e-05,-0.008,31.2
6912,4.3024e-05,-0.008,31.2
6913,4.3026000000000004e-05,-0.008,31.2
6914,4.3028e-05,-0.008,31.2
6915,4.303e-05,-0.008,31.2
6916,4.3032000000000004e-05,-0.008,31.2
6917,4.3034e-05,-0.008,31.2
6918,4.3036e-05,-0.008,31.2
6919,4.3038000000000004e-05,-0.008,31.2
6920,4.304e-05,-0.008,31.2
6921,4.3042e-05,0.0,31.2
6922,4.3044e-05,-0.008,31.2
6923,4.3046e-05,-0.008,31.2
6924,4.3048e-05,-0.008,31.2
6925,4.305e-05,-0.008,31.2
6926,4.3052e-05,-0.008,31.2
6927,4.3054000000000005e-05,-0.008,31.2
6928,4.3056e-05,-0.008,31.2
6929,4.3058e-05,0.0,31.2
6930,4.3060000000000004e-05,-0.008,31.2
6931,4.3062e-05,-0.008,31.2
6932,4.3064000000000006e-05,-0.008,31.2
6933,4.3066000000000004e-05,-0.008,31.2
6934,4.3068e-05,-0.008,31.2
6935,4.3070000000000006e-05,-0.008,31.2
6936,4.3072000000000004e-05,-0.008,31.2
6937,4.3074e-05,-0.008,31.2
6938,4.3076000000000006e-05,-0.008,31.2
6939,4.3078e-05,-0.008,31.2
6940,4.308e-05,-0.008,31.2
6941,4.3082000000000005e-05,0.0,31.2
6942,4.3084e-05,-0.008,31.2
6943,4.3086e-05,-0.008,31.2
6944,4.3088000000000005e-05,-0.008,31.2
6945,4.309e-05,0.0,31.2
6946,4.3092e-05,-0.008,31.2
6947,4.3094000000000004e-05,-0.008,31.2
6948,4.3096e-05,-0.008,31.2
6949,4.3098e-05,0.0,31.2
6950,4.3100000000000004e-05,-0.008,31.2
6951,4.3102e-05,-0.008,31.2
6952,4.3104e-05,-0.008,31.2
6953,4.3106000000000004e-05,0.0,31.2
6954,4.3108e-05,-0.008,31.2
6955,4.311e-05,-0.008,31.2
6956,4.3112e-05,-0.008,31.2
6957,4.3114e-05,0.0,31.2
6958,4.3116e-05,-0.008,31.2
6959,4.3118e-05,-0.008,31.2
6960,4.312e-05,-0.008,31.2
6961,4.3122000000000005e-05,0.0,31.2
6962,4.3124e-05,-0.008,31.2
6963,4.3126e-05,-0.008,31.2
6964,4.3128000000000004e-05,-0.008,31.2
6965,4.313e-05,0.0,31.2
6966,4.3132000000000006e-05,-0.008,31.2
6967,4.3134000000000004e-05,-0.008,31.2
6968,4.3136e-05,-0.008,31.2
6969,4.3138000000000006e-05,-0.008,31.2
6970,4.3140000000000004e-05,-0.008,31.2
6971,4.3142e-05,-0.008,31.2
6972,4.3144000000000006e-05,-0.008,31.2
6973,4.3146e-05,0.0,31.2
6974,4.3148e-05,-0.008,31.2
6975,4.3150000000000005e-05,-0.008,31.2
6976,4.3152e-05,-0.008,31.2
6977,4.3154e-05,0.0,31.2
6978,4.3156000000000005e-05,-0.008,31.2
6979,4.3158e-05,-0.008,31.2
6980,4.316e-05,-0.008,31.2
6981,4.3162000000000005e-05,0.0,31.2
6982,4.3164e-05,-0.008,31.2
6983,4.3166e-05,-0.008,31.2
6984,4.3168000000000004e-05,-0.008,31.2
6985,4.317e-05,0.0,31.2
6986,4.3172e-05,-0.008,31.2
6987,4.3174000000000004e-05,-0.008,31.2
6988,4.3176e-05,-0.008,31.2
6989,4.3178e-05,0.0,31.2
6990,4.318e-05,-0.008,31.2
6991,4.3182e-05,-0.008,31.2
6992,4.3184e-05,-0.008,31.2
6993,4.3186e-05,0.0,31.2
6994,4.3188e-05,-0.008,31.2
6995,4.3190000000000005e-05,-0.008,31.2
6996,4.3192e-05,-0.008,31.2
6997,4.3194e-05,0.0,31.2
6998,4.3196000000000005e-05,-0.008,31.2
6999,4.3198e-05,-0.008,31.2
7000,4.3200000000000007e-05,-0.008,31.2
7001,4.3202000000000004e-05,0.0,31.2
7002,4.3204e-05,-0.008,31.2
7003,4.3206000000000006e-05,-0.008,31.2
7004,4.3208000000000004e-05,-0.008,31.2
7005,4.321e-05,-0.008,31.2
7006,4.3212000000000006e-05,-0.008,31.2
7007,4.3214e-05,-0.008,31.2
7008,4.3216e-05,-0.008,31.2
7009,4.3218000000000005e-05,0.0,31.2
7010,4.322e-05,-0.008,31.2
7011,4.3222e-05,0.0,31.2
7012,4.3224000000000005e-05,-0.008,31.2
7013,4.3226e-05,0.0,31.2
7014,4.3228e-05,-0.008,31.2
7015,4.3230000000000005e-05,-0.008,31.2
7016,4.3232e-05,-0.008,31.2
7017,4.3234e-05,0.0,31.2
7018,4.3236000000000004e-05,-0.008,31.2
7019,4.3238e-05,-0.008,31.2
7020,4.324e-05,-0.008,31.2
7021,4.3242000000000004e-05,0.0,31.2
7022,4.3244e-05,-0.008,31.2
7023,4.3246e-05,-0.008,31.2
7024,4.3248e-05,-0.008,31.2
7025,4.325e-05,0.0,31.2
7026,4.3252e-05,-0.008,31.2
7027,4.3254e-05,-0.008,31.2
7028,4.3256e-05,-0.008,31.2
7029,4.3258000000000005e-05,0.0,31.2
7030,4.326e-05,-0.008,31.2
7031,4.3262e-05,-0.008,31.2
7032,4.3264000000000005e-05,-0.008,31.2
7033,4.3266e-05,0.0,31.2
7034,4.3268000000000007e-05,-0.008,31.2
7035,4.3270000000000004e-05,-0.008,31.2
7036,4.3272e-05,-0.008,31.2
7037,4.3274000000000006e-05,-0.008,31.2
7038,4.3276000000000004e-05,-0.008,31.2
7039,4.3278e-05,-0.008,31.2
7040,4.3280000000000006e-05,-0.008,31.2
7041,4.3282e-05,0.0,31.2
7042,4.3284e-05,-0.008,31.2
7043,4.3286000000000005e-05,-0.008,31.2
7044,4.3288e-05,-0.008,31.2
7045,4.329e-05,0.0,31.2
7046,4.3292000000000005e-05,-0.008,31.2
7047,4.3294e-05,-0.008,31.2
7048,4.3296e-05,-0.008,31.2
7049,4.3298000000000005e-05,0.0,31.2
7050,4.33e-05,-0.008,31.2
7051,4.3302e-05,-0.008,31.2
7052,4.3304000000000004e-05,-0.008,31.2
7053,4.3306e-05,0.0,31.2
7054,4.3308e-05,-0.008,31.2
7055,4.3310000000000004e-05,-0.008,31.2
7056,4.3312e-05,-0.008,31.2
7057,4.3314e-05,0.0,31.2
7058,4.3316e-05,-0.008,31.2
7059,4.3318e-05,-0.008,31.2
7060,4.332e-05,-0.008,31.2
7061,4.3322e-05,0.0,31.2
7062,4.3324e-05,-0.008,31.2
7063,4.3326000000000005e-05,-0.008,31.2
7064,4.3328e-05,-0.008,31.2
7065,4.333e-05,0.0,31.2
7066,4.3332000000000005e-05,-0.008,31.2
7067,4.3334e-05,-0.008,31.2
7068,4.3336000000000007e-05,-0.008,31.2
7069,4.3338000000000004e-05,-0.008,31.2
7070,4.334e-05,-0.008,31.2
7071,4.3342000000000006e-05,-0.008,31.2
7072,4.3344000000000004e-05,-0.008,31.2
7073,4.3346e-05,0.0,31.2
7074,4.3348000000000006e-05,-0.008,31.2
7075,4.335e-05,-0.008,31.2
7076,4.3352e-05,-0.008,31.2
7077,4.3354000000000005e-05,-0.008,31.2
7078,4.3356e-05,-0.008,31.2
7079,4.3358e-05,-0.008,31.2
7080,4.3360000000000005e-05,-0.008,31.2
7081,4.3362e-05,0.0,31.2
7082,4.3364e-05,-0.008,31.2
7083,4.3366000000000005e-05,-0.008,31.2
7084,4.3368e-05,-0.008,31.2
7085,4.337e-05,0.0,31.2
7086,4.3372000000000004e-05,-0.008,31.2
7087,4.3374e-05,-0.008,31.2
7088,4.3376e-05,-0.008,31.2
7089,4.3378000000000004e-05,0.0,31.2
7090,4.338e-05,-0.008,31.2
7091,4.3382e-05,-0.008,31.2
7092,4.3384000000000003e-05,-0.008,31.2
7093,4.3386e-05,0.0,31.2
7094,4.3388e-05,-0.008,31.2
7095,4.339e-05,-0.008,31.2
7096,4.3392e-05,-0.008,31.2
7097,4.3394000000000005e-05,0.0,31.2
7098,4.3396e-05,-0.008,31.2
7099,4.3398e-05,-0.008,31.2
7100,4.3400000000000005e-05,-0.008,31.2
7101,4.3402e-05,0.0,31.2
7102,4.3404000000000007e-05,-0.008,31.2
7103,4.3406000000000004e-05,-0.008,31.2
7104,4.3408e-05,-0.008,31.2
7105,4.3410000000000006e-05,-0.008,31.2
7106,4.3412000000000004e-05,-0.008,31.2
7107,4.3414e-05,-0.008,31.2
7108,4.3416000000000006e-05,-0.008,31.2
7109,4.3418000000000003e-05,0.0,31.2
7110,4.342e-05,-0.008,31.2
7111,4.3422000000000005e-05,-0.008,31.2
7112,4.3424e-05,-0.008,31.2
7113,4.3426e-05,0.0,31.2
7114,4.3428000000000005e-05,-0.008,31.2
7115,4.343e-05,-0.008,31.2
7116,4.3432e-05,-0.008,31.2
7117,4.3434000000000005e-05,-0.008,31.2
7118,4.3436e-05,-0.008,31.2
7119,4.3438e-05,-0.008,31.2
7120,4.3440000000000004e-05,-0.008,31.2
7121,4.3442e-05,0.0,31.2
7122,4.3444e-05,-0.008,31.2
7123,4.3446000000000004e-05,-0.008,31.2
7124,4.3448e-05,-0.008,31.2
7125,4.345e-05,0.0,31.2
7126,4.3452000000000003e-05,-0.008,31.2
7127,4.3454e-05,-0.008,31.2
7128,4.3456e-05,-0.008,31.2
7129,4.3458e-05,0.0,31.2
7130,4.346e-05,-0.008,31.2
7131,4.3462000000000005e-05,-0.008,31.2
7132,4.3464e-05,-0.008,31.2
7133,4.3466e-05,0.0,31.2
7134,4.3468000000000005e-05,-0.008,31.2
7135,4.347e-05,-0.008,31.2
7136,4.347200000000001e-05,-0.008,31.2
7137,4.3474000000000004e-05,-0.008,31.2
7138,4.3476e-05,-0.008,31.2
7139,4.3478000000000006e-05,-0.008,31.2
7140,4.3480000000000004e-05,-0.008,31.2
7141,4.3482e-05,-0.008,31.2
7142,4.3484000000000006e-05,-0.008,31.2
7143,4.3486000000000003e-05,-0.008,31.2
7144,4.3488e-05,-0.008,31.2
7145,4.3490000000000005e-05,0.0,31.2
7146,4.3492e-05,-0.008,31.2
7147,4.3494e-05,-0.008,31.2
7148,4.3496000000000005e-05,-0.008,31.2
7149,4.3498e-05,0.0,31.2
7150,4.35e-05,-0.008,31.2
7151,4.3502000000000005e-05,-0.008,31.2
7152,4.3504e-05,-0.008,31.2
7153,4.3506e-05,0.0,31.2
7154,4.3508000000000004e-05,-0.008,31.2
7155,4.351e-05,-0.008,31.2
7156,4.3512e-05,-0.008,31.2
7157,4.3514000000000004e-05,0.0,31.2
7158,4.3516e-05,-0.008,31.2
7159,4.3518e-05,-0.008,31.2
7160,4.3520000000000003e-05,-0.008,31.2
7161,4.3522e-05,0.0,31.2
7162,4.3524e-05,-0.008,31.2
7163,4.3526e-05,-0.008,31.2
7164,4.3528e-05,-0.008,31.2
7165,4.3530000000000005e-05,0.0,31.2
7166,4.3532e-05,-0.008,31.2
7167,4.3534e-05,-0.008,31.2
7168,4.3536000000000005e-05,-0.008,31.2
7169,4.3538e-05,0.0,31.2
7170,4.354000000000001e-05,-0.008,31.2
7171,4.3542000000000004e-05,-0.008,31.2
7172,4.3544e-05,-0.008,31.2
7173,4.3546000000000006e-05,0.0,31.2
7174,4.3548000000000004e-05,-0.008,31.2
7175,4.355e-05,-0.008,31.2
7176,4.3552000000000006e-05,-0.008,31.2
7177,4.3554000000000003e-05,0.0,31.2
7178,4.3556e-05,-0.008,31.2
7179,4.3558000000000005e-05,-0.008,31.2
7180,4.356e-05,-0.008,31.2
7181,4.3562e-05,-0.008,31.2
7182,4.3564000000000005e-05,-0.008,31.2
7183,4.3566e-05,-0.008,31.2
7184,4.3568e-05,-0.008,31.2
7185,4.3570000000000005e-05,0.0,31.2
7186,4.3572e-05,-0.008,31.2
7187,4.3574e-05,-0.008,31.2
7188,4.3576000000000004e-05,-0.008,31.2
7189,4.3578e-05,0.0,31.2
7190,4.358e-05,-0.008,31.2
7191,4.3582000000000004e-05,-0.008,31.2
7192,4.3584e-05,-0.008,31.2
7193,4.3586e-05,0.0,31.2
7194,4.3588000000000003e-05,-0.008,31.2
7195,4.359e-05,-0.008,31.2
7196,4.3592e-05,-0.008,31.2
7197,4.3594e-05,0.0,31.2
7198,4.3596e-05,-0.008,31.2
7199,4.3598000000000005e-05,-0.008,31.2
7200,4.36e-05,-0.008,31.2
7201,4.3602e-05,0.0,31.2
7202,4.3604000000000005e-05,-0.008,31.2
7203,4.3606e-05,-0.008,31.2
7204,4.360800000000001e-05,-0.008,31.2
7205,4.3610000000000004e-05,0.0,31.2
7206,4.3612e-05,-0.008,31.2
7207,4.3614000000000006e-05,-0.008,31.2
7208,4.3616000000000004e-05,-0.008,31.2
7209,4.3618e-05,0.0,31.2
7210,4.3620000000000006e-05,-0.008,31.2
7211,4.3622000000000003e-05,-0.008,31.2
7212,4.3624e-05,-0.008,31.2
7213,4.3626000000000005e-05,0.0,31.2
7214,4.3628e-05,-0.008,31.2
7215,4.363e-05,-0.008,31.2
7216,4.3632000000000005e-05,-0.008,31.2
7217,4.3634e-05,0.0,31.2
7218,4.3636e-05,-0.008,31.2
7219,4.3638000000000005e-05,-0.008,31.2
7220,4.364e-05,-0.008,31.2
7221,4.3642e-05,0.0,31.2
7222,4.3644000000000004e-05,-0.008,31.2
7223,4.3646e-05,-0.008,31.2
7224,4.3648e-05,-0.008,31.2
7225,4.3650000000000004e-05,0.0,31.2
7226,4.3652e-05,-0.008,31.2
7227,4.3654e-05,-0.008,31.2
7228,4.3656000000000004e-05,-0.008,31.2
7229,4.3658e-05,0.0,31.2
7230,4.366e-05,-0.008,31.2
7231,4.3662e-05,-0.008,31.2
7232,4.3664e-05,-0.008,31.2
7233,4.3666e-05,0.0,31.2
7234,4.3668e-05,-0.008,31.2
7235,4.367e-05,-0.008,31.2
7236,4.3672000000000005e-05,-0.008,31.2
7237,4.3674e-05,0.0,31.2
7238,4.367600000000001e-05,-0.008,31.2
7239,4.3678000000000004e-05,-0.008,31.2
7240,4.368e-05,-0.008,31.2
7241,4.3682000000000006e-05,0.0,31.2
7242,4.3684000000000004e-05,-0.008,31.2
7243,4.3686e-05,-0.008,31.2
7244,4.3688000000000006e-05,-0.008,31.2
7245,4.3690000000000004e-05,0.0,31.2
7246,4.3692e-05,-0.008,31.2
7247,4.3694000000000006e-05,-0.008,31.2
7248,4.3696e-05,-0.008,31.2
7249,4.3698e-05,0.0,31.2
7250,4.3700000000000005e-05,-0.008,31.2
7251,4.3702e-05,-0.008,31.2
7252,4.3704e-05,-0.008,31.2
7253,4.3706000000000005e-05,0.0,31.2
7254,4.3708e-05,-0.008,31.2
7255,4.371e-05,-0.008,31.2
7256,4.3712000000000004e-05,-0.008,31.2
7257,4.3714e-05,0.0,31.2
7258,4.3716e-05,-0.008,31.2
7259,4.3718000000000004e-05,-0.008,31.2
7260,4.372e-05,-0.008,31.2
7261,4.3722e-05,-0.008,31.2
7262,4.3724000000000004e-05,-0.008,31.2
7263,4.3726e-05,-0.008,31.2
7264,4.3728e-05,-0.008,31.2
7265,4.373e-05,-0.008,31.2
7266,4.3732e-05,-0.008,31.2
7267,4.3734e-05,-0.008,31.2
7268,4.3736e-05,-0.008,31.2
7269,4.3738e-05,0.0,31.2
7270,4.3740000000000005e-05,-0.008,31.2
7271,4.3742e-05,-0.008,31.2
7272,4.374400000000001e-05,-0.008,31.2
7273,4.3746000000000004e-05,0.0,31.2
7274,4.3748e-05,-0.008,31.2
7275,4.3750000000000006e-05,-0.008,31.2
7276,4.3752000000000004e-05,-0.008,31.2
7277,4.3754e-05,0.0,31.2
7278,4.3756000000000006e-05,-0.008,31.2
7279,4.3758000000000004e-05,-0.008,31.2
7280,4.376e-05,-0.008,31.2
7281,4.3762000000000006e-05,0.0,31.2
7282,4.3764e-05,-0.008,31.2
7283,4.3766e-05,-0.008,31.2
7284,4.3768000000000005e-05,-0.008,31.2
7285,4.377e-05,0.0,31.2
7286,4.3772e-05,-0.008,31.2
7287,4.3774000000000005e-05,-0.008,31.2
7288,4.3776e-05,-0.008,31.2
7289,4.3778e-05,0.0,31.2
7290,4.3780000000000004e-05,-0.008,31.2
7291,4.3782e-05,-0.008,31.2
7292,4.3784e-05,-0.008,31.2
7293,4.3786000000000004e-05,0.0,31.2
7294,4.3788e-05,-0.008,31.2
7295,4.379e-05,-0.008,31.2
7296,4.3792000000000004e-05,-0.008,31.2
7297,4.3794e-05,0.0,31.2
7298,4.3796e-05,-0.008,31.2
7299,4.3798e-05,-0.008,31.2
7300,4.38e-05,-0.008,31.2
7301,4.3802e-05,0.0,31.2
7302,4.3804e-05,-0.008,31.2
7303,4.3806e-05,-0.008,31.2
7304,4.3808000000000005e-05,-0.008,31.2
7305,4.381e-05,0.0,31.2
7306,4.381200000000001e-05,-0.008,31.2
7307,4.3814000000000004e-05,-0.008,31.2
7308,4.3816e-05,-0.008,31.2
7309,4.3818000000000006e-05,0.0,31.2
7310,4.3820000000000004e-05,-0.008,31.2
7311,4.3822e-05,-0.008,31.2
7312,4.3824000000000006e-05,-0.008,31.2
7313,4.3826000000000004e-05,0.0,31.2
7314,4.3828e-05,-0.008,31.2
7315,4.3830000000000006e-05,-0.008,31.2
7316,4.3832e-05,-0.008,31.2
7317,4.3834e-05,0.0,31.2
7318,4.3836000000000005e-05,-0.008,31.2
7319,4.3838e-05,-0.008,31.2
7320,4.384e-05,-0.008,31.2
7321,4.3842000000000005e-05,0.0,31.2
7322,4.3844e-05,-0.008,31.2
7323,4.3846e-05,-0.008,31.2
7324,4.3848000000000004e-05,-0.008,31.2
7325,4.385e-05,0.0,31.2
7326,4.3852e-05,-0.008,31.2
7327,4.3854000000000004e-05,-0.008,31.2
7328,4.3856e-05,-0.008,31.2
7329,4.3858e-05,0.0,31.2
7330,4.3860000000000004e-05,-0.008,31.2
7331,4.3862e-05,-0.008,31.2
7332,4.3864e-05,-0.008,31.2
7333,4.3866e-05,0.0,31.2
7334,4.3868e-05,-0.008,31.2
7335,4.387e-05,-0.008,31.2
7336,4.3872e-05,-0.008,31.2
7337,4.3874e-05,0.0,31.2
7338,4.3876000000000005e-05,-0.008,31.2
7339,4.3878e-05,-0.008,31.2
7340,4.388000000000001e-05,-0.008,31.2
7341,4.3882000000000004e-05,0.0,31.2
7342,4.3884e-05,-0.008,31.2
7343,4.3886000000000006e-05,-0.008,31.2
7344,4.3888000000000004e-05,-0.008,31.2
7345,4.389e-05,0.0,31.2
7346,4.3892000000000006e-05,-0.008,31.2
7347,4.3894000000000004e-05,-0.008,31.2
7348,4.3896e-05,-0.008,31.2
7349,4.3898000000000006e-05,0.0,31.2
7350,4.39e-05,-0.008,31.2
7351,4.3902e-05,-0.008,31.2
7352,4.3904000000000005e-05,-0.008,31.2
7353,4.3906e-05,0.0,31.2
7354,4.3908e-05,-0.008,31.2
7355,4.3910000000000005e-05,-0.008,31.2
7356,4.3912e-05,-0.008,31.2
7357,4.3914e-05,-0.008,31.2
7358,4.3916000000000004e-05,-0.008,31.2
7359,4.3918e-05,-0.008,31.2
7360,4.392e-05,-0.008,31.2
7361,4.3922000000000004e-05,0.0,31.2
7362,4.3924e-05,-0.008,31.2
7363,4.3926e-05,-0.008,31.2
7364,4.3928000000000004e-05,-0.008,31.2
7365,4.393e-05,0.0,31.2
7366,4.3932e-05,-0.008,31.2
7367,4.3934e-05,-0.008,31.2
7368,4.3936e-05,-0.008,31.2
7369,4.3938e-05,0.0,31.2
7370,4.394e-05,-0.008,31.2
7371,4.3942e-05,-0.008,31.2
7372,4.3944000000000005e-05,-0.008,31.2
7373,4.3946e-05,-0.008,31.2
7374,4.3948e-05,-0.008,31.2
7375,4.3950000000000004e-05,-0.008,31.2
7376,4.3952e-05,-0.008,31.2
7377,4.3954000000000006e-05,-0.008,31.2
7378,4.3956000000000004e-05,-0.008,31.2
7379,4.3958e-05,-0.008,31.2
7380,4.3960000000000006e-05,-0.008,31.2
7381,4.3962000000000004e-05,0.0,31.2
7382,4.3964e-05,-0.008,31.2
7383,4.3966000000000006e-05,-0.008,31.2
7384,4.3968e-05,-0.008,31.2
7385,4.397e-05,0.0,31.2
7386,4.3972000000000005e-05,-0.008,31.2
7387,4.3974e-05,-0.008,31.2
7388,4.3976e-05,-0.008,31.2
7389,4.3978000000000005e-05,0.0,31.2
7390,4.398e-05,-0.008,31.2
7391,4.3982e-05,-0.008,31.2
7392,4.3984000000000004e-05,-0.008,31.2
7393,4.3986e-05,0.0,31.2
7394,4.3988e-05,-0.008,31.2
7395,4.3990000000000004e-05,-0.008,31.2
7396,4.3992e-05,-0.008,31.2
7397,4.3994e-05,0.0,31.2
7398,4.3996000000000004e-05,-0.008,31.2
7399,4.3998e-05,-0.008,31.2
7400,4.4e-05,-0.008,31.2
7401,4.4002e-05,0.0,31.2
7402,4.4004e-05,-0.008,31.2
7403,4.4006e-05,-0.008,31.2
7404,4.4008e-05,-0.008,31.2
7405,4.401e-05,0.0,31.2
7406,4.4012000000000005e-05,-0.008,31.2
7407,4.4014e-05,-0.008,31.2
7408,4.4016e-05,-0.008,31.2
7409,4.4018000000000004e-05,0.0,31.2
7410,4.402e-05,-0.008,31.2
7411,4.4022000000000006e-05,-0.008,31.2
7412,4.4024000000000004e-05,-0.008,31.2
7413,4.4026e-05,0.0,31.2
7414,4.4028000000000006e-05,-0.008,31.2
7415,4.4030000000000004e-05,-0.008,31.2
7416,4.4032e-05,-0.008,31.2
7417,4.4034000000000006e-05,0.0,31.2
7418,4.4036e-05,-0.008,31.2
7419,4.4038e-05,-0.008,31.2
7420,4.4040000000000005e-05,-0.008,31.2
7421,4.4042e-05,0.0,31.2
7422,4.4044e-05,-0.008,31.2
7423,4.4046000000000005e-05,-0.008,31.2
7424,4.4048e-05,-0.008,31.2
7425,4.405e-05,0.0,31.2
7426,4.4052000000000004e-05,-0.008,31.2
7427,4.4054e-05,-0.008,31.2
7428,4.4056e-05,-0.008,31.2
7429,4.4058000000000004e-05,0.0,31.2
7430,4.406e-05,-0.008,31.2
7431,4.4062e-05,-0.008,31.2
7432,4.4064000000000004e-05,-0.008,31.2
7433,4.4066e-05,0.0,31.2
7434,4.4068e-05,-0.008,31.2
7435,4.407e-05,-0.008,31.2
7436,4.4072e-05,-0.008,31.2
7437,4.4074e-05,0.0,31.2
7438,4.4076e-05,-0.008,31.2
7439,4.4078e-05,-0.008,31.2
7440,4.4080000000000005e-05,-0.008,31.2
7441,4.4082e-05,0.0,31.2
7442,4.4084e-05,-0.008,31.2
7443,4.4086000000000004e-05,-0.008,31.2
7444,4.4088e-05,-0.008,31.2
7445,4.4090000000000006e-05,0.0,31.2
7446,4.4092000000000004e-05,-0.008,31.2
7447,4.4094e-05,-0.008,31.2
7448,4.4096000000000006e-05,-0.008,31.2
7449,4.4098000000000004e-05,0.0,31.2
7450,4.41e-05,-0.008,31.2
7451,4.4102000000000006e-05,-0.008,31.2
7452,4.4104e-05,-0.008,31.2
7453,4.4106e-05,0.0,31.2
7454,4.4108000000000005e-05,-0.008,31.2
7455,4.411e-05,-0.008,31.2
7456,4.4112e-05,-0.008,31.2
7457,4.4114000000000005e-05,0.0,31.2
7458,4.4116e-05,-0.008,31.2
7459,4.4118e-05,-0.008,31.2
7460,4.4120000000000004e-05,-0.008,31.2
7461,4.4122e-05,0.0,31.2
7462,4.4124e-05,-0.008,31.2
7463,4.4126000000000004e-05,-0.008,31.2
7464,4.4128e-05,-0.008,31.2
7465,4.413e-05,0.0,31.2
7466,4.4132000000000004e-05,-0.008,31.2
7467,4.4134e-05,-0.008,31.2
7468,4.4136e-05,-0.008,31.2
7469,4.4138e-05,0.0,31.2
7470,4.414e-05,-0.008,31.2
7471,4.4142e-05,-0.008,31.2
7472,4.4144e-05,-0.008,31.2
7473,4.4146e-05,0.0,31.2
7474,4.4148000000000005e-05,-0.008,31.2
7475,4.415e-05,-0.008,31.2
7476,4.4152e-05,-0.008,31.2
7477,4.4154000000000004e-05,0.0,31.2
7478,4.4156e-05,-0.008,31.2
7479,4.4158000000000006e-05,-0.008,31.2
7480,4.4160000000000004e-05,-0.008,31.2
7481,4.4162e-05,0.0,31.2
7482,4.4164000000000006e-05,-0.008,31.2
7483,4.4166000000000004e-05,-0.008,31.2
7484,4.4168e-05,-0.008,31.2
7485,4.4170000000000006e-05,0.0,31.2
7486,4.4172e-05,-0.008,31.2
7487,4.4174e-05,-0.008,31.2
7488,4.4176000000000005e-05,-0.008,31.2
7489,4.4178e-05,0.0,31.2
7490,4.418e-05,-0.008,31.2
7491,4.4182000000000005e-05,0.0,31.2
7492,4.4184e-05,-0.008,31.2
7493,4.4186e-05,0.0,31.2
7494,4.4188000000000005e-05,-0.008,31.2
7495,4.419e-05,-0.008,31.2
7496,4.4192e-05,-0.008,31.2
7497,4.4194000000000004e-05,0.0,31.2
7498,4.4196e-05,-0.008,31.2
7499,4.4198e-05,-0.008,31.2
7500,4.4200000000000004e-05,-0.008,31.2
7501,4.4202e-05,0.0,31.2
7502,4.4204e-05,-0.008,31.2
7503,4.4206e-05,-0.008,31.2
7504,4.4208e-05,-0.008,31.2
7505,4.421e-05,0.0,31.2
7506,4.4212e-05,-0.008,31.2
7507,4.4214e-05,-0.008,31.2
7508,4.4216000000000005e-05,-0.008,31.2
7509,4.4218e-05,0.0,31.2
7510,4.422e-05,-0.008,31.2
7511,4.4222000000000005e-05,-0.008,31.2
7512,4.4224e-05,-0.008,31.2
7513,4.4226000000000007e-05,0.0,31.2
7514,4.4228000000000004e-05,-0.008,31.2
7515,4.423e-05,-0.008,31.2
7516,4.4232000000000006e-05,-0.008,31.2
7517,4.4234000000000004e-05,0.0,31.2
7518,4.4236e-05,-0.008,31.2
7519,4.4238000000000006e-05,-0.008,31.2
7520,4.424e-05,-0.008,31.2
7521,4.4242e-05,0.0,31.2
7522,4.4244000000000005e-05,-0.008,31.2
7523,4.4246e-05,-0.008,31.2
7524,4.4248e-05,-0.008,31.2
7525,4.4250000000000005e-05,0.0,31.2
7526,4.4252e-05,-0.008,31.2
7527,4.4254e-05,-0.008,31.2
7528,4.4256000000000005e-05,-0.008,31.2
7529,4.4258e-05,0.0,31.2
7530,4.426e-05,-0.008,31.2
7531,4.4262000000000004e-05,-0.008,31.2
7532,4.4264e-05,-0.008,31.2
7533,4.4266e-05,0.0,31.2
7534,4.4268000000000004e-05,-0.008,31.2
7535,4.427e-05,-0.008,31.2
7536,4.4272e-05,-0.008,31.2
7537,4.4274e-05,0.0,31.2
7538,4.4276e-05,-0.008,31.2
7539,4.4278e-05,-0.008,31.2
7540,4.428e-05,-0.008,31.2
7541,4.4282e-05,0.0,31.2
7542,4.4284000000000005e-05,-0.008,31.2
7543,4.4286e-05,-0.008,31.2
7544,4.4288e-05,-0.008,31.2
7545,4.4290000000000005e-05,0.0,31.2
7546,4.4292e-05,-0.008,31.2
7547,4.4294000000000007e-05,-0.008,31.2
7548,4.4296000000000004e-05,-0.008,31.2
7549,4.4298e-05,0.0,31.2
7550,4.4300000000000006e-05,-0.008,31.2
7551,4.4302000000000004e-05,-0.008,31.2
7552,4.4304e-05,-0.008,31.2
7553,4.4306000000000006e-05,0.0,31.2
7554,4.4308e-05,-0.008,31.2
7555,4.431e-05,-0.008,31.2
7556,4.4312000000000005e-05,-0.008,31.2
7557,4.4314e-05,0.0,31.2
7558,4.4316e-05,-0.008,31.2
7559,4.4318000000000005e-05,-0.008,31.2
7560,4.432e-05,-0.008,31.2
7561,4.4322e-05,0.0,31.2
7562,4.4324000000000005e-05,-0.008,31.2
7563,4.4326e-05,-0.008,31.2
7564,4.4328e-05,-0.008,31.2
7565,4.4330000000000004e-05,0.0,31.2
7566,4.4332e-05,-0.008,31.2
7567,4.4334e-05,-0.008,31.2
7568,4.4336000000000004e-05,-0.008,31.2
7569,4.4338e-05,0.0,31.2
7570,4.434e-05,-0.008,31.2
7571,4.4342e-05,-0.008,31.2
7572,4.4344e-05,-0.008,31.2
7573,4.4346e-05,0.0,31.2
7574,4.4348e-05,-0.008,31.2
7575,4.435e-05,-0.008,31.2
7576,4.4352000000000005e-05,-0.008,31.2
7577,4.4354e-05,0.0,31.2
7578,4.4356e-05,-0.008,31.2
7579,4.4358000000000005e-05,-0.008,31.2
7580,4.436e-05,-0.008,31.2
7581,4.4362000000000007e-05,0.0,31.2
7582,4.4364000000000004e-05,-0.008,31.2
7583,4.4366e-05,-0.008,31.2
7584,4.4368000000000006e-05,-0.008,31.2
7585,4.4370000000000004e-05,0.0,31.2
7586,4.4372e-05,-0.008,31.2
7587,4.4374000000000006e-05,-0.008,31.2
7588,4.4376e-05,-0.008,31.2
7589,4.4378e-05,0.0,31.2
7590,4.4380000000000005e-05,-0.008,31.2
7591,4.4382e-05,-0.008,31.2
7592,4.4384e-05,-0.008,31.2
7593,4.4386000000000005e-05,0.0,31.2
7594,4.4388e-05,-0.008,31.2
7595,4.439e-05,-0.008,31.2
7596,4.4392000000000005e-05,-0.008,31.2
7597,4.4394e-05,0.0,31.2
7598,4.4396e-05,-0.008,31.2
7599,4.4398000000000004e-05,-0.008,31.2
7600,4.44e-05,-0.008,31.2
7601,4.4402e-05,0.0,31.2
7602,4.4404000000000004e-05,-0.008,31.2
7603,4.4406e-05,-0.008,31.2
7604,4.4408e-05,-0.008,31.2
7605,4.4410000000000003e-05,0.0,31.2
7606,4.4412e-05,-0.008,31.2
7607,4.4414e-05,-0.008,31.2
7608,4.4416e-05,-0.008,31.2
7609,4.4418e-05,0.0,31.2
7610,4.4420000000000005e-05,-0.008,31.2
7611,4.4422e-05,-0.008,31.2
7612,4.4424e-05,-0.008,31.2
7613,4.4426000000000005e-05,0.0,31.2
7614,4.4428e-05,-0.008,31.2
7615,4.4430000000000007e-05,-0.008,31.2
7616,4.4432000000000004e-05,-0.008,31.2
7617,4.4434e-05,0.0,31.2
7618,4.4436000000000006e-05,-0.008,31.2
7619,4.4438000000000004e-05,-0.008,31.2
7620,4.444e-05,-0.008,31.2
7621,4.4442000000000006e-05,0.0,31.2
7622,4.4444000000000003e-05,-0.008,31.2
7623,4.4446e-05,-0.008,31.2
7624,4.4448000000000005e-05,-0.008,31.2
7625,4.445e-05,0.0,31.2
7626,4.4452e-05,-0.008,31.2
7627,4.4454000000000005e-05,-0.008,31.2
7628,4.4456e-05,-0.008,31.2
7629,4.4458e-05,0.0,31.2
7630,4.4460000000000005e-05,-0.008,31.2
7631,4.4462e-05,-0.008,31.2
7632,4.4464e-05,-0.008,31.2
7633,4.4466000000000004e-05,0.0,31.2
7634,4.4468e-05,-0.008,31.2
7635,4.447e-05,-0.008,31.2
7636,4.4472000000000004e-05,-0.008,31.2
7637,4.4474e-05,-0.008,31.2
7638,4.4476e-05,-0.008,31.2
7639,4.4478000000000003e-05,-0.008,31.2
7640,4.448e-05,-0.008,31.2
7641,4.4482e-05,0.0,31.2
7642,4.4484e-05,-0.008,31.2
7643,4.448600000000001e-05,-0.008,31.2
7644,4.4488e-05,-0.008,31.2
7645,4.449e-05,0.0,31.2
7646,4.449200000000001e-05,-0.008,31.2
7647,4.4494e-05,-0.008,31.2
7648,4.4496e-05,-0.008,31.2
7649,4.449800000000001e-05,0.0,31.2
7650,4.4500000000000004e-05,-0.008,31.2
7651,4.4502e-05,-0.008,31.2
7652,4.4504000000000006e-05,-0.008,31.2
7653,4.4506000000000004e-05,0.0,31.2
7654,4.4508e-05,-0.008,31.2
7655,4.4510000000000006e-05,-0.008,31.2
7656,4.4512000000000003e-05,-0.008,31.2
7657,4.4514e-05,0.0,31.2
7658,4.4516000000000005e-05,-0.008,31.2
7659,4.4518e-05,-0.008,31.2
7660,4.452e-05,-0.008,31.2
7661,4.4522000000000005e-05,0.0,31.2
7662,4.4524e-05,-0.008,31.2
7663,4.4526e-05,-0.008,31.2
7664,4.4528000000000005e-05,-0.008,31.2
7665,4.453e-05,0.0,31.2
7666,4.4532e-05,-0.008,31.2
7667,4.4534000000000004e-05,-0.008,31.2
7668,4.4536e-05,-0.008,31.2
7669,4.4538e-05,0.0,31.2
7670,4.4540000000000004e-05,-0.008,31.2
7671,4.4542e-05,-0.008,31.2
7672,4.4544e-05,-0.008,31.2
7673,4.4546000000000003e-05,0.0,31.2
7674,4.4548e-05,-0.008,31.2
7675,4.455e-05,-0.008,31.2
7676,4.4552e-05,-0.008,31.2
7677,4.455400000000001e-05,0.0,31.2
7678,4.4556e-05,-0.008,31.2
7679,4.4558e-05,-0.008,31.2
7680,4.456000000000001e-05,-0.008,31.2
7681,4.4562e-05,0.0,31.2
7682,4.4564e-05,-0.008,31.2
7683,4.456600000000001e-05,-0.008,31.2
7684,4.4568000000000004e-05,-0.008,31.2
7685,4.457e-05,0.0,31.2
7686,4.4572000000000006e-05,-0.008,31.2
7687,4.4574000000000004e-05,-0.008,31.2
7688,4.4576e-05,-0.008,31.2
7689,4.4578000000000006e-05,0.0,31.2
7690,4.4580000000000003e-05,-0.008,31.2
7691,4.4582e-05,-0.008,31.2
7692,4.4584000000000005e-05,-0.008,31.2
7693,4.4586e-05,0.0,31.2
7694,4.4588e-05,-0.008,31.2
7695,4.4590000000000005e-05,-0.008,31.2
7696,4.4592e-05,-0.008,31.2
7697,4.4594e-05,0.0,31.2
7698,4.4596000000000005e-05,-0.008,31.2
7699,4.4598e-05,-0.008,31.2
7700,4.46e-05,-0.008,31.2
7701,4.4602000000000004e-05,0.0,31.2
7702,4.4604e-05,-0.008,31.2
7703,4.4606e-05,-0.008,31.2
7704,4.4608000000000004e-05,-0.008,31.2
7705,4.461e-05,0.0,31.2
7706,4.4612e-05,-0.008,31.2
7707,4.4614000000000003e-05,-0.008,31.2
7708,4.4616e-05,-0.008,31.2
7709,4.4618e-05,0.0,31.2
7710,4.462e-05,-0.008,31.2
7711,4.462200000000001e-05,-0.008,31.2
7712,4.4624e-05,-0.008,31.2
7713,4.4626e-05,0.0,31.2
7714,4.462800000000001e-05,-0.008,31.2
7715,4.463e-05,-0.008,31.2
7716,4.4632e-05,-0.008,31.2
7717,4.463400000000001e-05,0.0,31.2
7718,4.4636000000000004e-05,-0.008,31.2
7719,4.4638e-05,-0.008,31.2
7720,4.4640000000000006e-05,-0.008,31.2
7721,4.4642000000000004e-05,0.0,31.2
7722,4.4644e-05,-0.008,31.2
7723,4.4646000000000006e-05,-0.008,31.2
7724,4.4648000000000003e-05,-0.008,31.2
7725,4.465e-05,0.0,31.2
7726,4.4652000000000005e-05,-0.008,31.2
7727,4.4654e-05,-0.008,31.2
7728,4.4656e-05,-0.008,31.2
7729,4.4658000000000005e-05,0.0,31.2
7730,4.466e-05,-0.008,31.2
7731,4.4662e-05,0.0,31.2
7732,4.4664000000000005e-05,-0.008,31.2
7733,4.4666e-05,0.0,31.2
7734,4.4668e-05,-0.008,31.2
7735,4.4670000000000004e-05,-0.008,31.2
7736,4.4672e-05,-0.008,31.2
7737,4.4674e-05,0.0,31.2
7738,4.4676000000000004e-05,-0.008,31.2
7739,4.4678e-05,-0.008,31.2
7740,4.468e-05,-0.008,31.2
7741,4.4682000000000004e-05,0.0,31.2
7742,4.4684e-05,-0.008,31.2
7743,4.4686e-05,-0.008,31.2
7744,4.4688e-05,-0.008,31.2
7745,4.469000000000001e-05,0.0,31.2
7746,4.4692e-05,-0.008,31.2
7747,4.4694e-05,-0.008,31.2
7748,4.469600000000001e-05,-0.008,31.2
7749,4.4698e-05,0.0,31.2
7750,4.47e-05,-0.008,31.2
7751,4.470200000000001e-05,0.0,31.2
7752,4.4704e-05,-0.008,31.2
7753,4.4706e-05,0.0,31.2
7754,4.4708000000000006e-05,-0.008,31.2
7755,4.4710000000000004e-05,-0.008,31.2
7756,4.4712e-05,-0.008,31.2
7757,4.4714000000000006e-05,0.0,31.2
7758,4.4716000000000004e-05,-0.008,31.2
7759,4.4718e-05,-0.008,31.2
7760,4.4720000000000006e-05,-0.008,31.2
7761,4.4722e-05,0.0,31.2
7762,4.4724e-05,-0.008,31.2
7763,4.4726000000000005e-05,-0.008,31.2
7764,4.4728e-05,-0.008,31.2
7765,4.473e-05,0.0,31.2
7766,4.4732000000000005e-05,-0.008,31.2
7767,4.4734e-05,-0.008,31.2
7768,4.4736e-05,-0.008,31.2
7769,4.4738000000000004e-05,0.0,31.2
7770,4.474e-05,-0.008,31.2
7771,4.4742e-05,-0.008,31.2
7772,4.4744000000000004e-05,-0.008,31.2
7773,4.4746e-05,0.0,31.2
7774,4.4748e-05,-0.008,31.2
7775,4.4750000000000004e-05,-0.008,31.2
7776,4.4752e-05,-0.008,31.2
7777,4.4754e-05,0.0,31.2
7778,4.4756e-05,-0.008,31.2
7779,4.475800000000001e-05,-0.008,31.2
7780,4.476e-05,-0.008,31.2
7781,4.4762e-05,0.0,31.2
7782,4.476400000000001e-05,-0.008,31.2
7783,4.4766e-05,-0.008,31.2
7784,4.4768e-05,-0.008,31.2
7785,4.477000000000001e-05,0.0,31.2
7786,4.4772e-05,-0.008,31.2
7787,4.4774e-05,-0.008,31.2
7788,4.4776000000000006e-05,-0.008,31.2
7789,4.4778000000000004e-05,0.0,31.2
7790,4.478e-05,-0.008,31.2
7791,4.4782000000000006e-05,0.0,31.2
7792,4.4784000000000004e-05,-0.008,31.2
7793,4.4786e-05,0.0,31.2
7794,4.4788000000000006e-05,-0.008,31.2
7795,4.479e-05,-0.008,31.2
7796,4.4792e-05,-0.008,31.2
7797,4.4794000000000005e-05,0.0,31.2
7798,4.4796e-05,-0.008,31.2
7799,4.4798e-05,-0.008,31.2
7800,4.4800000000000005e-05,-0.008,31.2
7801,4.4802e-05,0.0,31.2
7802,4.4804e-05,-0.008,31.2
7803,4.4806000000000004e-05,-0.008,31.2
7804,4.4808e-05,-0.008,31.2
7805,4.481e-05,0.0,31.2
7806,4.4812000000000004e-05,-0.008,31.2
7807,4.4814e-05,-0.008,31.2
7808,4.4816e-05,-0.008,31.2
7809,4.4818000000000004e-05,0.0,31.2
7810,4.482e-05,-0.008,31.2
7811,4.4822e-05,-0.008,31.2
7812,4.4824e-05,-0.008,31.2
7813,4.482600000000001e-05,0.0,31.2
7814,4.4828e-05,-0.008,31.2
7815,4.483e-05,-0.008,31.2
7816,4.483200000000001e-05,-0.008,31.2
7817,4.4834e-05,0.0,31.2
7818,4.4836e-05,-0.008,31.2
7819,4.483800000000001e-05,0.0,31.2
7820,4.484e-05,-0.008,31.2
7821,4.4842e-05,0.0,31.2
7822,4.4844000000000006e-05,-0.008,31.2
7823,4.4846000000000004e-05,0.0,31.2
7824,4.4848e-05,-0.008,31.2
7825,4.4850000000000006e-05,0.0,31.2
7826,4.4852000000000004e-05,-0.008,31.2
7827,4.4854e-05,-0.008,31.2
7828,4.4856000000000006e-05,-0.008,31.2
7829,4.4858e-05,0.0,31.2
7830,4.486e-05,-0.008,31.2
7831,4.4862000000000005e-05,-0.008,31.2
7832,4.4864e-05,-0.008,31.2
7833,4.4866e-05,0.0,31.2
7834,4.4868000000000005e-05,-0.008,31.2
7835,4.487e-05,-0.008,31.2
7836,4.4872e-05,-0.008,31.2
7837,4.4874000000000004e-05,0.0,31.2
7838,4.4876e-05,-0.008,31.2
7839,4.4878e-05,-0.008,31.2
7840,4.4880000000000004e-05,-0.008,31.2
7841,4.4882e-05,0.0,31.2
7842,4.4884e-05,-0.008,31.2
7843,4.4886000000000004e-05,-0.008,31.2
7844,4.4888e-05,-0.008,31.2
7845,4.489e-05,0.0,31.2
7846,4.4892e-05,-0.008,31.2
7847,4.489400000000001e-05,-0.008,31.2
7848,4.4896e-05,-0.008,31.2
7849,4.4898e-05,0.0,31.2
7850,4.490000000000001e-05,-0.008,31.2
7851,4.4902e-05,0.0,31.2
7852,4.4904e-05,-0.008,31.2
7853,4.490600000000001e-05,0.0,31.2
7854,4.4908e-05,-0.008,31.2
7855,4.491e-05,-0.008,31.2
7856,4.4912000000000006e-05,-0.008,31.2
7857,4.4914000000000004e-05,0.0,31.2
7858,4.4916e-05,-0.008,31.2
7859,4.4918000000000006e-05,-0.008,31.2
7860,4.4920000000000004e-05,-0.008,31.2
7861,4.4922e-05,0.0,31.2
7862,4.4924000000000006e-05,-0.008,31.2
7863,4.4926e-05,-0.008,31.2
7864,4.4928e-05,-0.008,31.2
7865,4.4930000000000005e-05,0.0,31.2
7866,4.4932e-05,-0.008,31.2
7867,4.4934e-05,-0.008,31.2
7868,4.4936000000000005e-05,-0.008,31.2
7869,4.4938e-05,0.0,31.2
7870,4.494e-05,-0.008,31.2
7871,4.4942000000000004e-05,-0.008,31.2
7872,4.4944e-05,-0.008,31.2
7873,4.4946e-05,0.0,31.2
7874,4.4948000000000004e-05,-0.008,31.2
7875,4.495e-05,-0.008,31.2
7876,4.4952e-05,-0.008,31.2
7877,4.4954000000000004e-05,0.0,31.2
7878,4.4956e-05,-0.008,31.2
7879,4.4958e-05,-0.008,31.2
7880,4.496e-05,-0.008,31.2
7881,4.496200000000001e-05,0.0,31.2
7882,4.4964e-05,-0.008,31.2
7883,4.4966e-05,0.0,31.2
7884,4.496800000000001e-05,-0.008,31.2
7885,4.497e-05,-0.008,31.2
7886,4.4972e-05,-0.008,31.2
7887,4.497400000000001e-05,-0.008,31.2
7888,4.4976e-05,-0.008,31.2
7889,4.4978e-05,0.0,31.2
7890,4.4980000000000006e-05,-0.008,31.2
7891,4.4982000000000004e-05,-0.008,31.2
7892,4.4984e-05,-0.008,31.2
7893,4.4986000000000006e-05,0.0,31.2
7894,4.4988000000000004e-05,-0.008,31.2
7895,4.499e-05,-0.008,31.2
7896,4.4992000000000006e-05,-0.008,31.2
7897,4.4994e-05,0.0,31.2
7898,4.4996e-05,-0.008,31.2
7899,4.4998000000000005e-05,-0.008,31.2
7900,4.5e-05,-0.008,31.2
7901,4.5002e-05,0.0,31.2
7902,4.5004000000000005e-05,-0.008,31.2
7903,4.5006e-05,-0.008,31.2
7904,4.5008e-05,-0.008,31.2
7905,4.5010000000000004e-05,0.0,31.2
7906,4.5012e-05,-0.008,31.2
7907,4.5014e-05,0.0,31.2
7908,4.5016000000000004e-05,-0.008,31.2
7909,4.5018e-05,0.0,31.2
7910,4.502e-05,-0.008,31.2
7911,4.5022000000000004e-05,-0.008,31.2
7912,4.5024e-05,-0.008,31.2
7913,4.5026e-05,0.0,31.2
7914,4.5028e-05,-0.008,31.2
7915,4.503000000000001e-05,-0.008,31.2
7916,4.5032e-05,-0.008,31.2
7917,4.5034e-05,0.0,31.2
7918,4.503600000000001e-05,-0.008,31.2
7919,4.5038e-05,-0.008,31.2
7920,4.504e-05,-0.008,31.2
7921,4.504200000000001e-05,0.0,31.2
7922,4.5044e-05,-0.008,31.2
7923,4.5046e-05,0.0,31.2
7924,4.5048000000000006e-05,-0.008,31.2
7925,4.5050000000000004e-05,0.0,31.2
7926,4.5052e-05,-0.008,31.2
7927,4.5054000000000006e-05,-0.008,31.2
7928,4.5056000000000004e-05,-0.008,31.2
7929,4.5058e-05,0.0,31.2
7930,4.5060000000000006e-05,-0.008,31.2
7931,4.5062e-05,-0.008,31.2
7932,4.5064e-05,-0.008,31.2
7933,4.5066000000000005e-05,0.0,31.2
7934,4.5068e-05,-0.008,31.2
7935,4.507e-05,-0.008,31.2
7936,4.5072000000000005e-05,-0.008,31.2
7937,4.5074e-05,0.0,31.2
7938,4.5076e-05,-0.008,31.2
7939,4.5078000000000004e-05,-0.008,31.2
7940,4.508e-05,-0.008,31.2
7941,4.5082e-05,0.0,31.2
7942,4.5084000000000004e-05,-0.008,31.2
7943,4.5086e-05,-0.008,31.2
7944,4.5088e-05,-0.008,31.2
7945,4.5090000000000004e-05,0.0,31.2
7946,4.5092e-05,-0.008,31.2
7947,4.5094e-05,-0.008,31.2
7948,4.5096e-05,-0.008,31.2
7949,4.509800000000001e-05,0.0,31.2
7950,4.51e-05,-0.008,31.2
7951,4.5102e-05,-0.008,31.2
7952,4.510400000000001e-05,-0.008,31.2
7953,4.5106e-05,0.0,31.2
7954,4.5108e-05,-0.008,31.2
7955,4.511000000000001e-05,0.0,31.2
7956,4.5112e-05,-0.008,31.2
7957,4.5114e-05,0.0,31.2
7958,4.5116000000000006e-05,-0.008,31.2
7959,4.5118000000000004e-05,-0.008,31.2
7960,4.512e-05,-0.008,31.2
7961,4.5122000000000006e-05,0.0,31.2
7962,4.5124000000000004e-05,-0.008,31.2
7963,4.5126e-05,-0.008,31.2
7964,4.5128000000000006e-05,-0.008,31.2
7965,4.513e-05,0.0,31.2
7966,4.5132e-05,-0.008,31.2
7967,4.5134000000000005e-05,-0.008,31.2
7968,4.5136e-05,-0.008,31.2
7969,4.5138e-05,0.0,31.2
7970,4.5140000000000005e-05,-0.008,31.2
7971,4.5142e-05,-0.008,31.2
7972,4.5144e-05,-0.008,31.2
7973,4.5146000000000004e-05,0.0,31.2
7974,4.5148e-05,-0.008,31.2
7975,4.515e-05,0.0,31.2
7976,4.5152000000000004e-05,-0.008,31.2
7977,4.5154e-05,0.0,31.2
7978,4.5156e-05,-0.008,31.2
7979,4.5158000000000004e-05,-0.008,31.2
7980,4.516e-05,-0.008,31.2
7981,4.5162e-05,0.0,31.2
7982,4.5164e-05,-0.008,31.2
7983,4.516600000000001e-05,-0.008,31.2
7984,4.5168e-05,-0.008,31.2
7985,4.517e-05,0.0,31.2
7986,4.517200000000001e-05,-0.008,31.2
7987,4.5174e-05,-0.008,31.2
7988,4.5176e-05,-0.008,31.2
7989,4.517800000000001e-05,0.0,31.2
7990,4.518e-05,-0.008,31.2
7991,4.5182e-05,-0.008,31.2
7992,4.5184000000000006e-05,-0.008,31.2
7993,4.5186000000000004e-05,0.0,31.2
7994,4.5188e-05,-0.008,31.2
7995,4.5190000000000006e-05,-0.008,31.2
7996,4.5192000000000004e-05,-0.008,31.2
7997,4.5194e-05,0.0,31.2
7998,4.5196000000000006e-05,-0.008,31.2
7999,4.5198e-05,-0.008,31.2
8000,4.52e-05,-0.008,31.2
8001,4.5202000000000005e-05,0.0,31.2
8002,4.5204e-05,-0.008,31.2
8003,4.5206e-05,-0.008,31.2
8004,4.5208000000000005e-05,-0.008,31.2
8005,4.521e-05,0.0,31.2
8006,4.5212e-05,-0.008,31.2
8007,4.5214000000000005e-05,-0.008,31.2
8008,4.5216e-05,-0.008,31.2
8009,4.5218e-05,0.0,31.2
8010,4.5220000000000004e-05,-0.008,31.2
8011,4.5222e-05,0.0,31.2
8012,4.5224e-05,-0.008,31.2
8013,4.5226000000000004e-05,0.0,31.2
8014,4.5228e-05,-0.008,31.2
8015,4.523e-05,-0.008,31.2
8016,4.5232e-05,-0.008,31.2
8017,4.523400000000001e-05,0.0,31.2
8018,4.5236e-05,-0.008,31.2
8019,4.5238e-05,-0.008,31.2
8020,4.524000000000001e-05,-0.008,31.2
8021,4.5242e-05,0.0,31.2
8022,4.5244e-05,-0.008,31.2
8023,4.524600000000001e-05,-0.008,31.2
8024,4.5248e-05,-0.008,31.2
8025,4.525e-05,0.0,31.2
8026,4.5252000000000007e-05,-0.008,31.2
8027,4.5254000000000004e-05,-0.008,31.2
8028,4.5256e-05,-0.008,31.2
8029,4.5258000000000006e-05,0.0,31.2
8030,4.5260000000000004e-05,-0.008,31.2
8031,4.5262e-05,-0.008,31.2
8032,4.5264000000000006e-05,-0.008,31.2
8033,4.5266e-05,0.0,31.2
8034,4.5268e-05,-0.008,31.2
8035,4.5270000000000005e-05,-0.008,31.2
8036,4.5272e-05,-0.008,31.2
8037,4.5274e-05,0.0,31.2
8038,4.5276000000000005e-05,-0.008,31.2
8039,4.5278e-05,-0.008,31.2
8040,4.528e-05,-0.008,31.2
8041,4.5282000000000005e-05,0.0,31.2
8042,4.5284e-05,-0.008,31.2
8043,4.5286e-05,-0.008,31.2
8044,4.5288000000000004e-05,-0.008,31.2
8045,4.529e-05,0.0,31.2
8046,4.5292e-05,-0.008,31.2
8047,4.5294000000000004e-05,-0.008,31.2
8048,4.5296e-05,-0.008,31.2
8049,4.5298e-05,0.0,31.2
8050,4.53e-05,-0.008,31.2
8051,4.5302e-05,-0.008,31.2
8052,4.5304e-05,-0.008,31.2
8053,4.5306e-05,0.0,31.2
8054,4.530800000000001e-05,-0.008,31.2
8055,4.531e-05,-0.008,31.2
8056,4.5312e-05,-0.008,31.2
8057,4.531400000000001e-05,0.0,31.2
8058,4.5316e-05,-0.008,31.2
8059,4.5318e-05,-0.008,31.2
8060,4.5320000000000007e-05,-0.008,31.2
8061,4.5322000000000004e-05,0.0,31.2
8062,4.5324e-05,-0.008,31.2
8063,4.5326000000000006e-05,-0.008,31.2
8064,4.5328000000000004e-05,-0.008,31.2
8065,4.533e-05,0.0,31.2
8066,4.5332000000000006e-05,-0.008,31.2
8067,4.5334e-05,-0.008,31.2
8068,4.5336e-05,-0.008,31.2
8069,4.5338000000000005e-05,0.0,31.2
8070,4.534e-05,-0.008,31.2
8071,4.5342e-05,0.0,31.2
8072,4.5344000000000005e-05,-0.008,31.2
8073,4.5346e-05,0.0,31.2
8074,4.5348e-05,-0.008,31.2
8075,4.5350000000000005e-05,-0.008,31.2
8076,4.5352e-05,-0.008,31.2
8077,4.5354e-05,0.0,31.2
8078,4.5356000000000004e-05,-0.008,31.2
8079,4.5358e-05,0.0,31.2
8080,4.536e-05,-0.008,31.2
8081,4.5362000000000004e-05,0.0,31.2
8082,4.5364e-05,-0.008,31.2
8083,4.5366e-05,-0.008,31.2
8084,4.5368e-05,-0.008,31.2
8085,4.537e-05,0.0,31.2
8086,4.5372e-05,-0.008,31.2
8087,4.5374e-05,-0.008,31.2
8088,4.537600000000001e-05,-0.008,31.2
8089,4.5378e-05,0.0,31.2
8090,4.538e-05,-0.008,31.2
8091,4.538200000000001e-05,0.0,31.2
8092,4.5384e-05,-0.008,31.2
8093,4.5386e-05,0.0,31.2
8094,4.5388000000000007e-05,-0.008,31.2
8095,4.5390000000000004e-05,-0.008,31.2
8096,4.5392e-05,-0.008,31.2
8097,4.5394000000000006e-05,0.0,31.2
8098,4.5396000000000004e-05,-0.008,31.2
8099,4.5398e-05,-0.008,31.2
8100,4.5400000000000006e-05,-0.008,31.2
8101,4.5402000000000003e-05,0.0,31.2
8102,4.5404e-05,-0.008,31.2
8103,4.5406000000000005e-05,-0.008,31.2
8104,4.5408e-05,-0.008,31.2
8105,4.541e-05,0.0,31.2
8106,4.5412000000000005e-05,-0.008,31.2
8107,4.5414e-05,0.0,31.2
8108,4.5416e-05,-0.008,31.2
8109,4.5418000000000005e-05,0.0,31.2
8110,4.542e-05,-0.008,31.2
8111,4.5422e-05,0.0,31.2
8112,4.5424000000000004e-05,-0.008,31.2
8113,4.5426e-05,0.0,31.2
8114,4.5428e-05,-0.008,31.2
8115,4.5430000000000004e-05,-0.008,31.2
8116,4.5432e-05,-0.008,31.2
8117,4.5434e-05,0.0,31.2
8118,4.5436000000000003e-05,-0.008,31.2
8119,4.5438e-05,-0.008,31.2
8120,4.544e-05,-0.008,31.2
8121,4.5442e-05,0.0,31.2
8122,4.544400000000001e-05,-0.008,31.2
8123,4.5446e-05,-0.008,31.2
8124,4.5448e-05,-0.008,31.2
8125,4.545000000000001e-05,0.0,31.2
8126,4.5452e-05,-0.008,31.2
8127,4.5454e-05,-0.008,31.2
8128,4.5456000000000007e-05,-0.008,31.2
8129,4.5458000000000004e-05,0.0,31.2
8130,4.546e-05,-0.008,31.2
8131,4.5462000000000006e-05,-0.008,31.2
8132,4.5464000000000004e-05,-0.008,31.2
8133,4.5466e-05,0.0,31.2
8134,4.5468000000000006e-05,-0.008,31.2
8135,4.5470000000000003e-05,-0.008,31.2
8136,4.5472e-05,-0.008,31.2
8137,4.5474000000000005e-05,0.0,31.2
8138,4.5476e-05,-0.008,31.2
8139,4.5478e-05,-0.008,31.2
8140,4.5480000000000005e-05,-0.008,31.2
8141,4.5482e-05,0.0,31.2
8142,4.5484e-05,-0.008,31.2
8143,4.5486000000000005e-05,-0.008,31.2
8144,4.5488e-05,-0.008,31.2
8145,4.549e-05,0.0,31.2
8146,4.5492000000000004e-05,-0.008,31.2
8147,4.5494e-05,-0.008,31.2
8148,4.5496e-05,-0.008,31.2
8149,4.5498000000000004e-05,0.0,31.2
8150,4.55e-05,-0.008,31.2
8151,4.5502e-05,-0.008,31.2
8152,4.5504000000000003e-05,-0.008,31.2
8153,4.5506e-05,0.0,31.2
8154,4.5508e-05,-0.008,31.2
8155,4.551e-05,-0.008,31.2
8156,4.551200000000001e-05,-0.008,31.2
8157,4.5514e-05,0.0,31.2
8158,4.5516e-05,-0.008,31.2
8159,4.551800000000001e-05,0.0,31.2
8160,4.552e-05,-0.008,31.2
8161,4.5522e-05,0.0,31.2
8162,4.552400000000001e-05,-0.008,31.2
8163,4.5526000000000004e-05,0.0,31.2
8164,4.5528e-05,-0.008,31.2
8165,4.5530000000000006e-05,0.0,31.2
8166,4.5532000000000004e-05,-0.008,31.2
8167,4.5534e-05,-0.008,31.2
8168,4.5536000000000006e-05,-0.008,31.2
8169,4.5538000000000003e-05,0.0,31.2
8170,4.554e-05,-0.008,31.2
8171,4.5542000000000005e-05,-0.008,31.2
8172,4.5544e-05,-0.008,31.2
8173,4.5546e-05,0.0,31.2
8174,4.5548000000000005e-05,-0.008,31.2
8175,4.555e-05,-0.008,31.2
8176,4.5552e-05,-0.008,31.2
8177,4.5554000000000005e-05,0.0,31.2
8178,4.5556e-05,-0.008,31.2
8179,4.5558e-05,0.0,31.2
8180,4.5560000000000004e-05,-0.008,31.2
8181,4.5562e-05,0.0,31.2
8182,4.5564e-05,-0.008,31.2
8183,4.5566000000000004e-05,-0.008,31.2
8184,4.5568e-05,-0.008,31.2
8185,4.557e-05,0.0,31.2
8186,4.5572000000000003e-05,-0.008,31.2
8187,4.5574e-05,-0.008,31.2
8188,4.5576e-05,-0.008,31.2
8189,4.5578e-05,0.0,31.2
8190,4.558000000000001e-05,-0.008,31.2
8191,4.5582e-05,0.0,31.2
8192,4.5584e-05,-0.008,31.2
8193,4.558600000000001e-05,0.0,31.2
8194,4.5588e-05,-0.008,31.2
8195,4.559e-05,-0.008,31.2
8196,4.559200000000001e-05,-0.008,31.2
8197,4.5594000000000004e-05,0.0,31.2
8198,4.5596e-05,-0.008,31.2
8199,4.5598000000000006e-05,-0.008,31.2
8200,4.5600000000000004e-05,-0.008,31.2
8201,4.5602e-05,0.0,31.2
8202,4.5604000000000006e-05,-0.008,31.2
8203,4.5606000000000003e-05,-0.008,31.2
8204,4.5608e-05,-0.008,31.2
8205,4.5610000000000005e-05,0.0,31.2
8206,4.5612e-05,-0.008,31.2
8207,4.5614e-05,-0.008,31.2
8208,4.5616000000000005e-05,-0.008,31.2
8209,4.5618e-05,0.0,31.2
8210,4.562e-05,-0.008,31.2
8211,4.5622000000000005e-05,-0.008,31.2
8212,4.5624e-05,-0.008,31.2
8213,4.5626e-05,0.0,31.2
8214,4.5628000000000004e-05,-0.008,31.2
8215,4.563e-05,-0.008,31.2
8216,4.5632e-05,-0.008,31.2
8217,4.5634000000000004e-05,0.0,31.2
8218,4.5636e-05,-0.008,31.2
8219,4.5638e-05,-0.008,31.2
8220,4.5640000000000003e-05,-0.008,31.2
8221,4.5642e-05,0.0,31.2
8222,4.5644e-05,-0.008,31.2
8223,4.5646e-05,0.0,31.2
8224,4.564800000000001e-05,-0.008,31.2
8225,4.565e-05,0.0,31.2
8226,4.5652e-05,-0.008,31.2
8227,4.565400000000001e-05,-0.008,31.2
8228,4.5656e-05,-0.008,31.2
8229,4.5658e-05,0.0,31.2
8230,4.566000000000001e-05,-0.008,31.2
8231,4.5662000000000004e-05,-0.008,31.2
8232,4.5664e-05,-0.008,31.2
8233,4.5666000000000006e-05,0.0,31.2
8234,4.5668000000000004e-05,-0.008,31.2
8235,4.567e-05,0.0,31.2
8236,4.5672000000000006e-05,-0.008,31.2
8237,4.5674000000000003e-05,0.0,31.2
8238,4.5676e-05,-0.008,31.2
8239,4.5678000000000005e-05,0.0,31.2
8240,4.568e-05,-0.008,31.2
8241,4.5682e-05,0.0,31.2
8242,4.5684000000000005e-05,-0.008,31.2
8243,4.5686e-05,-0.008,31.2
8244,4.5688e-05,-0.008,31.2
8245,4.5690000000000005e-05,0.0,31.2
8246,4.5692e-05,-0.008,31.2
8247,4.5694e-05,-0.008,31.2
8248,4.5696000000000004e-05,-0.008,31.2
8249,4.5698e-05,0.0,31.2
8250,4.57e-05,-0.008,31.2
8251,4.5702000000000004e-05,0.0,31.2
8252,4.5704e-05,-0.008,31.2
8253,4.5706e-05,0.0,31.2
8254,4.5708000000000004e-05,-0.008,31.2
8255,4.571e-05,-0.008,31.2
8256,4.5712e-05,-0.008,31.2
8257,4.5714e-05,0.0,31.2
8258,4.571600000000001e-05,-0.008,31.2
8259,4.5718e-05,-0.008,31.2
8260,4.572e-05,-0.008,31.2
8261,4.572200000000001e-05,0.0,31.2
8262,4.5724e-05,-0.008,31.2
8263,4.5726e-05,-0.008,31.2
8264,4.572800000000001e-05,-0.008,31.2
8265,4.5730000000000004e-05,0.0,31.2
8266,4.5732e-05,-0.008,31.2
8267,4.5734000000000006e-05,-0.008,31.2
8268,4.5736000000000004e-05,-0.008,31.2
8269,4.5738e-05,0.0,31.2
8270,4.5740000000000006e-05,-0.008,31.2
8271,4.5742000000000004e-05,-0.008,31.2
8272,4.5744e-05,-0.008,31.2
8273,4.5746000000000006e-05,0.0,31.2
8274,4.5748e-05,-0.008,31.2
8275,4.575e-05,-0.008,31.2
8276,4.5752000000000005e-05,-0.008,31.2
8277,4.5754e-05,0.0,31.2
8278,4.5756e-05,-0.008,31.2
8279,4.5758000000000005e-05,0.0,31.2
8280,4.576e-05,-0.008,31.2
8281,4.5762e-05,0.0,31.2
8282,4.5764000000000004e-05,-0.008,31.2
8283,4.5766e-05,0.0,31.2
8284,4.5768e-05,-0.008,31.2
8285,4.5770000000000004e-05,0.0,31.2
8286,4.5772e-05,-0.008,31.2
8287,4.5774e-05,-0.008,31.2
8288,4.5776000000000004e-05,-0.008,31.2
8289,4.5778e-05,0.0,31.2
8290,4.578e-05,-0.008,31.2
8291,4.5782e-05,0.0,31.2
8292,4.578400000000001e-05,-0.008,31.2
8293,4.5786e-05,0.0,31.2
8294,4.5788e-05,-0.008,31.2
8295,4.579000000000001e-05,0.0,31.2
8296,4.5792e-05,-0.008,31.2
8297,4.5794e-05,0.0,31.2
8298,4.579600000000001e-05,-0.008,31.2
8299,4.5798000000000004e-05,-0.008,31.2
8300,4.58e-05,-0.008,31.2
8301,4.5802000000000006e-05,0.0,31.2
8302,4.5804000000000004e-05,-0.008,31.2
8303,4.5806e-05,-0.008,31.2
8304,4.5808000000000006e-05,0.0,31.2
8305,4.5810000000000004e-05,0.0,31.2
8306,4.5812e-05,-0.008,31.2
8307,4.5814000000000006e-05,0.0,31.2
8308,4.5816e-05,-0.008,31.2
8309,4.5818e-05,0.0,31.2
8310,4.5820000000000005e-05,-0.008,31.2
8311,4.5822e-05,0.0,31.2
8312,4.5824e-05,-0.008,31.2
8313,4.5826000000000005e-05,0.0,31.2
8314,4.5828e-05,-0.008,31.2
8315,4.583e-05,-0.008,31.2
8316,4.5832000000000004e-05,-0.008,31.2
8317,4.5834e-05,0.0,31.2
8318,4.5836e-05,-0.008,31.2
8319,4.5838000000000004e-05,-0.008,31.2
8320,4.584e-05,-0.008,31.2
8321,4.5842e-05,0.0,31.2
8322,4.5844000000000004e-05,-0.008,31.2
8323,4.5846e-05,-0.008,31.2
8324,4.5848e-05,-0.008,31.2
8325,4.585e-05,0.0,31.2
8326,4.585200000000001e-05,-0.008,31.2
8327,4.5854e-05,-0.008,31.2
8328,4.5856e-05,-0.008,31.2
8329,4.585800000000001e-05,0.0,31.2
8330,4.586e-05,-0.008,31.2
8331,4.5862e-05,0.0,31.2
8332,4.586400000000001e-05,-0.008,31.2
8333,4.5866000000000004e-05,0.0,31.2
8334,4.5868e-05,-0.008,31.2
8335,4.5870000000000006e-05,-0.008,31.2
8336,4.5872000000000004e-05,-0.008,31.2
8337,4.5874e-05,0.0,31.2
8338,4.5876000000000006e-05,0.0,31.2
8339,4.5878000000000004e-05,-0.008,31.2
8340,4.588e-05,-0.008,31.2
8341,4.5882000000000006e-05,0.0,31.2
8342,4.5884e-05,-0.008,31.2
8343,4.5886e-05,0.0,31.2
8344,4.5888000000000005e-05,-0.008,31.2
8345,4.589e-05,0.0,31.2
8346,4.5892e-05,-0.008,31.2
8347,4.5894000000000005e-05,-0.008,31.2
8348,4.5896e-05,-0.008,31.2
8349,4.5898e-05,0.0,31.2
8350,4.5900000000000004e-05,-0.008,31.2
8351,4.5902e-05,0.0,31.2
8352,4.5904e-05,-0.008,31.2
8353,4.5906000000000004e-05,0.0,31.2
8354,4.5908e-05,0.0,31.2
8355,4.591e-05,0.0,31.2
8356,4.5912000000000004e-05,-0.008,31.2
8357,4.5914e-05,0.0,31.2
8358,4.5916e-05,-0.008,31.2
8359,4.5918e-05,0.0,31.2
8360,4.592000000000001e-05,-0.008,31.2
8361,4.5922e-05,0.0,31.2
8362,4.5924e-05,-0.008,31.2
8363,4.592600000000001e-05,-0.008,31.2
8364,4.5928e-05,-0.008,31.2
8365,4.593e-05,0.0,31.2
8366,4.593200000000001e-05,-0.008,31.2
8367,4.5934e-05,-0.008,31.2
8368,4.5936e-05,-0.008,31.2
8369,4.5938000000000006e-05,0.0,31.2
8370,4.5940000000000004e-05,-0.008,31.2
8371,4.5942e-05,-0.008,31.2
8372,4.5944000000000006e-05,-0.008,31.2
8373,4.5946000000000004e-05,0.0,31.2
8374,4.5948e-05,-0.008,31.2
8375,4.5950000000000006e-05,0.0,31.2
8376,4.5952e-05,-0.008,31.2
8377,4.5954e-05,0.0,31.2
8378,4.5956000000000005e-05,0.0,31.2
8379,4.5958e-05,-0.008,31.2
8380,4.596e-05,-0.008,31.2
8381,4.5962000000000005e-05,0.0,31.2
8382,4.5964e-05,-0.008,31.2
8383,4.5966e-05,-0.008,31.2
8384,4.5968000000000004e-05,-0.008,31.2
8385,4.597e-05,0.0,31.2
8386,4.5972e-05,-0.008,31.2
8387,4.5974000000000004e-05,-0.008,31.2
8388,4.5976e-05,-0.008,31.2
8389,4.5978e-05,0.0,31.2
8390,4.5980000000000004e-05,-0.008,31.2
8391,4.5982e-05,0.0,31.2
8392,4.5984e-05,-0.008,31.2
8393,4.5986e-05,0.0,31.2
8394,4.598800000000001e-05,-0.008,31.2
8395,4.599e-05,-0.008,31.2
8396,4.5992e-05,-0.008,31.2
8397,4.599400000000001e-05,0.0,31.2
8398,4.5996e-05,-0.008,31.2
8399,4.5998e-05,-0.008,31.2
8400,4.600000000000001e-05,-0.008,31.2
8401,4.6002e-05,0.0,31.2
8402,4.6004e-05,-0.008,31.2
8403,4.6006000000000006e-05,0.0,31.2
8404,4.6008000000000004e-05,-0.008,31.2
8405,4.601e-05,0.0,31.2
8406,4.6012000000000006e-05,-0.008,31.2
8407,4.6014000000000004e-05,-0.008,31.2
8408,4.6016e-05,-0.008,31.2
8409,4.6018000000000006e-05,0.0,31.2
8410,4.602e-05,-0.008,31.2
8411,4.6022e-05,0.0,31.2
8412,4.6024000000000005e-05,-0.008,31.2
8413,4.6026e-05,0.0,31.2
8414,4.6028e-05,-0.008,31.2
8415,4.6030000000000005e-05,0.0,31.2
8416,4.6032e-05,-0.008,31.2
8417,4.6034e-05,0.0,31.2
8418,4.6036000000000004e-05,-0.008,31.2
8419,4.6038e-05,0.0,31.2
8420,4.604e-05,-0.008,31.2
8421,4.6042000000000004e-05,0.0,31.2
8422,4.6044e-05,-0.008,31.2
8423,4.6046e-05,-0.008,31.2
8424,4.6048000000000004e-05,-0.008,31.2
8425,4.605e-05,0.0,31.2
8426,4.6052e-05,-0.008,31.2
8427,4.6054e-05,-0.008,31.2
8428,4.605600000000001e-05,-0.008,31.2
8429,4.6058e-05,0.0,31.2
8430,4.606e-05,-0.008,31.2
8431,4.606200000000001e-05,-0.008,31.2
8432,4.6064e-05,-0.008,31.2
8433,4.6066e-05,0.0,31.2
8434,4.606800000000001e-05,-0.008,31.2
8435,4.607e-05,-0.008,31.2
8436,4.6072e-05,-0.008,31.2
8437,4.6074000000000006e-05,0.0,31.2
8438,4.6076000000000004e-05,-0.008,31.2
8439,4.6078e-05,-0.008,31.2
8440,4.6080000000000006e-05,-0.008,31.2
8441,4.6082000000000004e-05,0.0,31.2
8442,4.6084e-05,-0.008,31.2
8443,4.6086000000000006e-05,-0.008,31.2
8444,4.6088e-05,-0.008,31.2
8445,4.609e-05,0.0,31.2
8446,4.6092000000000005e-05,-0.008,31.2
8447,4.6094e-05,-0.008,31.2
8448,4.6096e-05,-0.008,31.2
8449,4.6098000000000005e-05,0.0,31.2
8450,4.61e-05,-0.008,31.2
8451,4.6102e-05,-0.008,31.2
8452,4.6104000000000004e-05,-0.008,31.2
8453,4.6106e-05,0.0,31.2
8454,4.6108e-05,-0.008,31.2
8455,4.6110000000000004e-05,0.0,31.2
8456,4.6112e-05,-0.008,31.2
8457,4.6114e-05,0.0,31.2
8458,4.6116000000000004e-05,-0.008,31.2
8459,4.6118e-05,-0.008,31.2
8460,4.612e-05,-0.008,31.2
8461,4.6122e-05,0.0,31.2
8462,4.612400000000001e-05,-0.008,31.2
8463,4.6126e-05,-0.008,31.2
8464,4.6128e-05,-0.008,31.2
8465,4.613000000000001e-05,0.0,31.2
8466,4.6132e-05,-0.008,31.2
8467,4.6134e-05,-0.008,31.2
8468,4.613600000000001e-05,-0.008,31.2
8469,4.6138e-05,0.0,31.2
8470,4.614e-05,-0.008,31.2
8471,4.6142000000000006e-05,0.0,31.2
8472,4.6144000000000004e-05,-0.008,31.2
8473,4.6146e-05,0.0,31.2
8474,4.6148000000000006e-05,-0.008,31.2
8475,4.6150000000000004e-05,-0.008,31.2
8476,4.6152e-05,-0.008,31.2
8477,4.6154000000000006e-05,0.0,31.2
8478,4.6156e-05,-0.008,31.2
8479,4.6158e-05,0.0,31.2
8480,4.6160000000000005e-05,-0.008,31.2
8481,4.6162e-05,0.0,31.2
8482,4.6164e-05,-0.008,31.2
8483,4.6166000000000005e-05,-0.008,31.2
8484,4.6168e-05,-0.008,31.2
8485,4.617e-05,0.0,31.2
8486,4.6172000000000004e-05,-0.008,31.2
8487,4.6174e-05,-0.008,31.2
8488,4.6176e-05,-0.008,31.2
8489,4.6178000000000004e-05,0.0,31.2
8490,4.618e-05,-0.008,31.2
8491,4.6182e-05,0.0,31.2
8492,4.6184000000000004e-05,-0.008,31.2
8493,4.6186e-05,0.0,31.2
8494,4.6188e-05,-0.008,31.2
8495,4.619e-05,-0.008,31.2
8496,4.619200000000001e-05,-0.008,31.2
8497,4.6194e-05,0.0,31.2
8498,4.6196e-05,-0.008,31.2
8499,4.619800000000001e-05,0.0,31.2
8500,4.62e-05,-0.008,31.2
8501,4.6202e-05,0.0,31.2
8502,4.620400000000001e-05,-0.008,31.2
8503,4.6206e-05,-0.008,31.2
8504,4.6208e-05,-0.008,31.2
8505,4.6210000000000006e-05,0.0,31.2
8506,4.6212000000000004e-05,-0.008,31.2
8507,4.6214e-05,0.0,31.2
8508,4.6216000000000006e-05,-0.008,31.2
8509,4.6218000000000004e-05,0.0,31.2
8510,4.622e-05,-0.008,31.2
8511,4.6222000000000006e-05,-0.008,31.2
8512,4.6224e-05,-0.008,31.2
8513,4.6226e-05,0.0,31.2
8514,4.6228000000000005e-05,-0.008,31.2
8515,4.623e-05,-0.008,31.2
8516,4.6232e-05,-0.008,31.2
8517,4.6234000000000005e-05,0.0,31.2
8518,4.6236e-05,-0.008,31.2
8519,4.6238e-05,-0.008,31.2
8520,4.6240000000000005e-05,-0.008,31.2
8521,4.6242e-05,0.0,31.2
8522,4.6244e-05,-0.008,31.2
8523,4.6246000000000004e-05,-0.008,31.2
8524,4.6248e-05,-0.008,31.2
8525,4.625e-05,0.0,31.2
8526,4.6252000000000004e-05,-0.008,31.2
8527,4.6254e-05,-0.008,31.2
8528,4.6256e-05,-0.008,31.2
8529,4.6258e-05,0.0,31.2
8530,4.626000000000001e-05,-0.008,31.2
8531,4.6262e-05,0.0,31.2
8532,4.6264e-05,-0.008,31.2
8533,4.626600000000001e-05,0.0,31.2
8534,4.6268e-05,-0.008,31.2
8535,4.627e-05,-0.008,31.2
8536,4.627200000000001e-05,-0.008,31.2
8537,4.6274e-05,0.0,31.2
8538,4.6276e-05,0.0,31.2
8539,4.6278000000000007e-05,-0.008,31.2
8540,4.6280000000000004e-05,-0.008,31.2
8541,4.6282e-05,0.0,31.2
8542,4.6284000000000006e-05,-0.008,31.2
8543,4.6286000000000004e-05,-0.008,31.2
8544,4.6288e-05,-0.008,31.2
8545,4.6290000000000006e-05,0.0,31.2
8546,4.6292e-05,-0.008,31.2
8547,4.6294e-05,-0.008,31.2
8548,4.6296000000000005e-05,-0.008,31.2
8549,4.6298e-05,0.0,31.2
8550,4.63e-05,-0.008,31.2
8551,4.6302000000000005e-05,0.0,31.2
8552,4.6304e-05,-0.008,31.2
8553,4.6306e-05,0.0,31.2
8554,4.6308000000000005e-05,-0.008,31.2
8555,4.631e-05,0.0,31.2
8556,4.6312e-05,-0.008,31.2
8557,4.6314000000000004e-05,0.0,31.2
8558,4.6316e-05,-0.008,31.2
8559,4.6318e-05,0.0,31.2
8560,4.6320000000000004e-05,-0.008,31.2
8561,4.6322e-05,0.0,31.2
8562,4.6324e-05,-0.008,31.2
8563,4.6326e-05,-0.008,31.2
8564,4.632800000000001e-05,-0.008,31.2
8565,4.633e-05,0.0,31.2
8566,4.6332e-05,-0.008,31.2
8567,4.633400000000001e-05,0.0,31.2
8568,4.6336e-05,0.0,31.2
8569,4.6338e-05,0.0,31.2
8570,4.634000000000001e-05,-0.008,31.2
8571,4.6342e-05,0.0,31.2
8572,4.6344e-05,-0.008,31.2
8573,4.6346000000000007e-05,0.0,31.2
8574,4.6348000000000004e-05,-0.008,31.2
8575,4.635e-05,0.0,31.2
8576,4.6352000000000006e-05,-0.008,31.2
8577,4.6354000000000004e-05,0.0,31.2
8578,4.6356e-05,0.0,31.2
8579,4.6358000000000006e-05,0.0,31.2
8580,4.636e-05,-0.008,31.2
8581,4.6362e-05,0.0,31.2
8582,4.6364000000000005e-05,-0.008,31.2
8583,4.6366e-05,-0.008,31.2
8584,4.6368e-05,-0.008,31.2
8585,4.6370000000000005e-05,0.0,31.2
8586,4.6372e-05,-0.008,31.2
8587,4.6374e-05,0.0,31.2
8588,4.6376000000000005e-05,-0.008,31.2
8589,4.6378e-05,0.0,31.2
8590,4.638e-05,-0.008,31.2
8591,4.6382000000000004e-05,0.0,31.2
8592,4.6384e-05,-0.008,31.2
8593,4.6386e-05,0.0,31.2
8594,4.6388000000000004e-05,0.0,31.2
8595,4.639e-05,0.0,31.2
8596,4.6392e-05,-0.008,31.2
8597,4.6394e-05,0.0,31.2
8598,4.639600000000001e-05,-0.008,31.2
8599,4.6398e-05,0.0,31.2
8600,4.64e-05,-0.008,31.2
8601,4.640200000000001e-05,0.0,31.2
8602,4.6404e-05,-0.008,31.2
8603,4.6406e-05,-0.008,31.2
8604,4.640800000000001e-05,-0.008,31.2
8605,4.641e-05,0.0,31.2
8606,4.6412e-05,-0.008,31.2
8607,4.6414000000000007e-05,0.0,31.2
8608,4.6416000000000004e-05,-0.008,31.2
8609,4.6418e-05,0.0,31.2
8610,4.6420000000000006e-05,-0.008,31.2
8611,4.6422000000000004e-05,-0.008,31.2
8612,4.6424e-05,-0.008,31.2
8613,4.6426000000000006e-05,0.0,31.2
8614,4.6428000000000003e-05,-0.008,31.2
8615,4.643e-05,-0.008,31.2
8616,4.6432000000000005e-05,-0.008,31.2
8617,4.6434e-05,0.0,31.2
8618,4.6436e-05,-0.008,31.2
8619,4.6438000000000005e-05,0.0,31.2
8620,4.644e-05,-0.008,31.2
8621,4.6442e-05,0.0,31.2
8622,4.6444000000000005e-05,-0.008,31.2
8623,4.6446e-05,0.0,31.2
8624,4.6448e-05,-0.008,31.2
8625,4.6450000000000004e-05,0.0,31.2
8626,4.6452e-05,-0.008,31.2
8627,4.6454e-05,-0.008,31.2
8628,4.6456000000000004e-05,-0.008,31.2
8629,4.6458e-05,0.0,31.2
8630,4.646e-05,-0.008,31.2
8631,4.6462000000000003e-05,-0.008,31.2
8632,4.646400000000001e-05,-0.008,31.2
8633,4.6466e-05,0.0,31.2
8634,4.6468e-05,-0.008,31.2
8635,4.647000000000001e-05,0.0,31.2
8636,4.6472e-05,-0.008,31.2
8637,4.6474e-05,0.0,31.2
8638,4.647600000000001e-05,-0.008,31.2
8639,4.6478e-05,0.0,31.2
8640,4.648e-05,-0.008,31.2
8641,4.6482000000000007e-05,0.0,31.2
8642,4.6484000000000004e-05,-0.008,31.2
8643,4.6486e-05,0.0,31.2
8644,4.6488000000000006e-05,-0.008,31.2
8645,4.6490000000000004e-05,0.0,31.2
8646,4.6492e-05,-0.008,31.2
8647,4.6494000000000006e-05,-0.008,31.2
8648,4.6496000000000003e-05,-0.008,31.2
8649,4.6498e-05,0.0,31.2
8650,4.6500000000000005e-05,-0.008,31.2
8651,4.6502e-05,0.0,31.2
8652,4.6504e-05,-0.008,31.2
8653,4.6506000000000005e-05,0.0,31.2
8654,4.6508e-05,-0.008,31.2
8655,4.651e-05,-0.008,31.2
8656,4.6512000000000005e-05,-0.008,31.2
8657,4.6514e-05,0.0,31.2
8658,4.6516e-05,-0.008,31.2
8659,4.6518000000000004e-05,-0.008,31.2
8660,4.652e-05,-0.008,31.2
8661,4.6522e-05,0.0,31.2
8662,4.6524000000000004e-05,-0.008,31.2
8663,4.6526e-05,0.0,31.2
8664,4.6528e-05,-0.008,31.2
8665,4.6530000000000003e-05,0.0,31.2
8666,4.6532e-05,-0.008,31.2
8667,4.6534e-05,-0.008,31.2
8668,4.6536e-05,-0.008,31.2
8669,4.653800000000001e-05,0.0,31.2
8670,4.654e-05,-0.008,31.2
8671,4.6542e-05,-0.008,31.2
8672,4.654400000000001e-05,-0.008,31.2
8673,4.6546e-05,0.0,31.2
8674,4.6548e-05,0.0,31.2
8675,4.655000000000001e-05,0.0,31.2
8676,4.6552000000000004e-05,-0.008,31.2
8677,4.6554e-05,0.0,31.2
8678,4.6556000000000006e-05,-0.008,31.2
8679,4.6558000000000004e-05,0.0,31.2
8680,4.656e-05,-0.008,31.2
8681,4.6562000000000006e-05,0.0,31.2
8682,4.6564000000000003e-05,-0.008,31.2
8683,4.6566e-05,0.0,31.2
8684,4.6568000000000005e-05,-0.008,31.2
8685,4.657e-05,0.0,31.2
8686,4.6572e-05,-0.008,31.2
8687,4.6574000000000005e-05,-0.008,31.2
8688,4.6576e-05,-0.008,31.2
8689,4.6578e-05,0.0,31.2
8690,4.6580000000000005e-05,-0.008,31.2
8691,4.6582e-05,0.0,31.2
8692,4.6584e-05,-0.008,31.2
8693,4.6586000000000004e-05,0.0,31.2
8694,4.6588e-05,-0.008,31.2
8695,4.659e-05,-0.008,31.2
8696,4.6592000000000004e-05,0.0,31.2
8697,4.6594e-05,0.0,31.2
8698,4.6596e-05,0.0,31.2
8699,4.6598000000000003e-05,0.0,31.2
8700,4.66e-05,-0.008,31.2
8701,4.6602e-05,0.0,31.2
8702,4.6604e-05,-0.008,31.2
8703,4.660600000000001e-05,-0.008,31.2
8704,4.6608e-05,-0.008,31.2
8705,4.661e-05,0.0,31.2
8706,4.661200000000001e-05,-0.008,31.2
8707,4.6614e-05,0.0,31.2
8708,4.6616e-05,-0.008,31.2
8709,4.661800000000001e-05,0.0,31.2
8710,4.6620000000000004e-05,-0.008,31.2
8711,4.6622e-05,-0.008,31.2
8712,4.6624000000000006e-05,-0.008,31.2
8713,4.6626000000000004e-05,0.0,31.2
8714,4.6628e-05,-0.008,31.2
8715,4.6630000000000006e-05,-0.008,31.2
8716,4.6632000000000003e-05,-0.008,31.2
8717,4.6634e-05,0.0,31.2
8718,4.6636000000000005e-05,-0.008,31.2
8719,4.6638e-05,-0.008,31.2
8720,4.664e-05,-0.008,31.2
8721,4.6642000000000005e-05,0.0,31.2
8722,4.6644e-05,0.0,31.2
8723,4.6646e-05,-0.008,31.2
8724,4.6648000000000005e-05,-0.008,31.2
8725,4.665e-05,0.0,31.2
8726,4.6652e-05,-0.008,31.2
8727,4.6654000000000004e-05,0.0,31.2
8728,4.6656e-05,-0.008,31.2
8729,4.6658e-05,0.0,31.2
8730,4.6660000000000004e-05,-0.008,31.2
8731,4.6662e-05,0.0,31.2
8732,4.6664e-05,-0.008,31.2
8733,4.6666000000000003e-05,0.0,31.2
8734,4.6668e-05,-0.008,31.2
8735,4.667e-05,0.0,31.2
8736,4.6672e-05,-0.008,31.2
8737,4.667400000000001e-05,0.0,31.2
8738,4.6676e-05,-0.008,31.2
8739,4.6678e-05,-0.008,31.2
8740,4.668000000000001e-05,-0.008,31.2
8741,4.6682e-05,0.0,31.2
8742,4.6684e-05,-0.008,31.2
8743,4.668600000000001e-05,-0.008,31.2
8744,4.6688000000000004e-05,-0.008,31.2
8745,4.669e-05,0.0,31.2
8746,4.6692000000000006e-05,-0.008,31.2
8747,4.6694000000000004e-05,0.0,31.2
8748,4.6696e-05,-0.008,31.2
8749,4.6698000000000006e-05,0.0,31.2
8750,4.6700000000000003e-05,-0.008,31.2
8751,4.6702e-05,0.0,31.2
8752,4.6704000000000005e-05,-0.008,31.2
8753,4.6706e-05,0.0,31.2
8754,4.6708e-05,-0.008,31.2
8755,4.6710000000000005e-05,-0.008,31.2
8756,4.6712e-05,-0.008,31.2
8757,4.6714e-05,0.0,31.2
8758,4.6716000000000005e-05,-0.008,31.2
8759,4.6718e-05,0.0,31.2
8760,4.672e-05,-0.008,31.2
8761,4.6722000000000004e-05,0.0,31.2
8762,4.6724e-05,-0.008,31.2
8763,4.6726e-05,-0.008,31.2
8764,4.6728000000000004e-05,-0.008,31.2
8765,4.673e-05,0.0,31.2
8766,4.6732e-05,-0.008,31.2
8767,4.6734000000000004e-05,-0.008,31.2
8768,4.6736e-05,-0.008,31.2
8769,4.6738e-05,0.0,31.2
8770,4.674e-05,-0.008,31.2
8771,4.674200000000001e-05,0.0,31.2
8772,4.6744e-05,-0.008,31.2
8773,4.6746e-05,0.0,31.2
8774,4.674800000000001e-05,-0.008,31.2
8775,4.675e-05,0.0,31.2
8776,4.6752e-05,-0.008,31.2
8777,4.675400000000001e-05,0.0,31.2
8778,4.6756000000000004e-05,-0.008,31.2
8779,4.6758e-05,-0.008,31.2
8780,4.6760000000000006e-05,-0.008,31.2
8781,4.6762000000000004e-05,0.0,31.2
8782,4.6764e-05,-0.008,31.2
8783,4.6766000000000006e-05,-0.008,31.2
8784,4.6768000000000004e-05,-0.008,31.2
8785,4.677e-05,0.0,31.2
8786,4.6772000000000006e-05,0.0,31.2
8787,4.6774e-05,-0.008,31.2
8788,4.6776e-05,-0.008,31.2
8789,4.6778000000000005e-05,0.0,31.2
8790,4.678e-05,0.0,31.2
8791,4.6782e-05,0.0,31.2
8792,4.6784000000000005e-05,-0.008,31.2
8793,4.6786e-05,0.0,31.2
8794,4.6788e-05,-0.008,31.2
8795,4.6790000000000004e-05,-0.008,31.2
8796,4.6792e-05,-0.008,31.2
8797,4.6794e-05,0.0,31.2
8798,4.6796000000000004e-05,-0.008,31.2
8799,4.6798e-05,0.0,31.2
8800,4.68e-05,-0.008,31.2
8801,4.6802000000000004e-05,0.0,31.2
8802,4.6804e-05,-0.008,31.2
8803,4.6806e-05,-0.008,31.2
8804,4.6808e-05,-0.008,31.2
8805,4.681000000000001e-05,0.0,31.2
8806,4.6812e-05,-0.008,31.2
8807,4.6814e-05,0.0,31.2
8808,4.681600000000001e-05,-0.008,31.2
8809,4.6818e-05,0.0,31.2
8810,4.682e-05,-0.008,31.2
8811,4.682200000000001e-05,0.0,31.2
8812,4.6824000000000004e-05,-0.008,31.2
8813,4.6826e-05,0.0,31.2
8814,4.6828000000000006e-05,-0.008,31.2
8815,4.6830000000000004e-05,-0.008,31.2
8816,4.6832e-05,-0.008,31.2
8817,4.6834000000000006e-05,0.0,31.2
8818,4.6836000000000004e-05,0.0,31.2
8819,4.6838e-05,0.0,31.2
8820,4.6840000000000006e-05,-0.008,31.2
8821,4.6842e-05,0.0,31.2
8822,4.6844e-05,-0.008,31.2
8823,4.6846000000000005e-05,0.0,31.2
8824,4.6848e-05,-0.008,31.2
8825,4.685e-05,0.0,31.2
8826,4.6852000000000005e-05,0.0,31.2
8827,4.6854e-05,-0.008,31.2
8828,4.6856e-05,-0.008,31.2
8829,4.6858000000000004e-05,0.0,31.2
8830,4.686e-05,-0.008,31.2
8831,4.6862e-05,0.0,31.2
8832,4.6864000000000004e-05,-0.008,31.2
8833,4.6866e-05,0.0,31.2
8834,4.6868e-05,-0.008,31.2
8835,4.6870000000000004e-05,0.0,31.2
8836,4.6872e-05,-0.008,31.2
8837,4.6874e-05,0.0,31.2
8838,4.6876e-05,-0.008,31.2
8839,4.687800000000001e-05,0.0,31.2
8840,4.688e-05,-0.008,31.2
8841,4.6882e-05,0.0,31.2
8842,4.688400000000001e-05,-0.008,31.2
8843,4.6886e-05,0.0,31.2
8844,4.6888e-05,-0.008,31.2
8845,4.689000000000001e-05,0.0,31.2
8846,4.6892000000000004e-05,-0.008,31.2
8847,4.6894e-05,0.0,31.2
8848,4.6896000000000006e-05,-0.008,31.2
8849,4.6898000000000004e-05,0.0,31.2
8850,4.69e-05,-0.008,31.2
8851,4.6902000000000006e-05,0.0,31.2
8852,4.6904000000000004e-05,-0.008,31.2
8853,4.6906e-05,0.0,31.2
8854,4.6908000000000006e-05,-0.008,31.2
8855,4.691e-05,0.0,31.2
8856,4.6912e-05,-0.008,31.2
8857,4.6914000000000005e-05,0.0,31.2
8858,4.6916e-05,-0.008,31.2
8859,4.6918e-05,-0.008,31.2
8860,4.6920000000000005e-05,-0.008,31.2
8861,4.6922e-05,0.0,31.2
8862,4.6924e-05,-0.008,31.2
8863,4.6926000000000004e-05,0.0,31.2
8864,4.6928e-05,-0.008,31.2
8865,4.693e-05,0.0,31.2
8866,4.6932000000000004e-05,-0.008,31.2
8867,4.6934e-05,0.0,31.2
8868,4.6936e-05,-0.008,31.2
8869,4.6938000000000004e-05,0.0,31.2
8870,4.694e-05,-0.008,31.2
8871,4.6942e-05,0.0,31.2
8872,4.6944e-05,-0.008,31.2
8873,4.694600000000001e-05,0.0,31.2
8874,4.6948e-05,0.0,31.2
8875,4.695e-05,-0.008,31.2
8876,4.695200000000001e-05,-0.008,31.2
8877,4.6954e-05,0.0,31.2
8878,4.6956e-05,-0.008,31.2
8879,4.695800000000001e-05,0.0,31.2
8880,4.6960000000000004e-05,-0.008,31.2
8881,4.6962e-05,0.0,31.2
8882,4.6964000000000006e-05,-0.008,31.2
8883,4.6966000000000004e-05,-0.008,31.2
8884,4.6968e-05,-0.008,31.2
8885,4.6970000000000006e-05,0.0,31.2
8886,4.6972000000000004e-05,-0.008,31.2
8887,4.6974e-05,0.0,31.2
8888,4.6976000000000006e-05,-0.008,31.2
8889,4.6978e-05,0.0,31.2
8890,4.698e-05,-0.008,31.2
8891,4.6982000000000005e-05,0.0,31.2
8892,4.6984e-05,-0.008,31.2
8893,4.6986e-05,0.0,31.2
8894,4.6988000000000005e-05,-0.008,31.2
8895,4.699e-05,-0.008,31.2
8896,4.6992e-05,0.0,31.2
8897,4.6994000000000004e-05,0.0,31.2
8898,4.6996e-05,-0.008,31.2
8899,4.6998e-05,0.0,31.2
8900,4.7000000000000004e-05,-0.008,31.2
8901,4.7002e-05,0.0,31.2
8902,4.7004e-05,-0.008,31.2
8903,4.7006000000000004e-05,-0.008,31.2
8904,4.7008e-05,0.0,31.2
8905,4.701e-05,0.0,31.2
8906,4.7012e-05,-0.008,31.2
8907,4.701400000000001e-05,0.0,31.2
8908,4.7016e-05,-0.008,31.2
8909,4.7018e-05,0.0,31.2
8910,4.702000000000001e-05,-0.008,31.2
8911,4.7022e-05,-0.008,31.2
8912,4.7024e-05,-0.008,31.2
8913,4.702600000000001e-05,0.0,31.2
8914,4.7028000000000004e-05,-0.008,31.2
8915,4.703e-05,0.0,31.2
8916,4.7032000000000006e-05,-0.008,31.2
8917,4.7034000000000004e-05,0.0,31.2
8918,4.7036e-05,-0.008,31.2
8919,4.7038000000000006e-05,0.0,31.2
8920,4.7040000000000004e-05,-0.008,31.2
8921,4.7042e-05,0.0,31.2
8922,4.7044000000000006e-05,-0.008,31.2
8923,4.7046e-05,0.0,31.2
8924,4.7048e-05,-0.008,31.2
8925,4.7050000000000005e-05,0.0,31.2
8926,4.7052e-05,-0.008,31.2
8927,4.7054e-05,-0.008,31.2
8928,4.7056000000000005e-05,-0.008,31.2
8929,4.7058e-05,0.0,31.2
8930,4.706e-05,0.0,31.2
8931,4.7062000000000004e-05,0.0,31.2
8932,4.7064e-05,-0.008,31.2
8933,4.7066e-05,0.0,31.2
8934,4.7068000000000004e-05,-0.008,31.2
8935,4.707e-05,0.0,31.2
8936,4.7072e-05,-0.008,31.2
8937,4.7074000000000004e-05,0.0,31.2
8938,4.7076e-05,0.0,31.2
8939,4.7078e-05,0.0,31.2
8940,4.708e-05,-0.008,31.2
8941,4.708200000000001e-05,0.0,31.2
8942,4.7084e-05,-0.008,31.2
8943,4.7086e-05,0.0,31.2
8944,4.708800000000001e-05,-0.008,31.2
8945,4.709e-05,0.0,31.2
8946,4.7092e-05,-0.008,31.2
8947,4.709400000000001e-05,-0.008,31.2
8948,4.7096000000000004e-05,-0.008,31.2
8949,4.7098e-05,0.0,31.2
8950,4.7100000000000006e-05,-0.008,31.2
8951,4.7102000000000004e-05,0.0,31.2
8952,4.7104e-05,-0.008,31.2
8953,4.7106000000000006e-05,0.0,31.2
8954,4.7108000000000004e-05,-0.008,31.2
8955,4.711e-05,-0.008,31.2
8956,4.7112000000000006e-05,-0.008,31.2
8957,4.7114e-05,0.0,31.2
8958,4.7116e-05,-0.008,31.2
8959,4.7118000000000005e-05,-0.008,31.2
8960,4.712e-05,-0.008,31.2
8961,4.7122e-05,0.0,31.2
8962,4.7124000000000005e-05,-0.008,31.2
8963,4.7126e-05,0.0,31.2
8964,4.7128e-05,-0.008,31.2
8965,4.7130000000000004e-05,0.0,31.2
8966,4.7132e-05,-0.008,31.2
8967,4.7134e-05,-0.008,31.2
8968,4.7136000000000004e-05,-0.008,31.2
8969,4.7138e-05,0.0,31.2
8970,4.714e-05,-0.008,31.2
8971,4.7142000000000004e-05,0.0,31.2
8972,4.7144e-05,-0.008,31.2
8973,4.7146e-05,0.0,31.2
8974,4.7148e-05,-0.008,31.2
8975,4.715000000000001e-05,-0.008,31.2
8976,4.7152e-05,-0.008,31.2
8977,4.7154e-05,0.0,31.2
8978,4.715600000000001e-05,-0.008,31.2
8979,4.7158e-05,0.0,31.2
8980,4.716e-05,-0.008,31.2
8981,4.716200000000001e-05,0.0,31.2
8982,4.7164e-05,-0.008,31.2
8983,4.7166e-05,0.0,31.2
8984,4.7168000000000006e-05,-0.008,31.2
8985,4.7170000000000004e-05,0.0,31.2
8986,4.7172e-05,-0.008,31.2
8987,4.7174000000000006e-05,0.0,31.2
8988,4.7176000000000004e-05,-0.008,31.2
8989,4.7178e-05,0.0,31.2
8990,4.7180000000000006e-05,-0.008,31.2
8991,4.7182e-05,0.0,31.2
8992,4.7184e-05,-0.008,31.2
8993,4.7186000000000005e-05,0.0,31.2
8994,4.7188e-05,-0.008,31.2
8995,4.719e-05,0.0,31.2
8996,4.7192000000000005e-05,-0.008,31.2
8997,4.7194e-05,0.0,31.2
8998,4.7196e-05,-0.008,31.2
8999,4.7198000000000004e-05,0.0,31.2
9000,4.72e-05,-0.008,31.2
9001,4.7202e-05,0.0,31.2
9002,4.7204000000000004e-05,-0.008,31.2
9003,4.7206e-05,0.0,31.2
9004,4.7208e-05,0.0,31.2
9005,4.7210000000000004e-05,0.0,31.2
9006,4.7212e-05,-0.008,31.2
9007,4.7214e-05,0.0,31.2
9008,4.7216e-05,-0.008,31.2
9009,4.721800000000001e-05,0.0,31.2
9010,4.722e-05,0.0,31.2
9011,4.7222e-05,0.0,31.2
9012,4.722400000000001e-05,-0.008,31.2
9013,4.7226e-05,0.0,31.2
9014,4.7228e-05,0.0,31.2
9015,4.723000000000001e-05,0.0,31.2
9016,4.7232e-05,-0.008,31.2
9017,4.7234e-05,0.0,31.2
9018,4.7236000000000006e-05,-0.008,31.2
9019,4.7238000000000004e-05,0.0,31.2
9020,4.724e-05,-0.008,31.2
9021,4.7242000000000006e-05,0.0,31.2
9022,4.7244000000000004e-05,-0.008,31.2
9023,4.7246e-05,0.0,31.2
9024,4.7248000000000006e-05,0.0,31.2
9025,4.725e-05,0.0,31.2
9026,4.7252e-05,0.0,31.2
9027,4.7254000000000005e-05,0.0,31.2
9028,4.7256e-05,0.0,31.2
9029,4.7258e-05,0.0,31.2
9030,4.7260000000000005e-05,-0.008,31.2
9031,4.7262e-05,-0.008,31.2
9032,4.7264e-05,-0.008,31.2
9033,4.7266000000000005e-05,0.0,31.2
9034,4.7268e-05,0.0,31.2
9035,4.727e-05,0.0,31.2
9036,4.7272000000000004e-05,-0.008,31.2
9037,4.7274e-05,0.0,31.2
9038,4.7276e-05,-0.008,31.2
9039,4.7278000000000004e-05,0.0,31.2
9040,4.728e-05,-0.008,31.2
9041,4.7282e-05,0.0,31.2
9042,4.7284e-05,0.0,31.2
9043,4.728600000000001e-05,0.0,31.2
9044,4.7288e-05,-0.008,31.2
9045,4.729e-05,0.0,31.2
9046,4.729200000000001e-05,0.0,31.2
9047,4.7294e-05,-0.008,31.2
9048,4.7296e-05,-0.008,31.2
9049,4.729800000000001e-05,0.0,31.2
9050,4.73e-05,-0.008,31.2
9051,4.7302e-05,0.0,31.2
9052,4.7304000000000007e-05,-0.008,31.2
9053,4.7306000000000004e-05,0.0,31.2
9054,4.7308e-05,-0.008,31.2
9055,4.7310000000000006e-05,0.0,31.2
9056,4.7312000000000004e-05,-0.008,31.2
9057,4.7314e-05,0.0,31.2
9058,4.7316000000000006e-05,-0.008,31.2
9059,4.7318e-05,-0.008,31.2
9060,4.732e-05,-0.008,31.2
9061,4.7322000000000005e-05,0.0,31.2
9062,4.7324e-05,-0.008,31.2
9063,4.7326e-05,-0.008,31.2
9064,4.7328000000000005e-05,-0.008,31.2
9065,4.733e-05,0.0,31.2
9066,4.7332e-05,0.0,31.2
9067,4.7334000000000005e-05,0.0,31.2
9068,4.7336e-05,-0.008,31.2
9069,4.7338e-05,0.0,31.2
9070,4.7340000000000004e-05,-0.008,31.2
9071,4.7342e-05,0.0,31.2
9072,4.7344e-05,-0.008,31.2
9073,4.7346000000000004e-05,0.0,31.2
9074,4.7348e-05,0.0,31.2
9075,4.735e-05,-0.008,31.2
9076,4.7352e-05,-0.008,31.2
9077,4.735400000000001e-05,0.0,31.2
9078,4.7356e-05,-0.008,31.2
9079,4.7358e-05,0.0,31.2
9080,4.736000000000001e-05,-0.008,31.2
9081,4.7362e-05,0.0,31.2
9082,4.7364e-05,-0.008,31.2
9083,4.736600000000001e-05,0.0,31.2
9084,4.7368e-05,-0.008,31.2
9085,4.737e-05,0.0,31.2
9086,4.7372000000000007e-05,-0.008,31.2
9087,4.7374000000000004e-05,0.0,31.2
9088,4.7376e-05,-0.008,31.2
9089,4.7378000000000006e-05,0.0,31.2
9090,4.7380000000000004e-05,0.0,31.2
9091,4.7382e-05,0.0,31.2
9092,4.7384000000000006e-05,-0.008,31.2
9093,4.7386e-05,0.0,31.2
9094,4.7388e-05,-0.008,31.2
9095,4.7390000000000005e-05,0.0,31.2
9096,4.7392e-05,-0.008,31.2
9097,4.7394e-05,0.0,31.2
9098,4.7396000000000005e-05,0.0,31.2
9099,4.7398e-05,0.0,31.2
9100,4.74e-05,-0.008,31.2
9101,4.7402000000000005e-05,0.0,31.2
9102,4.7404e-05,-0.008,31.2
9103,4.7406e-05,-0.008,31.2
9104,4.7408000000000004e-05,0.0,31.2
9105,4.741e-05,0.0,31.2
9106,4.7412e-05,0.0,31.2
9107,4.7414000000000004e-05,0.0,31.2
9108,4.7416e-05,-0.008,31.2
9109,4.7418e-05,0.0,31.2
9110,4.742e-05,-0.008,31.2
9111,4.742200000000001e-05,0.0,31.2
9112,4.7424e-05,-0.008,31.2
9113,4.7426e-05,0.0,31.2
9114,4.742800000000001e-05,-0.008,31.2
9115,4.743e-05,0.0,31.2
9116,4.7432e-05,-0.008,31.2
9117,4.743400000000001e-05,0.0,31.2
9118,4.7436e-05,-0.008,31.2
9119,4.7438e-05,0.0,31.2
9120,4.7440000000000007e-05,-0.008,31.2
9121,4.7442000000000004e-05,0.0,31.2
9122,4.7444e-05,-0.008,31.2
9123,4.7446000000000006e-05,0.0,31.2
9124,4.7448000000000004e-05,0.0,31.2
9125,4.745e-05,0.0,31.2
9126,4.7452000000000006e-05,-0.008,31.2
9127,4.7454000000000003e-05,0.0,31.2
9128,4.7456e-05,-0.008,31.2
9129,4.7458000000000005e-05,0.0,31.2
9130,4.746e-05,0.0,31.2
9131,4.7462e-05,0.0,31.2
9132,4.7464000000000005e-05,-0.008,31.2
9133,4.7466e-05,0.0,31.2
9134,4.7468e-05,-0.008,31.2
9135,4.7470000000000005e-05,0.0,31.2
9136,4.7472e-05,-0.008,31.2
9137,4.7474e-05,0.0,31.2
9138,4.7476000000000004e-05,-0.008,31.2
9139,4.7478e-05,0.0,31.2
9140,4.748e-05,-0.008,31.2
9141,4.7482000000000004e-05,0.0,31.2
9142,4.7484e-05,-0.008,31.2
9143,4.7486e-05,0.0,31.2
9144,4.7488000000000003e-05,-0.008,31.2
9145,4.749000000000001e-05,0.0,31.2
9146,4.7492e-05,0.0,31.2
9147,4.7494e-05,0.0,31.2
9148,4.749600000000001e-05,-0.008,31.2
9149,4.7498e-05,0.0,31.2
9150,4.75e-05,-0.008,31.2
9151,4.750200000000001e-05,0.0,31.2
9152,4.7504e-05,0.0,31.2
9153,4.7506e-05,0.0,31.2
9154,4.7508000000000007e-05,0.0,31.2
9155,4.7510000000000004e-05,0.0,31.2
9156,4.7512e-05,-0.008,31.2
9157,4.7514000000000006e-05,0.0,31.2
9158,4.7516000000000004e-05,-0.008,31.2
9159,4.7518e-05,0.0,31.2
9160,4.7520000000000006e-05,-0.008,31.2
9161,4.7522000000000003e-05,0.0,31.2
9162,4.7524e-05,-0.008,31.2
9163,4.7526000000000005e-05,0.0,31.2
9164,4.7528e-05,-0.008,31.2
9165,4.753e-05,0.0,31.2
9166,4.7532000000000005e-05,-0.008,31.2
9167,4.7534e-05,0.0,31.2
9168,4.7536e-05,-0.008,31.2
9169,4.7538000000000005e-05,0.0,31.2
9170,4.754e-05,-0.008,31.2
9171,4.7542e-05,0.0,31.2
9172,4.7544000000000004e-05,-0.008,31.2
9173,4.7546e-05,0.0,31.2
9174,4.7548e-05,-0.008,31.2
9175,4.7550000000000004e-05,0.0,31.2
9176,4.7552e-05,0.0,31.2
9177,4.7554e-05,0.0,31.2
9178,4.7556000000000003e-05,0.0,31.2
9179,4.755800000000001e-05,0.0,31.2
9180,4.756e-05,-0.008,31.2
9181,4.7562e-05,0.0,31.2
9182,4.756400000000001e-05,-0.008,31.2
9183,4.7566e-05,0.0,31.2
9184,4.7568e-05,0.0,31.2
9185,4.757000000000001e-05,0.0,31.2
9186,4.7572e-05,0.0,31.2
9187,4.7574e-05,0.0,31.2
9188,4.757600000000001e-05,-0.008,31.2
9189,4.7578000000000004e-05,0.0,31.2
9190,4.758e-05,-0.008,31.2
9191,4.7582000000000006e-05,0.0,31.2
9192,4.7584000000000004e-05,-0.008,31.2
9193,4.7586e-05,0.0,31.2
9194,4.7588000000000006e-05,0.0,31.2
9195,4.7590000000000003e-05,-0.008,31.2
9196,4.7592e-05,0.0,31.2
9197,4.7594000000000005e-05,0.0,31.2
9198,4.7596e-05,-0.008,31.2
9199,4.7598e-05,0.0,31.2
9200,4.7600000000000005e-05,-0.008,31.2
9201,4.7602e-05,0.0,31.2
9202,4.7604e-05,-0.008,31.2
9203,4.7606000000000005e-05,0.0,31.2
9204,4.7608e-05,0.0,31.2
9205,4.761e-05,0.0,31.2
9206,4.7612000000000004e-05,-0.008,31.2
9207,4.7614e-05,0.0,31.2
9208,4.7616e-05,0.0,31.2
9209,4.7618000000000004e-05,0.0,31.2
9210,4.762e-05,0.0,31.2
9211,4.7622e-05,0.0,31.2
9212,4.7624000000000003e-05,0.0,31.2
9213,4.762600000000001e-05,0.0,31.2
9214,4.7628e-05,0.0,31.2
9215,4.763e-05,0.0,31.2
9216,4.763200000000001e-05,0.0,31.2
9217,4.7634e-05,0.0,31.2
9218,4.7636e-05,0.0,31.2
9219,4.763800000000001e-05,0.0,31.2
9220,4.764e-05,-0.008,31.2
9221,4.7642e-05,0.0,31.2
9222,4.764400000000001e-05,-0.008,31.2
9223,4.7646000000000004e-05,0.0,31.2
9224,4.7648e-05,-0.008,31.2
9225,4.7650000000000006e-05,0.0,31.2
9226,4.7652000000000004e-05,-0.008,31.2
9227,4.7654e-05,0.0,31.2
9228,4.7656000000000006e-05,-0.008,31.2
9229,4.7658000000000003e-05,0.0,31.2
9230,4.766e-05,-0.008,31.2
9231,4.7662000000000005e-05,0.0,31.2
9232,4.7664e-05,-0.008,31.2
9233,4.7666e-05,0.0,31.2
9234,4.7668000000000005e-05,0.0,31.2
9235,4.767e-05,0.0,31.2
9236,4.7672e-05,-0.008,31.2
9237,4.7674000000000005e-05,0.0,31.2
9238,4.7676e-05,0.0,31.2
9239,4.7678e-05,0.0,31.2
9240,4.7680000000000004e-05,-0.008,31.2
9241,4.7682e-05,0.0,31.2
9242,4.7684e-05,-0.008,31.2
9243,4.7686000000000004e-05,0.0,31.2
9244,4.7688e-05,0.0,31.2
9245,4.769e-05,0.0,31.2
9246,4.7692000000000003e-05,-0.008,31.2
9247,4.769400000000001e-05,0.0,31.2
9248,4.7696e-05,-0.008,31.2
9249,4.7698e-05,0.0,31.2
9250,4.770000000000001e-05,-0.008,31.2
9251,4.7702e-05,0.0,31.2
9252,4.7704e-05,-0.008,31.2
9253,4.770600000000001e-05,0.0,31.2
9254,4.7708e-05,-0.008,31.2
9255,4.771e-05,0.0,31.2
9256,4.771200000000001e-05,0.0,31.2
9257,4.7714000000000004e-05,0.0,31.2
9258,4.7716e-05,0.0,31.2
9259,4.7718000000000006e-05,0.0,31.2
9260,4.7720000000000004e-05,-0.008,31.2
9261,4.7722e-05,0.0,31.2
9262,4.7724000000000006e-05,-0.008,31.2
9263,4.7726000000000004e-05,0.0,31.2
9264,4.7728e-05,-0.008,31.2
9265,4.7730000000000005e-05,0.0,31.2
9266,4.7732e-05,0.0,31.2
9267,4.7734e-05,0.0,31.2
9268,4.7736000000000005e-05,0.0,31.2
9269,4.7738e-05,0.0,31.2
9270,4.774e-05,-0.008,31.2
9271,4.7742000000000005e-05,0.0,31.2
9272,4.7744e-05,-0.008,31.2
9273,4.7746e-05,0.0,31.2
9274,4.7748000000000004e-05,0.0,31.2
9275,4.775e-05,0.0,31.2
9276,4.7752e-05,-0.008,31.2
9277,4.7754000000000004e-05,0.0,31.2
9278,4.7756e-05,0.0,31.2
9279,4.7758e-05,0.0,31.2
9280,4.7760000000000004e-05,-0.008,31.2
9281,4.7762e-05,0.0,31.2
9282,4.7764e-05,0.0,31.2
9283,4.7766e-05,0.0,31.2
9284,4.776800000000001e-05,-0.008,31.2
9285,4.777e-05,0.0,31.2
9286,4.7772e-05,-0.008,31.2
9287,4.777400000000001e-05,0.0,31.2
9288,4.7776e-05,-0.008,31.2
9289,4.7778e-05,0.0,31.2
9290,4.778000000000001e-05,-0.008,31.2
9291,4.7782000000000004e-05,0.0,31.2
9292,4.7784e-05,0.0,31.2
9293,4.7786000000000006e-05,0.0,31.2
9294,4.7788000000000004e-05,0.0,31.2
9295,4.779e-05,0.0,31.2
9296,4.7792000000000006e-05,-0.008,31.2
9297,4.7794000000000004e-05,0.0,31.2
9298,4.7796e-05,-0.008,31.2
9299,4.7798000000000006e-05,0.0,31.2
9300,4.78e-05,-0.008,31.2
9301,4.7802e-05,0.0,31.2
9302,4.7804000000000005e-05,-0.008,31.2
9303,4.7806e-05,-0.008,31.2
9304,4.7808e-05,0.0,31.2
9305,4.7810000000000005e-05,0.0,31.2
9306,4.7812e-05,-0.008,31.2
9307,4.7814e-05,0.0,31.2
9308,4.7816000000000004e-05,-0.008,31.2
9309,4.7818e-05,0.0,31.2
9310,4.782e-05,0.0,31.2
9311,4.7822000000000004e-05,0.0,31.2
9312,4.7824e-05,-0.008,31.2
9313,4.7826e-05,0.0,31.2
9314,4.7828000000000004e-05,0.0,31.2
9315,4.783e-05,0.0,31.2
9316,4.7832e-05,0.0,31.2
9317,4.7834e-05,0.0,31.2
9318,4.783600000000001e-05,-0.008,31.2
9319,4.7838e-05,0.0,31.2
9320,4.784e-05,-0.008,31.2
9321,4.784200000000001e-05,0.0,31.2
9322,4.7844e-05,-0.008,31.2
9323,4.7846e-05,0.0,31.2
9324,4.784800000000001e-05,-0.008,31.2
9325,4.7850000000000004e-05,0.0,31.2
9326,4.7852e-05,-0.008,31.2
9327,4.7854000000000006e-05,0.0,31.2
9328,4.7856000000000004e-05,-0.008,31.2
9329,4.7858e-05,0.0,31.2
9330,4.7860000000000006e-05,0.0,31.2
9331,4.7862000000000004e-05,0.0,31.2
9332,4.7864e-05,-0.008,31.2
9333,4.7866000000000006e-05,0.0,31.2
9334,4.7868e-05,0.0,31.2
9335,4.787e-05,0.0,31.2
9336,4.7872000000000005e-05,-0.008,31.2
9337,4.7874e-05,0.0,31.2
9338,4.7876e-05,-0.008,31.2
9339,4.7878000000000005e-05,0.0,31.2
9340,4.788e-05,-0.008,31.2
9341,4.7882e-05,0.0,31.2
9342,4.7884000000000004e-05,-0.008,31.2
9343,4.7886e-05,0.0,31.2
9344,4.7888e-05,-0.008,31.2
9345,4.7890000000000004e-05,0.0,31.2
9346,4.7892e-05,0.0,31.2
9347,4.7894e-05,0.0,31.2
9348,4.7896000000000004e-05,-0.008,31.2
9349,4.7898e-05,0.0,31.2
9350,4.79e-05,0.0,31.2
9351,4.7902e-05,0.0,31.2
9352,4.790400000000001e-05,-0.008,31.2
9353,4.7906e-05,0.0,31.2
9354,4.7908e-05,0.0,31.2
9355,4.791000000000001e-05,0.0,31.2
9356,4.7912e-05,-0.008,31.2
9357,4.7914e-05,0.0,31.2
9358,4.791600000000001e-05,-0.008,31.2
9359,4.7918000000000004e-05,0.0,31.2
9360,4.792e-05,-0.008,31.2
9361,4.7922000000000006e-05,0.0,31.2
9362,4.7924000000000004e-05,0.0,31.2
9363,4.7926e-05,0.0,31.2
9364,4.7928000000000006e-05,0.0,31.2
9365,4.7930000000000004e-05,0.0,31.2
9366,4.7932e-05,0.0,31.2
9367,4.7934000000000006e-05,0.0,31.2
9368,4.7936e-05,-0.008,31.2
9369,4.7938e-05,0.0,31.2
9370,4.7940000000000005e-05,0.0,31.2
9371,4.7942e-05,0.0,31.2
9372,4.7944e-05,-0.008,31.2
9373,4.7946000000000005e-05,0.0,31.2
9374,4.7948e-05,-0.008,31.2
9375,4.795e-05,-0.008,31.2
9376,4.7952000000000004e-05,0.0,31.2
9377,4.7954e-05,0.0,31.2
9378,4.7956e-05,0.0,31.2
9379,4.7958000000000004e-05,0.0,31.2
9380,4.796e-05,-0.008,31.2
9381,4.7962e-05,0.0,31.2
9382,4.7964000000000004e-05,0.0,31.2
9383,4.7966e-05,0.0,31.2
9384,4.7968e-05,0.0,31.2
9385,4.797e-05,0.0,31.2
9386,4.797200000000001e-05,0.0,31.2
9387,4.7974e-05,0.0,31.2
9388,4.7976e-05,-0.008,31.2
9389,4.797800000000001e-05,0.0,31.2
9390,4.798e-05,-0.008,31.2
9391,4.7982e-05,0.0,31.2
9392,4.798400000000001e-05,-0.008,31.2
9393,4.7986000000000004e-05,0.0,31.2
9394,4.7988e-05,-0.008,31.2
9395,4.7990000000000006e-05,0.0,31.2
9396,4.7992000000000004e-05,-0.008,31.2
9397,4.7994e-05,0.0,31.2
9398,4.7996000000000006e-05,-0.008,31.2
9399,4.7998000000000004e-05,0.0,31.2
9400,4.8e-05,-0.008,31.2
9401,4.8002000000000006e-05,0.0,31.2
9402,4.8004e-05,-0.008,31.2
9403,4.8006e-05,0.0,31.2
9404,4.8008000000000005e-05,-0.008,31.2
9405,4.801e-05,0.0,31.2
9406,4.8012e-05,0.0,31.2
9407,4.8014000000000005e-05,0.0,31.2
9408,4.8016e-05,0.0,31.2
9409,4.8018e-05,0.0,31.2
9410,4.8020000000000004e-05,-0.008,31.2
9411,4.8022e-05,0.0,31.2
9412,4.8024e-05,-0.008,31.2
9413,4.8026000000000004e-05,0.0,31.2
9414,4.8028e-05,-0.008,31.2
9415,4.803e-05,0.0,31.2
9416,4.8032000000000004e-05,0.0,31.2
9417,4.8034e-05,0.0,31.2
9418,4.8036e-05,0.0,31.2
9419,4.8038e-05,0.0,31.2
9420,4.804000000000001e-05,0.0,31.2
9421,4.8042e-05,0.0,31.2
9422,4.8044e-05,0.0,31.2
9423,4.804600000000001e-05,0.0,31.2
9424,4.8048e-05,-0.008,31.2
9425,4.805e-05,0.0,31.2
9426,4.805200000000001e-05,0.0,31.2
9427,4.8054000000000004e-05,0.0,31.2
9428,4.8056e-05,-0.008,31.2
9429,4.8058000000000006e-05,0.0,31.2
9430,4.8060000000000004e-05,0.0,31.2
9431,4.8062e-05,0.0,31.2
9432,4.8064000000000006e-05,-0.008,31.2
9433,4.8066000000000004e-05,0.0,31.2
9434,4.8068e-05,-0.008,31.2
9435,4.8070000000000006e-05,0.0,31.2
9436,4.8072e-05,-0.008,31.2
9437,4.8074e-05,0.0,31.2
9438,4.8076000000000005e-05,-0.008,31.2
9439,4.8078e-05,0.0,31.2
9440,4.808e-05,0.0,31.2
9441,4.8082000000000005e-05,0.0,31.2
9442,4.8084e-05,0.0,31.2
9443,4.8086e-05,0.0,31.2
9444,4.8088000000000004e-05,0.0,31.2
9445,4.809e-05,0.0,31.2
9446,4.8092e-05,0.0,31.2
9447,4.8094000000000004e-05,0.0,31.2
9448,4.8096e-05,0.0,31.2
9449,4.8098e-05,0.0,31.2
9450,4.8100000000000004e-05,0.0,31.2
9451,4.8102e-05,0.0,31.2
9452,4.8104e-05,-0.008,31.2
9453,4.8106e-05,0.0,31.2
9454,4.810800000000001e-05,0.0,31.2
9455,4.811e-05,0.0,31.2
9456,4.8112e-05,-0.008,31.2
9457,4.811400000000001e-05,0.0,31.2
9458,4.8116e-05,0.0,30.4
9459,4.8118e-05,0.0,31.2
9460,4.812000000000001e-05,0.0,31.2
9461,4.8122000000000004e-05,0.0,31.2
9462,4.8124e-05,0.0,31.2
9463,4.8126000000000006e-05,0.0,31.2
9464,4.8128000000000004e-05,0.0,31.2
9465,4.813e-05,0.0,31.2
9466,4.8132000000000006e-05,0.0,31.2
9467,4.8134000000000004e-05,0.0,31.2
9468,4.8136e-05,0.0,31.2
9469,4.8138000000000006e-05,0.0,31.2
9470,4.814e-05,0.0,31.2
9471,4.8142e-05,0.0,31.2
9472,4.8144000000000005e-05,-0.008,31.2
9473,4.8146e-05,0.0,31.2
9474,4.8148e-05,0.0,31.2
9475,4.8150000000000005e-05,0.0,31.2
9476,4.8152e-05,0.0,31.2
9477,4.8154e-05,0.0,31.2
9478,4.8156000000000004e-05,-0.008,31.2
9479,4.8158e-05,0.0,31.2
9480,4.816e-05,-0.008,31.2
9481,4.8162000000000004e-05,0.0,31.2
9482,4.8164e-05,0.0,31.2
9483,4.8166e-05,0.0,31.2
9484,4.8168000000000004e-05,0.0,31.2
9485,4.817e-05,0.0,31.2
9486,4.8172e-05,0.0,31.2
9487,4.8174e-05,0.0,31.2
9488,4.817600000000001e-05,-0.008,31.2
9489,4.8178e-05,0.0,31.2
9490,4.818e-05,0.0,31.2
9491,4.818200000000001e-05,0.0,31.2
9492,4.8184e-05,-0.008,31.2
9493,4.8186e-05,0.0,31.2
9494,4.818800000000001e-05,0.0,31.2
9495,4.8190000000000004e-05,-0.008,31.2
9496,4.8192e-05,0.0,31.2
9497,4.8194000000000006e-05,0.0,31.2
9498,4.8196000000000004e-05,0.0,31.2
9499,4.8198e-05,0.0,31.2
9500,4.8200000000000006e-05,-0.008,31.2
9501,4.8202000000000004e-05,0.0,31.2
9502,4.8204e-05,0.0,31.2
9503,4.8206000000000006e-05,-0.008,31.2
9504,4.8208e-05,0.0,31.2
9505,4.821e-05,0.0,31.2
9506,4.8212000000000005e-05,0.0,31.2
9507,4.8214e-05,0.0,31.2
9508,4.8216e-05,0.0,31.2
9509,4.8218000000000005e-05,0.0,31.2
9510,4.822e-05,0.0,31.2
9511,4.8222e-05,0.0,31.2
9512,4.8224000000000004e-05,-0.008,31.2
9513,4.8226e-05,0.0,31.2
9514,4.8228e-05,-0.008,31.2
9515,4.8230000000000004e-05,0.0,31.2
9516,4.8232e-05,-0.008,31.2
9517,4.8234e-05,0.0,31.2
9518,4.8236000000000004e-05,0.0,31.2
9519,4.8238e-05,0.0,31.2
9520,4.824e-05,-0.008,31.2
9521,4.8242e-05,0.0,31.2
9522,4.824400000000001e-05,0.0,31.2
9523,4.8246e-05,0.0,31.2
9524,4.8248e-05,-0.008,31.2
9525,4.825000000000001e-05,0.0,31.2
9526,4.8252e-05,-0.008,31.2
9527,4.8254e-05,0.0,31.2
9528,4.825600000000001e-05,-0.008,31.2
9529,4.8258000000000005e-05,0.0,31.2
9530,4.826e-05,0.0,31.2
9531,4.8262000000000007e-05,0.0,31.2
9532,4.8264000000000004e-05,0.0,31.2
9533,4.8266e-05,0.0,31.2
9534,4.8268000000000006e-05,-0.008,31.2
9535,4.8270000000000004e-05,0.0,31.2
9536,4.8272e-05,-0.008,31.2
9537,4.8274000000000006e-05,0.0,31.2
9538,4.8276e-05,0.0,31.2
9539,4.8278e-05,0.0,30.4
9540,4.8280000000000005e-05,-0.008,31.2
9541,4.8282e-05,0.0,31.2
9542,4.8284e-05,-0.008,31.2
9543,4.8286000000000005e-05,0.0,31.2
9544,4.8288e-05,-0.008,31.2
9545,4.829e-05,0.0,31.2
9546,4.8292000000000005e-05,0.0,31.2
9547,4.8294e-05,-0.008,31.2
9548,4.8296e-05,-0.008,31.2
9549,4.8298000000000004e-05,0.0,31.2
9550,4.83e-05,0.0,31.2
9551,4.8302e-05,0.0,31.2
9552,4.8304000000000004e-05,-0.008,31.2
9553,4.8306e-05,0.0,31.2
9554,4.8308e-05,0.0,30.4
9555,4.831e-05,0.0,31.2
9556,4.831200000000001e-05,-0.008,31.2
9557,4.8314e-05,0.0,31.2
9558,4.8316e-05,0.0,31.2
9559,4.831800000000001e-05,0.0,31.2
9560,4.832e-05,-0.008,31.2
9561,4.8322e-05,0.0,31.2
9562,4.832400000000001e-05,0.0,31.2
9563,4.8326e-05,0.0,31.2
9564,4.8328e-05,-0.008,31.2
9565,4.8330000000000007e-05,0.0,31.2
9566,4.8332000000000004e-05,-0.008,30.4
9567,4.8334e-05,0.0,31.2
9568,4.8336000000000006e-05,0.0,31.2
9569,4.8338000000000004e-05,0.0,31.2
9570,4.834e-05,0.0,31.2
9571,4.8342000000000006e-05,0.0,30.4
9572,4.8344e-05,-0.008,31.2
9573,4.8346e-05,0.0,31.2
9574,4.8348000000000005e-05,0.0,30.4
9575,4.835e-05,0.0,31.2
9576,4.8352e-05,-0.008,31.2
9577,4.8354000000000005e-05,0.0,31.2
9578,4.8356e-05,0.0,31.2
9579,4.8358e-05,0.0,30.4
9580,4.8360000000000005e-05,-0.008,31.2
9581,4.8362e-05,0.0,31.2
9582,4.8364e-05,-0.008,31.2
9583,4.8366000000000004e-05,0.0,31.2
9584,4.8368e-05,0.0,31.2
9585,4.837e-05,0.0,31.2
9586,4.8372000000000004e-05,0.0,30.4
9587,4.8374e-05,0.0,30.4
9588,4.8376e-05,-0.008,31.2
9589,4.8378e-05,0.0,31.2
9590,4.838000000000001e-05,-0.008,30.4
9591,4.8382e-05,0.0,31.2
9592,4.8384e-05,-0.008,31.2
9593,4.838600000000001e-05,0.0,31.2
9594,4.8388e-05,0.0,30.4
9595,4.839e-05,0.0,30.4
9596,4.839200000000001e-05,-0.008,30.4
9597,4.8394e-05,0.0,31.2
9598,4.8396e-05,-0.008,31.2
9599,4.8398000000000007e-05,0.0,31.2
9600,4.8400000000000004e-05,-0.008,31.2
9601,4.8402e-05,0.0,31.2
9602,4.8404000000000006e-05,0.0,30.4
9603,4.8406000000000004e-05,0.0,31.2
9604,4.8408e-05,0.0,31.2
9605,4.8410000000000006e-05,0.0,31.2
9606,4.8412e-05,-0.008,30.4
9607,4.8414e-05,0.0,31.2
9608,4.8416000000000005e-05,0.0,31.2
9609,4.8418e-05,0.0,31.2
9610,4.842e-05,0.0,30.4
9611,4.8422000000000005e-05,0.0,30.4
9612,4.8424e-05,-0.008,31.2
9613,4.8426e-05,0.0,31.2
9614,4.8428000000000005e-05,-0.008,30.4
9615,4.843e-05,0.0,31.2
9616,4.8432e-05,-0.008,31.2
9617,4.8434000000000004e-05,0.0,30.4
9618,4.8436e-05,0.0,30.4
9619,4.8438e-05,0.0,30.4
9620,4.8440000000000004e-05,-0.008,31.2
9621,4.8442e-05,0.0,31.2
9622,4.8444e-05,0.0,31.2
9623,4.8446e-05,0.0,31.2
9624,4.844800000000001e-05,-0.008,31.2
9625,4.845e-05,0.0,31.2
9626,4.8452e-05,0.0,30.4
9627,4.845400000000001e-05,0.0,30.4
9628,4.8456e-05,0.0,31.2
9629,4.8458e-05,0.0,31.2
9630,4.846000000000001e-05,0.0,30.4
9631,4.8462e-05,0.0,30.4
9632,4.8464e-05,0.0,31.2
9633,4.8466000000000007e-05,0.0,31.2
9634,4.8468000000000004e-05,0.0,30.4
9635,4.847e-05,0.0,31.2
9636,4.8472000000000006e-05,0.0,31.2
9637,4.8474000000000004e-05,0.0,31.2
9638,4.8476e-05,0.0,30.4
9639,4.8478000000000006e-05,0.0,31.2
9640,4.8480000000000003e-05,-0.008,31.2
9641,4.8482e-05,0.0,31.2
9642,4.8484000000000005e-05,0.0,31.2
9643,4.8486e-05,0.0,30.4
9644,4.8488e-05,0.0,31.2
9645,4.8490000000000005e-05,0.0,31.2
9646,4.8492e-05,0.0,30.4
9647,4.8494e-05,0.0,31.2
9648,4.8496000000000005e-05,-0.008,31.2
9649,4.8498e-05,0.0,31.2
9650,4.85e-05,0.0,30.4
9651,4.8502000000000004e-05,0.0,30.4
9652,4.8504e-05,-0.008,31.2
9653,4.8506e-05,0.0,31.2
9654,4.8508000000000004e-05,0.0,30.4
9655,4.851e-05,0.0,31.2
9656,4.8512e-05,-0.008,31.2
9657,4.8514000000000003e-05,0.0,31.2
9658,4.851600000000001e-05,0.0,30.4
9659,4.8518e-05,0.0,30.4
9660,4.852e-05,0.0,31.2
9661,4.852200000000001e-05,0.0,30.4
9662,4.8524e-05,-0.008,30.4
9663,4.8526e-05,0.0,31.2
9664,4.852800000000001e-05,0.0,31.2
9665,4.853e-05,0.0,31.2
9666,4.8532e-05,0.0,30.4
9667,4.8534000000000007e-05,0.0,30.4
9668,4.8536000000000004e-05,0.0,31.2
9669,4.8538e-05,0.0,30.4
9670,4.8540000000000006e-05,-0.008,30.4
9671,4.8542000000000004e-05,0.0,31.2
9672,4.8544e-05,-0.008,31.2
9673,4.8546000000000006e-05,0.0,30.4
9674,4.8548000000000003e-05,0.0,30.4
9675,4.855e-05,0.0,30.4
9676,4.8552000000000005e-05,0.0,31.2
9677,4.8554e-05,0.0,30.4
9678,4.8556e-05,0.0,30.4
9679,4.8558000000000005e-05,0.0,30.4
9680,4.856e-05,-0.008,31.2
9681,4.8562e-05,0.0,31.2
9682,4.8564000000000005e-05,-0.008,30.4
9683,4.8566e-05,0.0,30.4
9684,4.8568e-05,0.0,30.4
9685,4.8570000000000004e-05,0.0,30.4
9686,4.8572e-05,-0.008,31.2
9687,4.8574e-05,0.0,30.4
9688,4.8576000000000004e-05,0.0,30.4
9689,4.8578e-05,0.0,31.2
9690,4.858e-05,0.0,30.4
9691,4.8582000000000003e-05,0.0,30.4
9692,4.858400000000001e-05,-0.008,31.2
9693,4.8586e-05,0.0,31.2
9694,4.8588e-05,0.0,30.4
9695,4.859000000000001e-05,0.0,31.2
9696,4.8592e-05,0.0,30.4
9697,4.8594e-05,0.0,30.4
9698,4.859600000000001e-05,0.0,30.4
9699,4.8598e-05,0.0,30.4
9700,4.86e-05,-0.008,31.2
9701,4.860200000000001e-05,0.0,30.4
9702,4.8604000000000004e-05,0.0,30.4
9703,4.8606e-05,-0.008,31.2
9704,4.8608000000000006e-05,0.0,30.4
9705,4.8610000000000004e-05,0.0,31.2
9706,4.8612e-05,0.0,30.4
9707,4.8614000000000006e-05,0.0,30.4
9708,4.8616000000000003e-05,-0.008,31.2
9709,4.8618e-05,0.0,30.4
9710,4.8620000000000005e-05,-0.008,30.4
9711,4.8622e-05,0.0,30.4
9712,4.8624e-05,0.0,31.2
9713,4.8626000000000005e-05,0.0,31.2
9714,4.8628e-05,0.0,30.4
9715,4.863e-05,0.0,30.4
9716,4.8632000000000005e-05,0.0,30.4
9717,4.8634e-05,0.0,30.4
9718,4.8636e-05,-0.008,30.4
9719,4.8638000000000004e-05,0.0,30.4
9720,4.864e-05,-0.008,30.4
9721,4.8642e-05,0.0,30.4
9722,4.8644000000000004e-05,0.0,30.4
9723,4.8646e-05,0.0,30.4
9724,4.8648e-05,-0.008,30.4
9725,4.8650000000000003e-05,0.0,30.4
9726,4.865200000000001e-05,0.0,30.4
9727,4.8654e-05,0.0,30.4
9728,4.8656e-05,0.0,30.4
9729,4.865800000000001e-05,0.0,30.4
9730,4.866e-05,0.0,30.4
9731,4.8662e-05,0.0,30.4
9732,4.866400000000001e-05,0.0,31.2
9733,4.8666e-05,0.0,30.4
9734,4.8668e-05,0.0,30.4
9735,4.867000000000001e-05,0.0,30.4
9736,4.8672000000000004e-05,-0.008,30.4
9737,4.8674e-05,0.0,31.2
9738,4.8676000000000006e-05,-0.008,30.4
9739,4.8678000000000004e-05,0.0,30.4
9740,4.868e-05,0.0,31.2
9741,4.8682000000000006e-05,0.0,30.4
9742,4.8684000000000003e-05,-0.008,30.4
9743,4.8686e-05,0.0,30.4
9744,4.8688000000000005e-05,-0.008,30.4
9745,4.869e-05,0.0,30.4
9746,4.8692e-05,0.0,30.4
9747,4.8694000000000005e-05,0.0,30.4
9748,4.8696e-05,-0.008,31.2
9749,4.8698e-05,0.0,30.4
9750,4.8700000000000005e-05,-0.008,30.4
9751,4.8702e-05,0.0,30.4
9752,4.8704e-05,-0.008,30.4
9753,4.8706000000000004e-05,0.0,30.4
9754,4.8708e-05,0.0,30.4
9755,4.871e-05,0.0,30.4
9756,4.8712000000000004e-05,0.0,30.4
9757,4.8714e-05,0.0,30.4
9758,4.8716e-05,-0.008,30.4
9759,4.8718000000000003e-05,0.0,30.4
9760,4.872000000000001e-05,-0.008,30.4
9761,4.8722e-05,0.0,30.4
9762,4.8724e-05,0.0,30.4
9763,4.872600000000001e-05,0.0,30.4
9764,4.8728e-05,-0.008,30.4
9765,4.873e-05,0.0,30.4
9766,4.873200000000001e-05,0.0,30.4
9767,4.8734e-05,0.0,30.4
9768,4.8736e-05,-0.008,30.4
9769,4.873800000000001e-05,0.0,30.4
9770,4.8740000000000004e-05,0.0,30.4
9771,4.8742e-05,0.0,30.4
9772,4.8744000000000006e-05,-0.008,30.4
9773,4.8746000000000004e-05,0.0,30.4
9774,4.8748e-05,0.0,30.4
9775,4.8750000000000006e-05,0.0,30.4
9776,4.8752000000000004e-05,-0.008,30.4
9777,4.8754e-05,0.0,30.4
9778,4.8756000000000005e-05,0.0,30.4
9779,4.8758e-05,0.0,30.4
9780,4.876e-05,0.0,30.4
9781,4.8762000000000005e-05,0.0,30.4
9782,4.8764e-05,-0.008,30.4
9783,4.8766e-05,0.0,30.4
9784,4.8768000000000005e-05,-0.008,30.4
9785,4.877e-05,0.0,30.4
9786,4.8772e-05,0.0,30.4
9787,4.8774000000000004e-05,0.0,30.4
9788,4.8776e-05,-0.008,30.4
9789,4.8778e-05,0.0,30.4
9790,4.8780000000000004e-05,-0.008,30.4
9791,4.8782e-05,0.0,30.4
9792,4.8784e-05,0.0,30.4
9793,4.8786000000000004e-05,0.0,30.4
9794,4.878800000000001e-05,0.0,30.4
9795,4.879e-05,0.0,30.4
9796,4.8792e-05,0.0,30.4
9797,4.879400000000001e-05,0.0,30.4
9798,4.8796e-05,0.0,30.4
9799,4.8798e-05,0.0,30.4
9800,4.880000000000001e-05,0.0,30.4
9801,4.8802e-05,0.0,30.4
9802,4.8804e-05,0.0,30.4
9803,4.880600000000001e-05,0.0,30.4
9804,4.8808000000000004e-05,-0.008,30.4
9805,4.881e-05,0.0,30.4
9806,4.8812000000000006e-05,0.0,30.4
9807,4.8814000000000004e-05,0.0,30.4
9808,4.8816e-05,-0.008,30.4
9809,4.8818000000000006e-05,0.0,30.4
9810,4.8820000000000004e-05,0.0,30.4
9811,4.8822e-05,0.0,30.4
9812,4.8824000000000006e-05,0.0,30.4
9813,4.8826e-05,0.0,30.4
9814,4.8828e-05,0.0,30.4
9815,4.8830000000000005e-05,0.0,30.4
9816,4.8832e-05,-0.008,30.4
9817,4.8834e-05,0.0,30.4
9818,4.8836000000000005e-05,0.0,30.4
9819,4.8838e-05,0.0,30.4
9820,4.884e-05,-0.008,30.4
9821,4.8842000000000004e-05,0.0,30.4
9822,4.8844e-05,0.0,30.4
9823,4.8846e-05,0.0,30.4
9824,4.8848000000000004e-05,-0.008,30.4
9825,4.885e-05,0.0,30.4
9826,4.8852e-05,0.0,30.4
9827,4.8854000000000004e-05,0.0,30.4
9828,4.885600000000001e-05,-0.008,30.4
9829,4.8858e-05,0.0,30.4
9830,4.886e-05,-0.008,30.4
9831,4.886200000000001e-05,0.0,30.4
9832,4.8864e-05,0.0,30.4
9833,4.8866e-05,0.0,30.4
9834,4.886800000000001e-05,0.0,30.4
9835,4.887e-05,0.0,30.4
9836,4.8872e-05,0.0,30.4
9837,4.887400000000001e-05,0.0,30.4
9838,4.8876000000000004e-05,0.0,30.4
9839,4.8878e-05,0.0,30.4
9840,4.8880000000000006e-05,-0.008,30.4
9841,4.8882000000000004e-05,0.0,30.4
9842,4.8884e-05,0.0,30.4
9843,4.8886000000000006e-05,0.0,30.4
9844,4.8888000000000004e-05,0.0,30.4
9845,4.889e-05,0.0,30.4
9846,4.8892000000000006e-05,0.0,30.4
9847,4.8894e-05,0.0,30.4
9848,4.8896e-05,0.0,30.4
9849,4.8898000000000005e-05,0.0,30.4
9850,4.89e-05,0.0,30.4
9851,4.8902e-05,0.0,30.4
9852,4.8904000000000005e-05,0.0,30.4
9853,4.8906e-05,0.0,30.4
9854,4.8908e-05,0.0,30.4
9855,4.8910000000000004e-05,0.0,30.4
9856,4.8912e-05,-0.008,30.4
9857,4.8914e-05,0.0,30.4
9858,4.8916000000000004e-05,0.0,30.4
9859,4.8918e-05,0.0,30.4
9860,4.892e-05,-0.008,30.4
9861,4.8922000000000004e-05,0.0,30.4
9862,4.8924e-05,0.0,30.4
9863,4.8926e-05,0.0,30.4
9864,4.8928e-05,0.0,30.4
9865,4.893000000000001e-05,0.0,30.4
9866,4.8932e-05,0.0,30.4
9867,4.8934e-05,0.0,30.4
9868,4.893600000000001e-05,0.0,30.4
9869,4.8938e-05,0.0,30.4
9870,4.894e-05,0.0,30.4
9871,4.894200000000001e-05,0.0,30.4
9872,4.8944000000000004e-05,0.0,30.4
9873,4.8946e-05,0.0,30.4
9874,4.8948000000000006e-05,0.0,30.4
9875,4.8950000000000004e-05,0.0,30.4
9876,4.8952e-05,0.0,30.4
9877,4.8954000000000006e-05,0.0,30.4
9878,4.8956000000000004e-05,0.0,30.4
9879,4.8958e-05,0.0,30.4
9880,4.8960000000000006e-05,0.0,30.4
9881,4.8962e-05,0.0,30.4
9882,4.8964e-05,0.0,30.4
9883,4.8966000000000005e-05,0.0,30.4
9884,4.8968e-05,0.0,30.4
9885,4.897e-05,0.0,30.4
9886,4.8972000000000005e-05,0.0,30.4
9887,4.8974e-05,0.0,30.4
9888,4.8976e-05,-0.008,30.4
9889,4.8978000000000004e-05,0.0,30.4
9890,4.898e-05,0.0,30.4
9891,4.8982e-05,0.0,30.4
9892,4.8984000000000004e-05,-0.008,30.4
9893,4.8986e-05,0.0,30.4
9894,4.8988e-05,0.0,30.4
9895,4.8990000000000004e-05,0.0,30.4
9896,4.8992e-05,0.0,30.4
9897,4.8994e-05,0.0,30.4
9898,4.8996e-05,0.0,30.4
9899,4.899800000000001e-05,0.0,30.4
9900,4.9e-05,-0.008,30.4
9901,4.9002e-05,0.0,30.4
9902,4.900400000000001e-05,0.0,30.4
9903,4.9006e-05,0.0,30.4
9904,4.9008e-05,0.0,30.4
9905,4.901000000000001e-05,0.0,30.4
9906,4.9012000000000004e-05,0.0,30.4
9907,4.9014e-05,0.0,30.4
9908,4.9016000000000006e-05,-0.008,30.4
9909,4.9018000000000004e-05,0.0,30.4
9910,4.902e-05,0.0,30.4
9911,4.9022000000000006e-05,0.0,30.4
9912,4.9024000000000004e-05,0.0,30.4
9913,4.9026e-05,0.0,30.4
9914,4.9028000000000006e-05,0.0,30.4
9915,4.903e-05,0.0,30.4
9916,4.9032e-05,0.0,30.4
9917,4.9034000000000005e-05,0.0,30.4
9918,4.9036e-05,0.0,30.4
9919,4.9038e-05,0.0,30.4
9920,4.9040000000000005e-05,-0.008,30.4
9921,4.9042e-05,0.0,30.4
9922,4.9044e-05,0.0,30.4
9923,4.9046000000000004e-05,0.0,30.4
9924,4.9048e-05,-0.008,30.4
9925,4.905e-05,0.0,30.4
9926,4.9052000000000004e-05,-0.008,30.4
9927,4.9054e-05,0.0,30.4
9928,4.9056e-05,0.0,30.4
9929,4.9058000000000004e-05,0.0,30.4
9930,4.906e-05,-0.008,30.4
9931,4.9062e-05,0.0,30.4
9932,4.9064e-05,-0.008,30.4
9933,4.906600000000001e-05,0.0,30.4
9934,4.9068e-05,0.0,30.4
9935,4.907e-05,0.0,30.4
9936,4.907200000000001e-05,-0.008,30.4
9937,4.9074e-05,0.0,30.4
9938,4.9076e-05,0.0,30.4
9939,4.907800000000001e-05,0.0,30.4
9940,4.9080000000000004e-05,0.0,30.4
9941,4.9082e-05,0.0,30.4
9942,4.9084000000000006e-05,0.0,30.4
9943,4.9086000000000004e-05,0.0,30.4
9944,4.9088e-05,0.0,30.4
9945,4.9090000000000006e-05,0.0,30.4
9946,4.9092000000000004e-05,-0.008,30.4
9947,4.9094e-05,0.0,30.4
9948,4.9096000000000006e-05,0.0,30.4
9949,4.9098e-05,0.0,30.4
9950,4.91e-05,0.0,30.4
9951,4.9102000000000005e-05,0.0,30.4
9952,4.9104e-05,-0.008,30.4
9953,4.9106e-05,0.0,30.4
9954,4.9108000000000005e-05,0.0,30.4
9955,4.911e-05,0.0,30.4
9956,4.9112e-05,0.0,30.4
9957,4.9114000000000004e-05,0.0,30.4
9958,4.9116e-05,0.0,30.4
9959,4.9118e-05,0.0,30.4
9960,4.9120000000000004e-05,-0.008,30.4
9961,4.9122e-05,0.0,30.4
9962,4.9124e-05,0.0,30.4
9963,4.9126000000000004e-05,0.0,30.4
9964,4.9128e-05,0.0,30.4
9965,4.913e-05,0.0,30.4
9966,4.9132e-05,-0.008,30.4
9967,4.913400000000001e-05,0.0,30.4
9968,4.9136e-05,-0.008,30.4
9969,4.9138e-05,0.0,30.4
9970,4.914000000000001e-05,0.0,30.4
9971,4.9142e-05,0.0,30.4
9972,4.9144e-05,0.0,30.4
9973,4.914600000000001e-05,0.0,30.4
9974,4.9148000000000004e-05,0.0,30.4
9975,4.915e-05,0.0,30.4
9976,4.9152000000000006e-05,-0.008,30.4
9977,4.9154000000000004e-05,0.0,30.4
9978,4.9156e-05,0.0,30.4
9979,4.9158000000000006e-05,0.0,30.4
9980,4.9160000000000004e-05,-0.008,30.4
9981,4.9162e-05,0.0,30.4
9982,4.9164000000000006e-05,-0.008,30.4
9983,4.9166e-05,-0.008,30.4
9984,4.9168e-05,-0.008,30.4
9985,4.9170000000000005e-05,0.0,30.4
9986,4.9172e-05,-0.008,30.4
9987,4.9174e-05,-0.008,29.6
9988,4.9176000000000005e-05,-0.008,29.6
9989,4.9178e-05,0.0,29.6
9990,4.918e-05,-0.008,29.6
9991,4.9182000000000004e-05,0.0,29.6
9992,4.9184e-05,-0.008,29.6
9993,4.9186e-05,0.0,29.6
9994,4.9188000000000004e-05,-0.008,29.6
9995,4.919e-05,-0.008,29.6
9996,4.9192e-05,-0.008,29.6
9997,4.9194000000000004e-05,0.0,29.6
9998,4.9196e-05,-0.008,28.8
9999,4.9198e-05,0.0,28.8
10000,4.92e-05,-0.008,28.8
10001,4.920200000000001e-05,0.0,28.8
10002,4.9204e-05,-0.008,28.8
10003,4.9206e-05,-0.008,28.8
10004,4.920800000000001e-05,-0.008,28.8
10005,4.921e-05,0.0,28.0
10006,4.9212e-05,-0.008,28.0
10007,4.921400000000001e-05,-0.008,28.0
10008,4.9216000000000004e-05,-0.008,28.0
10009,4.9218e-05,0.0,28.0
10010,4.9220000000000006e-05,-0.008,28.0
10011,4.9222000000000004e-05,-0.008,28.0
10012,4.9224e-05,-0.008,28.0
10013,4.9226000000000006e-05,0.0,27.2
10014,4.9228000000000004e-05,-0.008,27.2
10015,4.923e-05,-0.008,27.2
10016,4.9232000000000006e-05,-0.008,27.2
10017,4.9234e-05,0.0,27.2
10018,4.9236e-05,-0.008,26.4
10019,4.9238000000000005e-05,-0.008,26.4
10020,4.924e-05,-0.008,26.4
10021,4.9242e-05,0.0,26.4
10022,4.9244000000000005e-05,-0.008,26.4
10023,4.9246e-05,-0.008,26.4
10024,4.9248e-05,-0.008,25.6
10025,4.9250000000000004e-05,0.0,25.6
10026,4.9252e-05,-0.008,25.6
10027,4.9254e-05,-0.008,25.6
10028,4.9256000000000004e-05,-0.008,25.6
10029,4.9258e-05,0.0,24.0
10030,4.926e-05,-0.008,24.0
10031,4.9262000000000004e-05,-0.008,24.0
10032,4.9264e-05,-0.008,24.0
10033,4.9266e-05,0.0,24.0
10034,4.9268e-05,-0.008,23.2
10035,4.927000000000001e-05,-0.008,23.2
10036,4.9272e-05,-0.008,23.2
10037,4.9274e-05,0.0,23.2
10038,4.927600000000001e-05,-0.008,22.4
10039,4.9278e-05,0.0,22.4
10040,4.928e-05,-0.008,22.4
10041,4.928200000000001e-05,0.0,22.4
10042,4.9284000000000005e-05,-0.008,22.4
10043,4.9286e-05,-0.008,22.4
10044,4.9288000000000007e-05,-0.008,21.6
10045,4.9290000000000004e-05,0.0,21.6
10046,4.9292e-05,-0.008,21.6
10047,4.9294000000000006e-05,-0.008,21.6
10048,4.9296000000000004e-05,-0.008,20.8
10049,4.9298e-05,0.0,20.8
10050,4.9300000000000006e-05,-0.008,20.8
10051,4.9302e-05,-0.008,20.8
10052,4.9304e-05,-0.008,20.8
10053,4.9306000000000005e-05,0.0,20.0
10054,4.9308e-05,-0.008,20.0
10055,4.931e-05,-0.008,20.0
10056,4.9312000000000005e-05,-0.008,20.0
10057,4.9314e-05,0.0,20.0
10058,4.9316e-05,-0.008,19.2
10059,4.9318000000000005e-05,-0.008,19.2
10060,4.932e-05,-0.008,19.2
10061,4.9322e-05,0.0,19.2
10062,4.9324000000000004e-05,-0.008,18.4
10063,4.9326e-05,-0.008,18.4
10064,4.9328e-05,-0.008,18.4
10065,4.9330000000000004e-05,0.0,18.4
10066,4.9332e-05,-0.008,18.4
10067,4.9334e-05,-0.008,17.6
10068,4.9336e-05,-0.008,17.6
10069,4.933800000000001e-05,0.0,17.6
10070,4.934e-05,-0.008,17.6
10071,4.9342e-05,-0.008,17.6
10072,4.934400000000001e-05,-0.008,17.6
10073,4.9346e-05,0.0,16.8
10074,4.9348e-05,-0.008,16.8
10075,4.935000000000001e-05,-0.008,16.8
10076,4.9352000000000005e-05,-0.008,16.8
10077,4.9354e-05,0.0,16.8
10078,4.9356000000000007e-05,-0.008,16.0
10079,4.9358000000000004e-05,-0.008,16.0
10080,4.936e-05,-0.008,16.0
10081,4.9362000000000006e-05,0.0,16.0
10082,4.9364000000000004e-05,-0.008,15.2
10083,4.9366e-05,-0.008,15.2
10084,4.9368000000000006e-05,-0.008,15.2
10085,4.937e-05,0.0,15.2
10086,4.9372e-05,-0.008,15.2
10087,4.9374000000000005e-05,0.0,15.2
10088,4.9376e-05,-0.008,15.2
10089,4.9378e-05,0.0,14.4
10090,4.9380000000000005e-05,-0.008,14.4
10091,4.9382e-05,-0.008,14.4
10092,4.9384e-05,-0.008,14.4
10093,4.9386000000000005e-05,0.0,14.4
10094,4.9388e-05,-0.008,13.6
10095,4.939e-05,0.0,13.6
10096,4.9392000000000004e-05,-0.008,13.6
10097,4.9394e-05,0.0,13.6
10098,4.9396e-05,-0.008,13.6
10099,4.9398000000000004e-05,-0.008,13.6
10100,4.94e-05,-0.008,13.6
10101,4.9402e-05,0.0,12.0
10102,4.9404e-05,-0.008,12.0
10103,4.940600000000001e-05,-0.008,13.6
10104,4.9408e-05,-0.008,12.0
10105,4.941e-05,0.0,12.0
10106,4.941200000000001e-05,-0.008,12.0
10107,4.9414e-05,0.0,12.0
10108,4.9416e-05,-0.008,12.0
10109,4.941800000000001e-05,0.0,11.2
10110,4.9420000000000005e-05,-0.008,11.2
10111,4.9422e-05,0.0,11.2
10112,4.9424000000000007e-05,-0.008,11.2
10113,4.9426000000000004e-05,0.0,11.2
10114,4.9428e-05,-0.008,10.4
10115,4.9430000000000006e-05,-0.008,11.2
10116,4.9432000000000004e-05,-0.008,11.2
10117,4.9434e-05,0.0,10.4
10118,4.9436000000000006e-05,-0.008,10.4
10119,4.9438e-05,0.0,10.4
10120,4.944e-05,-0.008,10.4
10121,4.9442000000000005e-05,0.0,10.4
10122,4.9444e-05,-0.008,10.4
10123,4.9446e-05,0.0,10.4
10124,4.9448000000000005e-05,-0.008,10.4
10125,4.945e-05,0.0,10.4
10126,4.9452e-05,0.0,9.6
10127,4.9454000000000005e-05,0.0,9.6
10128,4.9456e-05,-0.008,9.6
10129,4.9458e-05,0.0,9.6
10130,4.9460000000000004e-05,-0.008,9.6
10131,4.9462e-05,0.0,9.6
10132,4.9464e-05,-0.008,9.6
10133,4.9466000000000004e-05,0.0,9.6
10134,4.9468e-05,-0.008,9.6
10135,4.947e-05,0.0,9.6
10136,4.9472e-05,-0.008,9.6
10137,4.947400000000001e-05,0.0,9.6
10138,4.9476e-05,0.0,8.8
10139,4.9478e-05,0.0,8.8
10140,4.948000000000001e-05,-0.008,9.6
10141,4.9482e-05,0.0,8.8
10142,4.9484e-05,-0.008,8.8
10143,4.948600000000001e-05,0.0,8.8
10144,4.9488000000000005e-05,0.0,8.8
10145,4.949e-05,0.0,8.8
10146,4.9492000000000007e-05,0.0,8.8
10147,4.9494000000000004e-05,0.0,8.8
10148,4.9496e-05,-0.008,8.8
10149,4.9498000000000006e-05,0.0,8.8
10150,4.9500000000000004e-05,0.0,8.8
10151,4.9502e-05,0.0,8.8
10152,4.9504000000000006e-05,-0.008,8.8
10153,4.9506000000000003e-05,0.0,8.8
10154,4.9508e-05,0.0,8.0
10155,4.9510000000000005e-05,0.0,8.0
10156,4.9512e-05,-0.008,8.8
10157,4.9514e-05,0.0,8.0
10158,4.9516000000000005e-05,-0.008,8.0
10159,4.9518e-05,0.0,8.0
10160,4.952e-05,-0.008,8.0
10161,4.9522000000000005e-05,0.0,8.0
10162,4.9524e-05,0.0,8.0
10163,4.9526e-05,0.0,8.0
10164,4.9528000000000004e-05,0.0,8.0
10165,4.953e-05,0.0,8.0
10166,4.9532e-05,0.0,8.0
10167,4.9534000000000004e-05,0.0,8.0
10168,4.9536e-05,0.0,8.0
10169,4.9538e-05,0.0,8.0
10170,4.9540000000000003e-05,0.0,8.0
10171,4.954200000000001e-05,0.0,8.0
10172,4.9544e-05,0.0,8.0
10173,4.9546e-05,0.0,8.0
10174,4.954800000000001e-05,0.0,8.0
10175,4.955e-05,0.0,8.0
10176,4.9552e-05,0.0,8.0
10177,4.955400000000001e-05,0.0,8.0
10178,4.9556e-05,0.0,8.0
10179,4.9558e-05,0.0,8.0
10180,4.9560000000000007e-05,0.0,8.0
10181,4.9562000000000004e-05,0.008,8.0
10182,4.9564e-05,0.0,8.0
10183,4.9566000000000006e-05,0.0,8.0
10184,4.9568000000000004e-05,0.0,8.0
10185,4.957e-05,0.0,8.0
10186,4.9572000000000006e-05,0.0,8.0
10187,4.9574000000000003e-05,0.0,8.0
10188,4.9576e-05,0.0,8.0
10189,4.9578000000000005e-05,0.0,8.0
10190,4.958e-05,0.0,8.0
10191,4.9582e-05,0.0,8.0
10192,4.9584000000000005e-05,0.0,8.0
10193,4.9586e-05,0.008,8.0
10194,4.9588e-05,0.0,8.0
10195,4.9590000000000005e-05,0.0,8.0
10196,4.9592e-05,0.0,8.0
10197,4.9594e-05,0.0,8.0
10198,4.9596000000000004e-05,0.0,8.0
10199,4.9598e-05,0.0,8.0
10200,4.96e-05,0.0,8.0
10201,4.9602000000000004e-05,0.0,8.0
10202,4.9604e-05,0.0,8.0
10203,4.9606e-05,0.0,8.0
10204,4.9608000000000003e-05,0.0,8.0
10205,4.961000000000001e-05,0.0,8.0
10206,4.9612e-05,0.0,8.0
10207,4.9614e-05,0.0,8.8
10208,4.961600000000001e-05,0.0,8.0
10209,4.9618e-05,0.0,8.0
10210,4.962e-05,0.0,8.0
10211,4.962200000000001e-05,0.0,8.0
10212,4.9624e-05,0.0,8.8
10213,4.9626e-05,0.0,8.8
10214,4.962800000000001e-05,0.0,8.0
10215,4.9630000000000004e-05,0.0,8.8
10216,4.9632e-05,0.0,8.8
10217,4.9634000000000006e-05,0.008,8.8
10218,4.9636000000000004e-05,0.0,8.8
10219,4.9638e-05,0.0,8.8
10220,4.9640000000000006e-05,0.0,8.8
10221,4.9642000000000003e-05,0.008,8.8
10222,4.9644e-05,0.0,8.8
10223,4.9646000000000005e-05,0.0,8.8
10224,4.9648e-05,0.0,8.8
10225,4.965e-05,0.0,8.8
10226,4.9652000000000005e-05,0.0,8.8
10227,4.9654e-05,0.0,9.6
10228,4.9656e-05,0.0,9.6
10229,4.9658000000000005e-05,0.008,9.6
10230,4.966e-05,0.0,9.6
10231,4.9662e-05,0.0,9.6
10232,4.9664000000000004e-05,0.0,9.6
10233,4.9666e-05,0.008,9.6
10234,4.9668e-05,0.0,9.6
10235,4.9670000000000004e-05,0.0,9.6
10236,4.9672e-05,0.0,9.6
10237,4.9674e-05,0.008,9.6
10238,4.9676000000000003e-05,0.0,9.6
10239,4.967800000000001e-05,0.0,9.6
10240,4.968e-05,0.0,10.4
10241,4.9682e-05,0.008,10.4
10242,4.968400000000001e-05,0.0,9.6
10243,4.9686e-05,0.0,10.4
10244,4.9688e-05,0.0,10.4
10245,4.969000000000001e-05,0.008,10.4
10246,4.9692e-05,0.0,10.4
10247,4.9694e-05,0.0,10.4
10248,4.969600000000001e-05,0.0,10.4
10249,4.9698000000000004e-05,0.008,11.2
10250,4.97e-05,0.0,11.2
10251,4.9702000000000006e-05,0.008,11.2
10252,4.9704000000000004e-05,0.0,11.2
10253,4.9706e-05,0.0,11.2
10254,4.9708000000000006e-05,0.0,11.2
10255,4.9710000000000003e-05,0.0,11.2
10256,4.9712e-05,0.0,11.2
10257,4.9714000000000005e-05,0.008,12.0
10258,4.9716e-05,0.0,11.2
10259,4.9718e-05,0.0,12.0
10260,4.9720000000000005e-05,0.0,12.0
10261,4.9722e-05,0.008,12.0
10262,4.9724e-05,0.0,12.0
10263,4.9726000000000005e-05,0.0,12.0
10264,4.9728e-05,0.0,13.6
10265,4.973e-05,0.008,13.6
10266,4.9732000000000004e-05,0.0,12.0
10267,4.9734e-05,0.0,13.6
10268,4.9736e-05,0.0,13.6
10269,4.9738000000000004e-05,0.008,13.6
10270,4.974e-05,0.0,13.6
10271,4.9742e-05,0.0,13.6
10272,4.9744000000000003e-05,0.0,14.4
10273,4.974600000000001e-05,0.0,14.4
10274,4.9748e-05,0.0,14.4
10275,4.975e-05,0.0,14.4
10276,4.975200000000001e-05,0.0,14.4
10277,4.9754e-05,0.008,14.4
10278,4.9756e-05,0.0,14.4
10279,4.975800000000001e-05,0.0,15.2
10280,4.976e-05,0.0,15.2
10281,4.9762e-05,0.008,15.2
10282,4.976400000000001e-05,0.0,15.2
10283,4.9766000000000004e-05,0.0,15.2
10284,4.9768e-05,0.0,15.2
10285,4.9770000000000006e-05,0.0,16.0
10286,4.9772000000000004e-05,0.0,16.0
10287,4.9774e-05,0.0,16.0
10288,4.9776000000000006e-05,0.0,16.0
10289,4.9778000000000004e-05,0.0,16.0
10290,4.978e-05,0.0,16.8
10291,4.9782000000000005e-05,0.0,16.8
10292,4.9784e-05,0.0,16.8
10293,4.9786e-05,0.008,16.8
10294,4.9788000000000005e-05,0.0,16.8
10295,4.979e-05,0.0,17.6
10296,4.9792e-05,0.0,17.6
10297,4.9794000000000005e-05,0.008,17.6
10298,4.9796e-05,0.0,17.6
10299,4.9798e-05,0.0,17.6
10300,4.9800000000000004e-05,0.0,18.4
10301,4.9802e-05,0.0,17.6
10302,4.9804e-05,0.0,18.4
10303,4.9806000000000004e-05,0.0,18.4
10304,4.9808e-05,0.0,18.4
10305,4.981e-05,0.0,18.4
10306,4.9812000000000004e-05,0.0,19.2
10307,4.981400000000001e-05,0.0,19.2
10308,4.9816e-05,0.0,19.2
10309,4.9818e-05,0.008,19.2
10310,4.982000000000001e-05,0.0,19.2
10311,4.9822e-05,0.0,20.0
10312,4.9824e-05,0.0,20.0
10313,4.982600000000001e-05,0.0,20.0
10314,4.9828e-05,0.0,20.0
10315,4.983e-05,0.0,20.0
10316,4.983200000000001e-05,0.0,20.8
10317,4.9834000000000004e-05,0.0,20.8
10318,4.9836e-05,0.0,20.8
10319,4.9838000000000006e-05,0.0,20.8
10320,4.9840000000000004e-05,0.0,20.8
10321,4.9842e-05,0.008,20.8
10322,4.9844000000000006e-05,0.0,20.8
10323,4.9846000000000004e-05,0.0,21.6
10324,4.9848e-05,0.0,21.6
10325,4.9850000000000006e-05,0.0,21.6
10326,4.9852e-05,0.0,21.6
10327,4.9854e-05,0.0,22.4
10328,4.9856000000000005e-05,0.0,22.4
10329,4.9858e-05,0.008,22.4
10330,4.986e-05,0.0,22.4
10331,4.9862000000000005e-05,0.0,22.4
10332,4.9864e-05,-0.008,23.2
10333,4.9866e-05,0.0,23.2
10334,4.9868000000000004e-05,0.0,23.2
10335,4.987e-05,0.0,23.2
10336,4.9872e-05,-0.008,23.2
10337,4.9874000000000004e-05,0.0,24.0
10338,4.9876e-05,0.0,23.2
10339,4.9878e-05,0.0,24.0
10340,4.9880000000000004e-05,0.0,24.0
10341,4.988200000000001e-05,0.0,24.0
10342,4.9884e-05,0.0,24.0
10343,4.9886e-05,0.0,25.6
10344,4.988800000000001e-05,0.0,25.6
10345,4.989e-05,0.0,25.6
10346,4.9892e-05,0.0,25.6
10347,4.989400000000001e-05,0.0,25.6
10348,4.9896e-05,0.0,25.6
10349,4.9898e-05,0.0,25.6
10350,4.990000000000001e-05,0.0,26.4
10351,4.9902000000000004e-05,0.0,26.4
10352,4.9904e-05,-0.008,26.4
10353,4.9906000000000006e-05,0.0,26.4
10354,4.9908000000000004e-05,0.0,26.4
10355,4.991e-05,-0.008,26.4
10356,4.9912000000000006e-05,-0.008,27.2
10357,4.9914000000000004e-05,0.0,27.2
10358,4.9916e-05,-0.008,27.2
10359,4.9918000000000006e-05,0.0,27.2
10360,4.992e-05,-0.008,27.2
10361,4.9922e-05,0.0,27.2
10362,4.9924000000000005e-05,0.0,27.2
10363,4.9926e-05,0.0,27.2
10364,4.9928e-05,0.0,28.0
10365,4.9930000000000005e-05,0.0,28.0
10366,4.9932e-05,0.0,28.0
10367,4.9934e-05,0.0,28.0
10368,4.9936000000000004e-05,-0.008,28.0
10369,4.9938e-05,0.0,28.0
10370,4.994e-05,0.0,28.0
10371,4.9942000000000004e-05,0.0,28.0
10372,4.9944e-05,-0.008,28.0
10373,4.9946e-05,0.0,28.0
10374,4.9948000000000004e-05,-0.008,28.0
10375,4.995000000000001e-05,0.0,28.8
10376,4.9952e-05,-0.008,28.8
10377,4.9954e-05,0.0,28.8
10378,4.995600000000001e-05,-0.008,28.8
10379,4.9958e-05,0.0,28.8
10380,4.996e-05,-0.008,28.8
10381,4.996200000000001e-05,0.0,28.8
10382,4.9964e-05,0.0,28.8
10383,4.9966e-05,-0.008,28.8
10384,4.996800000000001e-05,-0.008,28.8
10385,4.9970000000000004e-05,0.0,28.8
10386,4.9972e-05,-0.008,28.8
10387,4.9974000000000006e-05,0.0,28.8
10388,4.9976000000000004e-05,-0.008,28.8
10389,4.9978e-05,0.0,28.8
10390,4.9980000000000006e-05,-0.008,28.8
10391,4.9982000000000004e-05,0.0,28.8
10392,4.9984e-05,-0.008,28.8
10393,4.9986000000000006e-05,0.0,28.8
10394,4.9988e-05,-0.008,28.8
10395,4.999e-05,-0.008,28.8
10396,4.9992000000000005e-05,-0.008,28.8
10397,4.9994e-05,0.0,28.8
10398,4.9996e-05,-0.008,28.8
10399,4.9998000000000005e-05,-0.008,28.8
10400,5e-05,-0.008,28.8
10401,5.0002e-05,0.0,28.8
10402,5.0004000000000004e-05,-0.008,28.8
10403,5.0006e-05,-0.008,28.8
10404,5.0008e-05,-0.008,28.8
10405,5.0010000000000004e-05,0.0,28.8
10406,5.0012e-05,-0.008,28.8
10407,5.0014e-05,-0.008,28.8
10408,5.0016000000000004e-05,-0.008,28.8
10409,5.001800000000001e-05,0.0,28.8
10410,5.002e-05,-0.008,28.8
10411,5.0022e-05,0.0,28.8
10412,5.002400000000001e-05,-0.008,28.8
10413,5.0026e-05,0.0,28.8
10414,5.0028e-05,-0.008,28.8
10415,5.003000000000001e-05,-0.008,28.8
10416,5.0032e-05,-0.008,28.0
10417,5.0034e-05,0.0,28.8
10418,5.003600000000001e-05,-0.008,28.0
10419,5.0038000000000004e-05,-0.008,28.0
10420,5.004e-05,-0.008,28.0
10421,5.0042000000000006e-05,0.0,28.0
10422,5.0044000000000004e-05,-0.008,28.0
10423,5.0046e-05,-0.008,28.0
10424,5.0048000000000006e-05,-0.008,28.0
10425,5.0050000000000004e-05,0.0,28.0
10426,5.0052e-05,-0.008,28.0
10427,5.0054000000000006e-05,-0.008,28.0
10428,5.0056e-05,-0.008,27.2
10429,5.0058e-05,0.0,27.2
10430,5.0060000000000005e-05,-0.008,27.2
10431,5.0062e-05,-0.008,27.2
10432,5.0064e-05,-0.008,27.2
10433,5.0066000000000005e-05,0.0,27.2
10434,5.0068e-05,-0.008,27.2
10435,5.007e-05,-0.008,26.4
10436,5.0072000000000004e-05,-0.008,26.4
10437,5.0074e-05,-0.008,26.4
10438,5.0076e-05,-0.008,26.4
10439,5.0078000000000004e-05,-0.008,26.4
10440,5.008e-05,-0.008,26.4
10441,5.0082e-05,0.0,26.4
10442,5.0084000000000004e-05,-0.008,25.6
10443,5.008600000000001e-05,-0.008,25.6
10444,5.0088e-05,-0.008,25.6
10445,5.009e-05,-0.008,25.6
10446,5.009200000000001e-05,-0.008,25.6
10447,5.0094e-05,-0.008,25.6
10448,5.0096e-05,-0.008,25.6
10449,5.009800000000001e-05,0.0,25.6
10450,5.01e-05,-0.008,24.0
10451,5.0102e-05,-0.008,24.0
10452,5.010400000000001e-05,-0.008,24.0
10453,5.0106000000000004e-05,0.0,24.0
10454,5.0108e-05,-0.008,24.0
10455,5.0110000000000006e-05,-0.008,24.0
10456,5.0112000000000004e-05,-0.008,23.2
10457,5.0114e-05,0.0,23.2
10458,5.0116000000000006e-05,-0.008,23.2
10459,5.0118000000000004e-05,-0.008,23.2
10460,5.012e-05,-0.008,23.2
10461,5.0122000000000006e-05,0.0,22.4
10462,5.0124e-05,-0.008,22.4
10463,5.0126e-05,-0.008,22.4
10464,5.0128000000000005e-05,-0.008,22.4
10465,5.013e-05,0.0,22.4
10466,5.0132e-05,-0.008,21.6
10467,5.0134000000000005e-05,-0.008,21.6
10468,5.0136e-05,-0.008,21.6
10469,5.0138e-05,0.0,21.6
10470,5.0140000000000004e-05,-0.008,21.6
10471,5.0142e-05,-0.008,21.6
10472,5.0144e-05,-0.008,20.8
10473,5.0146000000000004e-05,0.0,20.8
10474,5.0148e-05,-0.008,20.8
10475,5.015e-05,-0.008,20.8
10476,5.0152000000000004e-05,-0.008,20.8
10477,5.0154e-05,0.0,20.0
10478,5.0156e-05,-0.008,20.0
10479,5.0158e-05,-0.008,20.0
10480,5.016000000000001e-05,-0.008,20.0
10481,5.0162e-05,0.0,20.0
10482,5.0164e-05,-0.008,19.2
10483,5.016600000000001e-05,-0.008,19.2
10484,5.0168e-05,-0.008,19.2
10485,5.017e-05,0.0,19.2
10486,5.017200000000001e-05,-0.008,19.2
10487,5.0174000000000004e-05,-0.008,19.2
10488,5.0176e-05,-0.008,19.2
10489,5.0178000000000006e-05,0.0,18.4
10490,5.0180000000000004e-05,-0.008,18.4
10491,5.0182e-05,-0.008,18.4
10492,5.0184000000000006e-05,-0.008,18.4
10493,5.0186000000000004e-05,0.0,18.4
10494,5.0188e-05,-0.008,17.6
10495,5.0190000000000006e-05,-0.008,17.6
10496,5.0192e-05,-0.008,17.6
10497,5.0194e-05,0.0,17.6
10498,5.0196000000000005e-05,-0.008,17.6
10499,5.0198e-05,-0.008,16.8
10500,5.02e-05,-0.008,16.8
10501,5.0202000000000005e-05,0.0,16.8
10502,5.0204e-05,-0.008,16.8
10503,5.0206e-05,-0.008,16.8
10504,5.0208000000000004e-05,-0.008,16.0
10505,5.021e-05,0.0,16.8
10506,5.0212e-05,-0.008,16.0
10507,5.0214000000000004e-05,-0.008,16.0
10508,5.0216e-05,-0.008,16.0
10509,5.0218e-05,0.0,16.0
10510,5.0220000000000004e-05,-0.008,16.0
10511,5.0222e-05,-0.008,16.0
10512,5.0224e-05,-0.008,15.2
10513,5.0226e-05,0.0,15.2
10514,5.022800000000001e-05,-0.008,15.2
10515,5.023e-05,-0.008,15.2
10516,5.0232e-05,-0.008,15.2
10517,5.023400000000001e-05,0.0,15.2
10518,5.0236e-05,-0.008,14.4
10519,5.0238e-05,-0.008,14.4
10520,5.024000000000001e-05,-0.008,14.4
10521,5.0242000000000004e-05,0.0,14.4
10522,5.0244e-05,-0.008,14.4
10523,5.0246000000000006e-05,-0.008,14.4
10524,5.0248000000000004e-05,-0.008,14.4
10525,5.025e-05,0.0,13.6
10526,5.0252000000000006e-05,-0.008,13.6
10527,5.0254000000000004e-05,-0.008,13.6
10528,5.0256e-05,-0.008,13.6
10529,5.0258000000000006e-05,0.0,13.6
10530,5.026e-05,-0.008,13.6
10531,5.0262e-05,-0.008,13.6
10532,5.0264000000000005e-05,-0.008,13.6
10533,5.0266e-05,0.0,12.0
10534,5.0268e-05,-0.008,12.0
10535,5.0270000000000005e-05,-0.008,12.0
10536,5.0272e-05,-0.008,12.0
10537,5.0274e-05,0.0,12.0
10538,5.0276000000000004e-05,-0.008,12.0
10539,5.0278e-05,-0.008,12.0
10540,5.028e-05,-0.008,12.0
10541,5.0282000000000004e-05,0.0,11.2
10542,5.0284e-05,-0.008,11.2
10543,5.0286e-05,0.0,11.2
10544,5.0288000000000004e-05,-0.008,11.2
10545,5.029e-05,0.0,11.2
10546,5.0292e-05,-0.008,11.2
10547,5.0294e-05,-0.008,11.2
10548,5.029600000000001e-05,-0.008,11.2
10549,5.0298e-05,0.0,11.2
10550,5.03e-05,-0.008,11.2
10551,5.030200000000001e-05,0.0,10.4
10552,5.0304e-05,-0.008,10.4
10553,5.0306e-05,0.0,10.4
10554,5.030800000000001e-05,-0.008,10.4
10555,5.0310000000000005e-05,-0.008,10.4
10556,5.0312e-05,-0.008,10.4
10557,5.0314000000000007e-05,0.0,10.4
10558,5.0316000000000004e-05,-0.008,10.4
10559,5.0318e-05,0.0,10.4
10560,5.0320000000000006e-05,-0.008,10.4
10561,5.0322000000000004e-05,0.0,10.4
10562,5.0324e-05,-0.008,9.6
10563,5.0326000000000006e-05,0.0,10.4
10564,5.0328e-05,-0.008,10.4
10565,5.033e-05,0.0,9.6
10566,5.0332000000000005e-05,-0.008,9.6
10567,5.0334e-05,0.0,9.6
10568,5.0336e-05,-0.008,9.6
10569,5.0338000000000005e-05,0.0,9.6
10570,5.034e-05,-0.008,9.6
10571,5.0342e-05,0.0,9.6
10572,5.0344000000000005e-05,-0.008,9.6
10573,5.0346e-05,0.0,9.6
10574,5.0348e-05,-0.008,9.6
10575,5.0350000000000004e-05,0.0,9.6
10576,5.0352e-05,-0.008,9.6
10577,5.0354e-05,0.0,9.6
10578,5.0356000000000004e-05,0.0,8.8
10579,5.0358e-05,0.0,9.6
10580,5.036e-05,-0.008,9.6
10581,5.0362e-05,0.0,8.8
10582,5.036400000000001e-05,0.0,8.8
10583,5.0366e-05,0.0,8.8
10584,5.0368e-05,-0.008,8.8
10585,5.037000000000001e-05,0.0,8.8
10586,5.0372e-05,0.0,8.8
10587,5.0374e-05,0.0,8.8
10588,5.037600000000001e-05,0.0,8.8
10589,5.0378000000000005e-05,0.0,8.8
10590,5.038e-05,-0.008,8.8
10591,5.0382000000000007e-05,0.0,8.8
10592,5.0384000000000004e-05,-0.008,8.8
10593,5.0386e-05,0.0,8.8
10594,5.0388000000000006e-05,0.0,8.8
10595,5.0390000000000004e-05,0.0,8.8
10596,5.0392e-05,0.0,8.8
10597,5.0394000000000006e-05,0.0,8.8
10598,5.0396e-05,0.0,8.8
10599,5.0398e-05,0.0,8.8
10600,5.0400000000000005e-05,-0.008,8.8
10601,5.0402e-05,0.0,8.8
10602,5.0404e-05,-0.008,8.8
10603,5.0406000000000005e-05,-0.008,8.8
10604,5.0408e-05,0.0,8.8
10605,5.041e-05,0.0,8.8
10606,5.0412000000000005e-05,0.0,8.8
10607,5.0414e-05,0.0,8.8
10608,5.0416e-05,0.0,8.8
10609,5.0418000000000004e-05,0.0,8.8
10610,5.042e-05,0.0,8.8
10611,5.0422e-05,0.0,8.8
10612,5.0424000000000004e-05,-0.008,8.8
10613,5.0426e-05,0.0,8.8
10614,5.0428e-05,-0.008,8.8
10615,5.043e-05,0.0,8.8
10616,5.043200000000001e-05,-0.008,8.8
10617,5.0434e-05,0.0,8.8
10618,5.0436e-05,0.0,8.8
10619,5.043800000000001e-05,0.0,8.8
10620,5.044e-05,0.0,8.8
10621,5.0442e-05,0.0,8.8
10622,5.044400000000001e-05,0.0,8.8
10623,5.0446000000000005e-05,0.0,8.8
10624,5.0448e-05,0.0,8.8
10625,5.0450000000000007e-05,0.008,8.8
10626,5.0452000000000004e-05,0.0,8.8
10627,5.0454e-05,0.0,8.8
10628,5.0456000000000006e-05,0.0,8.8
10629,5.0458000000000004e-05,0.0,8.8
10630,5.046e-05,0.0,8.8
10631,5.0462000000000006e-05,0.0,8.8
10632,5.0464e-05,0.0,8.8
10633,5.0466e-05,0.0,8.8
10634,5.0468000000000005e-05,0.0,8.8
10635,5.047e-05,0.0,9.6
10636,5.0472e-05,0.0,9.6
10637,5.0474000000000005e-05,0.0,9.6
10638,5.0476e-05,0.0,8.8
10639,5.0478e-05,0.0,9.6
10640,5.0480000000000005e-05,0.0,9.6
10641,5.0482e-05,0.0,9.6
10642,5.0484e-05,0.0,9.6
10643,5.0486000000000004e-05,0.0,9.6
10644,5.0488e-05,0.0,9.6
10645,5.049e-05,0.0,9.6
10646,5.0492000000000004e-05,0.0,9.6
10647,5.0494e-05,0.0,9.6
10648,5.0496e-05,0.0,9.6
10649,5.0498e-05,0.008,9.6
10650,5.050000000000001e-05,0.0,9.6
10651,5.0502e-05,0.0,9.6
10652,5.0504e-05,0.0,9.6
10653,5.050600000000001e-05,0.008,9.6
10654,5.0508e-05,0.0,9.6
10655,5.051e-05,0.0,10.4
10656,5.051200000000001e-05,0.0,10.4
10657,5.0514000000000005e-05,0.0,10.4
10658,5.0516e-05,0.0,10.4
10659,5.0518000000000007e-05,0.0,10.4
10660,5.0520000000000004e-05,0.0,10.4
10661,5.0522e-05,0.0,10.4
10662,5.0524000000000006e-05,0.0,10.4
10663,5.0526000000000004e-05,0.0,10.4
10664,5.0528e-05,0.0,10.4
10665,5.0530000000000006e-05,0.0,10.4
10666,5.0532000000000003e-05,0.0,10.4
10667,5.0534e-05,0.0,11.2
10668,5.0536000000000005e-05,0.0,11.2
10669,5.0538e-05,0.0,11.2
10670,5.054e-05,0.0,11.2
10671,5.0542000000000005e-05,0.0,11.2
10672,5.0544e-05,0.0,11.2
10673,5.0546e-05,0.0,11.2
10674,5.0548000000000005e-05,0.0,11.2
10675,5.055e-05,0.0,11.2
10676,5.0552e-05,0.0,11.2
10677,5.0554000000000004e-05,0.0,12.0
10678,5.0556e-05,0.0,12.0
10679,5.0558e-05,0.0,12.0
10680,5.0560000000000004e-05,0.0,12.0
10681,5.0562e-05,0.0,12.0
10682,5.0564e-05,0.0,12.0
10683,5.0566000000000003e-05,0.0,12.0
10684,5.056800000000001e-05,0.0,12.0
10685,5.057e-05,0.0,13.6
10686,5.0572e-05,0.0,12.0
10687,5.057400000000001e-05,0.0,13.6
10688,5.0576e-05,0.0,13.6
10689,5.0578e-05,0.0,13.6
10690,5.058000000000001e-05,0.0,13.6
10691,5.0582000000000005e-05,0.0,13.6
10692,5.0584e-05,0.0,14.4
10693,5.0586000000000007e-05,0.008,13.6
10694,5.0588000000000004e-05,0.0,13.6
10695,5.059e-05,0.0,14.4
10696,5.0592000000000006e-05,0.0,14.4
10697,5.0594000000000004e-05,0.0,14.4
10698,5.0596e-05,0.0,14.4
10699,5.0598000000000006e-05,0.0,14.4
10700,5.0600000000000003e-05,0.0,15.2
10701,5.0602e-05,0.0,15.2
10702,5.0604000000000005e-05,0.0,14.4
10703,5.0606e-05,0.0,15.2
10704,5.0608e-05,0.0,15.2
10705,5.0610000000000005e-05,0.0,15.2
10706,5.0612e-05,0.0,15.2
10707,5.0614e-05,0.0,15.2
10708,5.0616000000000005e-05,0.0,16.0
10709,5.0618e-05,0.0,16.0
10710,5.062e-05,0.0,16.0
10711,5.0622000000000004e-05,0.0,16.0
10712,5.0624e-05,0.0,16.0
10713,5.0626e-05,0.0,16.0
10714,5.0628000000000004e-05,0.0,16.0
10715,5.063e-05,0.0,16.8
10716,5.0632e-05,0.0,16.8
10717,5.0634000000000003e-05,0.0,16.8
10718,5.063600000000001e-05,0.0,16.8
10719,5.0638e-05,0.0,16.8
10720,5.064e-05,0.0,17.6
10721,5.064200000000001e-05,0.008,17.6
10722,5.0644e-05,0.0,17.6
10723,5.0646e-05,0.0,17.6
10724,5.064800000000001e-05,-0.008,17.6
10725,5.0650000000000005e-05,0.0,17.6
10726,5.0652e-05,0.0,17.6
10727,5.065400000000001e-05,0.0,18.4
10728,5.0656000000000004e-05,0.0,18.4
10729,5.0658e-05,0.0,18.4
10730,5.0660000000000006e-05,0.0,18.4
10731,5.0662000000000004e-05,0.0,18.4
10732,5.0664e-05,-0.008,19.2
10733,5.0666000000000006e-05,0.0,19.2
10734,5.0668000000000003e-05,0.0,19.2
10735,5.067e-05,0.0,19.2
10736,5.0672000000000005e-05,0.0,19.2
10737,5.0674e-05,0.0,19.2
10738,5.0676e-05,0.0,19.2
10739,5.0678000000000005e-05,0.0,20.0
10740,5.068e-05,0.0,20.0
10741,5.0682e-05,0.0,20.0
10742,5.0684000000000005e-05,0.0,20.0
10743,5.0686e-05,0.0,20.0
10744,5.0688e-05,-0.008,20.8
10745,5.0690000000000004e-05,0.0,20.8
10746,5.0692e-05,-0.008,20.8
10747,5.0694e-05,0.0,20.8
10748,5.0696000000000004e-05,-0.008,20.8
10749,5.0698e-05,0.0,20.8
10750,5.07e-05,0.0,20.8
10751,5.0702000000000003e-05,0.0,21.6
10752,5.070400000000001e-05,-0.008,21.6
10753,5.0706e-05,0.0,21.6
10754,5.0708e-05,0.0,21.6
10755,5.071000000000001e-05,0.0,21.6
10756,5.0712e-05,-0.008,22.4
10757,5.0714e-05,0.0,22.4
10758,5.071600000000001e-05,-0.008,22.4
10759,5.0718000000000005e-05,0.0,22.4
10760,5.072e-05,-0.008,22.4
10761,5.072200000000001e-05,0.0,22.4
10762,5.0724000000000004e-05,0.0,22.4
10763,5.0726e-05,0.0,23.2
10764,5.0728000000000006e-05,-0.008,23.2
10765,5.0730000000000004e-05,0.0,23.2
10766,5.0732e-05,0.0,23.2
10767,5.0734000000000006e-05,0.0,23.2
10768,5.0736000000000003e-05,0.0,23.2
10769,5.0738e-05,0.0,24.0
10770,5.0740000000000005e-05,0.0,23.2
10771,5.0742e-05,0.0,24.0
10772,5.0744e-05,-0.008,24.0
10773,5.0746000000000005e-05,0.0,24.0
10774,5.0748e-05,-0.008,24.0
10775,5.075e-05,0.0,24.0
10776,5.0752000000000005e-05,-0.008,24.0
10777,5.0754e-05,0.0,25.6
10778,5.0756e-05,0.0,25.6
10779,5.0758000000000004e-05,-0.008,25.6
10780,5.076e-05,-0.008,25.6
10781,5.0762e-05,0.0,25.6
10782,5.0764000000000004e-05,-0.008,25.6
10783,5.0766e-05,-0.008,25.6
10784,5.0768e-05,-0.008,26.4
10785,5.0770000000000003e-05,0.0,26.4
10786,5.077200000000001e-05,-0.008,26.4
10787,5.0774e-05,0.0,26.4
10788,5.0776e-05,-0.008,26.4
10789,5.077800000000001e-05,0.0,26.4
10790,5.078e-05,-0.008,26.4
10791,5.0782e-05,-0.008,26.4
10792,5.078400000000001e-05,-0.008,26.4
10793,5.0786e-05,0.0,26.4
10794,5.0788e-05,0.0,26.4
10795,5.079000000000001e-05,0.0,27.2
10796,5.0792000000000004e-05,-0.008,27.2
10797,5.0794e-05,0.0,27.2
10798,5.0796000000000006e-05,-0.008,27.2
10799,5.0798000000000004e-05,-0.008,27.2
10800,5.08e-05,-0.008,27.2
10801,5.0802000000000006e-05,0.0,27.2
10802,5.0804000000000004e-05,-0.008,27.2
10803,5.0806e-05,0.0,27.2
10804,5.0808000000000006e-05,-0.008,27.2
10805,5.081e-05,0.0,27.2
10806,5.0812e-05,-0.008,27.2
10807,5.0814000000000005e-05,-0.008,27.2
10808,5.0816e-05,-0.008,27.2
10809,5.0818e-05,0.0,27.2
10810,5.0820000000000005e-05,-0.008,27.2
10811,5.0822e-05,0.0,27.2
10812,5.0824e-05,-0.008,28.0
10813,5.0826000000000004e-05,0.0,28.0
10814,5.0828e-05,-0.008,27.2
10815,5.083e-05,-0.008,28.0
10816,5.0832000000000004e-05,-0.008,28.0
10817,5.0834e-05,0.0,28.0
10818,5.0836e-05,-0.008,28.0
10819,5.0838000000000004e-05,-0.008,28.0
10820,5.084000000000001e-05,-0.008,28.0
10821,5.0842e-05,0.0,28.0
10822,5.0844e-05,-0.008,28.0
10823,5.084600000000001e-05,0.0,28.0
10824,5.0848e-05,-0.008,28.0
10825,5.085e-05,0.0,28.0
10826,5.085200000000001e-05,-0.008,27.2
10827,5.0854e-05,-0.008,28.0
10828,5.0856e-05,-0.008,28.0
10829,5.085800000000001e-05,0.0,28.0
10830,5.0860000000000004e-05,-0.008,27.2
10831,5.0862e-05,-0.008,28.0
10832,5.0864000000000006e-05,-0.008,27.2
10833,5.0866000000000004e-05,0.0,27.2
10834,5.0868e-05,-0.008,27.2
10835,5.0870000000000006e-05,-0.008,27.2
10836,5.0872000000000004e-05,-0.008,27.2
10837,5.0874e-05,0.0,27.2
10838,5.0876000000000006e-05,-0.008,27.2
10839,5.0878e-05,-0.008,27.2
10840,5.088e-05,-0.008,27.2
10841,5.0882000000000005e-05,0.0,27.2
10842,5.0884e-05,-0.008,27.2
10843,5.0886e-05,-0.008,27.2
10844,5.0888000000000005e-05,-0.008,27.2
10845,5.089e-05,0.0,27.2
10846,5.0892e-05,-0.008,27.2
10847,5.0894000000000004e-05,0.0,27.2
10848,5.0896e-05,-0.008,27.2
10849,5.0898e-05,0.0,26.4
10850,5.0900000000000004e-05,-0.008,26.4
10851,5.0902e-05,-0.008,26.4
10852,5.0904e-05,-0.008,26.4
10853,5.0906000000000004e-05,0.0,26.4
10854,5.090800000000001e-05,-0.008,26.4
10855,5.091e-05,-0.008,26.4
10856,5.0912e-05,-0.008,26.4
10857,5.091400000000001e-05,0.0,26.4
10858,5.0916e-05,-0.008,25.6
10859,5.0918e-05,-0.008,25.6
10860,5.092000000000001e-05,-0.008,25.6
10861,5.0922e-05,0.0,25.6
10862,5.0924e-05,-0.008,25.6
10863,5.092600000000001e-05,-0.008,25.6
10864,5.0928000000000004e-05,-0.008,25.6
10865,5.093e-05,0.0,25.6
10866,5.0932000000000006e-05,-0.008,25.6
10867,5.0934000000000004e-05,-0.008,24.0
10868,5.0936e-05,-0.008,24.0
10869,5.0938000000000006e-05,0.0,24.0
10870,5.0940000000000004e-05,-0.008,24.0
10871,5.0942e-05,-0.008,24.0
10872,5.0944000000000006e-05,-0.008,24.0
10873,5.0946e-05,0.0,24.0
10874,5.0948e-05,-0.008,23.2
10875,5.0950000000000005e-05,-0.008,23.2
10876,5.0952e-05,-0.008,23.2
10877,5.0954e-05,0.0,23.2
10878,5.0956000000000005e-05,-0.008,23.2
10879,5.0958e-05,-0.008,23.2
10880,5.096e-05,-0.008,23.2
10881,5.0962000000000004e-05,0.0,23.2
10882,5.0964e-05,-0.008,22.4
10883,5.0966e-05,-0.008,22.4
10884,5.0968000000000004e-05,-0.008,22.4
10885,5.097e-05,-0.008,22.4
10886,5.0972e-05,-0.008,22.4
10887,5.0974000000000004e-05,-0.008,22.4
10888,5.097600000000001e-05,-0.008,21.6
10889,5.0978e-05,0.0,21.6
10890,5.098e-05,-0.008,21.6
10891,5.098200000000001e-05,-0.008,21.6
10892,5.0984e-05,-0.008,21.6
10893,5.0986e-05,0.0,21.6
10894,5.098800000000001e-05,-0.008,20.8
10895,5.099e-05,-0.008,20.8
10896,5.0992e-05,-0.008,20.8
10897,5.099400000000001e-05,0.0,20.8
10898,5.0996000000000004e-05,-0.008,20.8
10899,5.0998e-05,-0.008,20.8
10900,5.1000000000000006e-05,-0.008,20.8
10901,5.1002000000000004e-05,0.0,20.0
10902,5.1004e-05,-0.008,20.0
10903,5.1006000000000006e-05,-0.008,20.0
10904,5.1008000000000004e-05,-0.008,20.0
10905,5.101e-05,-0.008,20.0
10906,5.1012000000000006e-05,-0.008,19.2
10907,5.1014e-05,-0.008,19.2
10908,5.1016e-05,-0.008,19.2
10909,5.1018000000000005e-05,0.0,19.2
10910,5.102e-05,-0.008,19.2
10911,5.1022e-05,-0.008,19.2
10912,5.1024000000000005e-05,-0.008,19.2
10913,5.1026e-05,0.0,18.4
10914,5.1028e-05,-0.008,18.4
10915,5.1030000000000004e-05,-0.008,18.4
10916,5.1032e-05,-0.008,18.4
10917,5.1034e-05,0.0,18.4
10918,5.1036000000000004e-05,-0.008,18.4
10919,5.1038e-05,-0.008,17.6
10920,5.104e-05,-0.008,17.6
10921,5.1042000000000004e-05,0.0,17.6
10922,5.104400000000001e-05,-0.008,17.6
10923,5.1046e-05,-0.008,17.6
10924,5.1048e-05,-0.008,17.6
10925,5.105000000000001e-05,0.0,17.6
10926,5.1052e-05,-0.008,16.8
10927,5.1054e-05,-0.008,16.8
10928,5.105600000000001e-05,-0.008,16.8
10929,5.1058e-05,0.0,16.8
10930,5.106e-05,-0.008,16.8
10931,5.106200000000001e-05,-0.008,16.8
10932,5.1064000000000004e-05,-0.008,16.8
10933,5.1066e-05,0.0,16.0
10934,5.1068000000000006e-05,-0.008,16.0
10935,5.1070000000000004e-05,-0.008,16.0
10936,5.1072e-05,-0.008,16.0
10937,5.1074000000000006e-05,0.0,16.0
10938,5.1076000000000004e-05,-0.008,15.2
10939,5.1078e-05,-0.008,15.2
10940,5.1080000000000006e-05,-0.008,15.2
10941,5.1082e-05,0.0,15.2
10942,5.1084e-05,-0.008,15.2
10943,5.1086000000000005e-05,-0.008,15.2
10944,5.1088e-05,-0.008,15.2
10945,5.109e-05,0.0,15.2
10946,5.1092000000000005e-05,-0.008,14.4
10947,5.1094e-05,-0.008,14.4
10948,5.1096e-05,-0.008,14.4
10949,5.1098000000000004e-05,0.0,14.4
10950,5.11e-05,-0.008,14.4
10951,5.1102e-05,-0.008,14.4
10952,5.1104000000000004e-05,-0.008,14.4
10953,5.1106e-05,0.0,14.4
10954,5.1108e-05,-0.008,13.6
10955,5.1110000000000004e-05,-0.008,13.6
10956,5.111200000000001e-05,-0.008,13.6
10957,5.1114e-05,0.0,13.6
10958,5.1116e-05,-0.008,13.6
10959,5.111800000000001e-05,-0.008,13.6
10960,5.112e-05,-0.008,13.6
10961,5.1122e-05,0.0,13.6
10962,5.112400000000001e-05,-0.008,13.6
10963,5.1126e-05,-0.008,12.0
10964,5.1128e-05,-0.008,12.0
10965,5.113000000000001e-05,0.0,12.0
10966,5.1132000000000004e-05,-0.008,12.0
10967,5.1134e-05,-0.008,12.0
10968,5.1136000000000006e-05,-0.008,12.0
10969,5.1138000000000004e-05,0.0,12.0
10970,5.114e-05,-0.008,12.0
10971,5.1142000000000006e-05,-0.008,12.0
10972,5.1144000000000004e-05,-0.008,12.0
10973,5.1146e-05,0.0,12.0
10974,5.1148000000000006e-05,-0.008,11.2
10975,5.115e-05,-0.008,11.2
10976,5.1152e-05,-0.008,11.2
10977,5.1154000000000005e-05,0.0,11.2
10978,5.1156e-05,0.0,11.2
10979,5.1158e-05,-0.008,11.2
10980,5.1160000000000005e-05,-0.008,11.2
10981,5.1162e-05,0.0,11.2
10982,5.1164e-05,-0.008,11.2
10983,5.1166000000000004e-05,-0.008,11.2
10984,5.1168e-05,-0.008,11.2
10985,5.117e-05,0.0,11.2
10986,5.1172000000000004e-05,-0.008,10.4
10987,5.1174e-05,-0.008,11.2
10988,5.1176e-05,-0.008,10.4
10989,5.1178000000000004e-05,0.0,10.4
10990,5.118000000000001e-05,-0.008,10.4
10991,5.1182e-05,0.0,10.4
10992,5.1184e-05,-0.008,10.4
10993,5.118600000000001e-05,0.0,10.4
10994,5.1188e-05,-0.008,10.4
10995,5.119e-05,0.0,10.4
10996,5.119200000000001e-05,-0.008,10.4
10997,5.1194e-05,0.0,10.4
10998,5.1196e-05,-0.008,9.6
10999,5.119800000000001e-05,-0.008,10.4
11000,5.1200000000000004e-05,-0.008,10.4
11001,5.1202e-05,0.0,10.4
11002,5.1204000000000006e-05,-0.008,9.6
11003,5.1206000000000004e-05,-0.008,9.6
11004,5.1208e-05,-0.008,10.4
11005,5.1210000000000006e-05,0.0,9.6
11006,5.1212000000000004e-05,-0.008,9.6
11007,5.1214e-05,-0.008,9.6
11008,5.1216000000000006e-05,-0.008,9.6
11009,5.1218e-05,0.0,9.6
11010,5.122e-05,-0.008,9.6
11011,5.1222000000000005e-05,0.0,9.6
11012,5.1224e-05,-0.008,9.6
11013,5.1226e-05,0.0,9.6
11014,5.1228000000000005e-05,-0.008,9.6
11015,5.123e-05,0.0,9.6
11016,5.1232e-05,-0.008,9.6
11017,5.1234000000000004e-05,0.0,9.6
11018,5.1236e-05,0.0,9.6
11019,5.1238e-05,0.0,9.6
11020,5.1240000000000004e-05,-0.008,9.6
11021,5.1242e-05,0.0,9.6
11022,5.1244e-05,-0.008,9.6
11023,5.1246000000000004e-05,0.0,9.6
11024,5.124800000000001e-05,-0.008,9.6
11025,5.125e-05,0.0,9.6
11026,5.1252e-05,0.0,9.6
11027,5.125400000000001e-05,0.0,9.6
11028,5.1256e-05,-0.008,9.6
11029,5.1258e-05,0.0,9.6
11030,5.126000000000001e-05,-0.008,9.6
11031,5.1262e-05,0.0,9.6
11032,5.1264e-05,-0.008,9.6
11033,5.126600000000001e-05,0.0,9.6
11034,5.1268000000000004e-05,0.0,9.6
11035,5.127e-05,0.0,9.6
11036,5.1272000000000006e-05,0.0,9.6
11037,5.1274000000000004e-05,0.0,9.6
11038,5.1276e-05,0.0,9.6
11039,5.1278000000000006e-05,0.0,9.6
11040,5.1280000000000004e-05,-0.008,9.6
11041,5.1282e-05,0.0,9.6
11042,5.1284000000000006e-05,-0.008,9.6
11043,5.1286e-05,0.0,9.6
11044,5.1288e-05,0.0,9.6
11045,5.1290000000000005e-05,0.0,9.6
11046,5.1292e-05,0.0,9.6
11047,5.1294e-05,0.0,9.6
11048,5.1296000000000005e-05,0.0,9.6
11049,5.1298e-05,0.0,9.6
11050,5.13e-05,0.0,9.6
11051,5.1302000000000004e-05,0.0,9.6
11052,5.1304e-05,-0.008,9.6
11053,5.1306e-05,0.0,9.6
11054,5.1308000000000004e-05,-0.008,9.6
11055,5.131e-05,0.0,9.6
11056,5.1312e-05,-0.008,9.6
11057,5.1314000000000004e-05,0.0,9.6
11058,5.131600000000001e-05,0.0,9.6
11059,5.1318e-05,0.0,9.6
11060,5.132e-05,-0.008,10.4
11061,5.132200000000001e-05,0.0,9.6
11062,5.1324e-05,0.0,9.6
11063,5.1326e-05,0.0,9.6
11064,5.132800000000001e-05,-0.008,10.4
11065,5.133e-05,0.0,10.4
11066,5.1332e-05,0.0,9.6
11067,5.133400000000001e-05,0.0,10.4
11068,5.1336000000000005e-05,0.0,10.4
11069,5.1338e-05,0.0,10.4
11070,5.1340000000000007e-05,0.0,10.4
11071,5.1342000000000004e-05,0.0,10.4
11072,5.1344e-05,-0.008,10.4
11073,5.1346000000000006e-05,0.0,10.4
11074,5.1348000000000004e-05,0.0,10.4
11075,5.135e-05,0.0,10.4
11076,5.1352000000000006e-05,-0.008,10.4
11077,5.1354e-05,0.0,10.4
11078,5.1356e-05,0.0,10.4
11079,5.1358000000000005e-05,0.0,10.4
11080,5.136e-05,-0.008,11.2
11081,5.1362e-05,0.0,10.4
11082,5.1364000000000005e-05,0.0,10.4
11083,5.1366e-05,0.0,11.2
11084,5.1368e-05,0.0,11.2
11085,5.1370000000000005e-05,0.0,11.2
11086,5.1372e-05,0.0,11.2
11087,5.1374e-05,0.0,11.2
11088,5.1376000000000004e-05,-0.008,11.2
11089,5.1378e-05,0.0,11.2
11090,5.138e-05,0.0,11.2
11091,5.1382000000000004e-05,0.0,11.2
11092,5.1384e-05,-0.008,11.2
11093,5.1386e-05,0.0,11.2
11094,5.1388e-05,0.0,11.2
11095,5.139000000000001e-05,0.0,12.0
11096,5.1392e-05,0.0,12.0
11097,5.1394e-05,0.0,12.0
11098,5.139600000000001e-05,0.0,12.0
11099,5.1398e-05,0.0,12.0
11100,5.14e-05,-0.008,12.0
11101,5.140200000000001e-05,0.0,12.0
11102,5.1404000000000005e-05,0.0,12.0
11103,5.1406e-05,0.0,13.6
11104,5.1408000000000007e-05,0.0,12.0
11105,5.1410000000000004e-05,0.0,13.6
11106,5.1412e-05,0.0,13.6
11107,5.1414000000000006e-05,0.0,13.6
11108,5.1416000000000004e-05,0.0,13.6
11109,5.1418e-05,0.0,13.6
11110,5.1420000000000006e-05,-0.008,13.6
11111,5.1422e-05,0.0,13.6
11112,5.1424e-05,-0.008,13.6
11113,5.1426000000000005e-05,0.0,13.6
11114,5.1428e-05,0.0,13.6
11115,5.143e-05,0.0,14.4
11116,5.1432000000000005e-05,-0.008,14.4
11117,5.1434e-05,0.0,14.4
11118,5.1436e-05,0.0,14.4
11119,5.1438000000000005e-05,0.0,14.4
11120,5.144e-05,-0.008,14.4
11121,5.1442e-05,0.0,14.4
11122,5.1444000000000004e-05,0.0,14.4
11123,5.1446e-05,0.0,15.2
11124,5.1448e-05,0.0,15.2
11125,5.1450000000000004e-05,0.0,15.2
11126,5.1452e-05,0.0,15.2
11127,5.1454e-05,0.0,15.2
11128,5.1456e-05,-0.008,15.2
11129,5.145800000000001e-05,0.0,15.2
11130,5.146e-05,0.0,15.2
11131,5.1462e-05,0.0,16.0
11132,5.146400000000001e-05,-0.008,16.0
11133,5.1466e-05,0.0,16.0
11134,5.1468e-05,0.0,16.0
11135,5.147000000000001e-05,0.0,16.0
11136,5.1472000000000005e-05,0.0,16.0
11137,5.1474e-05,0.0,16.8
11138,5.1476000000000007e-05,0.0,16.0
11139,5.1478000000000004e-05,0.0,16.8
11140,5.148e-05,-0.008,16.8
11141,5.1482000000000006e-05,0.0,16.8
11142,5.1484000000000004e-05,-0.008,16.8
11143,5.1486e-05,0.0,16.8
11144,5.1488000000000006e-05,0.0,17.6
11145,5.149e-05,0.0,17.6
11146,5.1492e-05,0.0,17.6
11147,5.1494000000000005e-05,0.0,17.6
11148,5.1496e-05,0.0,17.6
11149,5.1498e-05,0.0,17.6
11150,5.1500000000000005e-05,-0.008,17.6
11151,5.1502e-05,0.0,17.6
11152,5.1504e-05,-0.008,18.4
11153,5.1506000000000005e-05,0.0,18.4
11154,5.1508e-05,0.0,18.4
11155,5.151e-05,0.0,18.4
11156,5.1512000000000004e-05,-0.008,18.4
11157,5.1514e-05,0.0,18.4
11158,5.1516e-05,-0.008,18.4
11159,5.1518000000000004e-05,0.0,19.2
11160,5.152e-05,-0.008,19.2
11161,5.1522e-05,0.0,19.2
11162,5.1524000000000003e-05,0.0,19.2
11163,5.152600000000001e-05,0.0,19.2
11164,5.1528e-05,-0.008,19.2
11165,5.153e-05,0.0,20.0
11166,5.153200000000001e-05,0.0,20.0
11167,5.1534e-05,0.0,20.0
11168,5.1536e-05,-0.008,20.0
11169,5.153800000000001e-05,0.0,20.0
11170,5.1540000000000005e-05,-0.008,20.0
11171,5.1542e-05,0.0,20.0
11172,5.1544000000000007e-05,-0.008,20.8
11173,5.1546000000000004e-05,0.0,20.8
11174,5.1548e-05,-0.008,20.8
11175,5.1550000000000006e-05,0.0,20.8
11176,5.1552000000000004e-05,-0.008,20.8
11177,5.1554e-05,0.0,20.8
11178,5.1556000000000006e-05,0.0,20.8
11179,5.1558000000000003e-05,0.0,21.6
11180,5.156e-05,-0.008,21.6
11181,5.1562000000000005e-05,0.0,21.6
11182,5.1564e-05,-0.008,21.6
11183,5.1566e-05,0.0,21.6
11184,5.1568000000000005e-05,-0.008,21.6
11185,5.157e-05,0.0,22.4
11186,5.1572e-05,0.0,21.6
11187,5.1574000000000005e-05,0.0,22.4
11188,5.1576e-05,-0.008,22.4
11189,5.1578e-05,0.0,22.4
11190,5.1580000000000004e-05,-0.008,22.4
11191,5.1582e-05,0.0,22.4
11192,5.1584e-05,-0.008,22.4
11193,5.1586000000000004e-05,0.0,23.2
11194,5.1588e-05,0.0,23.2
11195,5.159e-05,-0.008,23.2
11196,5.1592000000000003e-05,-0.008,23.2
11197,5.159400000000001e-05,0.0,23.2
11198,5.1596e-05,-0.008,23.2
11199,5.1598e-05,0.0,23.2
11200,5.160000000000001e-05,-0.008,23.2
11201,5.1602e-05,0.0,24.0
11202,5.1604e-05,-0.008,24.0
11203,5.160600000000001e-05,0.0,24.0
11204,5.1608000000000005e-05,-0.008,24.0
11205,5.161e-05,0.0,24.0
11206,5.161200000000001e-05,-0.008,24.0
11207,5.1614000000000004e-05,-0.008,24.0
11208,5.1616e-05,-0.008,24.0
11209,5.1618000000000006e-05,0.0,24.0
11210,5.1620000000000004e-05,-0.008,24.0
11211,5.1622e-05,0.0,25.6
11212,5.1624000000000006e-05,-0.008,25.6
11213,5.1626000000000003e-05,0.0,25.6
11214,5.1628e-05,-0.008,25.6
11215,5.1630000000000005e-05,-0.008,25.6
11216,5.1632e-05,-0.008,25.6
11217,5.1634e-05,0.0,25.6
11218,5.1636000000000005e-05,-0.008,25.6
11219,5.1638e-05,0.0,25.6
11220,5.164e-05,-0.008,25.6
11221,5.1642000000000005e-05,0.0,25.6
11222,5.1644e-05,-0.008,25.6
11223,5.1646e-05,0.0,26.4
11224,5.1648000000000004e-05,-0.008,26.4
11225,5.165e-05,0.0,26.4
11226,5.1652e-05,-0.008,26.4
11227,5.1654000000000004e-05,-0.008,26.4
11228,5.1656e-05,-0.008,26.4
11229,5.1658e-05,0.0,26.4
11230,5.1660000000000003e-05,-0.008,26.4
11231,5.166200000000001e-05,-0.008,26.4
11232,5.1664e-05,-0.008,26.4
11233,5.1666e-05,0.0,26.4
11234,5.166800000000001e-05,-0.008,26.4
11235,5.167e-05,-0.008,26.4
11236,5.1672e-05,-0.008,26.4
11237,5.167400000000001e-05,0.0,26.4
11238,5.1676000000000005e-05,-0.008,26.4
11239,5.1678e-05,0.0,26.4
11240,5.168000000000001e-05,-0.008,26.4
11241,5.1682000000000004e-05,0.0,26.4
11242,5.1684e-05,-0.008,26.4
11243,5.1686000000000006e-05,-0.008,26.4
11244,5.1688000000000004e-05,-0.008,26.4
11245,5.169e-05,0.0,26.4
11246,5.1692000000000006e-05,-0.008,26.4
11247,5.1694000000000003e-05,-0.008,26.4
11248,5.1696e-05,-0.008,26.4
11249,5.1698000000000005e-05,0.0,26.4
11250,5.17e-05,-0.008,26.4
11251,5.1702e-05,-0.008,26.4
11252,5.1704000000000005e-05,-0.008,26.4
11253,5.1706e-05,0.0,26.4
11254,5.1708e-05,-0.008,26.4
11255,5.1710000000000005e-05,-0.008,26.4
11256,5.1712e-05,-0.008,26.4
11257,5.1714e-05,0.0,26.4
11258,5.1716000000000004e-05,-0.008,26.4
11259,5.1718e-05,-0.008,26.4
11260,5.172e-05,-0.008,26.4
11261,5.1722000000000004e-05,0.0,26.4
11262,5.1724e-05,-0.008,26.4
11263,5.1726e-05,-0.008,26.4
11264,5.1728000000000003e-05,-0.008,26.4
11265,5.173000000000001e-05,0.0,26.4
11266,5.1732e-05,-0.008,25.6
11267,5.1734e-05,-0.008,26.4
11268,5.173600000000001e-05,-0.008,26.4
11269,5.1738e-05,0.0,26.4
11270,5.174e-05,-0.008,25.6
11271,5.174200000000001e-05,-0.008,25.6
11272,5.1744000000000005e-05,-0.008,25.6
11273,5.1746e-05,0.0,25.6
11274,5.174800000000001e-05,-0.008,25.6
11275,5.1750000000000004e-05,-0.008,25.6
11276,5.1752e-05,-0.008,25.6
11277,5.1754000000000006e-05,0.0,25.6
11278,5.1756000000000004e-05,-0.008,25.6
11279,5.1758e-05,-0.008,25.6
11280,5.1760000000000006e-05,-0.008,25.6
11281,5.1762000000000003e-05,0.0,25.6
11282,5.1764e-05,-0.008,24.0
11283,5.1766000000000005e-05,-0.008,24.0
11284,5.1768e-05,-0.008,24.0
11285,5.177e-05,0.0,24.0
11286,5.1772000000000005e-05,-0.008,24.0
11287,5.1774e-05,-0.008,24.0
11288,5.1776e-05,-0.008,24.0
11289,5.1778000000000005e-05,-0.008,24.0
11290,5.178e-05,-0.008,24.0
11291,5.1782e-05,-0.008,24.0
11292,5.1784000000000004e-05,-0.008,24.0
11293,5.1786e-05,-0.008,23.2
11294,5.1788e-05,-0.008,23.2
11295,5.1790000000000004e-05,-0.008,23.2
11296,5.1792e-05,-0.008,23.2
11297,5.1794e-05,0.0,23.2
11298,5.1796000000000003e-05,-0.008,23.2
11299,5.179800000000001e-05,-0.008,23.2
11300,5.18e-05,-0.008,23.2
11301,5.1802e-05,0.0,22.4
11302,5.180400000000001e-05,-0.008,22.4
11303,5.1806e-05,-0.008,22.4
11304,5.1808e-05,-0.008,22.4
11305,5.181000000000001e-05,-0.008,22.4
11306,5.1812000000000005e-05,-0.008,22.4
11307,5.1814e-05,-0.008,21.6
11308,5.181600000000001e-05,-0.008,22.4
11309,5.1818000000000004e-05,0.0,21.6
11310,5.182e-05,-0.008,21.6
11311,5.1822000000000006e-05,-0.008,21.6
11312,5.1824000000000004e-05,-0.008,21.6
11313,5.1826e-05,-0.008,21.6
11314,5.1828000000000006e-05,-0.008,21.6
11315,5.1830000000000004e-05,-0.008,21.6
11316,5.1832e-05,-0.008,20.8
11317,5.1834000000000006e-05,-0.008,20.8
11318,5.1836e-05,-0.008,20.8
11319,5.1838e-05,-0.008,20.8
11320,5.1840000000000005e-05,-0.008,20.8
11321,5.1842e-05,0.0,20.8
11322,5.1844e-05,-0.008,20.0
11323,5.1846000000000005e-05,-0.008,20.0
11324,5.1848e-05,-0.008,20.0
11325,5.185e-05,0.0,20.0
11326,5.1852000000000004e-05,-0.008,20.0
11327,5.1854e-05,-0.008,20.0
11328,5.1856e-05,-0.008,20.0
11329,5.1858000000000004e-05,0.0,20.0
11330,5.186e-05,-0.008,19.2
11331,5.1862e-05,-0.008,19.2
11332,5.1864000000000004e-05,-0.008,19.2
11333,5.186600000000001e-05,-0.008,19.2
11334,5.1868e-05,-0.008,19.2
11335,5.187e-05,-0.008,19.2
11336,5.187200000000001e-05,-0.008,19.2
11337,5.1874e-05,-0.008,18.4
11338,5.1876e-05,-0.008,18.4
11339,5.187800000000001e-05,-0.008,18.4
11340,5.1880000000000005e-05,-0.008,18.4
11341,5.1882e-05,0.0,18.4
11342,5.188400000000001e-05,-0.008,18.4
11343,5.1886000000000004e-05,-0.008,18.4
11344,5.1888e-05,-0.008,17.6
11345,5.1890000000000006e-05,-0.008,17.6
11346,5.1892000000000004e-05,-0.008,17.6
11347,5.1894e-05,-0.008,17.6
11348,5.1896000000000006e-05,-0.008,17.6
11349,5.1898000000000004e-05,0.0,17.6
11350,5.19e-05,-0.008,16.8
11351,5.1902000000000006e-05,-0.008,16.8
11352,5.1904e-05,-0.008,16.8
11353,5.1906e-05,0.0,16.8
11354,5.1908000000000005e-05,-0.008,16.8
11355,5.191e-05,-0.008,16.8
11356,5.1912e-05,-0.008,16.8
11357,5.1914000000000005e-05,0.0,16.8
11358,5.1916e-05,-0.008,16.0
11359,5.1918e-05,-0.008,16.0
11360,5.1920000000000004e-05,-0.008,16.0
11361,5.1922e-05,0.0,16.0
11362,5.1924e-05,-0.008,16.0
11363,5.1926000000000004e-05,-0.008,16.0
11364,5.1928e-05,-0.008,16.0
11365,5.193e-05,0.0,16.0
11366,5.1932000000000004e-05,-0.008,15.2
11367,5.193400000000001e-05,-0.008,15.2
11368,5.1936e-05,-0.008,15.2
11369,5.1938e-05,0.0,15.2
11370,5.194000000000001e-05,-0.008,15.2
11371,5.1942e-05,-0.008,15.2
11372,5.1944e-05,-0.008,15.2
11373,5.194600000000001e-05,0.0,15.2
11374,5.1948000000000005e-05,-0.008,14.4
11375,5.195e-05,-0.008,14.4
11376,5.195200000000001e-05,-0.008,14.4
11377,5.1954000000000004e-05,0.0,14.4
11378,5.1956e-05,-0.008,14.4
11379,5.1958000000000006e-05,-0.008,14.4
11380,5.1960000000000004e-05,-0.008,14.4
11381,5.1962e-05,0.0,14.4
11382,5.1964000000000006e-05,-0.008,14.4
11383,5.1966000000000004e-05,-0.008,14.4
11384,5.1968e-05,-0.008,14.4
11385,5.1970000000000006e-05,0.0,13.6
11386,5.1972e-05,-0.008,13.6
11387,5.1974e-05,-0.008,13.6
11388,5.1976000000000005e-05,-0.008,13.6
11389,5.1978e-05,0.0,13.6
11390,5.198e-05,-0.008,13.6
11391,5.1982000000000005e-05,-0.008,13.6
11392,5.1984e-05,-0.008,13.6
11393,5.1986e-05,0.0,13.6
11394,5.1988000000000004e-05,-0.008,12.0
11395,5.199e-05,-0.008,12.0
11396,5.1992e-05,-0.008,12.0
11397,5.1994000000000004e-05,0.0,12.0
11398,5.1996e-05,-0.008,12.0
11399,5.1998e-05,-0.008,12.0
11400,5.2000000000000004e-05,-0.008,12.0
11401,5.200200000000001e-05,0.0,12.0
11402,5.2004e-05,-0.008,12.0
11403,5.2006e-05,-0.008,12.0
11404,5.200800000000001e-05,-0.008,12.0
11405,5.201e-05,0.0,12.0
11406,5.2012e-05,-0.008,11.2
11407,5.201400000000001e-05,-0.008,12.0
11408,5.2016e-05,-0.008,11.2
11409,5.2018e-05,0.0,11.2
11410,5.202000000000001e-05,-0.008,11.2
11411,5.2022000000000004e-05,-0.008,11.2
11412,5.2024e-05,-0.008,11.2
11413,5.2026000000000006e-05,0.0,11.2
11414,5.2028000000000004e-05,-0.008,11.2
11415,5.203e-05,-0.008,11.2
11416,5.2032000000000006e-05,-0.008,11.2
11417,5.2034000000000004e-05,0.0,11.2
11418,5.2036e-05,-0.008,11.2
11419,5.2038000000000006e-05,0.0,11.2
11420,5.204e-05,-0.008,11.2
11421,5.2042e-05,0.0,11.2
11422,5.2044000000000005e-05,-0.008,11.2
11423,5.2046e-05,-0.008,11.2
11424,5.2048e-05,-0.008,11.2
11425,5.2050000000000005e-05,0.0,10.4
11426,5.2052e-05,-0.008,10.4
11427,5.2054e-05,-0.008,10.4
11428,5.2056000000000004e-05,-0.008,10.4
11429,5.2058e-05,0.0,10.4
11430,5.206e-05,-0.008,10.4
11431,5.2062000000000004e-05,-0.008,10.4
11432,5.2064e-05,-0.008,10.4
11433,5.2066e-05,0.0,10.4
11434,5.2068000000000004e-05,-0.008,10.4
11435,5.207000000000001e-05,-0.008,10.4
11436,5.2072e-05,-0.008,10.4
11437,5.2074e-05,0.0,10.4
11438,5.207600000000001e-05,-0.008,10.4
11439,5.2078e-05,0.0,10.4
11440,5.208e-05,-0.008,10.4
11441,5.208200000000001e-05,0.0,10.4
11442,5.2084e-05,-0.008,10.4
11443,5.2086e-05,-0.008,10.4
11444,5.208800000000001e-05,-0.008,10.4
11445,5.2090000000000004e-05,0.0,10.4
11446,5.2092e-05,-0.008,10.4
11447,5.2094000000000006e-05,0.0,10.4
11448,5.2096000000000004e-05,-0.008,10.4
11449,5.2098e-05,0.0,10.4
11450,5.2100000000000006e-05,-0.008,10.4
11451,5.2102000000000004e-05,-0.008,10.4
11452,5.2104e-05,-0.008,10.4
11453,5.2106000000000006e-05,0.0,10.4
11454,5.2108e-05,-0.008,10.4
11455,5.211e-05,-0.008,10.4
11456,5.2112000000000005e-05,-0.008,10.4
11457,5.2114e-05,0.0,10.4
11458,5.2116e-05,0.0,9.6
11459,5.2118000000000005e-05,0.0,10.4
11460,5.212e-05,-0.008,10.4
11461,5.2122e-05,0.0,10.4
11462,5.2124000000000004e-05,-0.008,9.6
11463,5.2126e-05,-0.008,10.4
11464,5.2128e-05,-0.008,10.4
11465,5.2130000000000004e-05,0.0,10.4
11466,5.2132e-05,-0.008,9.6
11467,5.2134e-05,0.0,10.4
11468,5.2136000000000004e-05,-0.008,10.4
11469,5.213800000000001e-05,0.0,10.4
11470,5.214e-05,-0.008,10.4
11471,5.2142e-05,0.0,10.4
11472,5.214400000000001e-05,-0.008,10.4
11473,5.2146e-05,0.0,10.4
11474,5.2148e-05,-0.008,10.4
11475,5.215000000000001e-05,-0.008,10.4
11476,5.2152e-05,0.0,10.4
11477,5.2154e-05,0.0,10.4
11478,5.215600000000001e-05,-0.008,10.4
11479,5.2158000000000004e-05,0.0,10.4
11480,5.216e-05,-0.008,10.4
11481,5.2162000000000006e-05,0.0,10.4
11482,5.2164000000000004e-05,-0.008,10.4
11483,5.2166e-05,0.0,10.4
11484,5.2168000000000006e-05,0.0,10.4
11485,5.2170000000000004e-05,0.0,10.4
11486,5.2172e-05,-0.008,10.4
11487,5.2174000000000006e-05,0.0,10.4
11488,5.2176e-05,-0.008,10.4
11489,5.2178e-05,0.0,10.4
11490,5.2180000000000005e-05,0.0,10.4
11491,5.2182e-05,0.0,10.4
11492,5.2184e-05,-0.008,11.2
11493,5.2186000000000005e-05,0.0,10.4
11494,5.2188e-05,-0.008,10.4
11495,5.219e-05,-0.008,11.2
11496,5.2192000000000004e-05,-0.008,11.2
11497,5.2194e-05,0.0,11.2
11498,5.2196e-05,-0.008,11.2
11499,5.2198000000000004e-05,0.0,11.2
11500,5.22e-05,-0.008,11.2
11501,5.2202e-05,0.0,11.2
11502,5.2204000000000004e-05,0.0,11.2
11503,5.220600000000001e-05,-0.008,11.2
11504,5.2208e-05,0.0,11.2
11505,5.221e-05,0.0,11.2
11506,5.221200000000001e-05,0.0,11.2
11507,5.2214e-05,0.0,11.2
11508,5.2216e-05,-0.008,12.0
11509,5.221800000000001e-05,0.0,11.2
11510,5.222e-05,-0.008,11.2
11511,5.2222e-05,0.0,12.0
11512,5.222400000000001e-05,-0.008,12.0
11513,5.2226000000000004e-05,0.0,12.0
11514,5.2228e-05,0.0,11.2
11515,5.2230000000000006e-05,0.0,12.0
11516,5.2232000000000004e-05,-0.008,12.0
11517,5.2234e-05,0.0,12.0
11518,5.2236000000000006e-05,-0.008,12.0
11519,5.2238000000000004e-05,0.0,12.0
11520,5.224e-05,-0.008,12.0
11521,5.2242000000000006e-05,0.0,12.0
11522,5.2244e-05,0.0,12.0
11523,5.2246e-05,0.0,12.0
11524,5.2248000000000005e-05,-0.008,13.6
11525,5.225e-05,0.0,13.6
11526,5.2252e-05,0.0,13.6
11527,5.2254000000000005e-05,0.0,13.6
11528,5.2256e-05,-0.008,13.6
11529,5.2258e-05,0.0,13.6
11530,5.2260000000000004e-05,-0.008,13.6
11531,5.2262e-05,0.0,13.6
11532,5.2264e-05,-0.008,13.6
11533,5.2266000000000004e-05,0.0,14.4
11534,5.2268e-05,0.0,13.6
11535,5.227e-05,0.0,14.4
11536,5.2272000000000004e-05,-0.008,14.4
11537,5.227400000000001e-05,0.0,14.4
11538,5.2276e-05,-0.008,14.4
11539,5.2278e-05,0.0,14.4
11540,5.228000000000001e-05,-0.008,14.4
11541,5.2282e-05,0.0,14.4
11542,5.2284e-05,-0.008,14.4
11543,5.228600000000001e-05,0.0,14.4
11544,5.2288e-05,-0.008,15.2
11545,5.229e-05,0.0,15.2
11546,5.229200000000001e-05,0.0,15.2
11547,5.2294000000000004e-05,0.0,15.2
11548,5.2296e-05,-0.008,15.2
11549,5.2298000000000006e-05,0.0,15.2
11550,5.2300000000000004e-05,-0.008,15.2
11551,5.2302e-05,0.0,15.2
11552,5.2304000000000006e-05,-0.008,16.0
11553,5.2306000000000004e-05,0.0,16.0
11554,5.2308e-05,0.0,16.0
11555,5.2310000000000006e-05,0.0,16.0
11556,5.2312e-05,0.008,16.0
11557,5.2314e-05,0.024,16.0
11558,5.2316000000000005e-05,0.016,16.0
11559,5.2318e-05,0.032,16.0
11560,5.232e-05,0.04,16.8
11561,5.2322000000000005e-05,0.048,16.8
11562,5.2324e-05,0.032,16.8
11563,5.2326e-05,0.032,16.8
11564,5.2328000000000005e-05,0.024,16.8
11565,5.233e-05,0.032,16.8
11566,5.2332e-05,0.024,16.8
11567,5.2334000000000004e-05,0.032,17.6
11568,5.2336e-05,0.024,17.6
11569,5.2338e-05,0.032,17.6
11570,5.2340000000000004e-05,0.032,17.6
11571,5.234200000000001e-05,0.032,17.6
11572,5.2344e-05,0.032,18.4
11573,5.2346e-05,0.04,18.4
11574,5.234800000000001e-05,0.04,18.4
11575,5.235e-05,0.04,18.4
11576,5.2352e-05,0.04,18.4
11577,5.235400000000001e-05,0.04,18.4
11578,5.2356e-05,0.016,18.4
11579,5.2358e-05,0.008,18.4
11580,5.236000000000001e-05,0.008,19.2
11581,5.2362000000000005e-05,0.016,18.4
11582,5.2364e-05,0.016,16.8
11583,5.2366000000000007e-05,0.04,15.2
11584,5.2368000000000004e-05,0.072,11.2
11585,5.237e-05,0.104,8.8
11586,5.2372000000000006e-05,0.096,6.4
11587,5.2374000000000004e-05,0.088,5.6
11588,5.2376e-05,0.072,4.8
11589,5.2378000000000006e-05,0.024,4.0
11590,5.238e-05,-0.04,3.2
11591,5.2382e-05,-0.096,3.2
11592,5.2384000000000005e-05,-0.104,3.2
11593,5.2386e-05,-0.072,3.2
11594,5.2388e-05,-0.024,3.2
11595,5.2390000000000005e-05,0.032,3.2
11596,5.2392e-05,0.088,2.4
11597,5.2394e-05,0.12,2.4
11598,5.2396000000000005e-05,0.112,1.6
11599,5.2398e-05,0.08,1.6
11600,5.24e-05,0.016,-0.000174
11601,5.2402000000000004e-05,-0.024,-0.000174
11602,5.2404e-05,-0.064,-0.000174
11603,5.2406e-05,-0.064,-0.000174
11604,5.2408000000000004e-05,-0.032,-0.000174
11605,5.241000000000001e-05,0.016,-0.000174
11606,5.2412e-05,0.048,-0.8
11607,5.2414e-05,0.088,-0.8
11608,5.241600000000001e-05,0.096,-0.8
11609,5.2418e-05,0.088,-0.8
11610,5.242e-05,0.032,-1.6
11611,5.242200000000001e-05,-0.008,-1.6
11612,5.2424e-05,-0.04,-0.8
11613,5.2426e-05,-0.048,-0.8
11614,5.242800000000001e-05,-0.04,-0.8
11615,5.2430000000000005e-05,-0.008,-0.8
11616,5.2432e-05,0.024,-0.8
11617,5.2434000000000007e-05,0.072,-0.8
11618,5.2436000000000004e-05,0.072,-0.8
11619,5.2438e-05,0.072,-0.8
11620,5.2440000000000006e-05,0.04,-0.8
11621,5.2442000000000004e-05,0.016,-1.6
11622,5.2444e-05,-0.016,-1.6
11623,5.2446000000000006e-05,-0.032,-0.8
11624,5.2448e-05,-0.032,-0.8
11625,5.245e-05,-0.016,-0.8
11626,5.2452000000000005e-05,0.008,-0.8
11627,5.2454e-05,0.032,-0.8
11628,5.2456e-05,0.048,-0.8
11629,5.2458000000000005e-05,0.056,-0.8
11630,5.246e-05,0.04,-0.8
11631,5.2462e-05,0.024,-1.6
11632,5.2464000000000005e-05,0.0,-0.8
11633,5.2466e-05,-0.016,-0.8
11634,5.2468e-05,-0.024,-0.8
11635,5.2470000000000004e-05,-0.016,-0.8
11636,5.2472e-05,0.0,-0.8
11637,5.2474e-05,0.024,-0.8
11638,5.2476000000000004e-05,0.04,-0.8
11639,5.247800000000001e-05,0.048,-0.8
11640,5.248e-05,0.04,-0.8
11641,5.2482e-05,0.032,-0.8
11642,5.248400000000001e-05,0.008,-1.6
11643,5.2486e-05,-0.008,-0.8
11644,5.2488e-05,-0.016,-0.8
11645,5.249000000000001e-05,-0.008,-0.8
11646,5.2492e-05,0.0,-0.8
11647,5.2494e-05,0.008,-0.8
11648,5.249600000000001e-05,0.024,-0.8
11649,5.2498000000000005e-05,0.04,-0.8
11650,5.25e-05,0.032,-0.8
11651,5.2502000000000007e-05,0.032,-0.8
11652,5.2504000000000004e-05,0.016,-0.8
11653,5.2506e-05,0.008,-0.8
11654,5.2508000000000006e-05,-0.008,-1.6
11655,5.2510000000000004e-05,-0.008,-0.8
11656,5.2512e-05,-0.008,-0.8
11657,5.2514000000000006e-05,0.016,-0.8
11658,5.2516e-05,0.016,-0.8
11659,5.2518e-05,0.032,-0.8
11660,5.2520000000000005e-05,0.032,-0.8
11661,5.2522e-05,0.032,-0.8
11662,5.2524e-05,0.016,-0.8
11663,5.2526000000000005e-05,0.008,-0.8
11664,5.2528e-05,0.0,-0.8
11665,5.253e-05,0.0,-0.8
11666,5.2532000000000005e-05,0.0,-0.8
11667,5.2534e-05,0.008,-0.8
11668,5.2536e-05,0.016,-0.8
11669,5.2538000000000004e-05,0.032,-0.8
11670,5.254e-05,0.024,-0.8
11671,5.2542e-05,0.024,-0.8
11672,5.2544000000000004e-05,0.016,-0.8
11673,5.254600000000001e-05,0.016,-0.8
11674,5.2548e-05,0.008,-1.6
11675,5.2550000000000003e-05,0.0,-0.8
11676,5.255200000000001e-05,0.0,-0.8
11677,5.2554e-05,0.008,-0.8
11678,5.2556e-05,0.008,-0.8
11679,5.255800000000001e-05,0.016,-0.8
11680,5.256e-05,0.024,-0.8
11681,5.2562e-05,0.032,-0.8
11682,5.256400000000001e-05,0.024,-0.8
11683,5.2566000000000005e-05,0.016,-0.8
11684,5.2568e-05,0.008,-0.8
11685,5.2570000000000007e-05,0.008,-0.8
11686,5.2572000000000004e-05,0.008,-0.8
11687,5.2574e-05,0.008,-0.8
11688,5.2576000000000006e-05,0.008,-0.8
11689,5.2578000000000004e-05,0.024,-0.8
11690,5.258e-05,0.016,-0.8
11691,5.2582000000000006e-05,0.024,-0.8
11692,5.2584000000000003e-05,0.016,-0.8
11693,5.2586e-05,0.024,-0.8
11694,5.2588000000000005e-05,0.016,-1.6
11695,5.259e-05,0.008,-0.8
11696,5.2592e-05,0.008,-0.8
11697,5.2594000000000005e-05,0.008,-0.8
11698,5.2596e-05,0.008,-0.8
11699,5.2598e-05,0.016,-0.8
11700,5.2600000000000005e-05,0.016,-0.8
11701,5.2602e-05,0.024,-0.8
11702,5.2604e-05,0.024,-1.6
11703,5.2606000000000004e-05,0.016,-0.8
11704,5.2608e-05,0.016,-1.6
11705,5.261e-05,0.016,-0.8
11706,5.2612000000000004e-05,0.008,-0.8
11707,5.2614e-05,0.016,-0.8
11708,5.2616e-05,0.008,-0.8
11709,5.2618000000000003e-05,0.024,-0.8
11710,5.262000000000001e-05,0.016,-0.8
11711,5.2622e-05,0.024,-0.8
11712,5.2624e-05,0.016,-0.8
11713,5.262600000000001e-05,0.024,-0.8
11714,5.2628e-05,0.016,-0.8
11715,5.263e-05,0.016,-0.8
11716,5.263200000000001e-05,0.008,-0.8
11717,5.2634000000000005e-05,0.016,-0.8
11718,5.2636e-05,0.008,-0.8
11719,5.263800000000001e-05,0.016,-0.8
11720,5.2640000000000004e-05,0.016,-0.8
11721,5.2642e-05,0.024,-0.8
11722,5.2644000000000006e-05,0.016,-0.8
11723,5.2646000000000004e-05,0.016,-0.8
11724,5.2648e-05,0.016,-0.8
11725,5.2650000000000006e-05,0.024,-0.8
11726,5.2652000000000003e-05,0.016,-1.6
11727,5.2654e-05,0.016,-0.8
11728,5.2656000000000005e-05,0.008,-0.8
11729,5.2658e-05,0.016,-0.8
11730,5.266e-05,0.016,-0.8
11731,5.2662000000000005e-05,0.016,-0.8
11732,5.2664e-05,0.016,-0.8
11733,5.2666e-05,0.024,-0.8
11734,5.2668000000000005e-05,0.016,-1.6
11735,5.267e-05,0.016,-0.8
11736,5.2672e-05,0.016,-0.8
11737,5.2674000000000004e-05,0.016,-0.8
11738,5.2676e-05,0.016,-0.8
11739,5.2678e-05,0.016,-0.8
11740,5.2680000000000004e-05,0.016,-0.8
11741,5.2682e-05,0.024,-0.8
11742,5.2684e-05,0.016,-0.8
11743,5.2686000000000003e-05,0.024,-0.8
11744,5.268800000000001e-05,0.016,-0.8
11745,5.269e-05,0.024,-0.8
11746,5.2692e-05,0.016,-0.8
11747,5.269400000000001e-05,0.016,-0.8
11748,5.2696e-05,0.016,-0.8
11749,5.2698e-05,0.016,-0.8
11750,5.270000000000001e-05,0.016,-0.8
11751,5.2702000000000005e-05,0.016,-0.8
11752,5.2704e-05,0.016,-0.8
11753,5.270600000000001e-05,0.024,-0.8
11754,5.2708000000000004e-05,0.016,-0.8
11755,5.271e-05,0.016,-0.8
11756,5.2712000000000006e-05,0.016,-0.8
11757,5.2714000000000004e-05,0.024,-0.8
11758,5.2716e-05,0.016,-0.8
11759,5.2718000000000006e-05,0.016,-0.8
11760,5.2720000000000003e-05,0.016,-0.8
11761,5.2722e-05,0.024,-0.8
11762,5.2724000000000005e-05,0.016,-0.8
11763,5.2726e-05,0.016,-0.8
11764,5.2728e-05,0.016,-0.8
11765,5.2730000000000005e-05,0.024,-0.8
11766,5.2732e-05,0.016,-0.8
11767,5.2734e-05,0.016,-0.8
11768,5.2736000000000005e-05,0.016,-0.8
11769,5.2738e-05,0.024,-0.8
11770,5.274e-05,0.016,-0.8
11771,5.2742000000000004e-05,0.016,-0.8
11772,5.2744e-05,0.016,-0.8
11773,5.2746e-05,0.024,-0.8
11774,5.2748000000000004e-05,0.016,-0.8
11775,5.275e-05,0.016,-0.8
11776,5.2752e-05,0.016,-0.8
11777,5.2754000000000003e-05,0.024,-0.8
11778,5.275600000000001e-05,0.016,-0.8
11779,5.2758e-05,0.016,-0.8
11780,5.276e-05,0.016,-0.8
11781,5.276200000000001e-05,0.024,-0.8
11782,5.2764e-05,0.016,-0.8
11783,5.2766e-05,0.024,-0.8
11784,5.276800000000001e-05,0.016,-0.8
11785,5.2770000000000005e-05,0.024,-0.8
11786,5.2772e-05,0.024,-0.8
11787,5.277400000000001e-05,0.024,-0.8
11788,5.2776000000000004e-05,0.016,-0.8
11789,5.2778e-05,0.024,-0.8
11790,5.2780000000000006e-05,0.016,-0.8
11791,5.2782000000000004e-05,0.024,-0.8
11792,5.2784e-05,0.016,-0.8
11793,5.2786000000000006e-05,0.024,-0.8
11794,5.2788000000000003e-05,0.024,-0.8
11795,5.279e-05,0.024,-0.8
11796,5.2792000000000005e-05,0.016,-0.8
11797,5.2794e-05,0.024,-0.8
11798,5.2796e-05,0.016,-0.8
11799,5.2798000000000005e-05,0.024,-0.8
11800,5.28e-05,0.016,-0.8
11801,5.2802e-05,0.032,-0.8
11802,5.2804000000000005e-05,0.024,-0.8
11803,5.2806e-05,0.024,-0.8
11804,5.2808e-05,0.024,-0.8
11805,5.2810000000000004e-05,0.024,-0.8
11806,5.2812e-05,0.024,-0.8
11807,5.2814e-05,0.024,-0.8
11808,5.2816000000000004e-05,0.024,-0.8
11809,5.2818e-05,0.024,-0.8
11810,5.282e-05,0.016,-0.8
11811,5.2822000000000003e-05,0.024,-0.8
11812,5.282400000000001e-05,0.024,-0.8
11813,5.2826e-05,0.024,-0.8
11814,5.2828e-05,0.016,-0.8
11815,5.283000000000001e-05,0.024,-0.8
11816,5.2832e-05,0.016,-0.8
11817,5.2834e-05,0.024,-0.8
11818,5.283600000000001e-05,0.024,-0.8
11819,5.2838000000000005e-05,0.024,-0.8
11820,5.284e-05,0.024,-0.8
11821,5.284200000000001e-05,0.032,-0.8
11822,5.2844000000000004e-05,0.024,-0.8
11823,5.2846e-05,0.024,-0.8
11824,5.2848000000000006e-05,0.024,-0.8
11825,5.2850000000000004e-05,0.032,-0.8
11826,5.2852e-05,0.024,-0.8
11827,5.2854000000000006e-05,0.024,-0.8
11828,5.2856000000000004e-05,0.024,-0.8
11829,5.2858e-05,0.032,-0.8
11830,5.2860000000000006e-05,0.024,-0.8
11831,5.2862e-05,0.024,-0.8
11832,5.2864e-05,0.024,-0.8
11833,5.2866000000000005e-05,0.032,-0.8
11834,5.2868e-05,0.024,-0.8
11835,5.287e-05,0.024,-0.8
11836,5.2872000000000005e-05,0.024,-0.8
11837,5.2874e-05,0.032,-0.8
11838,5.2876e-05,0.024,-0.8
11839,5.2878000000000004e-05,0.024,-0.8
11840,5.288e-05,0.024,-0.8
11841,5.2882e-05,0.032,-0.8
11842,5.2884000000000004e-05,0.024,-0.8
11843,5.2886e-05,0.024,-0.8
11844,5.2888e-05,0.024,-0.8
11845,5.2890000000000004e-05,0.032,-0.8
11846,5.289200000000001e-05,0.024,-0.8
11847,5.2894e-05,0.024,-0.8
11848,5.2896e-05,0.024,-0.8
11849,5.289800000000001e-05,0.032,-0.8
11850,5.29e-05,0.024,-0.8
11851,5.2902e-05,0.024,-0.8
11852,5.290400000000001e-05,0.024,-0.8
11853,5.2906000000000005e-05,0.032,-0.8
11854,5.2908e-05,0.024,-0.8
11855,5.291000000000001e-05,0.024,-0.8
11856,5.2912000000000004e-05,0.024,-0.8
11857,5.2914e-05,0.032,-0.8
11858,5.2916000000000006e-05,0.024,-0.8
11859,5.2918000000000004e-05,0.024,-0.8
11860,5.292e-05,0.024,-0.8
11861,5.2922000000000006e-05,0.032,-0.8
11862,5.2924000000000004e-05,0.024,-0.8
11863,5.2926e-05,0.032,-0.8
11864,5.2928000000000006e-05,0.024,-0.8
11865,5.293e-05,0.032,-0.8
11866,5.2932e-05,0.024,-0.8
11867,5.2934000000000005e-05,0.024,-0.8
11868,5.2936e-05,0.024,-0.8
11869,5.2938e-05,0.032,-0.8
11870,5.2940000000000005e-05,0.024,-0.8
11871,5.2942e-05,0.024,-0.8
11872,5.2944e-05,0.024,-0.8
11873,5.2946000000000004e-05,0.032,-0.8
11874,5.2948e-05,0.032,-0.8
11875,5.295e-05,0.024,-0.8
11876,5.2952000000000004e-05,0.024,-0.8
11877,5.2954e-05,0.032,-0.8
11878,5.2956e-05,0.024,-0.8
11879,5.2958000000000004e-05,0.032,-0.8
11880,5.296000000000001e-05,0.024,-0.8
11881,5.2962e-05,0.04,-0.8
11882,5.2964e-05,0.032,-0.8
11883,5.296600000000001e-05,0.032,-0.8
11884,5.2968e-05,0.024,-0.8
11885,5.297e-05,0.032,-0.8
11886,5.297200000000001e-05,0.024,-0.8
11887,5.2974000000000005e-05,0.032,-0.8
11888,5.2976e-05,0.024,-0.8
11889,5.297800000000001e-05,0.032,-0.8
11890,5.2980000000000004e-05,0.032,-0.8
11891,5.2982e-05,0.032,-0.8
11892,5.2984000000000006e-05,0.032,-0.8
11893,5.2986000000000004e-05,0.032,-0.8
11894,5.2988e-05,0.024,-0.8
11895,5.2990000000000006e-05,0.032,-0.8
11896,5.2992000000000004e-05,0.032,-0.8
11897,5.2994e-05,0.032,-0.8
11898,5.2996000000000006e-05,0.032,-0.8
11899,5.2998e-05,0.032,-0.8
11900,5.3e-05,0.024,-0.8
11901,5.3002000000000005e-05,0.032,-0.8
11902,5.3004e-05,0.032,-0.8
11903,5.3006e-05,0.024,-0.8
11904,5.3008000000000005e-05,0.032,-1.6
11905,5.301e-05,0.032,-0.8
11906,5.3012e-05,0.032,-0.8
11907,5.3014000000000004e-05,0.032,-0.8
11908,5.3016e-05,0.024,-0.8
11909,5.3018e-05,0.04,-0.8
11910,5.3020000000000004e-05,0.032,-0.8
11911,5.3022e-05,0.032,-0.8
11912,5.3024e-05,0.032,-0.8
11913,5.3026000000000004e-05,0.032,-0.8
11914,5.302800000000001e-05,0.032,-0.8
11915,5.303e-05,0.032,-0.8
11916,5.3032e-05,0.032,-0.8
11917,5.303400000000001e-05,0.032,-0.8
11918,5.3036e-05,0.032,-0.8
11919,5.3038e-05,0.032,-0.8
11920,5.304000000000001e-05,0.032,-0.8
11921,5.3042000000000005e-05,0.04,-0.8
11922,5.3044e-05,0.032,-0.8
11923,5.304600000000001e-05,0.032,-0.8
11924,5.3048000000000004e-05,0.032,-0.8
11925,5.305e-05,0.032,-0.8
11926,5.3052000000000006e-05,0.032,-0.8
11927,5.3054000000000004e-05,0.032,-0.8
11928,5.3056e-05,0.032,-0.8
11929,5.3058000000000006e-05,0.04,-0.8
11930,5.3060000000000004e-05,0.032,-0.8
11931,5.3062e-05,0.032,-0.8
11932,5.3064000000000006e-05,0.032,-0.8
11933,5.3066e-05,0.04,-0.8
11934,5.3068e-05,0.032,-0.8
11935,5.3070000000000005e-05,0.032,-0.8
11936,5.3072e-05,0.032,-0.8
11937,5.3074e-05,0.04,-0.8
11938,5.3076000000000005e-05,0.032,-0.8
11939,5.3078e-05,0.032,-0.8
11940,5.308e-05,0.032,-0.8
11941,5.3082000000000004e-05,0.04,-0.8
11942,5.3084e-05,0.032,-0.8
11943,5.3086e-05,0.032,-0.8
11944,5.3088000000000004e-05,0.032,-0.8
11945,5.309e-05,0.04,-0.8
11946,5.3092e-05,0.032,-0.8
11947,5.3094000000000004e-05,0.032,-0.8
11948,5.309600000000001e-05,0.032,-0.8
11949,5.3098e-05,0.04,-0.8
11950,5.31e-05,0.032,-0.8
11951,5.310200000000001e-05,0.032,-0.8
11952,5.3104e-05,0.032,-0.8
11953,5.3106e-05,0.04,-0.8
11954,5.310800000000001e-05,0.032,-0.8
11955,5.3110000000000005e-05,0.032,-0.8
11956,5.3112e-05,0.032,-0.8
11957,5.311400000000001e-05,0.04,-0.8
11958,5.3116000000000004e-05,0.032,-0.8
11959,5.3118e-05,0.04,-0.8
11960,5.3120000000000006e-05,0.032,-0.8
11961,5.3122000000000004e-05,0.04,-0.8
11962,5.3124e-05,0.032,-0.8
11963,5.3126000000000006e-05,0.032,-0.8
11964,5.3128000000000004e-05,0.032,-0.8
11965,5.313e-05,0.04,-0.8
11966,5.3132000000000006e-05,0.032,-0.8
11967,5.3134e-05,0.032,-0.8
11968,5.3136e-05,0.032,-0.8
11969,5.3138000000000005e-05,0.04,-0.8
11970,5.314e-05,0.032,-0.8
11971,5.3142e-05,0.04,-0.8
11972,5.3144000000000005e-05,0.032,-0.8
11973,5.3146e-05,0.04,-0.8
11974,5.3148e-05,0.04,-0.8
11975,5.3150000000000004e-05,0.04,-0.8
11976,5.3152e-05,0.032,-0.8
11977,5.3154e-05,0.04,-0.8
11978,5.3156000000000004e-05,0.04,-0.8
11979,5.3158e-05,0.04,-0.8
11980,5.316e-05,0.032,-0.8
11981,5.3162000000000004e-05,0.04,-0.8
11982,5.316400000000001e-05,0.032,-0.8
11983,5.3166e-05,0.04,-0.8
11984,5.3168e-05,0.032,-0.8
11985,5.317000000000001e-05,0.04,-0.8
11986,5.3172e-05,0.04,-0.8
11987,5.3174e-05,0.04,-0.8
11988,5.317600000000001e-05,0.032,-0.8
11989,5.3178e-05,0.04,-0.8
11990,5.318e-05,0.032,-0.8
11991,5.318200000000001e-05,0.04,-0.8
11992,5.3184000000000004e-05,0.04,-0.8
11993,5.3186e-05,0.04,-0.8
11994,5.3188000000000006e-05,0.04,-0.8
11995,5.3190000000000004e-05,0.04,-0.8
11996,5.3192e-05,0.032,-0.8
11997,5.3194000000000006e-05,0.04,-0.8
11998,5.3196000000000004e-05,0.04,-0.8
11999,5.3198e-05,0.04,-0.8
12000,5.3200000000000006e-05,0.04,-0.8
12001,5.3202e-05,0.048,-0.8
12002,5.3204e-05,0.04,-0.8
12003,5.3206000000000005e-05,0.04,-0.8
12004,5.3208e-05,0.04,-0.8
12005,5.321e-05,0.048,-0.8
12006,5.3212000000000005e-05,0.04,-0.8
12007,5.3214e-05,0.04,-0.8
12008,5.3216e-05,0.04,-0.8
12009,5.3218000000000004e-05,0.04,-0.8
12010,5.322e-05,0.04,-0.8
12011,5.3222e-05,0.04,-0.8
12012,5.3224000000000004e-05,0.04,-0.8
12013,5.3226e-05,0.048,-0.8
12014,5.3228e-05,0.04,-0.8
12015,5.3230000000000004e-05,0.04,-0.8
12016,5.323200000000001e-05,0.04,-0.8
12017,5.3234e-05,0.048,-0.8
12018,5.3236e-05,0.04,-0.8
12019,5.323800000000001e-05,0.04,-0.8
12020,5.324e-05,0.04,-0.8
12021,5.3242e-05,0.048,-0.8
12022,5.324400000000001e-05,0.04,-0.8
12023,5.3246e-05,0.04,-0.8
12024,5.3248e-05,0.04,-0.8
12025,5.325000000000001e-05,0.048,-0.8
12026,5.3252000000000004e-05,0.04,-0.8
12027,5.3254e-05,0.04,-0.8
12028,5.3256000000000006e-05,0.04,-0.8
12029,5.3258000000000004e-05,0.048,-0.8
12030,5.326e-05,0.04,-0.8
12031,5.3262000000000006e-05,0.04,-0.8
12032,5.3264000000000004e-05,0.04,-0.8
12033,5.3266e-05,0.048,-0.8
12034,5.3268000000000006e-05,0.04,-0.8
12035,5.327e-05,0.04,-0.8
12036,5.3272e-05,0.04,-0.8
12037,5.3274000000000005e-05,0.048,-0.8
12038,5.3276e-05,0.04,-0.8
12039,5.3278e-05,0.04,-0.8
12040,5.3280000000000005e-05,0.04,-0.8
12041,5.3282e-05,0.048,-0.8
12042,5.3284e-05,0.04,-0.8
12043,5.3286000000000004e-05,0.04,-0.8
12044,5.3288e-05,0.04,-0.8
12045,5.329e-05,0.048,-0.8
12046,5.3292000000000004e-05,0.04,-0.8
12047,5.3294e-05,0.04,-0.8
12048,5.3296e-05,0.04,-0.8
12049,5.3298000000000004e-05,0.048,-0.8
12050,5.330000000000001e-05,0.04,-0.8
12051,5.3302e-05,0.048,-0.8
12052,5.3304e-05,0.04,-0.8
12053,5.330600000000001e-05,0.048,-0.8
12054,5.3308e-05,0.04,-0.8
12055,5.331e-05,0.048,-0.8
12056,5.331200000000001e-05,0.04,-0.8
12057,5.3314e-05,0.048,-0.8
12058,5.3316e-05,0.048,-0.8
12059,5.331800000000001e-05,0.048,-0.8
12060,5.3320000000000004e-05,0.04,-0.8
12061,5.3322e-05,0.048,-0.8
12062,5.3324000000000006e-05,0.04,-0.8
12063,5.3326000000000004e-05,0.048,-0.8
12064,5.3328e-05,0.04,-0.8
12065,5.3330000000000006e-05,0.048,-0.8
12066,5.3332000000000004e-05,0.04,-0.8
12067,5.3334e-05,0.048,-0.8
12068,5.3336000000000006e-05,0.04,-0.8
12069,5.3338e-05,0.048,-0.8
12070,5.334e-05,0.04,-0.8
12071,5.3342000000000005e-05,0.048,-0.8
12072,5.3344e-05,0.04,-0.8
12073,5.3346e-05,0.048,-0.8
12074,5.3348000000000005e-05,0.048,-0.8
12075,5.335e-05,0.048,-0.8
12076,5.3352e-05,0.048,-0.8
12077,5.3354000000000005e-05,0.048,-0.8
12078,5.3356e-05,0.048,-0.8
12079,5.3358e-05,0.048,-0.8
12080,5.3360000000000004e-05,0.048,-0.8
12081,5.3362e-05,0.056,-0.8
12082,5.3364e-05,0.048,-0.8
12083,5.3366000000000004e-05,0.048,-0.8
12084,5.336800000000001e-05,0.048,-0.8
12085,5.337e-05,0.048,-0.8
12086,5.3372e-05,0.048,-0.8
12087,5.337400000000001e-05,0.048,-0.8
12088,5.3376e-05,0.048,-0.8
12089,5.3378e-05,0.056,-0.8
12090,5.338000000000001e-05,0.048,-0.8
12091,5.3382e-05,0.048,-0.8
12092,5.3384e-05,0.048,-0.8
12093,5.338600000000001e-05,0.048,-0.8
12094,5.3388000000000005e-05,0.048,-0.8
12095,5.339e-05,0.048,-0.8
12096,5.3392000000000007e-05,0.048,-0.8
12097,5.3394000000000004e-05,0.056,-0.8
12098,5.3396e-05,0.048,-0.8
12099,5.3398000000000006e-05,0.048,-0.8
12100,5.3400000000000004e-05,0.048,-0.8
12101,5.3402e-05,0.056,-0.8
12102,5.3404000000000006e-05,0.048,-0.8
12103,5.3406e-05,0.048,-0.000174
12104,5.3408e-05,0.048,-0.8
12105,5.3410000000000005e-05,0.056,-0.8
12106,5.3412e-05,0.048,-0.8
12107,5.3414e-05,0.048,-0.8
12108,5.3416000000000005e-05,0.048,-0.8
12109,5.3418e-05,0.056,-0.8
12110,5.342e-05,0.048,-0.8
12111,5.3422000000000005e-05,0.048,-0.8
12112,5.3424e-05,0.048,-0.8
12113,5.3426e-05,0.056,-0.8
12114,5.3428000000000004e-05,0.048,-0.8
12115,5.343e-05,0.048,-0.8
12116,5.3432e-05,0.048,-0.8
12117,5.3434000000000004e-05,0.056,-0.8
12118,5.343600000000001e-05,0.048,-0.8
12119,5.3438e-05,0.048,-0.8
12120,5.344e-05,0.048,-0.8
12121,5.344200000000001e-05,0.056,-0.8
12122,5.3444e-05,0.048,-0.8
12123,5.3446e-05,0.048,-0.8
12124,5.344800000000001e-05,0.048,-0.8
12125,5.345e-05,0.056,-0.8
12126,5.3452e-05,0.048,-0.8
12127,5.345400000000001e-05,0.048,-0.8
12128,5.3456000000000005e-05,0.048,-0.8
12129,5.3458e-05,0.056,-0.8
12130,5.3460000000000007e-05,0.048,-0.8
12131,5.3462000000000004e-05,0.048,-0.8
12132,5.3464e-05,0.048,-0.8
12133,5.3466000000000006e-05,0.056,-0.8
12134,5.3468000000000004e-05,0.048,-0.8
12135,5.347e-05,0.056,-0.8
12136,5.3472000000000006e-05,0.048,-0.8
12137,5.3474e-05,0.056,-0.8
12138,5.3476e-05,0.056,-0.8
12139,5.3478000000000005e-05,0.048,-0.8
12140,5.348e-05,0.048,-0.8
12141,5.3482e-05,0.056,-0.8
12142,5.3484000000000005e-05,0.048,-0.8
12143,5.3486e-05,0.056,-0.8
12144,5.3488e-05,0.048,-0.8
12145,5.3490000000000005e-05,0.056,-0.8
12146,5.3492e-05,0.056,-0.8
12147,5.3494e-05,0.056,-0.8
12148,5.3496000000000004e-05,0.048,-0.8
12149,5.3498e-05,0.056,-0.8
12150,5.35e-05,0.048,-0.8
12151,5.3502000000000004e-05,0.056,-0.8
12152,5.350400000000001e-05,0.048,-0.8
12153,5.3506e-05,0.056,-0.8
12154,5.3508e-05,0.048,-0.8
12155,5.351000000000001e-05,0.056,-0.8
12156,5.3512e-05,0.048,-0.8
12157,5.3514e-05,0.056,-0.8
12158,5.351600000000001e-05,0.048,-0.8
12159,5.3518e-05,0.056,-0.8
12160,5.352e-05,0.048,-0.8
12161,5.352200000000001e-05,0.056,-0.8
12162,5.3524000000000005e-05,0.056,-0.8
12163,5.3526e-05,0.056,-0.8
12164,5.3528000000000007e-05,0.048,-0.8
12165,5.3530000000000004e-05,0.056,-0.8
12166,5.3532e-05,0.048,-0.8
12167,5.3534000000000006e-05,0.056,-0.8
12168,5.3536000000000004e-05,0.056,-0.8
12169,5.3538e-05,0.072,-0.8
12170,5.3540000000000006e-05,0.056,-0.8
12171,5.3542e-05,0.056,-0.8
12172,5.3544e-05,0.056,-0.8
12173,5.3546000000000005e-05,0.056,-0.8
12174,5.3548e-05,0.056,-0.8
12175,5.355e-05,0.056,-0.8
12176,5.3552000000000005e-05,0.048,-0.8
12177,5.3554e-05,0.056,-0.8
12178,5.3556e-05,0.056,-0.8
12179,5.3558000000000005e-05,0.056,-0.8
12180,5.356e-05,0.056,-0.8
12181,5.3562e-05,0.072,-0.8
12182,5.3564000000000004e-05,0.056,-0.8
12183,5.3566e-05,0.056,-0.8
12184,5.3568e-05,0.056,-0.8
12185,5.3570000000000004e-05,0.072,-0.8
12186,5.357200000000001e-05,0.056,-0.8
12187,5.3574e-05,0.056,-0.8
12188,5.3576000000000003e-05,0.056,-0.8
12189,5.357800000000001e-05,0.072,-0.8
12190,5.358e-05,0.056,-0.8
12191,5.3582e-05,0.056,-0.8
12192,5.358400000000001e-05,0.056,-0.8
12193,5.3586e-05,0.056,-0.8
12194,5.3588e-05,0.056,-0.8
12195,5.359000000000001e-05,0.056,-0.8
12196,5.3592000000000005e-05,0.056,-0.8
12197,5.3594e-05,0.072,-0.8
12198,5.3596000000000007e-05,0.056,-0.8
12199,5.3598000000000004e-05,0.056,-0.8
12200,5.36e-05,0.056,-0.8
12201,5.3602000000000006e-05,0.072,-0.8
12202,5.3604000000000004e-05,0.056,-0.8
12203,5.3606e-05,0.056,-0.8
12204,5.3608000000000006e-05,0.056,-0.8
12205,5.3610000000000003e-05,0.072,-0.8
12206,5.3612e-05,0.056,-0.8
12207,5.3614000000000005e-05,0.056,-0.8
12208,5.3616e-05,0.056,-0.8
12209,5.3618e-05,0.072,-0.8
12210,5.3620000000000005e-05,0.056,-0.8
12211,5.3622e-05,0.056,-0.8
12212,5.3624e-05,0.056,-0.8
12213,5.3626000000000005e-05,0.072,-0.8
12214,5.3628e-05,0.056,-0.8
12215,5.363e-05,0.056,-0.8
12216,5.3632000000000004e-05,0.056,-0.8
12217,5.3634e-05,0.072,-0.8
12218,5.3636e-05,0.056,-0.8
12219,5.3638000000000004e-05,0.056,-0.8
12220,5.364000000000001e-05,0.056,-0.8
12221,5.3642e-05,0.072,-0.8
12222,5.3644000000000003e-05,0.056,-0.8
12223,5.364600000000001e-05,0.072,-0.8
12224,5.3648e-05,0.056,-0.8
12225,5.365e-05,0.072,-0.8
12226,5.365200000000001e-05,0.056,-0.8
12227,5.3654e-05,0.056,-0.8
12228,5.3656e-05,0.056,-0.8
12229,5.365800000000001e-05,0.072,-0.8
12230,5.3660000000000005e-05,0.056,-0.8
12231,5.3662e-05,0.072,-0.8
12232,5.366400000000001e-05,0.056,-0.8
12233,5.3666000000000004e-05,0.072,-0.8
12234,5.3668e-05,0.072,-0.8
12235,5.3670000000000006e-05,0.072,-0.8
12236,5.3672000000000004e-05,0.056,-0.8
12237,5.3674e-05,0.072,-0.8
12238,5.3676000000000006e-05,0.056,-0.8
12239,5.3678000000000003e-05,0.072,-0.8
12240,5.368e-05,0.056,-0.8
12241,5.3682000000000005e-05,0.072,-0.8
12242,5.3684e-05,0.072,-0.8
12243,5.3686e-05,0.072,-0.8
12244,5.3688000000000005e-05,0.056,-0.8
12245,5.369e-05,0.072,-0.8
12246,5.3692e-05,0.056,-0.8
12247,5.3694000000000005e-05,0.072,-0.8
12248,5.3696e-05,0.056,-0.8
12249,5.3698e-05,0.072,-0.8
12250,5.3700000000000004e-05,0.056,-0.8
12251,5.3702e-05,0.072,-0.8
12252,5.3704e-05,0.056,-0.8
12253,5.3706000000000004e-05,0.072,-0.8
12254,5.370800000000001e-05,0.072,-0.8
12255,5.371e-05,0.072,-0.8
12256,5.3712000000000003e-05,0.056,-0.8
12257,5.371400000000001e-05,0.072,-0.8
12258,5.3716e-05,0.072,-0.8
12259,5.3718e-05,0.072,-0.8
12260,5.372000000000001e-05,0.056,-0.8
12261,5.3722e-05,0.08,-0.8
12262,5.3724e-05,0.072,-0.8
12263,5.372600000000001e-05,0.072,-0.8
12264,5.3728000000000005e-05,0.072,-0.8
12265,5.373e-05,0.08,-0.8
12266,5.373200000000001e-05,0.072,-0.8
12267,5.3734000000000004e-05,0.072,-0.8
12268,5.3736e-05,0.072,-0.8
12269,5.3738000000000006e-05,0.072,-0.8
12270,5.3740000000000004e-05,0.072,-0.8
12271,5.3742e-05,0.072,-0.8
12272,5.3744000000000006e-05,0.072,-0.8
12273,5.3746000000000003e-05,0.08,-0.8
12274,5.3748e-05,0.072,-0.8
12275,5.3750000000000005e-05,0.072,-0.8
12276,5.3752e-05,0.072,-0.8
12277,5.3754e-05,0.08,-0.8
12278,5.3756000000000005e-05,0.072,-0.8
12279,5.3758e-05,0.072,-0.8
12280,5.376e-05,0.072,-0.8
12281,5.3762000000000005e-05,0.08,-0.8
12282,5.3764e-05,0.072,-0.8
12283,5.3766e-05,0.072,-0.8
12284,5.3768000000000004e-05,0.072,-0.8
12285,5.377e-05,0.08,-0.8
12286,5.3772e-05,0.072,-0.8
12287,5.3774000000000004e-05,0.072,-0.8
12288,5.377600000000001e-05,0.072,-0.8
12289,5.3778e-05,0.08,-0.8
12290,5.3780000000000003e-05,0.072,-0.8
12291,5.378200000000001e-05,0.072,-0.8
12292,5.3784e-05,0.072,-0.8
12293,5.3786e-05,0.08,-0.8
12294,5.378800000000001e-05,0.072,-0.8
12295,5.379e-05,0.072,-0.8
12296,5.3792e-05,0.072,-0.8
12297,5.379400000000001e-05,0.08,-0.8
12298,5.3796000000000005e-05,0.072,-0.8
12299,5.3798e-05,0.072,-0.8
12300,5.380000000000001e-05,0.072,-0.8
12301,5.3802000000000004e-05,0.08,-0.8
12302,5.3804e-05,0.072,-1.6
12303,5.3806000000000006e-05,0.072,-0.000174
12304,5.3808000000000004e-05,0.072,-0.8
12305,5.381e-05,0.08,-0.8
12306,5.3812000000000006e-05,0.072,-0.8
12307,5.3814000000000003e-05,0.08,-0.8
12308,5.3816e-05,0.072,-0.8
12309,5.3818000000000005e-05,0.08,-0.8
12310,5.382e-05,0.072,-0.8
12311,5.3822e-05,0.072,-0.8
12312,5.3824000000000005e-05,0.072,-0.8
12313,5.3826e-05,0.08,-0.8
12314,5.3828e-05,0.08,-0.8
12315,5.3830000000000005e-05,0.072,-0.8
12316,5.3832e-05,0.072,-0.8
12317,5.3834e-05,0.08,-0.8
12318,5.3836000000000004e-05,0.072,-0.8
12319,5.3838e-05,0.08,-0.8
12320,5.384e-05,0.072,-0.8
12321,5.3842000000000004e-05,0.08,-0.8
12322,5.3844e-05,0.072,-0.8
12323,5.3846e-05,0.072,-0.8
12324,5.3848000000000004e-05,0.072,-0.8
12325,5.385000000000001e-05,0.08,-0.8
12326,5.3852e-05,0.08,-0.8
12327,5.3854e-05,0.08,-0.8
12328,5.385600000000001e-05,0.072,-0.8
12329,5.3858e-05,0.08,-0.8
12330,5.386e-05,0.072,-0.8
12331,5.386200000000001e-05,0.08,-0.8
12332,5.3864000000000005e-05,0.072,-0.8
12333,5.3866e-05,0.08,-0.8
12334,5.386800000000001e-05,0.072,-0.8
12335,5.3870000000000004e-05,0.08,-0.8
12336,5.3872e-05,0.072,-0.8
12337,5.3874000000000006e-05,0.08,-0.8
12338,5.3876000000000004e-05,0.08,-0.8
12339,5.3878e-05,0.08,-0.8
12340,5.3880000000000006e-05,0.072,-0.8
12341,5.3882000000000004e-05,0.08,-0.8
12342,5.3884e-05,0.08,-0.8
12343,5.3886000000000006e-05,0.08,-0.8
12344,5.3888e-05,0.072,-0.8
12345,5.389e-05,0.08,-0.8
12346,5.3892000000000005e-05,0.08,-0.8
12347,5.3894e-05,0.08,-0.8
12348,5.3896e-05,0.08,-0.8
12349,5.3898000000000005e-05,0.088,-0.8
12350,5.39e-05,0.08,-0.8
12351,5.3902e-05,0.08,-0.8
12352,5.3904000000000004e-05,0.08,-0.8
12353,5.3906e-05,0.088,-0.8
12354,5.3908e-05,0.08,-0.8
12355,5.3910000000000004e-05,0.08,-0.8
12356,5.3912e-05,0.08,-0.8
12357,5.3914e-05,0.088,-0.8
12358,5.3916000000000004e-05,0.08,-0.8
12359,5.391800000000001e-05,0.08,-0.8
12360,5.392e-05,0.072,-0.8
12361,5.3922e-05,0.088,-0.8
12362,5.392400000000001e-05,0.08,-0.8
12363,5.3926e-05,0.08,-0.8
12364,5.3928e-05,0.08,-0.8
12365,5.393000000000001e-05,0.088,-0.8
12366,5.3932000000000005e-05,0.08,-0.8
12367,5.3934e-05,0.08,-0.8
12368,5.393600000000001e-05,0.08,-0.8
12369,5.3938000000000004e-05,0.088,-0.8
12370,5.394e-05,0.08,-0.8
12371,5.3942000000000006e-05,0.08,-0.8
12372,5.3944000000000004e-05,0.08,-0.8
12373,5.3946e-05,0.088,-0.8
12374,5.3948000000000006e-05,0.08,-0.8
12375,5.3950000000000004e-05,0.08,-0.8
12376,5.3952e-05,0.08,-0.8
12377,5.3954000000000006e-05,0.088,-0.8
12378,5.3956e-05,0.08,-0.8
12379,5.3958e-05,0.08,-0.8
12380,5.3960000000000005e-05,0.08,-0.8
12381,5.3962e-05,0.088,-0.8
12382,5.3964e-05,0.08,-0.8
12383,5.3966000000000005e-05,0.08,-0.8
12384,5.3968e-05,0.08,-0.8
12385,5.397e-05,0.088,-0.8
12386,5.3972000000000004e-05,0.08,-0.8
12387,5.3974e-05,0.08,-0.8
12388,5.3976e-05,0.08,-0.8
12389,5.3978000000000004e-05,0.088,-0.8
12390,5.398e-05,0.08,-0.8
12391,5.3982e-05,0.088,-0.8
12392,5.3984000000000004e-05,0.08,-0.8
12393,5.398600000000001e-05,0.088,-0.8
12394,5.3988e-05,0.08,-0.8
12395,5.399e-05,0.08,-0.8
12396,5.399200000000001e-05,0.08,-0.8
12397,5.3994e-05,0.088,-0.8
12398,5.3996e-05,0.08,-0.8
12399,5.399800000000001e-05,0.08,-0.8
12400,5.4000000000000005e-05,0.08,-0.8
12401,5.4002e-05,0.088,-0.8
12402,5.400400000000001e-05,0.08,-0.8
12403,5.4006000000000004e-05,0.08,-0.8
12404,5.4008e-05,0.08,-0.8
12405,5.4010000000000006e-05,0.088,-0.8
12406,5.4012000000000004e-05,0.08,-0.8
12407,5.4014e-05,0.088,-0.8
12408,5.4016000000000006e-05,0.08,-0.8
12409,5.4018000000000004e-05,0.088,-0.8
12410,5.402e-05,0.08,-0.8
12411,5.4022000000000006e-05,0.088,-0.8
12412,5.4024e-05,0.08,-0.8
12413,5.4026e-05,0.088,-0.8
12414,5.4028000000000005e-05,0.08,-0.8
12415,5.403e-05,0.088,-0.8
12416,5.4032e-05,0.08,-0.8
12417,5.4034000000000005e-05,0.088,-0.8
12418,5.4036e-05,0.088,-0.8
12419,5.4038e-05,0.088,-0.8
12420,5.4040000000000004e-05,0.08,-0.8
12421,5.4042e-05,0.088,-0.8
12422,5.4044e-05,0.088,-0.8
12423,5.4046000000000004e-05,0.088,-0.8
12424,5.4048e-05,0.08,-0.8
12425,5.405e-05,0.088,-0.8
12426,5.4052000000000004e-05,0.088,-0.8
12427,5.405400000000001e-05,0.088,-0.8
12428,5.4056e-05,0.088,-0.8
12429,5.4058e-05,0.088,-0.8
12430,5.406000000000001e-05,0.08,-0.8
12431,5.4062e-05,0.088,-0.8
12432,5.4064e-05,0.08,-0.8
12433,5.406600000000001e-05,0.088,-0.8
12434,5.4068000000000005e-05,0.088,-0.8
12435,5.407e-05,0.088,-0.8
12436,5.407200000000001e-05,0.088,-0.8
12437,5.4074000000000004e-05,0.088,-0.8
12438,5.4076e-05,0.088,-0.8
12439,5.4078000000000006e-05,0.088,-0.8
12440,5.4080000000000004e-05,0.08,-0.8
12441,5.4082e-05,0.096,-0.8
12442,5.4084000000000006e-05,0.088,-0.8
12443,5.4086000000000004e-05,0.088,-0.8
12444,5.4088e-05,0.088,-0.8
12445,5.4090000000000006e-05,0.096,-0.8
12446,5.4092e-05,0.088,-0.8
12447,5.4094e-05,0.088,-0.8
12448,5.4096000000000005e-05,0.088,-0.8
12449,5.4098e-05,0.096,-0.8
12450,5.41e-05,0.088,-0.8
12451,5.4102000000000005e-05,0.088,-0.8
12452,5.4104e-05,0.088,-0.8
12453,5.4106e-05,0.096,-0.8
12454,5.4108000000000004e-05,0.088,-0.8
12455,5.411e-05,0.088,-0.8
12456,5.4112e-05,0.088,-0.8
12457,5.4114000000000004e-05,0.096,-0.8
12458,5.4116e-05,0.088,-0.8
12459,5.4118e-05,0.088,-0.8
12460,5.4120000000000004e-05,0.088,-0.8
12461,5.412200000000001e-05,0.096,-0.8
12462,5.4124e-05,0.088,-0.8
12463,5.4126e-05,0.088,-0.8
12464,5.412800000000001e-05,0.088,-0.8
12465,5.413e-05,0.096,-0.8
12466,5.4132e-05,0.088,-0.8
12467,5.413400000000001e-05,0.088,-0.8
12468,5.4136000000000005e-05,0.088,-0.8
12469,5.4138e-05,0.096,-0.8
12470,5.414000000000001e-05,0.088,-0.8
12471,5.4142000000000004e-05,0.088,-0.8
12472,5.4144e-05,0.088,-0.8
12473,5.4146000000000006e-05,0.096,-0.8
12474,5.4148000000000004e-05,0.088,-0.8
12475,5.415e-05,0.088,-0.8
12476,5.4152000000000006e-05,0.088,-0.8
12477,5.4154000000000004e-05,0.096,-0.8
12478,5.4156e-05,0.088,-0.8
12479,5.4158000000000006e-05,0.096,-0.8
12480,5.416e-05,0.088,-0.8
12481,5.4162e-05,0.096,-0.8
12482,5.4164000000000005e-05,0.088,-0.8
12483,5.4166e-05,0.088,-0.8
12484,5.4168e-05,0.088,-0.8
12485,5.4170000000000005e-05,0.096,-0.8
12486,5.4172e-05,0.088,-0.8
12487,5.4174e-05,0.096,-0.8
12488,5.4176000000000004e-05,0.088,-0.8
12489,5.4178e-05,0.096,-0.8
12490,5.418e-05,0.088,-0.8
12491,5.4182000000000004e-05,0.096,-0.8
12492,5.4184e-05,0.088,-0.8
12493,5.4186e-05,0.096,-0.8
12494,5.4188000000000004e-05,0.088,-0.8
12495,5.419000000000001e-05,0.088,-0.8
12496,5.4192e-05,0.088,-0.8
12497,5.4194e-05,0.096,-0.8
12498,5.419600000000001e-05,0.088,-0.8
12499,5.4198e-05,0.096,-0.8
12500,5.42e-05,0.088,-0.8
12501,5.420200000000001e-05,0.104,-0.8
12502,5.4204000000000005e-05,0.096,-0.8
12503,5.4206e-05,0.088,-0.000174
12504,5.420800000000001e-05,0.096,-0.8
12505,5.4210000000000004e-05,0.096,-0.8
12506,5.4212e-05,0.088,-0.8
12507,5.4214000000000006e-05,0.096,-0.8
12508,5.4216000000000004e-05,0.088,-0.8
12509,5.4218e-05,0.104,-0.8
12510,5.4220000000000006e-05,0.088,-0.8
12511,5.4222000000000004e-05,0.096,-0.8
12512,5.4224e-05,0.088,-0.8
12513,5.4226000000000006e-05,0.096,-0.8
12514,5.4228e-05,0.096,-0.8
12515,5.423e-05,0.096,-0.8
12516,5.4232000000000005e-05,0.088,-0.8
12517,5.4234e-05,0.104,-0.8
12518,5.4236e-05,0.096,-0.8
12519,5.4238000000000005e-05,0.096,-0.8
12520,5.424e-05,0.088,-0.8
12521,5.4242e-05,0.104,-0.8
12522,5.4244000000000004e-05,0.096,-0.8
12523,5.4246e-05,0.096,-0.8
12524,5.4248e-05,0.096,-0.8
12525,5.4250000000000004e-05,0.096,-0.8
12526,5.4252e-05,0.096,-0.8
12527,5.4254e-05,0.096,-0.8
12528,5.4256000000000004e-05,0.088,-0.8
12529,5.425800000000001e-05,0.104,-0.8
12530,5.426e-05,0.096,-0.8
12531,5.4262e-05,0.096,-0.8
12532,5.426400000000001e-05,0.096,-0.8
12533,5.4266e-05,0.104,-0.8
12534,5.4268e-05,0.096,-0.8
12535,5.427000000000001e-05,0.096,-0.8
12536,5.4272000000000005e-05,0.096,-0.8
12537,5.4274e-05,0.104,-0.8
12538,5.427600000000001e-05,0.096,-0.8
12539,5.4278000000000004e-05,0.096,-0.8
12540,5.428e-05,0.096,-0.8
12541,5.4282000000000006e-05,0.104,-0.8
12542,5.4284000000000004e-05,0.096,-0.8
12543,5.4286e-05,0.096,-0.8
12544,5.4288000000000006e-05,0.096,-0.8
12545,5.4290000000000004e-05,0.104,-0.8
12546,5.4292e-05,0.096,-0.8
12547,5.4294000000000006e-05,0.096,-0.8
12548,5.4296e-05,0.096,-0.8
12549,5.4298e-05,0.104,-0.8
12550,5.4300000000000005e-05,0.096,-0.8
12551,5.4302e-05,0.096,-0.8
12552,5.4304e-05,0.096,-0.8
12553,5.4306000000000005e-05,0.104,-0.8
12554,5.4308e-05,0.096,-0.8
12555,5.431e-05,0.096,-0.8
12556,5.4312000000000004e-05,0.096,-0.8
12557,5.4314e-05,0.104,-0.8
12558,5.4316e-05,0.096,-0.8
12559,5.4318000000000004e-05,0.096,-0.8
12560,5.432e-05,0.096,-0.8
12561,5.4322e-05,0.104,-0.8
12562,5.4324000000000004e-05,0.096,-0.8
12563,5.432600000000001e-05,0.096,-0.8
12564,5.4328e-05,0.096,-0.8
12565,5.433e-05,0.104,-0.8
12566,5.433200000000001e-05,0.096,-0.8
12567,5.4334e-05,0.096,-0.8
12568,5.4336e-05,0.096,-0.8
12569,5.433800000000001e-05,0.104,-0.8
12570,5.4340000000000005e-05,0.096,-0.8
12571,5.4342e-05,0.096,-0.8
12572,5.434400000000001e-05,0.096,-0.8
12573,5.4346000000000004e-05,0.104,-0.8
12574,5.4348e-05,0.096,-0.8
12575,5.4350000000000006e-05,0.096,-0.8
12576,5.4352000000000004e-05,0.096,-0.8
12577,5.4354e-05,0.104,-0.8
12578,5.4356000000000006e-05,0.096,-0.8
12579,5.4358000000000004e-05,0.104,-0.8
12580,5.436e-05,0.096,-0.8
12581,5.4362000000000006e-05,0.104,-0.8
12582,5.4364e-05,0.096,-0.8
12583,5.4366e-05,0.104,-0.8
12584,5.4368000000000005e-05,0.096,-0.8
12585,5.437e-05,0.104,-0.8
12586,5.4372e-05,0.104,-0.8
12587,5.4374000000000005e-05,0.104,-0.8
12588,5.4376e-05,0.096,-0.8
12589,5.4378e-05,0.112,-0.8
12590,5.4380000000000005e-05,0.096,-0.8
12591,5.4382e-05,0.104,-0.8
12592,5.4384e-05,0.096,-0.8
12593,5.4386000000000004e-05,0.104,-0.8
12594,5.4388e-05,0.104,-0.8
12595,5.439e-05,0.104,-0.8
12596,5.4392000000000004e-05,0.096,-0.8
12597,5.439400000000001e-05,0.104,-0.8
12598,5.4396e-05,0.096,-0.8
12599,5.4398e-05,0.104,-0.8
12600,5.440000000000001e-05,0.096,-0.8
12601,5.4402e-05,0.112,-0.8
12602,5.4404e-05,0.104,-0.8
12603,5.440600000000001e-05,0.104,-0.8
12604,5.4408e-05,0.096,-0.8
12605,5.441e-05,0.112,-0.8
12606,5.441200000000001e-05,0.096,-0.8
12607,5.4414000000000005e-05,0.104,-0.8
12608,5.4416e-05,0.096,-0.8
12609,5.4418000000000007e-05,0.104,-0.8
12610,5.4420000000000004e-05,0.096,-0.8
12611,5.4422e-05,0.104,-0.8
12612,5.4424000000000006e-05,0.096,-0.8
12613,5.4426000000000004e-05,0.112,-0.8
12614,5.4428e-05,0.104,-0.8
12615,5.4430000000000006e-05,0.104,-0.8
12616,5.4432e-05,0.104,-0.8
12617,5.4434e-05,0.112,-0.8
12618,5.4436000000000005e-05,0.104,-0.8
12619,5.4438e-05,0.104,-0.8
12620,5.444e-05,0.096,-0.8
12621,5.4442000000000005e-05,0.112,-0.8
12622,5.4444e-05,0.104,-0.8
12623,5.4446e-05,0.104,-0.8
12624,5.4448000000000005e-05,0.104,-0.8
12625,5.445e-05,0.112,-0.8
12626,5.4452e-05,0.104,-0.8
12627,5.4454000000000004e-05,0.104,-0.8
12628,5.4456e-05,0.104,-0.8
12629,5.4458e-05,0.112,-0.8
12630,5.4460000000000004e-05,0.104,-0.8
12631,5.446200000000001e-05,0.104,-0.8
12632,5.4464e-05,0.104,-0.8
12633,5.4466e-05,0.112,-0.8
12634,5.446800000000001e-05,0.104,-0.8
12635,5.447e-05,0.104,-0.8
12636,5.4472e-05,0.104,-0.8
12637,5.447400000000001e-05,0.112,-0.8
12638,5.4476e-05,0.104,-0.8
12639,5.4478e-05,0.104,-0.8
12640,5.448000000000001e-05,0.104,-0.8
12641,5.4482000000000005e-05,0.112,-0.8
12642,5.4484e-05,0.104,-0.8
12643,5.4486000000000007e-05,0.104,-0.8
12644,5.4488000000000004e-05,0.104,-0.8
12645,5.449e-05,0.112,-0.8
12646,5.4492000000000006e-05,0.104,-0.8
12647,5.4494000000000004e-05,0.104,-0.8
12648,5.4496e-05,0.104,-0.8
12649,5.4498000000000006e-05,0.112,-0.8
12650,5.45e-05,0.104,-0.8
12651,5.4502e-05,0.104,-0.8
12652,5.4504000000000005e-05,0.104,-0.8
12653,5.4506e-05,0.112,-0.8
12654,5.4508e-05,0.104,-0.8
12655,5.4510000000000005e-05,0.104,-0.8
12656,5.4512e-05,0.104,-0.8
12657,5.4514e-05,0.112,-0.8
12658,5.4516000000000005e-05,0.104,-0.8
12659,5.4518e-05,0.104,-0.8
12660,5.452e-05,0.104,-0.8
12661,5.4522000000000004e-05,0.112,-0.8
12662,5.4524e-05,0.104,-0.8
12663,5.4526e-05,0.104,-0.8
12664,5.4528000000000004e-05,0.104,-0.8
12665,5.453000000000001e-05,0.112,-0.8
12666,5.4532e-05,0.104,-0.8
12667,5.4534e-05,0.104,-0.8
12668,5.453600000000001e-05,0.104,-0.8
12669,5.4538e-05,0.112,-0.8
12670,5.454e-05,0.104,-0.8
12671,5.454200000000001e-05,0.112,-0.8
12672,5.4544e-05,0.104,-0.8
12673,5.4546e-05,0.112,-0.8
12674,5.454800000000001e-05,0.104,-0.8
12675,5.4550000000000005e-05,0.112,-0.8
12676,5.4552e-05,0.104,-0.8
12677,5.4554000000000007e-05,0.112,-0.8
12678,5.4556000000000004e-05,0.104,-0.8
12679,5.4558e-05,0.112,-0.8
12680,5.4560000000000006e-05,0.104,-0.8
12681,5.4562000000000004e-05,0.12,-0.8
12682,5.4564e-05,0.104,-0.8
12683,5.4566000000000006e-05,0.112,-0.8
12684,5.4568e-05,0.104,-0.8
12685,5.457e-05,0.112,-0.8
12686,5.4572000000000005e-05,0.112,-0.8
12687,5.4574e-05,0.112,-0.8
12688,5.4576e-05,0.104,-0.8
12689,5.4578000000000005e-05,0.112,-0.8
12690,5.458e-05,0.112,-0.8
12691,5.4582e-05,0.112,-0.8
12692,5.4584000000000005e-05,0.104,-0.8
12693,5.4586e-05,0.112,-0.8
12694,5.4588e-05,0.112,-0.8
12695,5.4590000000000004e-05,0.112,-0.8
12696,5.4592e-05,0.112,-0.8
12697,5.4594e-05,0.12,-0.8
12698,5.4596000000000004e-05,0.112,-0.8
12699,5.459800000000001e-05,0.112,-0.8
12700,5.46e-05,0.104,-0.8
12701,5.4602000000000003e-05,0.12,-0.8
12702,5.460400000000001e-05,0.112,-0.8
12703,5.4606e-05,0.104,-0.000174
12704,5.4608e-05,0.112,-0.8
12705,5.461000000000001e-05,0.112,-0.8
12706,5.4612e-05,0.112,-0.8
12707,5.4614e-05,0.112,-0.8
12708,5.461600000000001e-05,0.104,-0.8
12709,5.4618000000000005e-05,0.12,-0.8
12710,5.462e-05,0.112,-0.8
12711,5.4622000000000007e-05,0.112,-0.8
12712,5.4624000000000004e-05,0.112,-0.8
12713,5.4626e-05,0.12,-0.8
12714,5.4628000000000006e-05,0.112,-0.8
12715,5.4630000000000004e-05,0.112,-0.8
12716,5.4632e-05,0.112,-0.8
12717,5.4634000000000006e-05,0.12,-0.8
12718,5.4636000000000003e-05,0.112,-0.8
12719,5.4638e-05,0.112,-0.8
12720,5.4640000000000005e-05,0.112,-0.8
12721,5.4642e-05,0.12,-0.8
12722,5.4644e-05,0.112,-0.8
12723,5.4646000000000005e-05,0.112,-0.8
12724,5.4648e-05,0.112,-0.8
12725,5.465e-05,0.12,-0.8
12726,5.4652000000000005e-05,0.112,-0.8
12727,5.4654e-05,0.112,-0.8
12728,5.4656e-05,0.112,-0.8
12729,5.4658000000000004e-05,0.12,-0.8
12730,5.466e-05,0.112,-0.8
12731,5.4662e-05,0.112,-0.8
12732,5.4664000000000004e-05,0.112,-0.8
12733,5.466600000000001e-05,0.12,-0.8
12734,5.4668e-05,0.112,-0.8
12735,5.4670000000000003e-05,0.112,-0.8
12736,5.467200000000001e-05,0.112,-0.8
12737,5.4674e-05,0.12,-0.8
12738,5.4676e-05,0.112,-0.8
12739,5.467800000000001e-05,0.112,-0.8
12740,5.468e-05,0.112,-0.8
12741,5.4682e-05,0.12,-0.8
12742,5.468400000000001e-05,0.112,-0.8
12743,5.4686000000000005e-05,0.112,-0.8
12744,5.4688e-05,0.112,-0.8
12745,5.469000000000001e-05,0.12,-0.8
12746,5.4692000000000004e-05,0.112,-0.8
12747,5.4694e-05,0.112,-0.8
12748,5.4696000000000006e-05,0.112,-0.8
12749,5.4698000000000004e-05,0.12,-0.8
12750,5.47e-05,0.112,-0.8
12751,5.4702000000000006e-05,0.12,-0.8
12752,5.4704000000000003e-05,0.112,-0.8
12753,5.4706e-05,0.12,-0.8
12754,5.4708000000000005e-05,0.12,-0.8
12755,5.471e-05,0.112,-0.8
12756,5.4712e-05,0.112,-0.8
12757,5.4714000000000005e-05,0.12,-0.8
12758,5.4716e-05,0.12,-0.8
12759,5.4718e-05,0.12,-0.8
12760,5.4720000000000005e-05,0.112,-0.8
12761,5.4722e-05,0.12,-0.8
12762,5.4724e-05,0.112,-0.8
12763,5.4726000000000004e-05,0.12,-0.8
12764,5.4728e-05,0.112,-0.8
12765,5.473e-05,0.12,-0.8
12766,5.4732000000000004e-05,0.112,-0.8
12767,5.473400000000001e-05,0.12,-0.8
12768,5.4736e-05,0.112,-0.8
12769,5.4738000000000003e-05,0.12,-0.8
12770,5.474000000000001e-05,0.12,-0.8
12771,5.4742e-05,0.12,-0.8
12772,5.4744e-05,0.112,-0.8
12773,5.474600000000001e-05,0.12,-0.8
12774,5.4748e-05,0.112,-0.8
12775,5.475e-05,0.12,-0.8
12776,5.475200000000001e-05,0.112,-0.8
12777,5.4754000000000005e-05,0.12,-0.8
12778,5.4756e-05,0.12,-0.8
12779,5.475800000000001e-05,0.12,-0.8
12780,5.4760000000000004e-05,0.112,-0.8
12781,5.4762e-05,0.128,-0.8
12782,5.4764000000000006e-05,0.12,-0.8
12783,5.4766000000000004e-05,0.12,-0.8
12784,5.4768e-05,0.112,-0.8
12785,5.4770000000000006e-05,0.12,-0.8
12786,5.4772000000000003e-05,0.12,-0.8
12787,5.4774e-05,0.12,-0.8
12788,5.4776000000000005e-05,0.112,-0.8
12789,5.4778e-05,0.128,-0.8
12790,5.478e-05,0.12,-0.8
12791,5.4782000000000005e-05,0.12,-0.8
12792,5.4784e-05,0.12,-0.8
12793,5.4786e-05,0.128,-0.8
12794,5.4788000000000005e-05,0.12,-0.8
12795,5.479e-05,0.12,-0.8
12796,5.4792e-05,0.12,-0.8
12797,5.4794000000000004e-05,0.128,-0.8
12798,5.4796e-05,0.12,-0.8
12799,5.4798e-05,0.12,-0.8
12800,5.4800000000000004e-05,0.12,-0.8
12801,5.480200000000001e-05,0.128,-0.8
12802,5.4804e-05,0.12,-0.8
12803,5.4806000000000003e-05,0.12,-0.8
12804,5.480800000000001e-05,0.12,-0.8
12805,5.481e-05,0.128,-0.8
12806,5.4812e-05,0.12,-0.8
12807,5.481400000000001e-05,0.12,-0.8
12808,5.4816e-05,0.12,-0.8
12809,5.4818e-05,0.128,-0.8
12810,5.482000000000001e-05,0.12,-0.8
12811,5.4822000000000005e-05,0.12,-0.8
12812,5.4824e-05,0.12,-0.8
12813,5.482600000000001e-05,0.128,-0.8
12814,5.4828000000000004e-05,0.12,-0.8
12815,5.483e-05,0.12,-0.8
12816,5.4832000000000006e-05,0.12,-0.8
12817,5.4834000000000004e-05,0.128,-0.8
12818,5.4836e-05,0.12,-0.8
12819,5.4838000000000006e-05,0.12,-0.8
12820,5.4840000000000003e-05,0.12,-0.8
12821,5.4842e-05,0.128,-0.8
12822,5.4844000000000005e-05,0.12,-0.8
12823,5.4846e-05,0.12,-0.8
12824,5.4848e-05,0.12,-0.8
12825,5.4850000000000005e-05,0.128,-0.8
12826,5.4852e-05,0.12,-0.8
12827,5.4854e-05,0.12,-0.8
12828,5.4856000000000005e-05,0.12,-0.8
12829,5.4858e-05,0.128,-0.8
12830,5.486e-05,0.12,-0.8
12831,5.4862000000000004e-05,0.12,-0.8
12832,5.4864e-05,0.12,-0.8
12833,5.4866e-05,0.128,-0.8
12834,5.4868000000000004e-05,0.12,-0.8
12835,5.487000000000001e-05,0.12,-0.8
12836,5.4872e-05,0.12,-0.8
12837,5.4874000000000004e-05,0.128,-0.8
12838,5.487600000000001e-05,0.12,-0.8
12839,5.4878e-05,0.128,-0.8
12840,5.488e-05,0.12,-0.8
12841,5.488200000000001e-05,0.128,-0.8
12842,5.4884e-05,0.12,-0.8
12843,5.4886e-05,0.12,-0.8
12844,5.488800000000001e-05,0.12,-0.8
12845,5.4890000000000005e-05,0.128,-0.8
12846,5.4892e-05,0.12,-0.8
12847,5.489400000000001e-05,0.128,-0.8
12848,5.4896000000000004e-05,0.12,-0.8
12849,5.4898e-05,0.128,-0.8
12850,5.4900000000000006e-05,0.12,-0.8
12851,5.4902000000000004e-05,0.128,-0.8
12852,5.4904e-05,0.12,-0.8
12853,5.4906000000000006e-05,0.128,-0.8
12854,5.4908000000000004e-05,0.12,-0.8
12855,5.491e-05,0.128,-0.8
12856,5.4912000000000006e-05,0.12,-0.8
12857,5.4914e-05,0.128,-0.8
12858,5.4916e-05,0.128,-0.8
12859,5.4918000000000005e-05,0.128,-0.8
12860,5.492e-05,0.12,-0.8
12861,5.4922e-05,0.128,-0.8
12862,5.4924000000000005e-05,0.12,-0.8
12863,5.4926e-05,0.128,-0.8
12864,5.4928e-05,0.12,-0.8
12865,5.4930000000000004e-05,0.128,-0.8
12866,5.4932e-05,0.128,-0.8
12867,5.4934e-05,0.128,-0.8
12868,5.4936000000000004e-05,0.128,-0.8
12869,5.493800000000001e-05,0.128,-0.8
12870,5.494e-05,0.12,-0.8
12871,5.4942000000000004e-05,0.128,-0.8
12872,5.494400000000001e-05,0.12,-0.8
12873,5.4946e-05,0.136,-0.8
12874,5.4948e-05,0.128,-0.8
12875,5.495000000000001e-05,0.128,-0.8
12876,5.4952e-05,0.128,-0.8
12877,5.4954e-05,0.128,-0.8
12878,5.495600000000001e-05,0.128,-0.8
12879,5.4958000000000005e-05,0.128,-0.8
12880,5.496e-05,0.12,-0.8
12881,5.496200000000001e-05,0.136,-0.8
12882,5.4964000000000004e-05,0.128,-0.8
12883,5.4966e-05,0.128,-0.8
12884,5.4968000000000006e-05,0.128,-0.8
12885,5.4970000000000004e-05,0.136,-0.8
12886,5.4972e-05,0.128,-0.8
12887,5.4974000000000006e-05,0.128,-0.8
12888,5.4976000000000004e-05,0.128,-0.8
12889,5.4978e-05,0.136,-0.8
12890,5.4980000000000006e-05,0.128,-0.8
12891,5.4982e-05,0.128,-0.8
12892,5.4984e-05,0.128,-0.8
12893,5.4986000000000005e-05,0.136,-0.8
12894,5.4988e-05,0.128,-0.8
12895,5.499e-05,0.128,-0.8
12896,5.4992000000000005e-05,0.128,-0.8
12897,5.4994e-05,0.136,-0.8
12898,5.4996e-05,0.128,-0.8
12899,5.4998000000000004e-05,0.128,-0.8
12900,5.5e-05,0.128,-0.8
12901,5.5002e-05,0.136,-0.8
12902,5.5004000000000004e-05,0.128,-0.8
12903,5.5006e-05,0.128,-0.000174
12904,5.5008e-05,0.128,-0.8
12905,5.5010000000000004e-05,0.136,-0.8
12906,5.501200000000001e-05,0.128,-0.8
12907,5.5014e-05,0.136,-0.8
12908,5.5016e-05,0.128,-0.8
12909,5.501800000000001e-05,0.136,-0.8
12910,5.502e-05,0.128,-0.8
12911,5.5022e-05,0.128,-0.8
12912,5.502400000000001e-05,0.128,-0.8
12913,5.5026000000000005e-05,0.136,-0.8
12914,5.5028e-05,0.128,-0.8
12915,5.503000000000001e-05,0.128,-0.8
12916,5.5032000000000004e-05,0.128,-0.8
12917,5.5034e-05,0.136,-0.8
12918,5.5036000000000006e-05,0.128,-0.8
12919,5.5038000000000004e-05,0.128,-0.8
12920,5.504e-05,0.128,-0.8
12921,5.5042000000000006e-05,0.136,-0.8
12922,5.5044000000000004e-05,0.128,-0.8
12923,5.5046e-05,0.128,-0.8
12924,5.5048000000000006e-05,0.128,-0.8
12925,5.505e-05,0.136,-0.8
12926,5.5052e-05,0.128,-0.8
12927,5.5054000000000005e-05,0.128,-0.8
12928,5.5056e-05,0.128,-0.8
12929,5.5058e-05,0.136,-0.8
12930,5.5060000000000005e-05,0.128,-0.8
12931,5.5062e-05,0.136,-0.8
12932,5.5064e-05,0.128,-0.8
12933,5.5066000000000004e-05,0.136,-0.8
12934,5.5068e-05,0.128,-0.8
12935,5.507e-05,0.128,-0.8
12936,5.5072000000000004e-05,0.128,-0.8
12937,5.5074e-05,0.136,-0.8
12938,5.5076e-05,0.128,-0.8
12939,5.5078000000000004e-05,0.136,-0.8
12940,5.508000000000001e-05,0.128,-0.8
12941,5.5082e-05,0.136,-0.8
12942,5.5084e-05,0.128,-0.8
12943,5.508600000000001e-05,0.136,-0.8
12944,5.5088e-05,0.128,-0.8
12945,5.509e-05,0.136,-0.8
12946,5.509200000000001e-05,0.136,-0.8
12947,5.5094000000000005e-05,0.136,-0.8
12948,5.5096e-05,0.136,-0.8
12949,5.509800000000001e-05,0.144,-0.8
12950,5.5100000000000004e-05,0.128,-0.8
12951,5.5102e-05,0.136,-0.8
12952,5.5104000000000006e-05,0.128,-0.8
12953,5.5106000000000004e-05,0.136,-0.8
12954,5.5108e-05,0.136,-0.8
12955,5.5110000000000006e-05,0.136,-0.8
12956,5.5112000000000004e-05,0.128,-0.8
12957,5.5114e-05,0.136,-0.8
12958,5.5116000000000006e-05,0.128,-0.8
12959,5.5118e-05,0.136,-0.8
12960,5.512e-05,0.128,-0.8
12961,5.5122000000000005e-05,0.144,-0.8
12962,5.5124e-05,0.136,-0.8
12963,5.5126e-05,0.136,-0.8
12964,5.5128000000000005e-05,0.136,-0.8
12965,5.513e-05,0.144,-0.8
12966,5.5132e-05,0.136,-0.8
12967,5.5134000000000004e-05,0.136,-0.8
12968,5.5136e-05,0.128,-0.8
12969,5.5138e-05,0.144,-0.8
12970,5.5140000000000004e-05,0.136,-0.8
12971,5.5142e-05,0.136,-0.8
12972,5.5144e-05,0.136,-0.8
12973,5.5146000000000004e-05,0.144,-0.8
12974,5.514800000000001e-05,0.136,-0.8
12975,5.515e-05,0.136,-0.8
12976,5.5152e-05,0.136,-0.8
12977,5.515400000000001e-05,0.144,-0.8
12978,5.5156e-05,0.136,-0.8
12979,5.5158e-05,0.136,-0.8
12980,5.516000000000001e-05,0.136,-0.8
12981,5.5162000000000005e-05,0.144,-0.8
12982,5.5164e-05,0.136,-0.8
12983,5.516600000000001e-05,0.136,-0.8
12984,5.5168000000000004e-05,0.136,-0.8
12985,5.517e-05,0.144,-0.8
12986,5.5172000000000006e-05,0.136,-0.8
12987,5.5174000000000004e-05,0.136,-0.8
12988,5.5176e-05,0.136,-0.8
12989,5.5178000000000006e-05,0.144,-0.8
12990,5.5180000000000004e-05,0.136,-0.8
12991,5.5182e-05,0.136,-0.8
12992,5.5184000000000006e-05,0.136,-0.8
12993,5.5186e-05,0.144,-0.8
12994,5.5188e-05,0.136,-0.8
12995,5.5190000000000005e-05,0.136,-0.8
12996,5.5192e-05,0.136,-0.8
12997,5.5194e-05,0.144,-0.8
12998,5.5196000000000005e-05,0.136,-0.8
12999,5.5198e-05,0.136,-0.8
13000,5.52e-05,0.136,-0.8
13001,5.5202000000000004e-05,0.144,-0.8
13002,5.5204e-05,0.136,-0.8
13003,5.5206e-05,0.136,-0.8
13004,5.5208000000000004e-05,0.136,-0.8
13005,5.521e-05,0.144,-0.8
13006,5.5212e-05,0.136,-0.8
13007,5.5214000000000004e-05,0.136,-0.8
13008,5.521600000000001e-05,0.136,-0.8
13009,5.5218e-05,0.144,-0.8
13010,5.522e-05,0.136,-0.8
13011,5.522200000000001e-05,0.136,-0.8
13012,5.5224e-05,0.136,-0.8
13013,5.5226e-05,0.144,-0.8
13014,5.522800000000001e-05,0.136,-0.8
13015,5.5230000000000005e-05,0.136,-0.8
13016,5.5232e-05,0.136,-0.8
13017,5.523400000000001e-05,0.144,-0.8
13018,5.5236000000000004e-05,0.136,-0.8
13019,5.5238e-05,0.136,-0.8
13020,5.5240000000000006e-05,0.136,-0.8
13021,5.5242000000000004e-05,0.144,-0.8
13022,5.5244e-05,0.136,-0.8
13023,5.5246000000000006e-05,0.144,-0.8
13024,5.5248000000000004e-05,0.136,-0.8
13025,5.525e-05,0.144,-0.8
13026,5.5252000000000006e-05,0.144,-0.8
13027,5.5254e-05,0.144,-0.8
13028,5.5256e-05,0.136,-0.8
13029,5.5258000000000005e-05,0.144,-0.8
13030,5.526e-05,0.136,-0.8
13031,5.5262e-05,0.144,-0.8
13032,5.5264000000000005e-05,0.136,-0.8
13033,5.5266e-05,0.144,-0.8
13034,5.5268e-05,0.136,-0.8
13035,5.5270000000000004e-05,0.144,-0.8
13036,5.5272e-05,0.144,-0.8
13037,5.5274e-05,0.152,-0.8
13038,5.5276000000000004e-05,0.144,-0.8
13039,5.5278e-05,0.144,-0.8
13040,5.528e-05,0.136,-0.8
13041,5.5282000000000004e-05,0.152,-0.8
13042,5.528400000000001e-05,0.144,-0.8
13043,5.5286e-05,0.144,-0.8
13044,5.5288e-05,0.136,-0.8
13045,5.529000000000001e-05,0.152,-0.8
13046,5.5292e-05,0.144,-0.8
13047,5.5294e-05,0.144,-0.8
13048,5.529600000000001e-05,0.144,-0.8
13049,5.5298000000000005e-05,0.152,-0.8
13050,5.53e-05,0.144,-0.8
13051,5.530200000000001e-05,0.144,-0.8
13052,5.5304000000000004e-05,0.144,-0.8
13053,5.5306e-05,0.152,-0.8
13054,5.5308000000000006e-05,0.144,-0.8
13055,5.5310000000000004e-05,0.144,-0.8
13056,5.5312e-05,0.144,-0.8
13057,5.5314000000000006e-05,0.152,-0.8
13058,5.5316000000000004e-05,0.144,-0.8
13059,5.5318e-05,0.144,-0.8
13060,5.5320000000000006e-05,0.144,-0.8
13061,5.5322e-05,0.152,-0.8
13062,5.5324e-05,0.144,-0.8
13063,5.5326000000000005e-05,0.144,-0.8
13064,5.5328e-05,0.144,-0.8
13065,5.533e-05,0.152,-0.8
13066,5.5332000000000005e-05,0.144,-0.8
13067,5.5334e-05,0.144,-0.8
13068,5.5336e-05,0.144,-0.8
13069,5.5338000000000004e-05,0.152,-0.8
13070,5.534e-05,0.144,-0.8
13071,5.5342e-05,0.144,-0.8
13072,5.5344000000000004e-05,0.144,-0.8
13073,5.5346e-05,0.152,-0.8
13074,5.5348e-05,0.144,-0.8
13075,5.5350000000000004e-05,0.144,-0.8
13076,5.535200000000001e-05,0.144,-0.8
13077,5.5354e-05,0.152,-0.8
13078,5.5356e-05,0.144,-0.8
13079,5.535800000000001e-05,0.144,-0.8
13080,5.536e-05,0.144,-0.8
13081,5.5362e-05,0.152,-0.8
13082,5.536400000000001e-05,0.144,-0.8
13083,5.5366000000000005e-05,0.144,-0.8
13084,5.5368e-05,0.144,-0.8
13085,5.537000000000001e-05,0.152,-0.8
13086,5.5372000000000004e-05,0.144,-0.8
13087,5.5374e-05,0.144,-0.8
13088,5.5376000000000006e-05,0.144,-0.8
13089,5.5378000000000004e-05,0.152,-0.8
13090,5.538e-05,0.144,-0.8
13091,5.5382000000000006e-05,0.152,-0.8
13092,5.5384000000000004e-05,0.144,-0.8
13093,5.5386e-05,0.152,-0.8
13094,5.5388000000000006e-05,0.144,-0.8
13095,5.539e-05,0.144,-0.8
13096,5.5392e-05,0.144,-0.8
13097,5.5394000000000005e-05,0.152,-0.8
13098,5.5396e-05,0.144,-0.8
13099,5.5398e-05,0.144,-0.8
13100,5.5400000000000005e-05,0.144,-0.8
13101,5.5402e-05,0.152,-0.8
13102,5.5404e-05,0.144,-0.8
13103,5.5406000000000005e-05,0.144,-0.000174
13104,5.5408e-05,0.152,-0.8
13105,5.541e-05,0.152,-0.8
13106,5.5412000000000004e-05,0.144,-0.8
13107,5.5414e-05,0.152,-0.8
13108,5.5416e-05,0.144,-0.000174
13109,5.5418000000000004e-05,0.152,-0.8
13110,5.542000000000001e-05,0.144,-0.8
13111,5.5422e-05,0.152,-0.8
13112,5.5424e-05,0.144,-0.8
13113,5.542600000000001e-05,0.152,-0.8
13114,5.5428e-05,0.152,-0.8
13115,5.543e-05,0.152,-0.8
13116,5.543200000000001e-05,0.144,-0.8
13117,5.5434000000000005e-05,0.152,-0.8
13118,5.5436e-05,0.144,-0.8
13119,5.543800000000001e-05,0.152,-0.8
13120,5.5440000000000005e-05,0.144,-0.8
13121,5.5442e-05,0.16,-0.8
13122,5.5444000000000007e-05,0.152,-0.8
13123,5.5446000000000004e-05,0.152,-0.8
13124,5.5448e-05,0.144,-0.8
13125,5.5450000000000006e-05,0.152,-0.8
13126,5.5452000000000004e-05,0.152,-0.8
13127,5.5454e-05,0.152,-0.8
13128,5.5456000000000006e-05,0.144,-0.8
13129,5.5458e-05,0.152,-0.8
13130,5.546e-05,0.152,-0.8
13131,5.5462000000000005e-05,0.152,-0.8
13132,5.5464e-05,0.144,-0.8
13133,5.5466e-05,0.16,-0.8
13134,5.5468000000000005e-05,0.144,-0.8
13135,5.547e-05,0.152,-0.8
13136,5.5472e-05,0.144,-0.8
13137,5.5474000000000005e-05,0.16,-0.8
13138,5.5476e-05,0.152,-0.8
13139,5.5478e-05,0.152,-0.8
13140,5.5480000000000004e-05,0.144,-0.8
13141,5.5482e-05,0.16,-0.8
13142,5.5484e-05,0.152,-0.8
13143,5.5486000000000004e-05,0.152,-0.8
13144,5.548800000000001e-05,0.144,-0.8
13145,5.549e-05,0.16,-0.8
13146,5.5492e-05,0.152,-0.8
13147,5.549400000000001e-05,0.152,-0.8
13148,5.5496e-05,0.152,-0.8
13149,5.5498e-05,0.16,-0.8
13150,5.550000000000001e-05,0.152,-0.8
13151,5.5502000000000005e-05,0.152,-0.8
13152,5.5504e-05,0.144,-0.8
13153,5.550600000000001e-05,0.16,-0.8
13154,5.5508000000000005e-05,0.152,-0.8
13155,5.551e-05,0.152,-0.8
13156,5.5512000000000007e-05,0.152,-0.8
13157,5.5514000000000004e-05,0.16,-0.8
13158,5.5516e-05,0.152,-0.8
13159,5.5518000000000006e-05,0.152,-0.8
13160,5.5520000000000004e-05,0.152,-0.8
13161,5.5522e-05,0.16,-0.8
13162,5.5524000000000006e-05,0.152,-0.8
13163,5.5526e-05,0.152,-0.8
13164,5.5528e-05,0.152,-0.8
13165,5.5530000000000005e-05,0.16,-0.8
13166,5.5532e-05,0.152,-0.8
13167,5.5534e-05,0.152,-0.8
13168,5.5536000000000005e-05,0.152,-0.8
13169,5.5538e-05,0.16,-0.8
13170,5.554e-05,0.152,-0.8
13171,5.5542000000000005e-05,0.16,-0.8
13172,5.5544e-05,0.152,-0.8
13173,5.5546e-05,0.16,-0.8
13174,5.5548000000000004e-05,0.152,-0.8
13175,5.555e-05,0.152,-0.8
13176,5.5552e-05,0.152,-0.8
13177,5.5554000000000004e-05,0.16,-0.8
13178,5.555600000000001e-05,0.152,-0.8
13179,5.5558e-05,0.16,-0.8
13180,5.556e-05,0.152,-0.8
13181,5.556200000000001e-05,0.16,-0.8
13182,5.5564e-05,0.152,-0.8
13183,5.5566e-05,0.152,-0.8
13184,5.556800000000001e-05,0.152,-0.8
13185,5.5570000000000005e-05,0.16,-0.8
13186,5.5572e-05,0.152,-0.8
13187,5.557400000000001e-05,0.16,-0.8
13188,5.5576000000000005e-05,0.152,-0.8
13189,5.5578e-05,0.16,-0.8
13190,5.5580000000000007e-05,0.152,-0.8
13191,5.5582000000000004e-05,0.16,-0.8
13192,5.5584e-05,0.152,-0.8
13193,5.5586000000000006e-05,0.16,-0.8
13194,5.5588000000000004e-05,0.152,-0.8
13195,5.559e-05,0.152,-0.8
13196,5.5592000000000006e-05,0.152,-0.8
13197,5.5594e-05,0.16,-0.8
13198,5.5596e-05,0.152,-0.8
13199,5.5598000000000005e-05,0.16,-0.8
13200,5.56e-05,0.152,-0.8
13201,5.5602e-05,0.16,-0.8
13202,5.5604000000000005e-05,0.152,-0.8
13203,5.5606e-05,0.16,-0.8
13204,5.5608e-05,0.152,-0.8
13205,5.5610000000000005e-05,0.16,-0.8
13206,5.5612e-05,0.152,-0.8
13207,5.5614e-05,0.16,-0.8
13208,5.5616000000000004e-05,0.152,-0.8
13209,5.5618e-05,0.168,-0.8
13210,5.562e-05,0.152,-0.8
13211,5.5622000000000004e-05,0.16,-0.8
13212,5.562400000000001e-05,0.152,-0.8
13213,5.5626e-05,0.168,-0.8
13214,5.5628000000000003e-05,0.152,-0.8
13215,5.563000000000001e-05,0.16,-0.8
13216,5.5632e-05,0.152,-0.8
13217,5.5634e-05,0.168,-0.8
13218,5.563600000000001e-05,0.16,-0.8
13219,5.5638e-05,0.16,-0.8
13220,5.564e-05,0.152,-0.8
13221,5.564200000000001e-05,0.168,-0.8
13222,5.5644000000000005e-05,0.152,-0.8
13223,5.5646e-05,0.16,-0.8
13224,5.5648000000000007e-05,0.152,-0.8
13225,5.5650000000000004e-05,0.168,-0.8
13226,5.5652e-05,0.16,-0.8
13227,5.5654000000000006e-05,0.16,-0.8
13228,5.5656000000000004e-05,0.152,-0.8
13229,5.5658e-05,0.168,-0.8
13230,5.5660000000000006e-05,0.16,-0.8
13231,5.5662000000000003e-05,0.16,-0.8
13232,5.5664e-05,0.152,-0.8
13233,5.5666000000000005e-05,0.168,-0.8
13234,5.5668e-05,0.16,-0.8
13235,5.567e-05,0.16,-0.8
13236,5.5672000000000005e-05,0.16,-0.8
13237,5.5674e-05,0.168,-0.8
13238,5.5676e-05,0.16,-0.8
13239,5.5678000000000005e-05,0.16,-0.8
13240,5.568e-05,0.16,-0.8
13241,5.5682e-05,0.168,-0.8
13242,5.5684000000000004e-05,0.16,-0.8
13243,5.5686e-05,0.16,-0.8
13244,5.5688e-05,0.16,-0.8
13245,5.5690000000000004e-05,0.168,-0.8
13246,5.569200000000001e-05,0.16,-0.8
13247,5.5694e-05,0.16,-0.8
13248,5.5696000000000003e-05,0.16,-0.8
13249,5.569800000000001e-05,0.168,-0.8
13250,5.57e-05,0.16,-0.8
13251,5.5702e-05,0.16,-0.8
13252,5.570400000000001e-05,0.16,-0.8
13253,5.5706e-05,0.168,-0.8
13254,5.5708e-05,0.16,-0.8
13255,5.571000000000001e-05,0.16,-0.8
13256,5.5712000000000005e-05,0.16,-0.8
13257,5.5714e-05,0.168,-0.8
13258,5.571600000000001e-05,0.16,-0.8
13259,5.5718000000000004e-05,0.16,-0.8
13260,5.572e-05,0.16,-0.8
13261,5.5722000000000006e-05,0.168,-0.8
13262,5.5724000000000004e-05,0.16,-0.8
13263,5.5726e-05,0.16,-0.8
13264,5.5728000000000006e-05,0.16,-0.8
13265,5.5730000000000003e-05,0.168,-0.8
13266,5.5732e-05,0.16,-0.8
13267,5.5734000000000005e-05,0.16,-0.8
13268,5.5736e-05,0.16,-0.8
13269,5.5738e-05,0.168,-0.8
13270,5.5740000000000005e-05,0.16,-0.8
13271,5.5742e-05,0.168,-0.8
13272,5.5744e-05,0.16,-0.8
13273,5.5746000000000005e-05,0.168,-0.8
13274,5.5748e-05,0.16,-0.8
13275,5.575e-05,0.16,-0.8
13276,5.5752000000000004e-05,0.16,-0.8
13277,5.5754e-05,0.168,-0.8
13278,5.5756e-05,0.16,-0.8
13279,5.5758000000000004e-05,0.16,-0.8
13280,5.576000000000001e-05,0.16,-0.8
13281,5.5762e-05,0.176,-0.8
13282,5.5764000000000003e-05,0.16,-0.8
13283,5.576600000000001e-05,0.168,-0.8
13284,5.5768e-05,0.16,-0.8
13285,5.577e-05,0.168,-0.8
13286,5.577200000000001e-05,0.16,-0.8
13287,5.5774e-05,0.168,-0.8
13288,5.5776e-05,0.16,-0.8
13289,5.577800000000001e-05,0.176,-0.8
13290,5.5780000000000005e-05,0.16,-0.8
13291,5.5782e-05,0.168,-0.8
13292,5.578400000000001e-05,0.16,-0.8
13293,5.5786000000000004e-05,0.176,-0.8
13294,5.5788e-05,0.16,-0.8
13295,5.5790000000000006e-05,0.16,-0.8
13296,5.5792000000000004e-05,0.16,-0.8
13297,5.5794e-05,0.168,-0.8
13298,5.5796000000000006e-05,0.16,-0.8
13299,5.5798000000000003e-05,0.168,-0.8
13300,5.58e-05,0.16,-0.000174
13301,5.5802000000000005e-05,0.176,-0.8
13302,5.5804e-05,0.168,-0.8
13303,5.5806e-05,0.16,-0.000174
13304,5.5808000000000005e-05,0.168,-0.8
13305,5.581e-05,0.176,-0.8
13306,5.5812e-05,0.168,-0.8
13307,5.5814000000000005e-05,0.168,-0.8
13308,5.5816e-05,0.16,-0.000174
13309,5.5818e-05,0.176,-0.8
13310,5.5820000000000004e-05,0.16,-0.8
13311,5.5822e-05,0.168,-0.8
13312,5.5824e-05,0.16,-0.8
13313,5.5826000000000004e-05,0.168,-0.8
13314,5.582800000000001e-05,0.168,-0.8
13315,5.583e-05,0.168,-0.8
13316,5.5832000000000003e-05,0.16,-0.8
13317,5.583400000000001e-05,0.176,-0.8
13318,5.5836e-05,0.168,-0.8
13319,5.5838e-05,0.168,-0.8
13320,5.584000000000001e-05,0.168,-0.000174
13321,5.5842e-05,0.176,-0.8
13322,5.5844e-05,0.168,-0.8
13323,5.584600000000001e-05,0.168,-0.8
13324,5.5848000000000005e-05,0.168,-0.8
13325,5.585e-05,0.176,-0.8
13326,5.585200000000001e-05,0.168,-0.8
13327,5.5854000000000004e-05,0.168,-0.8
13328,5.5856e-05,0.168,-0.8
13329,5.5858000000000006e-05,0.176,-0.8
13330,5.5860000000000004e-05,0.168,-0.8
13331,5.5862e-05,0.168,-0.8
13332,5.5864000000000006e-05,0.168,-0.8
13333,5.5866000000000003e-05,0.176,-0.8
13334,5.5868e-05,0.168,-0.8
13335,5.5870000000000005e-05,0.168,-0.8
13336,5.5872e-05,0.168,-0.8
13337,5.5874e-05,0.176,-0.8
13338,5.5876000000000005e-05,0.168,-0.8
13339,5.5878e-05,0.168,-0.8
13340,5.588e-05,0.168,-0.8
13341,5.5882000000000005e-05,0.176,-0.8
13342,5.5884e-05,0.168,-0.8
13343,5.5886e-05,0.168,-0.8
13344,5.5888000000000004e-05,0.168,-0.8
13345,5.589e-05,0.176,-0.8
13346,5.5892e-05,0.168,-0.8
13347,5.5894000000000004e-05,0.168,-0.8
13348,5.589600000000001e-05,0.168,-0.8
13349,5.5898e-05,0.176,-0.8
13350,5.5900000000000004e-05,0.168,-0.8
13351,5.590200000000001e-05,0.168,-0.8
13352,5.5904e-05,0.168,-0.8
13353,5.5906e-05,0.176,-0.8
13354,5.590800000000001e-05,0.168,-0.8
13355,5.591e-05,0.168,-0.8
13356,5.5912e-05,0.168,-0.8
13357,5.591400000000001e-05,0.176,-0.8
13358,5.5916000000000005e-05,0.168,-0.8
13359,5.5918e-05,0.176,-0.8
13360,5.592000000000001e-05,0.168,-0.8
13361,5.5922000000000004e-05,0.176,-0.8
13362,5.5924e-05,0.168,-0.8
13363,5.5926000000000006e-05,0.176,-0.8
13364,5.5928000000000004e-05,0.168,-0.8
13365,5.593e-05,0.176,-0.8
13366,5.5932000000000006e-05,0.168,-0.8
13367,5.5934000000000004e-05,0.168,-0.8
13368,5.5936e-05,0.168,-0.8
13369,5.5938000000000006e-05,0.176,-0.8
13370,5.594e-05,0.168,-0.8
13371,5.5942e-05,0.176,-0.8
13372,5.5944000000000005e-05,0.168,-0.000174
13373,5.5946e-05,0.176,-0.8
13374,5.5948e-05,0.168,-0.8
13375,5.5950000000000005e-05,0.176,-0.8
13376,5.5952e-05,0.168,-0.8
13377,5.5954e-05,0.176,-0.8
13378,5.5956000000000004e-05,0.176,-0.8
13379,5.5958e-05,0.176,-0.8
13380,5.596e-05,0.168,-0.8
13381,5.5962000000000004e-05,0.184,-0.8
13382,5.596400000000001e-05,0.168,-0.8
13383,5.5966e-05,0.176,-0.8
13384,5.5968000000000004e-05,0.168,-0.8
13385,5.597000000000001e-05,0.176,-0.8
13386,5.5972e-05,0.176,-0.8
13387,5.5974e-05,0.176,-0.8
13388,5.597600000000001e-05,0.168,-0.8
13389,5.5978e-05,0.184,-0.8
13390,5.598e-05,0.176,-0.8
13391,5.598200000000001e-05,0.176,-0.8
13392,5.5984000000000005e-05,0.168,-0.8
13393,5.5986e-05,0.184,-0.8
13394,5.598800000000001e-05,0.176,-0.8
13395,5.5990000000000004e-05,0.176,-0.8
13396,5.5992e-05,0.176,-0.8
13397,5.5994000000000006e-05,0.176,-0.8
13398,5.5996000000000004e-05,0.176,-0.8
13399,5.5998e-05,0.176,-0.8
13400,5.6000000000000006e-05,0.168,-0.8
13401,5.6002000000000004e-05,0.184,-0.8
13402,5.6004e-05,0.176,-0.8
13403,5.6006000000000006e-05,0.176,-0.8
13404,5.6008e-05,0.168,-0.8
13405,5.601e-05,0.184,-0.8
13406,5.6012000000000005e-05,0.176,-0.8
13407,5.6014e-05,0.176,-0.8
13408,5.6016e-05,0.176,-0.8
13409,5.6018000000000005e-05,0.184,-0.8
13410,5.602e-05,0.176,-0.8
13411,5.6022e-05,0.176,-0.8
13412,5.6024000000000004e-05,0.176,-0.8
13413,5.6026e-05,0.184,-0.8
13414,5.6028e-05,0.176,-0.8
13415,5.6030000000000004e-05,0.176,-0.8
13416,5.603200000000001e-05,0.176,-0.8
13417,5.6034e-05,0.184,-0.8
13418,5.6036000000000004e-05,0.176,-0.8
13419,5.603800000000001e-05,0.176,-0.8
13420,5.604e-05,0.176,-0.8
13421,5.6042e-05,0.184,-0.8
13422,5.604400000000001e-05,0.176,-0.8
13423,5.6046e-05,0.176,-0.8
13424,5.6048e-05,0.176,-0.8
13425,5.605000000000001e-05,0.184,-0.8
13426,5.6052000000000005e-05,0.176,-0.8
13427,5.6054e-05,0.176,-0.8
13428,5.605600000000001e-05,0.176,-0.8
13429,5.6058000000000004e-05,0.184,-0.8
13430,5.606e-05,0.176,-0.8
13431,5.6062000000000006e-05,0.176,-0.8
13432,5.6064000000000004e-05,0.176,-0.8
13433,5.6066e-05,0.184,-0.8
13434,5.6068000000000006e-05,0.176,-0.8
13435,5.6070000000000004e-05,0.176,-0.8
13436,5.6072e-05,0.176,-0.8
13437,5.6074000000000006e-05,0.184,-0.8
13438,5.6076e-05,0.176,-0.8
13439,5.6078e-05,0.176,-0.8
13440,5.6080000000000005e-05,0.176,-0.8
13441,5.6082e-05,0.184,-0.8
13442,5.6084e-05,0.176,-0.8
13443,5.6086000000000005e-05,0.176,-0.8
13444,5.6088e-05,0.176,-0.8
13445,5.609e-05,0.184,-0.8
13446,5.6092000000000004e-05,0.176,-0.8
13447,5.6094e-05,0.176,-0.8
13448,5.6096e-05,0.176,-0.8
13449,5.6098000000000004e-05,0.184,-0.8
13450,5.610000000000001e-05,0.176,-0.8
13451,5.6102e-05,0.184,-0.8
13452,5.6104000000000004e-05,0.176,-0.8
13453,5.610600000000001e-05,0.184,-0.8
13454,5.6108e-05,0.176,-0.8
13455,5.611e-05,0.176,-0.8
13456,5.611200000000001e-05,0.176,-0.8
13457,5.6114e-05,0.184,-0.8
13458,5.6116e-05,0.176,-0.8
13459,5.611800000000001e-05,0.184,-0.8
13460,5.6120000000000005e-05,0.176,-0.000174
13461,5.6122e-05,0.192,-0.8
13462,5.612400000000001e-05,0.176,-0.8
13463,5.6126000000000004e-05,0.176,-0.8
13464,5.6128e-05,0.176,-0.8
13465,5.6130000000000006e-05,0.184,-0.8
13466,5.6132000000000004e-05,0.184,-0.8
13467,5.6134e-05,0.184,-0.8
13468,5.6136000000000006e-05,0.176,-0.8
13469,5.6138000000000004e-05,0.184,-0.8
13470,5.614e-05,0.176,-0.8
13471,5.6142000000000006e-05,0.184,-0.8
13472,5.6144e-05,0.176,-0.8
13473,5.6146e-05,0.184,-0.8
13474,5.6148000000000005e-05,0.184,-0.8
13475,5.615e-05,0.184,-0.8
13476,5.6152e-05,0.176,-0.8
13477,5.6154000000000005e-05,0.184,-0.8
13478,5.6156e-05,0.184,-0.8
13479,5.6158e-05,0.184,-0.8
13480,5.6160000000000004e-05,0.176,-0.8
13481,5.6162e-05,0.192,-0.8
13482,5.6164e-05,0.184,-0.8
13483,5.6166000000000004e-05,0.184,-0.8
13484,5.616800000000001e-05,0.184,-0.8
13485,5.617e-05,0.192,-0.8
13486,5.6172000000000004e-05,0.184,-0.8
13487,5.617400000000001e-05,0.184,-0.8
13488,5.6176e-05,0.176,-0.8
13489,5.6178e-05,0.192,-0.8
13490,5.618000000000001e-05,0.176,-0.8
13491,5.6182e-05,0.184,-0.8
13492,5.6184e-05,0.176,-0.8
13493,5.618600000000001e-05,0.192,-0.8
13494,5.6188000000000005e-05,0.184,-0.8
13495,5.619e-05,0.184,-0.000174
13496,5.619200000000001e-05,0.176,-0.8
13497,5.6194000000000004e-05,0.192,-0.8
13498,5.6196e-05,0.184,-0.8
13499,5.6198000000000006e-05,0.184,-0.8
13500,5.6200000000000004e-05,0.184,-0.000174
13501,5.6202e-05,0.192,-0.8
13502,5.6204000000000006e-05,0.184,-0.8
13503,5.6206000000000004e-05,0.184,-0.000174
13504,5.6208e-05,0.184,-0.8
13505,5.6210000000000006e-05,0.192,-0.8
13506,5.6212e-05,0.184,-0.8
13507,5.6214e-05,0.192,-0.8
13508,5.6216000000000005e-05,0.176,-0.8
13509,5.6218e-05,0.192,-0.8
13510,5.622e-05,0.184,-0.8
13511,5.6222000000000005e-05,0.184,-0.8
13512,5.6224e-05,0.184,-0.8
13513,5.6226e-05,0.192,-0.8
13514,5.6228000000000004e-05,0.184,-0.8
13515,5.623e-05,0.184,-0.8
13516,5.6232e-05,0.184,-0.8
13517,5.6234000000000004e-05,0.192,-0.8
13518,5.6236e-05,0.184,-0.8
13519,5.6238e-05,0.184,-0.8
13520,5.6240000000000004e-05,0.184,-0.8
13521,5.624200000000001e-05,0.192,-0.8
13522,5.6244e-05,0.184,-0.8
13523,5.6246e-05,0.184,-0.8
13524,5.624800000000001e-05,0.184,-0.8
13525,5.625e-05,0.192,-0.8
13526,5.6252e-05,0.184,-0.8
13527,5.625400000000001e-05,0.192,-0.8
13528,5.6256000000000005e-05,0.184,-0.8
13529,5.6258e-05,0.192,-0.8
13530,5.626000000000001e-05,0.184,-0.8
13531,5.6262000000000004e-05,0.192,-0.8
13532,5.6264e-05,0.184,-0.8
13533,5.6266000000000006e-05,0.192,-0.8
13534,5.6268000000000004e-05,0.184,-0.8
13535,5.627e-05,0.184,-0.8
13536,5.6272000000000006e-05,0.184,-0.8
13537,5.6274000000000004e-05,0.192,-0.8
13538,5.6276e-05,0.184,-0.8
13539,5.6278000000000006e-05,0.184,-0.8
13540,5.628e-05,0.184,-0.8
13541,5.6282e-05,0.2,-0.8
13542,5.6284000000000005e-05,0.184,-0.8
13543,5.6286e-05,0.192,-0.8
13544,5.6288e-05,0.184,-0.8
13545,5.6290000000000005e-05,0.192,-0.8
13546,5.6292e-05,0.184,-0.8
13547,5.6294e-05,0.192,-0.8
13548,5.6296000000000004e-05,0.184,-0.8
13549,5.6298e-05,0.192,-0.8
13550,5.63e-05,0.184,-0.8
13551,5.6302000000000004e-05,0.192,-0.8
13552,5.6304e-05,0.184,-0.8
13553,5.6306e-05,0.192,-0.8
13554,5.6308000000000004e-05,0.192,-0.8
13555,5.631000000000001e-05,0.192,-0.8
13556,5.6312e-05,0.184,-0.8
13557,5.6314e-05,0.192,-0.8
13558,5.631600000000001e-05,0.184,-0.8
13559,5.6318e-05,0.192,-0.8
13560,5.632e-05,0.184,-0.8
13561,5.632200000000001e-05,0.2,-0.8
13562,5.6324000000000005e-05,0.192,-0.8
13563,5.6326e-05,0.192,-0.8
13564,5.632800000000001e-05,0.184,-0.8
13565,5.6330000000000004e-05,0.192,-0.8
13566,5.6332e-05,0.184,-0.8
13567,5.6334000000000006e-05,0.192,-0.8
13568,5.6336000000000004e-05,0.184,-0.8
13569,5.6338e-05,0.2,-0.8
13570,5.6340000000000006e-05,0.184,-0.8
13571,5.6342000000000004e-05,0.192,-0.8
13572,5.6344e-05,0.192,-0.8
13573,5.6346000000000006e-05,0.2,-0.8
13574,5.6348e-05,0.192,-0.8
13575,5.635e-05,0.192,-0.8
13576,5.6352000000000005e-05,0.184,-0.8
13577,5.6354e-05,0.2,-0.8
13578,5.6356e-05,0.184,-0.8
13579,5.6358000000000005e-05,0.192,-0.8
13580,5.636e-05,0.192,-0.8
13581,5.6362e-05,0.2,-0.8
13582,5.6364000000000004e-05,0.192,-0.8
13583,5.6366e-05,0.192,-0.8
13584,5.6368e-05,0.192,-0.8
13585,5.6370000000000004e-05,0.2,-0.8
13586,5.6372e-05,0.192,-0.8
13587,5.6374e-05,0.192,-0.8
13588,5.6376000000000004e-05,0.192,-0.8
13589,5.637800000000001e-05,0.2,-0.8
13590,5.638e-05,0.192,-0.8
13591,5.6382e-05,0.192,-0.8
13592,5.638400000000001e-05,0.184,-0.8
13593,5.6386e-05,0.2,-0.8
13594,5.6388e-05,0.192,-0.8
13595,5.639000000000001e-05,0.192,-0.8
13596,5.6392000000000005e-05,0.192,-0.8
13597,5.6394e-05,0.2,-0.8
13598,5.639600000000001e-05,0.192,-0.8
13599,5.6398000000000004e-05,0.192,-0.8
13600,5.64e-05,0.192,-0.8
13601,5.6402000000000006e-05,0.2,-0.8
13602,5.6404000000000004e-05,0.192,-0.8
13603,5.6406e-05,0.192,-0.8
13604,5.6408000000000006e-05,0.192,-0.8
13605,5.6410000000000004e-05,0.2,-0.8
13606,5.6412e-05,0.192,-0.8
13607,5.6414000000000006e-05,0.192,-0.8
13608,5.6416e-05,0.192,-0.8
13609,5.6418e-05,0.2,-0.8
13610,5.6420000000000005e-05,0.192,-0.8
13611,5.6422e-05,0.192,-0.8
13612,5.6424e-05,0.192,-0.8
13613,5.6426000000000005e-05,0.2,-0.8
13614,5.6428e-05,0.192,-0.8
13615,5.643e-05,0.192,-0.8
13616,5.6432000000000005e-05,0.192,-0.8
13617,5.6434e-05,0.2,-0.8
13618,5.6436e-05,0.192,-0.8
13619,5.6438000000000004e-05,0.2,-0.8
13620,5.644e-05,0.192,-0.8
13621,5.6442e-05,0.2,-0.8
13622,5.6444000000000004e-05,0.192,-0.8
13623,5.644600000000001e-05,0.2,-0.8
13624,5.6448e-05,0.192,-0.8
13625,5.645e-05,0.2,-0.8
13626,5.645200000000001e-05,0.192,-0.8
13627,5.6454e-05,0.192,-0.8
13628,5.6456e-05,0.192,-0.8
13629,5.645800000000001e-05,0.2,-0.8
13630,5.6460000000000005e-05,0.192,-0.8
13631,5.6462e-05,0.2,-0.8
13632,5.646400000000001e-05,0.192,-0.8
13633,5.6466000000000005e-05,0.208,-0.8
13634,5.6468e-05,0.192,-0.8
13635,5.6470000000000007e-05,0.2,-0.8
13636,5.6472000000000004e-05,0.192,-0.8
13637,5.6474e-05,0.2,-0.8
13638,5.6476000000000006e-05,0.192,-0.8
13639,5.6478000000000004e-05,0.2,-0.8
13640,5.648e-05,0.192,-0.000174
13641,5.6482000000000006e-05,0.208,-0.8
13642,5.6484e-05,0.192,-0.8
13643,5.6486e-05,0.2,-0.8
13644,5.6488000000000005e-05,0.192,-0.8
13645,5.649e-05,0.2,-0.8
13646,5.6492e-05,0.192,-0.8
13647,5.6494000000000005e-05,0.2,-0.8
13648,5.6496e-05,0.192,-0.8
13649,5.6498e-05,0.208,-0.8
13650,5.6500000000000005e-05,0.192,-0.8
13651,5.6502e-05,0.2,-0.8
13652,5.6504e-05,0.192,-0.8
13653,5.6506000000000004e-05,0.208,-0.8
13654,5.6508e-05,0.2,-0.8
13655,5.651e-05,0.2,-0.8
13656,5.6512000000000004e-05,0.192,-0.8
13657,5.651400000000001e-05,0.208,-0.8
13658,5.6516e-05,0.2,-0.8
13659,5.6518e-05,0.2,-0.8
13660,5.652000000000001e-05,0.192,-0.8
13661,5.6522e-05,0.208,-0.8
13662,5.6524e-05,0.192,-0.8
13663,5.652600000000001e-05,0.2,-0.8
13664,5.6528000000000005e-05,0.192,-0.8
13665,5.653e-05,0.208,-0.8
13666,5.653200000000001e-05,0.2,-0.8
13667,5.6534000000000005e-05,0.2,-0.8
13668,5.6536e-05,0.192,-0.8
13669,5.6538000000000007e-05,0.208,-0.8
13670,5.6540000000000004e-05,0.2,-0.8
13671,5.6542e-05,0.2,-0.8
13672,5.6544000000000006e-05,0.192,-0.8
13673,5.6546000000000004e-05,0.208,-0.8
13674,5.6548e-05,0.2,-0.8
13675,5.6550000000000006e-05,0.2,-0.8
13676,5.6552e-05,0.2,-0.8
13677,5.6554e-05,0.208,-0.8
13678,5.6556000000000005e-05,0.2,-0.8
13679,5.6558e-05,0.2,-0.8
13680,5.656e-05,0.192,-0.8
13681,5.6562000000000005e-05,0.208,-0.8
13682,5.6564e-05,0.2,-0.8
13683,5.6566e-05,0.2,-0.8
13684,5.6568000000000005e-05,0.2,-0.8
13685,5.657e-05,0.208,-0.8
13686,5.6572e-05,0.2,-0.8
13687,5.6574000000000004e-05,0.2,-0.8
13688,5.6576e-05,0.2,-0.8
13689,5.6578e-05,0.208,-0.8
13690,5.6580000000000004e-05,0.2,-0.8
13691,5.658200000000001e-05,0.2,-0.8
13692,5.6584e-05,0.2,-0.8
13693,5.6586e-05,0.208,-0.8
13694,5.658800000000001e-05,0.2,-0.8
13695,5.659e-05,0.2,-0.8
13696,5.6592e-05,0.2,-0.8
13697,5.659400000000001e-05,0.208,-0.000174
13698,5.6596000000000005e-05,0.2,-0.8
13699,5.6598e-05,0.2,-0.8
13700,5.660000000000001e-05,0.2,-0.000174
13701,5.6602000000000005e-05,0.208,-0.8
13702,5.6604e-05,0.2,-0.8
13703,5.6606000000000007e-05,0.2,-0.000174
13704,5.6608000000000004e-05,0.2,-0.8
13705,5.661e-05,0.208,-0.8
13706,5.6612000000000006e-05,0.2,-0.8
13707,5.6614000000000004e-05,0.208,-0.8
13708,5.6616e-05,0.192,-0.000174
13709,5.6618000000000006e-05,0.208,-0.8
13710,5.6620000000000003e-05,0.2,-0.8
13711,5.6622e-05,0.2,-0.8
13712,5.6624000000000005e-05,0.2,-0.8
13713,5.6626e-05,0.208,-0.000174
13714,5.6628e-05,0.2,-0.8
13715,5.6630000000000005e-05,0.2,-0.8
13716,5.6632e-05,0.2,-0.8
13717,5.6634e-05,0.208,-0.8
13718,5.6636000000000005e-05,0.2,-0.8
13719,5.6638e-05,0.208,-0.8
13720,5.664e-05,0.2,-0.8
13721,5.6642000000000004e-05,0.216,-0.8
13722,5.6644e-05,0.2,-0.8
13723,5.6646e-05,0.208,-0.8
13724,5.6648000000000004e-05,0.2,-0.8
13725,5.665000000000001e-05,0.208,-0.8
13726,5.6652e-05,0.2,-0.8
13727,5.6654000000000003e-05,0.208,-0.8
13728,5.665600000000001e-05,0.2,-0.8
13729,5.6658e-05,0.216,-0.8
13730,5.666e-05,0.2,-0.8
13731,5.666200000000001e-05,0.208,-0.8
13732,5.6664000000000005e-05,0.2,-0.8
13733,5.6666e-05,0.208,-0.8
13734,5.666800000000001e-05,0.2,-0.8
13735,5.6670000000000005e-05,0.208,-0.8
13736,5.6672e-05,0.2,-0.8
13737,5.6674000000000007e-05,0.216,-0.8
13738,5.6676000000000004e-05,0.208,-0.8
13739,5.6678e-05,0.208,-0.8
13740,5.6680000000000006e-05,0.2,-0.000174
13741,5.6682000000000004e-05,0.216,-0.8
13742,5.6684e-05,0.208,-0.8
13743,5.6686000000000006e-05,0.208,-0.8
13744,5.6688000000000003e-05,0.2,-0.8
13745,5.669e-05,0.216,-0.8
13746,5.6692000000000005e-05,0.208,-0.8
13747,5.6694e-05,0.208,-0.8
13748,5.6696e-05,0.2,-0.8
13749,5.6698000000000005e-05,0.216,-0.8
13750,5.67e-05,0.2,-0.8
13751,5.6702e-05,0.208,-0.8
13752,5.6704000000000005e-05,0.2,-0.000174
13753,5.6706e-05,0.216,-0.8
13754,5.6708e-05,0.208,-0.8
13755,5.6710000000000004e-05,0.208,-0.8
13756,5.6712e-05,0.2,-0.8
13757,5.6714e-05,0.216,-0.8
13758,5.6716000000000004e-05,0.208,-0.8
13759,5.671800000000001e-05,0.208,-0.8
13760,5.672e-05,0.2,-0.000174
13761,5.6722000000000003e-05,0.216,-0.8
13762,5.672400000000001e-05,0.208,-0.8
13763,5.6726e-05,0.208,-0.8
13764,5.6728e-05,0.2,-0.8
13765,5.673000000000001e-05,0.216,-0.8
13766,5.6732000000000005e-05,0.208,-0.8
13767,5.6734e-05,0.208,-0.8
13768,5.673600000000001e-05,0.208,-0.8
13769,5.6738000000000005e-05,0.216,-0.8
13770,5.674e-05,0.208,-0.8
13771,5.674200000000001e-05,0.208,-0.8
13772,5.6744000000000004e-05,0.208,-0.8
13773,5.6746e-05,0.216,-0.8
13774,5.6748000000000006e-05,0.208,-0.8
13775,5.6750000000000004e-05,0.208,-0.8
13776,5.6752e-05,0.208,-0.8
13777,5.6754000000000006e-05,0.216,-0.000174
13778,5.6756000000000003e-05,0.208,-0.8
13779,5.6758e-05,0.208,-0.8
13780,5.6760000000000005e-05,0.2,-0.000174
13781,5.6762e-05,0.216,-0.8
13782,5.6764e-05,0.208,-0.8
13783,5.6766000000000005e-05,0.208,-0.8
13784,5.6768e-05,0.208,-0.8
13785,5.677e-05,0.216,-0.000174
13786,5.6772000000000005e-05,0.208,-0.8
13787,5.6774e-05,0.208,-0.8
13788,5.6776e-05,0.208,-0.8
13789,5.6778000000000004e-05,0.216,-0.8
13790,5.678e-05,0.208,-0.8
13791,5.6782e-05,0.208,-0.8
13792,5.6784000000000004e-05,0.208,-0.000174
13793,5.678600000000001e-05,0.216,-0.8
13794,5.6788e-05,0.208,-0.8
13795,5.6790000000000003e-05,0.208,-0.8
13796,5.679200000000001e-05,0.208,-0.000174
13797,5.6794e-05,0.216,-0.8
13798,5.6796e-05,0.208,-0.8
13799,5.679800000000001e-05,0.208,-0.8
13800,5.6800000000000005e-05,0.208,-0.000174
13801,5.6802e-05,0.224,-0.8
13802,5.680400000000001e-05,0.208,-0.8
13803,5.6806000000000005e-05,0.216,-0.8
13804,5.6808e-05,0.208,-0.8
13805,5.681000000000001e-05,0.216,-0.8
13806,5.6812000000000004e-05,0.208,-0.8
13807,5.6814e-05,0.216,-0.8
13808,5.6816000000000006e-05,0.208,-0.8
13809,5.6818000000000004e-05,0.216,-0.8
13810,5.682e-05,0.208,-0.8
13811,5.6822000000000006e-05,0.216,-0.8
13812,5.6824000000000003e-05,0.208,-0.000174
13813,5.6826e-05,0.216,-0.8
13814,5.6828000000000005e-05,0.208,-0.8
13815,5.683e-05,0.216,-0.000174
13816,5.6832e-05,0.208,-0.8
13817,5.6834000000000005e-05,0.216,-0.8
13818,5.6836e-05,0.208,-0.8
13819,5.6838e-05,0.216,-0.8
13820,5.6840000000000005e-05,0.208,-0.000174
13821,5.6842e-05,0.224,-0.8
13822,5.6844e-05,0.208,-0.8
13823,5.6846000000000004e-05,0.216,-0.8
13824,5.6848e-05,0.208,-0.8
13825,5.685e-05,0.216,-0.8
13826,5.6852000000000004e-05,0.216,-0.8
13827,5.685400000000001e-05,0.216,-0.8
13828,5.6856e-05,0.208,-0.8
13829,5.6858000000000003e-05,0.216,-0.8
13830,5.686000000000001e-05,0.208,-0.8
13831,5.6862e-05,0.216,-0.8
13832,5.6864e-05,0.208,-0.8
13833,5.686600000000001e-05,0.224,-0.8
13834,5.6868e-05,0.216,-0.8
13835,5.687e-05,0.216,-0.8
13836,5.687200000000001e-05,0.208,-0.8
13837,5.6874000000000005e-05,0.224,-0.8
13838,5.6876e-05,0.216,-0.8
13839,5.687800000000001e-05,0.216,-0.8
13840,5.6880000000000004e-05,0.208,-0.000174
13841,5.6882e-05,0.224,-0.8
13842,5.6884000000000006e-05,0.216,-0.8
13843,5.6886000000000004e-05,0.216,-0.8
13844,5.6888e-05,0.208,-0.8
13845,5.6890000000000006e-05,0.224,-0.8
13846,5.6892000000000003e-05,0.216,-0.8
13847,5.6894e-05,0.216,-0.8
13848,5.6896000000000005e-05,0.216,-0.8
13849,5.6898e-05,0.224,-0.8
13850,5.69e-05,0.216,-0.8
13851,5.6902000000000005e-05,0.216,-0.8
13852,5.6904e-05,0.208,-0.000174
13853,5.6906e-05,0.224,-0.8
13854,5.6908000000000005e-05,0.216,-0.8
13855,5.691e-05,0.216,-0.8
13856,5.6912e-05,0.216,-0.8
13857,5.6914000000000004e-05,0.224,-0.8
13858,5.6916e-05,0.216,-0.8
13859,5.6918e-05,0.216,-0.8
13860,5.6920000000000004e-05,0.208,-0.000174
13861,5.692200000000001e-05,0.224,-0.8
13862,5.6924e-05,0.216,-0.8
13863,5.6926000000000004e-05,0.216,-0.000174
13864,5.692800000000001e-05,0.216,-0.8
13865,5.693e-05,0.224,-0.8
13866,5.6932e-05,0.216,-0.8
13867,5.693400000000001e-05,0.216,-0.8
13868,5.6936e-05,0.216,-0.000174
13869,5.6938e-05,0.224,-0.8
13870,5.694000000000001e-05,0.216,-0.8
13871,5.6942000000000005e-05,0.216,-0.8
13872,5.6944e-05,0.216,-0.8
13873,5.694600000000001e-05,0.224,-0.8
13874,5.6948000000000004e-05,0.216,-0.8
13875,5.695e-05,0.216,-0.8
13876,5.6952000000000006e-05,0.216,-0.8
13877,5.6954000000000004e-05,0.224,-0.8
13878,5.6956e-05,0.216,-0.8
13879,5.6958000000000006e-05,0.216,-0.8
13880,5.6960000000000004e-05,0.216,-0.000174
13881,5.6962e-05,0.224,-0.8
13882,5.6964000000000006e-05,0.216,-0.8
13883,5.6966e-05,0.216,-0.8
13884,5.6968e-05,0.216,-0.8
13885,5.6970000000000005e-05,0.224,-0.000174
13886,5.6972e-05,0.216,-0.8
13887,5.6974e-05,0.216,-0.8
13888,5.6976000000000005e-05,0.216,-0.8
13889,5.6978e-05,0.224,-0.8
13890,5.698e-05,0.216,-0.8
13891,5.6982000000000004e-05,0.224,-0.8
13892,5.6984e-05,0.216,-0.000174
13893,5.6986e-05,0.224,-0.8
13894,5.6988000000000004e-05,0.216,-0.8
13895,5.699000000000001e-05,0.216,-0.000174
13896,5.6992e-05,0.216,-0.8
13897,5.6994000000000004e-05,0.224,-0.000174
13898,5.699600000000001e-05,0.216,-0.8
13899,5.6998e-05,0.224,-0.8
13900,5.7e-05,0.216,-0.000174
13901,5.700200000000001e-05,0.232,-0.8
13902,5.7004e-05,0.216,-0.8
13903,5.7006e-05,0.216,-0.000174
13904,5.700800000000001e-05,0.224,-0.8
13905,5.7010000000000005e-05,0.224,-0.000174
13906,5.7012e-05,0.216,-0.8
13907,5.701400000000001e-05,0.224,-0.8
13908,5.7016000000000004e-05,0.216,-0.000174
13909,5.7018e-05,0.232,-0.8
13910,5.7020000000000006e-05,0.216,-0.8
13911,5.7022000000000004e-05,0.224,-0.8
13912,5.7024e-05,0.216,-0.8
13913,5.7026000000000006e-05,0.232,-0.000174
13914,5.7028000000000004e-05,0.224,-0.8
13915,5.703e-05,0.224,-0.000174
13916,5.7032000000000006e-05,0.216,-0.8
13917,5.7034e-05,0.224,-0.8
13918,5.7036e-05,0.224,-0.8
13919,5.7038000000000005e-05,0.224,-0.000174
13920,5.704e-05,0.216,-0.000174
13921,5.7042e-05,0.232,-0.8
13922,5.7044000000000005e-05,0.216,-0.8
13923,5.7046e-05,0.224,-0.8
13924,5.7048e-05,0.216,-0.8
13925,5.7050000000000004e-05,0.224,-0.000174
13926,5.7052e-05,0.216,-0.8
13927,5.7054e-05,0.224,-0.8
13928,5.7056000000000004e-05,0.216,-0.8
13929,5.705800000000001e-05,0.232,-0.8
13930,5.706e-05,0.224,-0.8
13931,5.7062000000000004e-05,0.224,-0.8
13932,5.706400000000001e-05,0.216,-0.000174
13933,5.7066e-05,0.232,-0.8
13934,5.7068e-05,0.224,-0.8
13935,5.707000000000001e-05,0.224,-0.8
13936,5.7072e-05,0.216,-0.8
13937,5.7074e-05,0.232,-0.8
13938,5.707600000000001e-05,0.224,-0.8
13939,5.7078000000000005e-05,0.224,-0.8
13940,5.708e-05,0.216,-0.000174
13941,5.708200000000001e-05,0.232,-0.8
13942,5.7084000000000004e-05,0.216,-0.8
13943,5.7086e-05,0.224,-0.8
13944,5.7088000000000006e-05,0.216,-0.000174
13945,5.7090000000000004e-05,0.232,-0.8
13946,5.7092e-05,0.224,-0.8
13947,5.7094000000000006e-05,0.224,-0.8
13948,5.7096000000000004e-05,0.224,-0.8
13949,5.7098e-05,0.232,-0.8
13950,5.7100000000000006e-05,0.224,-0.8
13951,5.7102e-05,0.224,-0.8
13952,5.7104e-05,0.224,-0.8
13953,5.7106000000000005e-05,0.232,-0.8
13954,5.7108e-05,0.224,-0.8
13955,5.711e-05,0.224,-0.8
13956,5.7112000000000005e-05,0.224,-0.8
13957,5.7114e-05,0.232,-0.8
13958,5.7116e-05,0.224,-0.8
13959,5.7118000000000004e-05,0.224,-0.8
13960,5.712e-05,0.224,-0.8
13961,5.7122e-05,0.232,-0.8
13962,5.7124000000000004e-05,0.224,-0.8
13963,5.712600000000001e-05,0.224,-0.8
13964,5.7128e-05,0.224,-0.8
13965,5.7130000000000004e-05,0.232,-0.8
13966,5.713200000000001e-05,0.224,-0.8
13967,5.7134e-05,0.224,-0.8
13968,5.7136e-05,0.224,-0.8
13969,5.713800000000001e-05,0.232,-0.8
13970,5.714e-05,0.224,-0.8
13971,5.7142e-05,0.224,-0.8
13972,5.714400000000001e-05,0.224,-0.000174
13973,5.7146000000000005e-05,0.232,-0.8
13974,5.7148e-05,0.224,-0.8
13975,5.715000000000001e-05,0.224,-0.8
13976,5.7152000000000004e-05,0.224,-0.8
13977,5.7154e-05,0.232,-0.8
13978,5.7156000000000006e-05,0.224,-0.8
13979,5.7158000000000004e-05,0.232,-0.8
13980,5.716e-05,0.224,-0.000174
13981,5.7162000000000006e-05,0.24,-0.8
13982,5.7164000000000004e-05,0.224,-0.8
13983,5.7166e-05,0.224,-0.8
13984,5.7168000000000006e-05,0.224,-0.000174
13985,5.717e-05,0.232,-0.8
13986,5.7172e-05,0.224,-0.8
13987,5.7174000000000005e-05,0.224,-0.8
13988,5.7176e-05,0.224,-0.8
13989,5.7178e-05,0.232,-0.8
13990,5.7180000000000005e-05,0.224,-0.8
13991,5.7182e-05,0.232,-0.8
13992,5.7184e-05,0.224,-0.000174
13993,5.7186000000000004e-05,0.232,-0.000174
13994,5.7188e-05,0.224,-0.8
13995,5.719e-05,0.232,-0.8
13996,5.7192000000000004e-05,0.224,-0.8
13997,5.719400000000001e-05,0.232,-0.8
13998,5.7196e-05,0.224,-0.8
13999,5.7198000000000004e-05,0.232,-0.8
14000,5.720000000000001e-05,0.224,-0.000174
14001,5.7202e-05,0.24,-0.8
14002,5.7204e-05,0.224,-0.8
14003,5.720600000000001e-05,0.232,-0.8
14004,5.7208e-05,0.224,-0.8
14005,5.721e-05,0.24,-0.8
14006,5.721200000000001e-05,0.224,-0.8
14007,5.7214000000000005e-05,0.232,-0.8
14008,5.7216e-05,0.224,-0.000174
14009,5.721800000000001e-05,0.24,-0.8
14010,5.7220000000000004e-05,0.232,-0.8
14011,5.7222e-05,0.232,-0.8
14012,5.7224000000000006e-05,0.224,-0.000174
14013,5.7226000000000004e-05,0.24,-0.8
14014,5.7228e-05,0.224,-0.8
14015,5.7230000000000006e-05,0.232,-0.8
14016,5.7232000000000004e-05,0.224,-0.8
14017,5.7234e-05,0.24,-0.000174
14018,5.7236000000000006e-05,0.232,-0.8
14019,5.7238e-05,0.232,-0.8
14020,5.724e-05,0.224,-0.000174
14021,5.7242000000000005e-05,0.24,-0.8
14022,5.7244e-05,0.224,-0.8
14023,5.7246e-05,0.232,-0.000174
14024,5.7248000000000005e-05,0.224,-0.8
14025,5.725e-05,0.24,-0.8
14026,5.7252e-05,0.232,-0.8
14027,5.7254000000000004e-05,0.232,-0.8
14028,5.7256e-05,0.224,-0.8
14029,5.7258e-05,0.24,-0.8
14030,5.7260000000000004e-05,0.232,-0.8
14031,5.726200000000001e-05,0.232,-0.8
14032,5.7264e-05,0.224,-0.000174
14033,5.7266000000000004e-05,0.24,-0.8
14034,5.726800000000001e-05,0.232,-0.8
14035,5.727e-05,0.232,-0.8
14036,5.7272e-05,0.232,-0.000174
14037,5.727400000000001e-05,0.24,-0.8
14038,5.7276e-05,0.224,-0.8
14039,5.7278e-05,0.232,-0.8
14040,5.728000000000001e-05,0.224,-0.000174
14041,5.7282000000000005e-05,0.24,-0.8
14042,5.7284e-05,0.232,-0.8
14043,5.728600000000001e-05,0.232,-0.8
14044,5.7288000000000004e-05,0.232,-0.8
14045,5.729e-05,0.24,-0.8
14046,5.7292000000000006e-05,0.232,-0.8
14047,5.7294000000000004e-05,0.232,-0.000174
14048,5.7296e-05,0.232,-0.8
14049,5.7298000000000006e-05,0.24,-0.8
14050,5.7300000000000004e-05,0.232,-0.8
14051,5.7302e-05,0.232,-0.8
14052,5.7304000000000006e-05,0.224,-0.000174
14053,5.7306e-05,0.24,-0.8
14054,5.7308e-05,0.232,-0.8
14055,5.7310000000000005e-05,0.232,-0.8
14056,5.7312e-05,0.232,-0.8
14057,5.7314e-05,0.24,-0.8
14058,5.7316000000000005e-05,0.232,-0.8
14059,5.7318e-05,0.232,-0.8
14060,5.732e-05,0.232,-0.000174
14061,5.7322000000000004e-05,0.24,-0.8
14062,5.7324e-05,0.232,-0.8
14063,5.7326e-05,0.232,-0.8
14064,5.7328000000000004e-05,0.232,-0.8
14065,5.733000000000001e-05,0.24,-0.8
14066,5.7332e-05,0.232,-0.8
14067,5.7334000000000004e-05,0.232,-0.000174
14068,5.733600000000001e-05,0.232,-0.000174
14069,5.7338e-05,0.24,-0.8
14070,5.734e-05,0.232,-0.8
14071,5.734200000000001e-05,0.24,-0.8
14072,5.7344e-05,0.232,-0.000174
14073,5.7346e-05,0.24,-0.8
14074,5.734800000000001e-05,0.232,-0.8
14075,5.7350000000000005e-05,0.232,-0.8
14076,5.7352e-05,0.232,-0.8
14077,5.735400000000001e-05,0.24,-0.000174
14078,5.7356000000000004e-05,0.232,-0.8
14079,5.7358e-05,0.232,-0.8
14080,5.7360000000000006e-05,0.232,-0.000174
14081,5.7362000000000004e-05,0.256,-0.8
14082,5.7364e-05,0.232,-0.8
14083,5.7366000000000006e-05,0.24,-0.8
14084,5.7368000000000004e-05,0.232,-0.8
14085,5.737e-05,0.24,-0.8
14086,5.7372000000000006e-05,0.232,-0.8
14087,5.7374e-05,0.232,-0.000174
14088,5.7376e-05,0.232,-0.8
14089,5.7378000000000005e-05,0.256,-0.8
14090,5.738e-05,0.232,-0.8
14091,5.7382e-05,0.24,-0.8
14092,5.7384000000000005e-05,0.232,-0.000174
14093,5.7386e-05,0.256,-0.8
14094,5.7388e-05,0.232,-0.8
14095,5.7390000000000004e-05,0.232,-0.000174
14096,5.7392e-05,0.24,-0.8
14097,5.7394e-05,0.24,-0.8
14098,5.7396000000000004e-05,0.24,-0.8
14099,5.739800000000001e-05,0.24,-0.8
14100,5.74e-05,0.232,-0.000174
14101,5.7402000000000004e-05,0.256,-0.8
14102,5.740400000000001e-05,0.24,-0.8
14103,5.7406e-05,0.232,-0.000174
14104,5.7408e-05,0.24,-0.8
14105,5.741000000000001e-05,0.256,-0.8
14106,5.7412e-05,0.232,-0.8
14107,5.7414e-05,0.24,-0.8
14108,5.741600000000001e-05,0.232,-0.000174
14109,5.7418000000000005e-05,0.256,-0.8
14110,5.742e-05,0.232,-0.8
14111,5.742200000000001e-05,0.24,-0.000174
14112,5.7424000000000004e-05,0.232,-0.8
14113,5.7426e-05,0.256,-0.000174
14114,5.7428000000000006e-05,0.24,-0.8
14115,5.7430000000000004e-05,0.24,-0.8
14116,5.7432e-05,0.24,-0.8
14117,5.7434000000000006e-05,0.256,-0.8
14118,5.7436000000000004e-05,0.24,-0.8
14119,5.7438e-05,0.24,-0.000174
14120,5.7440000000000006e-05,0.232,-0.000174
14121,5.7442e-05,0.256,-0.8
14122,5.7444e-05,0.24,-0.8
14123,5.7446000000000005e-05,0.24,-0.8
14124,5.7448e-05,0.24,-0.8
14125,5.745e-05,0.256,-0.8
14126,5.7452000000000005e-05,0.24,-0.8
14127,5.7454e-05,0.24,-0.8
14128,5.7456e-05,0.24,-0.8
14129,5.7458000000000005e-05,0.256,-0.8
14130,5.746e-05,0.24,-0.8
14131,5.7462e-05,0.24,-0.8
14132,5.7464000000000004e-05,0.232,-0.000174
14133,5.7466e-05,0.256,-0.8
14134,5.7468e-05,0.24,-0.8
14135,5.7470000000000004e-05,0.24,-0.000174
14136,5.747200000000001e-05,0.24,-0.8
14137,5.7474e-05,0.256,-0.000174
14138,5.7476e-05,0.24,-0.8
14139,5.747800000000001e-05,0.24,-0.8
14140,5.748e-05,0.24,-0.000174
14141,5.7482e-05,0.256,-0.8
14142,5.748400000000001e-05,0.24,-0.8
14143,5.7486000000000005e-05,0.24,-0.8
14144,5.7488e-05,0.24,-0.8
14145,5.749000000000001e-05,0.256,-0.000174
14146,5.7492000000000005e-05,0.24,-0.8
14147,5.7494e-05,0.24,-0.8
14148,5.7496000000000007e-05,0.24,-0.000174
14149,5.7498000000000004e-05,0.256,-0.8
14150,5.75e-05,0.24,-0.8
14151,5.7502000000000006e-05,0.24,-0.8
14152,5.7504000000000004e-05,0.24,-0.000174
14153,5.7506e-05,0.256,-0.000174
14154,5.7508000000000006e-05,0.24,-0.8
14155,5.751e-05,0.24,-0.8
14156,5.7512e-05,0.24,-0.8
14157,5.7514000000000005e-05,0.256,-0.8
14158,5.7516e-05,0.24,-0.8
14159,5.7518e-05,0.24,-0.8
14160,5.7520000000000005e-05,0.24,-0.000174
14161,5.7522e-05,0.256,-0.8
14162,5.7524e-05,0.24,-0.8
14163,5.7526000000000005e-05,0.24,-0.8
14164,5.7528e-05,0.24,-0.8
14165,5.753e-05,0.256,-0.8
14166,5.7532000000000004e-05,0.24,-0.8
14167,5.7534e-05,0.24,-0.8
14168,5.7536e-05,0.24,-0.8
14169,5.7538000000000004e-05,0.256,-0.8
14170,5.754000000000001e-05,0.24,-0.8
14171,5.7542e-05,0.256,-0.8
14172,5.7544e-05,0.24,-0.000174
14173,5.754600000000001e-05,0.256,-0.8
14174,5.7548e-05,0.24,-0.8
14175,5.755e-05,0.256,-0.8
14176,5.755200000000001e-05,0.24,-0.8
14177,5.7554000000000005e-05,0.256,-0.8
14178,5.7556e-05,0.24,-0.8
14179,5.755800000000001e-05,0.256,-0.8
14180,5.7560000000000005e-05,0.24,-0.000174
14181,5.7562e-05,0.264,-0.8
14182,5.7564000000000007e-05,0.24,-0.8
14183,5.7566000000000004e-05,0.256,-0.000174
14184,5.7568e-05,0.24,-0.8
14185,5.7570000000000006e-05,0.256,-0.8
14186,5.7572000000000004e-05,0.24,-0.8
14187,5.7574e-05,0.256,-0.000174
14188,5.7576000000000006e-05,0.24,-0.8
14189,5.7578e-05,0.264,-0.8
14190,5.758e-05,0.24,-0.8
14191,5.7582000000000005e-05,0.256,-0.8
14192,5.7584e-05,0.24,-0.000174
14193,5.7586e-05,0.264,-0.8
14194,5.7588000000000005e-05,0.256,-0.8
14195,5.759e-05,0.256,-0.8
14196,5.7592e-05,0.256,-0.000174
14197,5.7594000000000005e-05,0.264,-0.8
14198,5.7596e-05,0.256,-0.8
14199,5.7598e-05,0.256,-0.8
14200,5.7600000000000004e-05,0.24,-0.000174
14201,5.7602e-05,0.264,-0.8
14202,5.7604e-05,0.256,-0.8
14203,5.7606000000000004e-05,0.256,-0.8
14204,5.760800000000001e-05,0.24,-0.000174
14205,5.761e-05,0.264,-0.000174
14206,5.7612e-05,0.256,-0.8
14207,5.761400000000001e-05,0.256,-0.000174
14208,5.7616e-05,0.256,-0.000174
14209,5.7618e-05,0.264,-0.8
14210,5.762000000000001e-05,0.256,-0.8
14211,5.7622000000000005e-05,0.256,-0.8
14212,5.7624e-05,0.24,-0.000174
14213,5.762600000000001e-05,0.264,-0.8
14214,5.7628000000000005e-05,0.256,-0.8
14215,5.763e-05,0.256,-0.000174
14216,5.7632000000000007e-05,0.24,-0.8
14217,5.7634000000000004e-05,0.264,-0.000174
14218,5.7636e-05,0.256,-0.8
14219,5.7638000000000006e-05,0.256,-0.8
14220,5.7640000000000004e-05,0.256,-0.000174
14221,5.7642e-05,0.264,-0.8
14222,5.7644000000000006e-05,0.256,-0.8
14223,5.7646000000000003e-05,0.256,-0.000174
14224,5.7648e-05,0.24,-0.8
14225,5.7650000000000005e-05,0.264,-0.000174
14226,5.7652e-05,0.256,-0.8
14227,5.7654e-05,0.256,-0.8
14228,5.7656000000000005e-05,0.256,-0.000174
14229,5.7658e-05,0.264,-0.000174
14230,5.766e-05,0.256,-0.8
14231,5.7662000000000005e-05,0.256,-0.8
14232,5.7664e-05,0.256,-0.000174
14233,5.7666e-05,0.264,-0.8
14234,5.7668000000000004e-05,0.256,-0.8
14235,5.767e-05,0.256,-0.8
14236,5.7672e-05,0.256,-0.8
14237,5.7674000000000004e-05,0.264,-0.000174
14238,5.767600000000001e-05,0.256,-0.8
14239,5.7678e-05,0.256,-0.000174
14240,5.7680000000000003e-05,0.24,-0.000174
14241,5.768200000000001e-05,0.264,-0.8
14242,5.7684e-05,0.256,-0.8
14243,5.7686e-05,0.256,-0.8
14244,5.768800000000001e-05,0.256,-0.000174
14245,5.7690000000000005e-05,0.264,-0.000174
14246,5.7692e-05,0.256,-0.8
14247,5.769400000000001e-05,0.256,-0.000174
14248,5.7696000000000005e-05,0.256,-0.8
14249,5.7698e-05,0.264,-0.8
14250,5.7700000000000007e-05,0.256,-0.8
14251,5.7702000000000004e-05,0.264,-0.8
14252,5.7704e-05,0.256,-0.000174
14253,5.7706000000000006e-05,0.264,-0.8
14254,5.7708000000000004e-05,0.256,-0.8
14255,5.771e-05,0.256,-0.000174
14256,5.7712000000000006e-05,0.256,-0.8
14257,5.7714000000000003e-05,0.264,-0.000174
14258,5.7716e-05,0.256,-0.8
14259,5.7718000000000005e-05,0.256,-0.8
14260,5.772e-05,0.256,-0.000174
14261,5.7722e-05,0.272,-0.8
14262,5.7724000000000005e-05,0.256,-0.8
14263,5.7726e-05,0.264,-0.8
14264,5.7728e-05,0.256,-0.8
14265,5.7730000000000005e-05,0.264,-0.000174
14266,5.7732e-05,0.256,-0.8
14267,5.7734e-05,0.264,-0.000174
14268,5.7736000000000004e-05,0.256,-0.8
14269,5.7738e-05,0.272,-0.8
14270,5.774e-05,0.256,-0.8
14271,5.7742000000000004e-05,0.264,-0.8
14272,5.774400000000001e-05,0.256,-0.8
14273,5.7746e-05,0.272,-0.8
14274,5.7748000000000003e-05,0.264,-0.8
14275,5.775000000000001e-05,0.264,-0.8
14276,5.7752e-05,0.256,-0.000174
14277,5.7754e-05,0.272,-0.8
14278,5.775600000000001e-05,0.264,-0.8
14279,5.7758000000000005e-05,0.264,-0.8
14280,5.776e-05,0.256,-0.000174
14281,5.776200000000001e-05,0.272,-0.8
14282,5.7764000000000005e-05,0.256,-0.8
14283,5.7766e-05,0.264,-0.8
14284,5.776800000000001e-05,0.256,-0.8
14285,5.7770000000000004e-05,0.272,-0.000174
14286,5.7772e-05,0.264,-0.8
14287,5.7774000000000006e-05,0.264,-0.000174
14288,5.7776000000000004e-05,0.256,-0.000174
14289,5.7778e-05,0.272,-0.8
14290,5.7780000000000006e-05,0.264,-0.8
14291,5.7782000000000003e-05,0.264,-0.8
14292,5.7784e-05,0.256,-0.000174
14293,5.7786000000000005e-05,0.272,-0.8
14294,5.7788e-05,0.264,-0.8
14295,5.779e-05,0.264,-0.000174
14296,5.7792000000000005e-05,0.264,-0.8
14297,5.7794e-05,0.272,-0.000174
14298,5.7796e-05,0.264,-0.8
14299,5.7798000000000005e-05,0.264,-0.8
14300,5.78e-05,0.256,-0.000174
14301,5.7802e-05,0.272,-0.8
14302,5.7804000000000004e-05,0.264,-0.8
14303,5.7806e-05,0.256,-0.000174
14304,5.7808e-05,0.264,-0.8
14305,5.7810000000000004e-05,0.272,-0.000174
14306,5.781200000000001e-05,0.264,-0.8
14307,5.7814e-05,0.264,-0.8
14308,5.7816000000000003e-05,0.256,-0.000174
14309,5.781800000000001e-05,0.272,-0.8
14310,5.782e-05,0.264,-0.8
14311,5.7822e-05,0.264,-0.000174
14312,5.782400000000001e-05,0.264,-0.000174
14313,5.7826000000000005e-05,0.272,-0.000174
14314,5.7828e-05,0.264,-0.8
14315,5.783000000000001e-05,0.264,-0.000174
14316,5.7832000000000005e-05,0.264,-0.000174
14317,5.7834e-05,0.272,-0.8
14318,5.783600000000001e-05,0.264,-0.8
14319,5.7838000000000004e-05,0.264,-0.000174
14320,5.784e-05,0.264,-0.000174
14321,5.7842000000000006e-05,0.272,-0.8
14322,5.7844000000000004e-05,0.264,-0.8
14323,5.7846e-05,0.264,-0.8
14324,5.7848000000000006e-05,0.264,-0.8
14325,5.7850000000000003e-05,0.272,-0.000174
14326,5.7852e-05,0.264,-0.8
14327,5.7854000000000005e-05,0.264,-0.000174
14328,5.7856e-05,0.264,-0.000174
14329,5.7858e-05,0.272,-0.8
14330,5.7860000000000005e-05,0.264,-0.8
14331,5.7862e-05,0.264,-0.8
14332,5.7864e-05,0.264,-0.000174
14333,5.7866000000000005e-05,0.272,-0.8
14334,5.7868e-05,0.264,-0.8
14335,5.787e-05,0.264,-0.000174
14336,5.7872000000000004e-05,0.264,-0.8
14337,5.7874e-05,0.272,-0.000174
14338,5.7876e-05,0.264,-0.8
14339,5.7878000000000004e-05,0.264,-0.000174
14340,5.788000000000001e-05,0.264,-0.000174
14341,5.7882e-05,0.28,-0.8
14342,5.7884000000000003e-05,0.264,-0.8
14343,5.788600000000001e-05,0.264,-0.000174
14344,5.7888e-05,0.264,-0.8
14345,5.789e-05,0.272,-0.8
14346,5.789200000000001e-05,0.264,-0.8
14347,5.7894000000000005e-05,0.264,-0.000174
14348,5.7896e-05,0.264,-0.8
14349,5.789800000000001e-05,0.28,-0.8
14350,5.7900000000000005e-05,0.264,-0.8
14351,5.7902e-05,0.272,-0.8
14352,5.790400000000001e-05,0.264,-0.000174
14353,5.7906000000000004e-05,0.272,-0.8
14354,5.7908e-05,0.264,-0.8
14355,5.7910000000000006e-05,0.272,-0.8
14356,5.7912000000000004e-05,0.264,-0.000174
14357,5.7914e-05,0.28,-0.8
14358,5.7916000000000006e-05,0.264,-0.8
14359,5.7918000000000003e-05,0.272,-0.8
14360,5.792e-05,0.264,-0.000174
14361,5.7922000000000005e-05,0.28,-0.8
14362,5.7924e-05,0.264,-0.8
14363,5.7926e-05,0.272,-0.8
14364,5.7928000000000005e-05,0.264,-0.8
14365,5.793e-05,0.28,-0.000174
14366,5.7932e-05,0.272,-0.8
14367,5.7934000000000005e-05,0.272,-0.000174
14368,5.7936e-05,0.264,-0.8
14369,5.7938e-05,0.28,-0.8
14370,5.7940000000000004e-05,0.272,-0.8
14371,5.7942e-05,0.272,-0.8
14372,5.7944e-05,0.264,-0.000174
14373,5.7946000000000004e-05,0.28,-0.8
14374,5.794800000000001e-05,0.264,-0.8
14375,5.795e-05,0.272,-0.8
14376,5.7952000000000004e-05,0.264,-0.8
14377,5.795400000000001e-05,0.28,-0.8
14378,5.7956e-05,0.264,-0.8
14379,5.7958e-05,0.272,-0.8
14380,5.796000000000001e-05,0.264,-0.000174
14381,5.7962000000000005e-05,0.28,-0.8
14382,5.7964e-05,0.264,-0.8
14383,5.796600000000001e-05,0.272,-0.000174
14384,5.7968000000000005e-05,0.264,-0.8
14385,5.797e-05,0.28,-0.000174
14386,5.797200000000001e-05,0.272,-0.8
14387,5.7974000000000004e-05,0.272,-0.000174
14388,5.7976e-05,0.264,-0.000174
14389,5.7978000000000006e-05,0.28,-0.8
14390,5.7980000000000004e-05,0.264,-0.8
14391,5.7982e-05,0.272,-0.8
14392,5.7984000000000006e-05,0.264,-0.000174
14393,5.7986000000000004e-05,0.28,-0.000174
14394,5.7988e-05,0.272,-0.8
14395,5.7990000000000006e-05,0.272,-0.000174
14396,5.7992e-05,0.272,-0.8
14397,5.7994e-05,0.28,-0.000174
14398,5.7996000000000005e-05,0.272,-0.8
14399,5.7998e-05,0.272,-0.8
14400,5.8e-05,0.264,-0.000174
14401,5.8002000000000005e-05,0.28,-0.8
14402,5.8004e-05,0.272,-0.8
14403,5.8006e-05,0.272,-0.8
14404,5.8008000000000004e-05,0.272,-0.000174
14405,5.801e-05,0.28,-0.8
14406,5.8012e-05,0.272,-0.8
14407,5.8014000000000004e-05,0.272,-0.000174
14408,5.801600000000001e-05,0.272,-0.000174
14409,5.8018e-05,0.28,-0.8
14410,5.8020000000000004e-05,0.272,-0.8
14411,5.802200000000001e-05,0.272,-0.8
14412,5.8024e-05,0.272,-0.000174
14413,5.8026e-05,0.28,-0.8
14414,5.802800000000001e-05,0.272,-0.8
14415,5.803e-05,0.272,-0.000174
14416,5.8032e-05,0.272,-0.000174
14417,5.803400000000001e-05,0.28,-0.000174
14418,5.8036000000000005e-05,0.272,-0.8
14419,5.8038e-05,0.28,-0.8
14420,5.804000000000001e-05,0.272,-0.000174
14421,5.8042000000000004e-05,0.288,-0.8
14422,5.8044e-05,0.272,-0.8
14423,5.8046000000000006e-05,0.272,-0.000174
14424,5.8048000000000004e-05,0.272,-0.000174
14425,5.805e-05,0.28,-0.000174
14426,5.8052000000000006e-05,0.272,-0.8
14427,5.8054000000000004e-05,0.272,-0.000174
14428,5.8056e-05,0.272,-0.000174
14429,5.8058000000000006e-05,0.288,-0.8
14430,5.806e-05,0.272,-0.8
14431,5.8062e-05,0.28,-0.8
14432,5.8064000000000005e-05,0.272,-0.000174
14433,5.8066e-05,0.28,-0.000174
14434,5.8068e-05,0.272,-0.8
14435,5.8070000000000005e-05,0.28,-0.8
14436,5.8072e-05,0.272,-0.000174
14437,5.8074e-05,0.28,-0.000174
14438,5.8076000000000004e-05,0.272,-0.8
14439,5.8078e-05,0.272,-0.000174
14440,5.808e-05,0.272,-0.000174
14441,5.8082000000000004e-05,0.288,-0.8
14442,5.808400000000001e-05,0.272,-0.8
14443,5.8086e-05,0.28,-0.8
14444,5.8088000000000004e-05,0.272,-0.000174
14445,5.809000000000001e-05,0.288,-0.000174
14446,5.8092e-05,0.272,-0.8
14447,5.8094e-05,0.28,-0.000174
14448,5.809600000000001e-05,0.272,-0.000174
14449,5.8098e-05,0.288,-0.8
14450,5.81e-05,0.272,-0.8
14451,5.810200000000001e-05,0.28,-0.8
14452,5.8104000000000005e-05,0.272,-0.000174
14453,5.8106e-05,0.288,-0.8
14454,5.810800000000001e-05,0.272,-0.8
14455,5.8110000000000004e-05,0.28,-0.000174
14456,5.8112e-05,0.272,-0.8
14457,5.8114000000000006e-05,0.28,-0.000174
14458,5.8116000000000004e-05,0.28,-0.8
14459,5.8118e-05,0.28,-0.8
14460,5.8120000000000006e-05,0.272,-0.000174
14461,5.8122000000000004e-05,0.288,-0.8
14462,5.8124e-05,0.272,-0.8
14463,5.8126000000000006e-05,0.28,-0.8
14464,5.8128e-05,0.272,-0.000174
14465,5.813e-05,0.288,-0.000174
14466,5.8132000000000005e-05,0.28,-0.8
14467,5.8134e-05,0.28,-0.000174
14468,5.8136e-05,0.272,-0.000174
14469,5.8138000000000005e-05,0.288,-0.8
14470,5.814e-05,0.272,-0.8
14471,5.8142e-05,0.28,-0.8
14472,5.8144000000000004e-05,0.272,-0.000174
14473,5.8146e-05,0.288,-0.000174
14474,5.8148e-05,0.28,-0.8
14475,5.8150000000000004e-05,0.28,-0.000174
14476,5.815200000000001e-05,0.272,-0.000174
14477,5.8154e-05,0.288,-0.000174
14478,5.8156000000000004e-05,0.28,-0.8
14479,5.815800000000001e-05,0.28,-0.8
14480,5.816e-05,0.272,-0.000174
14481,5.8162e-05,0.288,-0.8
14482,5.816400000000001e-05,0.28,-0.8
14483,5.8166e-05,0.28,-0.000174
14484,5.8168e-05,0.272,-0.000174
14485,5.817000000000001e-05,0.288,-0.000174
14486,5.8172000000000005e-05,0.28,-0.8
14487,5.8174e-05,0.28,-0.000174
14488,5.817600000000001e-05,0.28,-0.000174
14489,5.8178000000000004e-05,0.288,-0.000174
14490,5.818e-05,0.28,-0.8
14491,5.8182000000000006e-05,0.28,-0.8
14492,5.8184000000000004e-05,0.272,-0.000174
14493,5.8186e-05,0.288,-0.000174
14494,5.8188000000000006e-05,0.28,-0.8
14495,5.8190000000000004e-05,0.28,-0.000174
14496,5.8192e-05,0.28,-0.8
14497,5.8194000000000006e-05,0.288,-0.000174
14498,5.8196e-05,0.28,-0.8
14499,5.8198e-05,0.28,-0.8
14500,5.8200000000000005e-05,0.272,-0.000174
14501,5.8202e-05,0.288,-0.8
14502,5.8204e-05,0.28,-0.8
14503,5.8206000000000005e-05,0.28,-0.000174
14504,5.8208e-05,0.28,-0.8
14505,5.821e-05,0.288,-0.000174
14506,5.8212000000000004e-05,0.28,-0.8
14507,5.8214e-05,0.288,-0.8
14508,5.8216e-05,0.28,-0.000174
14509,5.8218000000000004e-05,0.288,-0.8
14510,5.822000000000001e-05,0.28,-0.8
14511,5.8222e-05,0.28,-0.8
14512,5.8224000000000004e-05,0.28,-0.8
14513,5.822600000000001e-05,0.288,-0.000174
14514,5.8228e-05,0.28,-0.8
14515,5.823e-05,0.28,-0.000174
14516,5.823200000000001e-05,0.28,-0.000174
14517,5.8234e-05,0.288,-0.8
14518,5.8236e-05,0.28,-0.8
14519,5.823800000000001e-05,0.28,-0.000174
14520,5.8240000000000005e-05,0.28,-0.000174
14521,5.8242e-05,0.296,-0.8
14522,5.824400000000001e-05,0.28,-0.8
14523,5.8246000000000004e-05,0.28,-0.8
14524,5.8248e-05,0.28,-0.000174
14525,5.8250000000000006e-05,0.288,-0.8
14526,5.8252000000000004e-05,0.28,-0.8
14527,5.8254e-05,0.288,-0.000174
14528,5.8256000000000006e-05,0.28,-0.000174
14529,5.8258000000000004e-05,0.288,-0.000174
14530,5.826e-05,0.28,-0.8
14531,5.8262000000000006e-05,0.288,-0.8
14532,5.8264e-05,0.28,-0.000174
14533,5.8266e-05,0.296,-0.8
14534,5.8268000000000005e-05,0.28,-0.8
14535,5.827e-05,0.28,-0.000174
14536,5.8272e-05,0.28,-0.8
14537,5.8274000000000005e-05,0.296,-0.000174
14538,5.8276e-05,0.28,-0.8
14539,5.8278e-05,0.288,-0.8
14540,5.8280000000000004e-05,0.28,-0.000174
14541,5.8282e-05,0.296,-0.8
14542,5.8284e-05,0.28,-0.8
14543,5.8286000000000004e-05,0.288,-0.000174
14544,5.828800000000001e-05,0.28,-0.8
14545,5.829e-05,0.288,-0.000174
14546,5.8292000000000004e-05,0.288,-0.8
14547,5.829400000000001e-05,0.288,-0.000174
14548,5.8296e-05,0.28,-0.000174
14549,5.8298e-05,0.296,-0.000174
14550,5.830000000000001e-05,0.28,-0.8
14551,5.8302e-05,0.288,-0.8
14552,5.8304e-05,0.28,-0.000174
14553,5.830600000000001e-05,0.296,-0.000174
14554,5.8308000000000005e-05,0.288,-0.8
14555,5.831e-05,0.288,-0.000174
14556,5.831200000000001e-05,0.28,-0.000174
14557,5.8314000000000004e-05,0.296,-0.8
14558,5.8316e-05,0.288,-0.8
14559,5.8318000000000006e-05,0.288,-0.000174
14560,5.8320000000000004e-05,0.28,-0.000174
14561,5.8322e-05,0.296,-0.8
14562,5.8324000000000006e-05,0.288,-0.8
14563,5.8326000000000004e-05,0.288,-0.000174
14564,5.8328e-05,0.28,-0.000174
14565,5.8330000000000006e-05,0.296,-0.000174
14566,5.8332e-05,0.288,-0.8
14567,5.8334e-05,0.288,-0.000174
14568,5.8336000000000005e-05,0.288,-0.000174
14569,5.8338e-05,0.296,-0.000174
14570,5.834e-05,0.288,-0.8
14571,5.8342000000000005e-05,0.288,-0.8
14572,5.8344e-05,0.28,-0.000174
14573,5.8346e-05,0.296,-0.8
14574,5.8348000000000004e-05,0.288,-0.8
14575,5.835e-05,0.288,-0.000174
14576,5.8352e-05,0.28,-0.000174
14577,5.8354000000000004e-05,0.296,-0.000174
14578,5.835600000000001e-05,0.288,-0.8
14579,5.8358e-05,0.288,-0.8
14580,5.8360000000000004e-05,0.28,-0.000174
14581,5.836200000000001e-05,0.296,-0.8
14582,5.8364e-05,0.288,-0.8
14583,5.8366e-05,0.288,-0.000174
14584,5.836800000000001e-05,0.28,-0.000174
14585,5.837e-05,0.296,-0.000174
14586,5.8372e-05,0.288,-0.8
14587,5.837400000000001e-05,0.288,-0.000174
14588,5.8376000000000005e-05,0.288,-0.000174
14589,5.8378e-05,0.296,-0.8
14590,5.838000000000001e-05,0.288,-0.8
14591,5.8382000000000004e-05,0.288,-0.000174
14592,5.8384e-05,0.288,-0.000174
14593,5.8386000000000006e-05,0.296,-0.000174
14594,5.8388000000000004e-05,0.288,-0.8
14595,5.839e-05,0.288,-0.000174
14596,5.8392000000000006e-05,0.288,-0.8
14597,5.8394000000000004e-05,0.296,-0.000174
14598,5.8396e-05,0.288,-0.8
14599,5.8398000000000006e-05,0.288,-0.000174
14600,5.84e-05,0.288,-0.000174
14601,5.8402e-05,0.296,-0.8
14602,5.8404000000000005e-05,0.288,-0.8
14603,5.8406e-05,0.288,-0.8
14604,5.8408e-05,0.288,-0.000174
14605,5.8410000000000005e-05,0.296,-0.000174
14606,5.8412e-05,0.288,-0.8
14607,5.8414e-05,0.288,-0.8
14608,5.8416000000000004e-05,0.288,-0.000174
14609,5.8418e-05,0.296,-0.000174
14610,5.842e-05,0.288,-0.8
14611,5.8422000000000004e-05,0.288,-0.8
14612,5.842400000000001e-05,0.288,-0.000174
14613,5.8426e-05,0.304,-0.000174
14614,5.8428000000000004e-05,0.288,-0.8
14615,5.843000000000001e-05,0.288,-0.000174
14616,5.8432e-05,0.288,-0.000174
14617,5.8434e-05,0.296,-0.000174
14618,5.843600000000001e-05,0.288,-0.8
14619,5.8438e-05,0.296,-0.8
14620,5.844e-05,0.288,-0.000174
14621,5.844200000000001e-05,0.304,-0.8
14622,5.8444000000000005e-05,0.288,-0.8
14623,5.8446e-05,0.296,-0.000174
14624,5.844800000000001e-05,0.288,-0.000174
14625,5.8450000000000005e-05,0.296,-0.000174
14626,5.8452e-05,0.296,-0.8
14627,5.8454000000000006e-05,0.288,-0.000174
14628,5.8456000000000004e-05,0.288,-0.000174
14629,5.8458e-05,0.304,-0.8
14630,5.8460000000000006e-05,0.288,-0.8
14631,5.8462000000000004e-05,0.296,-0.000174
14632,5.8464e-05,0.288,-0.000174
14633,5.8466000000000006e-05,0.304,-0.000174
14634,5.8468e-05,0.296,-0.8
14635,5.847e-05,0.296,-0.8
14636,5.8472000000000005e-05,0.288,-0.000174
14637,5.8474e-05,0.304,-0.8
14638,5.8476e-05,0.288,-0.8
14639,5.8478000000000005e-05,0.296,-0.8
14640,5.848e-05,0.288,-0.000174
14641,5.8482e-05,0.304,-0.8
14642,5.8484000000000005e-05,0.296,-0.8
14643,5.8486e-05,0.296,-0.000174
14644,5.8488e-05,0.288,-0.000174
14645,5.8490000000000004e-05,0.304,-0.000174
14646,5.849200000000001e-05,0.288,-0.8
14647,5.8494e-05,0.296,-0.000174
14648,5.8496000000000004e-05,0.288,-0.000174
14649,5.849800000000001e-05,0.304,-0.000174
14650,5.85e-05,0.288,-0.8
14651,5.8502e-05,0.296,-0.000174
14652,5.850400000000001e-05,0.288,-0.000174
14653,5.8506e-05,0.304,-0.000174
14654,5.8508e-05,0.296,-0.8
14655,5.851000000000001e-05,0.296,-0.000174
14656,5.8512000000000005e-05,0.288,-0.000174
14657,5.8514e-05,0.304,-0.000174
14658,5.851600000000001e-05,0.296,-0.8
14659,5.8518000000000005e-05,0.296,-0.8
14660,5.852e-05,0.288,-0.000174
14661,5.8522000000000007e-05,0.304,-0.8
14662,5.8524000000000004e-05,0.288,-0.8
14663,5.8526e-05,0.296,-0.000174
14664,5.8528000000000006e-05,0.288,-0.000174
14665,5.8530000000000004e-05,0.304,-0.000174
14666,5.8532e-05,0.296,-0.8
14667,5.8534000000000006e-05,0.296,-0.000174
14668,5.8536e-05,0.296,-0.000174
14669,5.8538e-05,0.304,-0.000174
14670,5.8540000000000005e-05,0.296,-0.8
14671,5.8542e-05,0.296,-0.000174
14672,5.8544e-05,0.296,-0.000174
14673,5.8546000000000005e-05,0.304,-0.000174
14674,5.8548e-05,0.296,-0.8
14675,5.855e-05,0.296,-0.000174
14676,5.8552000000000005e-05,0.288,-0.000174
14677,5.8554e-05,0.304,-0.000174
14678,5.8556e-05,0.296,-0.8
14679,5.8558000000000004e-05,0.296,-0.000174
14680,5.856000000000001e-05,0.288,-0.000174
14681,5.8562e-05,0.304,-0.8
14682,5.8564000000000004e-05,0.296,-0.8
14683,5.856600000000001e-05,0.296,-0.8
14684,5.8568e-05,0.296,-0.000174
14685,5.857e-05,0.304,-0.000174
14686,5.857200000000001e-05,0.296,-0.8
14687,5.8574e-05,0.296,-0.000174
14688,5.8576e-05,0.296,-0.000174
14689,5.857800000000001e-05,0.304,-0.000174
14690,5.8580000000000005e-05,0.296,-0.8
14691,5.8582e-05,0.304,-0.8
14692,5.858400000000001e-05,0.296,-0.000174
14693,5.8586000000000005e-05,0.304,-0.000174
14694,5.8588e-05,0.296,-0.8
14695,5.8590000000000007e-05,0.296,-0.000174
14696,5.8592000000000004e-05,0.296,-0.000174
14697,5.8594e-05,0.304,-0.000174
14698,5.8596000000000006e-05,0.296,-0.8
14699,5.8598000000000004e-05,0.304,-0.8
14700,5.86e-05,0.296,-0.000174
14701,5.8602000000000006e-05,0.312,-0.8
14702,5.8604e-05,0.296,-0.8
14703,5.8606e-05,0.296,-0.000174
14704,5.8608000000000005e-05,0.296,-0.8
14705,5.861e-05,0.304,-0.000174
14706,5.8612e-05,0.296,-0.8
14707,5.8614000000000005e-05,0.304,-0.8
14708,5.8616e-05,0.296,-0.000174
14709,5.8618e-05,0.312,-0.8
14710,5.8620000000000005e-05,0.296,-0.8
14711,5.8622e-05,0.304,-0.000174
14712,5.8624e-05,0.296,-0.000174
14713,5.8626000000000004e-05,0.304,-0.000174
14714,5.862800000000001e-05,0.296,-0.8
14715,5.863e-05,0.304,-0.000174
14716,5.8632000000000004e-05,0.296,-0.000174
14717,5.863400000000001e-05,0.304,-0.000174
14718,5.8636e-05,0.296,-0.8
14719,5.8638e-05,0.304,-0.000174
14720,5.864000000000001e-05,0.296,-0.000174
14721,5.8642e-05,0.312,-0.8
14722,5.8644e-05,0.296,-0.8
14723,5.864600000000001e-05,0.304,-0.000174
14724,5.8648000000000005e-05,0.296,-0.000174
14725,5.865e-05,0.304,-0.000174
14726,5.865200000000001e-05,0.296,-0.8
14727,5.8654000000000005e-05,0.304,-0.000174
14728,5.8656e-05,0.296,-0.000174
14729,5.8658000000000007e-05,0.312,-0.000174
14730,5.8660000000000004e-05,0.296,-0.8
14731,5.8662e-05,0.304,-0.8
14732,5.8664000000000006e-05,0.296,-0.000174
14733,5.8666000000000004e-05,0.312,-0.000174
14734,5.8668e-05,0.296,-0.8
14735,5.8670000000000006e-05,0.304,-0.000174
14736,5.8672000000000003e-05,0.296,-0.000174
14737,5.8674e-05,0.312,-0.000174
14738,5.8676000000000005e-05,0.304,-0.8
14739,5.8678e-05,0.304,-0.000174
14740,5.868e-05,0.296,-0.000174
14741,5.8682000000000005e-05,0.312,-0.000174
14742,5.8684e-05,0.296,-0.8
14743,5.8686e-05,0.304,-0.000174
14744,5.8688000000000005e-05,0.296,-0.000174
14745,5.869e-05,0.312,-0.000174
14746,5.8692e-05,0.304,-0.8
14747,5.8694000000000004e-05,0.304,-0.000174
14748,5.8696e-05,0.296,-0.000174
14749,5.8698e-05,0.312,-0.000174
14750,5.8700000000000004e-05,0.296,-0.8
14751,5.870200000000001e-05,0.304,-0.8
14752,5.8704e-05,0.296,-0.000174
14753,5.8706000000000003e-05,0.312,-0.000174
14754,5.870800000000001e-05,0.304,-0.8
14755,5.871e-05,0.304,-0.000174
14756,5.8712e-05,0.304,-0.000174
14757,5.871400000000001e-05,0.312,-0.000174
14758,5.8716000000000005e-05,0.296,-0.8
14759,5.8718e-05,0.304,-0.000174
14760,5.872000000000001e-05,0.296,-0.000174
14761,5.8722000000000005e-05,0.312,-0.000174
14762,5.8724e-05,0.304,-0.8
14763,5.8726000000000007e-05,0.304,-0.000174
14764,5.8728000000000004e-05,0.304,-0.000174
14765,5.873e-05,0.312,-0.000174
14766,5.8732000000000006e-05,0.304,-0.8
14767,5.8734000000000004e-05,0.304,-0.000174
14768,5.8736e-05,0.296,-0.8
14769,5.8738000000000006e-05,0.312,-0.8
14770,5.8740000000000003e-05,0.304,-0.8
14771,5.8742e-05,0.312,-0.8
14772,5.8744000000000005e-05,0.296,-0.000174
14773,5.8746e-05,0.312,-0.8
14774,5.8748e-05,0.304,-0.8
14775,5.8750000000000005e-05,0.304,-0.000174
14776,5.8752e-05,0.304,-0.8
14777,5.8754e-05,0.312,-0.000174
14778,5.8756000000000005e-05,0.304,-0.8
14779,5.8758e-05,0.304,-0.8
14780,5.876e-05,0.296,-0.000174
14781,5.8762000000000004e-05,0.312,-0.8
14782,5.8764e-05,0.304,-0.8
14783,5.8766e-05,0.304,-0.000174
14784,5.8768000000000004e-05,0.304,-0.000174
14785,5.877000000000001e-05,0.312,-0.000174
14786,5.8772e-05,0.304,-0.8
14787,5.8774000000000003e-05,0.312,-0.000174
14788,5.877600000000001e-05,0.304,-0.000174
14789,5.8778e-05,0.312,-0.000174
14790,5.878e-05,0.304,-0.8
14791,5.878200000000001e-05,0.312,-0.000174
14792,5.8784000000000005e-05,0.304,-0.000174
14793,5.8786e-05,0.32,-0.000174
14794,5.878800000000001e-05,0.304,-0.8
14795,5.8790000000000005e-05,0.304,-0.000174
14796,5.8792e-05,0.304,-0.000174
14797,5.879400000000001e-05,0.312,-0.000174
14798,5.8796000000000004e-05,0.304,-0.8
14799,5.8798e-05,0.312,-0.8
14800,5.8800000000000006e-05,0.304,-0.000174
14801,5.8802000000000004e-05,0.32,-0.000174
14802,5.8804e-05,0.304,-0.8
14803,5.8806000000000006e-05,0.304,-0.000174
14804,5.8808000000000003e-05,0.304,-0.000174
14805,5.881e-05,0.32,-0.000174
14806,5.8812000000000005e-05,0.304,-0.8
14807,5.8814e-05,0.312,-0.000174
14808,5.8816e-05,0.304,-0.000174
14809,5.8818000000000005e-05,0.32,-0.000174
14810,5.882e-05,0.304,-0.8
14811,5.8822e-05,0.312,-0.8
14812,5.8824000000000005e-05,0.304,-0.000174
14813,5.8826e-05,0.32,-0.000174
14814,5.8828e-05,0.304,-0.8
14815,5.8830000000000004e-05,0.312,-0.000174
14816,5.8832e-05,0.304,-0.000174
14817,5.8834e-05,0.312,-0.000174
14818,5.8836000000000004e-05,0.312,-0.8
14819,5.883800000000001e-05,0.312,-0.000174
14820,5.884e-05,0.304,-0.000174
14821,5.8842000000000003e-05,0.32,-0.8
14822,5.884400000000001e-05,0.304,-0.8
14823,5.8846e-05,0.312,-0.000174
14824,5.8848e-05,0.304,-0.000174
14825,5.885000000000001e-05,0.32,-0.000174
14826,5.8852000000000005e-05,0.312,-0.8
14827,5.8854e-05,0.312,-0.000174
14828,5.885600000000001e-05,0.304,-0.000174
14829,5.8858000000000005e-05,0.32,-0.000174
14830,5.886e-05,0.304,-0.8
14831,5.886200000000001e-05,0.312,-0.000174
14832,5.8864000000000004e-05,0.304,-0.000174
14833,5.8866e-05,0.32,-0.000174
14834,5.8868000000000006e-05,0.312,-0.8
14835,5.8870000000000004e-05,0.312,-0.8
14836,5.8872e-05,0.304,-0.000174
14837,5.8874000000000006e-05,0.32,-0.000174
14838,5.8876000000000003e-05,0.312,-0.8
14839,5.8878e-05,0.312,-0.000174
14840,5.8880000000000005e-05,0.304,-0.000174
14841,5.8882e-05,0.32,-0.8
14842,5.8884e-05,0.312,-0.8
14843,5.8886000000000005e-05,0.312,-0.000174
14844,5.8888e-05,0.304,-0.000174
14845,5.889e-05,0.32,-0.000174
14846,5.8892000000000005e-05,0.312,-0.8
14847,5.8894e-05,0.312,-0.000174
14848,5.8896e-05,0.304,-0.000174
14849,5.8898000000000004e-05,0.32,-0.000174
14850,5.89e-05,0.312,-0.8
14851,5.8902e-05,0.312,-0.000174
14852,5.8904000000000004e-05,0.304,-0.000174
14853,5.890600000000001e-05,0.32,-0.000174
14854,5.8908e-05,0.312,-0.8
14855,5.8910000000000003e-05,0.312,-0.000174
14856,5.891200000000001e-05,0.312,-0.000174
14857,5.8914e-05,0.32,-0.000174
14858,5.8916e-05,0.312,-0.8
14859,5.891800000000001e-05,0.312,-0.000174
14860,5.8920000000000005e-05,0.304,-0.000174
14861,5.8922e-05,0.32,-0.8
14862,5.892400000000001e-05,0.312,-0.8
14863,5.8926000000000005e-05,0.312,-0.000174
14864,5.8928e-05,0.312,-0.000174
14865,5.893000000000001e-05,0.32,-0.000174
14866,5.8932000000000004e-05,0.312,-0.8
14867,5.8934e-05,0.312,-0.000174
14868,5.8936000000000006e-05,0.312,-0.000174
14869,5.8938000000000004e-05,0.32,-0.000174
14870,5.894e-05,0.312,-0.8
14871,5.8942000000000006e-05,0.312,-0.000174
14872,5.8944000000000003e-05,0.304,-0.000174
14873,5.8946e-05,0.32,-0.000174
14874,5.8948000000000005e-05,0.312,-0.8
14875,5.895e-05,0.312,-0.000174
14876,5.8952e-05,0.312,-0.000174
14877,5.8954000000000005e-05,0.32,-0.000174
14878,5.8956e-05,0.312,-0.8
14879,5.8958e-05,0.312,-0.000174
14880,5.8960000000000005e-05,0.312,-0.000174
14881,5.8962e-05,0.328,-0.8
14882,5.8964e-05,0.312,-0.8
14883,5.8966000000000004e-05,0.32,-0.000174
14884,5.8968e-05,0.312,-0.000174
14885,5.897e-05,0.32,-0.000174
14886,5.8972000000000004e-05,0.312,-0.8
14887,5.897400000000001e-05,0.32,-0.000174
14888,5.8976e-05,0.312,-0.000174
14889,5.8978000000000004e-05,0.32,-0.000174
14890,5.898000000000001e-05,0.312,-0.8
14891,5.8982e-05,0.32,-0.000174
14892,5.8984e-05,0.312,-0.000174
14893,5.898600000000001e-05,0.328,-0.000174
14894,5.8988000000000005e-05,0.312,-0.8
14895,5.899e-05,0.312,-0.000174
14896,5.899200000000001e-05,0.312,-0.8
14897,5.8994000000000005e-05,0.32,-0.000174
14898,5.8996e-05,0.32,-0.8
14899,5.899800000000001e-05,0.32,-0.000174
14900,5.9000000000000004e-05,0.312,-0.000174
14901,5.9002e-05,0.328,-0.000174
14902,5.9004000000000006e-05,0.32,-0.8
14903,5.9006000000000004e-05,0.312,-0.000174
14904,5.9008e-05,0.32,-0.8
14905,5.9010000000000006e-05,0.32,-0.000174
14906,5.9012000000000004e-05,0.312,-0.000174
14907,5.9014e-05,0.32,-0.8
14908,5.9016000000000006e-05,0.312,-0.000174
14909,5.9018e-05,0.328,-0.8
14910,5.902e-05,0.312,-0.8
14911,5.9022000000000005e-05,0.32,-0.000174
14912,5.9024e-05,0.312,-0.8
14913,5.9026e-05,0.328,-0.000174
14914,5.9028000000000005e-05,0.32,-0.8
14915,5.903e-05,0.32,-0.000174
14916,5.9032e-05,0.312,-0.000174
14917,5.9034000000000004e-05,0.328,-0.000174
14918,5.9036e-05,0.312,-0.8
14919,5.9038e-05,0.32,-0.000174
14920,5.9040000000000004e-05,0.312,-0.000174
14921,5.904200000000001e-05,0.328,-0.000174
14922,5.9044e-05,0.312,-0.8
14923,5.9046000000000004e-05,0.32,-0.000174
14924,5.904800000000001e-05,0.32,-0.000174
14925,5.905e-05,0.328,-0.000174
14926,5.9052e-05,0.32,-0.8
14927,5.905400000000001e-05,0.32,-0.000174
14928,5.9056000000000005e-05,0.312,-0.000174
14929,5.9058e-05,0.328,-0.000174
14930,5.906000000000001e-05,0.32,-0.8
14931,5.9062000000000005e-05,0.32,-0.000174
14932,5.9064e-05,0.312,-0.000174
14933,5.906600000000001e-05,0.328,-0.000174
14934,5.9068000000000004e-05,0.32,-0.8
14935,5.907e-05,0.32,-0.000174
14936,5.9072000000000006e-05,0.312,-0.000174
14937,5.9074000000000004e-05,0.328,-0.000174
14938,5.9076e-05,0.32,-0.8
14939,5.9078000000000006e-05,0.32,-0.000174
14940,5.9080000000000004e-05,0.312,-0.000174
14941,5.9082e-05,0.328,-0.8
14942,5.9084000000000006e-05,0.32,-0.8
14943,5.9086e-05,0.32,-0.000174
14944,5.9088e-05,0.32,-0.000174
14945,5.9090000000000005e-05,0.328,-0.000174
14946,5.9092e-05,0.32,-0.8
14947,5.9094e-05,0.32,-0.000174
14948,5.9096000000000005e-05,0.32,-0.000174
14949,5.9098e-05,0.328,-0.000174
14950,5.91e-05,0.32,-0.8
14951,5.9102000000000004e-05,0.32,-0.000174
14952,5.9104e-05,0.312,-0.000174
14953,5.9106e-05,0.328,-0.000174
14954,5.9108000000000004e-05,0.32,-0.8
14955,5.911000000000001e-05,0.32,-0.000174
14956,5.9112e-05,0.32,-0.000174
14957,5.9114000000000004e-05,0.328,-0.000174
14958,5.911600000000001e-05,0.32,-0.8
14959,5.9118e-05,0.32,-0.000174
14960,5.912e-05,0.32,-0.000174
14961,5.912200000000001e-05,0.336,-0.8
14962,5.9124000000000005e-05,0.32,-0.8
14963,5.9126e-05,0.32,-0.000174
14964,5.912800000000001e-05,0.32,-0.000174
14965,5.9130000000000005e-05,0.328,-0.000174
14966,5.9132e-05,0.32,-0.8
14967,5.913400000000001e-05,0.32,-0.000174
14968,5.9136000000000004e-05,0.32,-0.000174
14969,5.9138e-05,0.328,-0.000174
14970,5.9140000000000006e-05,0.32,-0.8
14971,5.9142000000000004e-05,0.328,-0.000174
14972,5.9144e-05,0.32,-0.000174
14973,5.9146000000000006e-05,0.336,-0.000174
14974,5.9148000000000004e-05,0.32,-0.8
14975,5.915e-05,0.328,-0.000174
14976,5.9152000000000006e-05,0.32,-0.000174
14977,5.9154e-05,0.328,-0.000174
14978,5.9156e-05,0.32,-0.8
14979,5.9158000000000005e-05,0.328,-0.000174
14980,5.916e-05,0.32,-0.000174
14981,5.9162e-05,0.336,-0.000174
14982,5.9164000000000005e-05,0.32,-0.8
14983,5.9166e-05,0.328,-0.000174
14984,5.9168e-05,0.32,-0.000174
14985,5.9170000000000004e-05,0.336,-0.000174
14986,5.9172e-05,0.32,-0.8
14987,5.9174e-05,0.328,-0.000174
14988,5.9176000000000004e-05,0.32,-0.000174
14989,5.917800000000001e-05,0.336,-0.000174
14990,5.918e-05,0.32,-0.000174
14991,5.9182000000000004e-05,0.328,-0.000174
14992,5.918400000000001e-05,0.32,-0.000174
14993,5.9186e-05,0.336,-0.000174
14994,5.9188e-05,0.328,-0.8
14995,5.919000000000001e-05,0.328,-0.000174
14996,5.9192000000000005e-05,0.32,-0.000174
14997,5.9194e-05,0.336,-0.000174
14998,5.919600000000001e-05,0.32,-0.8
14999,5.9198000000000005e-05,0.328,-0.000174
15000,5.92e-05,0.32,-0.000174
15001,5.920200000000001e-05,0.336,-0.000174
15002,5.9204000000000004e-05,0.32,-0.8
15003,5.9206e-05,0.328,-0.000174
15004,5.9208000000000006e-05,0.32,-0.000174
15005,5.9210000000000004e-05,0.336,-0.000174
15006,5.9212e-05,0.328,-0.8
15007,5.9214000000000006e-05,0.328,-0.000174
15008,5.9216000000000004e-05,0.32,-0.000174
15009,5.9218e-05,0.336,-0.000174
15010,5.9220000000000006e-05,0.32,-0.8
15011,5.9222e-05,0.328,-0.000174
15012,5.9224e-05,0.32,-0.000174
15013,5.9226000000000005e-05,0.336,-0.000174
15014,5.9228e-05,0.328,-0.8
15015,5.923e-05,0.328,-0.000174
15016,5.9232000000000005e-05,0.32,-0.000174
15017,5.9234e-05,0.336,-0.000174
15018,5.9236e-05,0.328,-0.8
15019,5.9238000000000004e-05,0.328,-0.000174
15020,5.924e-05,0.32,-0.000174
15021,5.9242e-05,0.336,-0.000174
15022,5.9244000000000004e-05,0.32,-0.000174
15023,5.924600000000001e-05,0.328,-0.000174
15024,5.9248e-05,0.32,-0.000174
15025,5.9250000000000004e-05,0.336,-0.000174
15026,5.925200000000001e-05,0.328,-0.8
15027,5.9254e-05,0.328,-0.000174
15028,5.9256e-05,0.32,-0.000174
15029,5.925800000000001e-05,0.336,-0.000174
15030,5.926e-05,0.328,-0.8
15031,5.9262e-05,0.328,-0.000174
15032,5.926400000000001e-05,0.32,-0.000174
15033,5.9266000000000005e-05,0.336,-0.000174
15034,5.9268e-05,0.328,-0.8
15035,5.927000000000001e-05,0.328,-0.000174
15036,5.9272000000000004e-05,0.328,-0.000174
15037,5.9274e-05,0.336,-0.000174
15038,5.9276000000000006e-05,0.328,-0.8
15039,5.9278000000000004e-05,0.328,-0.000174
15040,5.928e-05,0.32,-0.000174
15041,5.9282000000000006e-05,0.336,-0.000174
15042,5.9284000000000004e-05,0.328,-0.8
15043,5.9286e-05,0.328,-0.000174
15044,5.9288000000000006e-05,0.328,-0.000174
15045,5.929e-05,0.336,-0.000174
15046,5.9292e-05,0.328,-0.8
15047,5.9294000000000005e-05,0.328,-0.000174
15048,5.9296e-05,0.328,-0.000174
15049,5.9298e-05,0.336,-0.000174
15050,5.9300000000000005e-05,0.328,-0.8
15051,5.9302e-05,0.328,-0.000174
15052,5.9304e-05,0.328,-0.000174
15053,5.9306000000000004e-05,0.336,-0.000174
15054,5.9308e-05,0.328,-0.8
15055,5.931e-05,0.328,-0.000174
15056,5.9312000000000004e-05,0.328,-0.000174
15057,5.931400000000001e-05,0.336,-0.000174
15058,5.9316e-05,0.328,-0.8
15059,5.9318000000000004e-05,0.328,-0.000174
15060,5.932000000000001e-05,0.328,-0.000174
15061,5.9322e-05,0.336,-0.000174
15062,5.9324e-05,0.328,-0.8
15063,5.932600000000001e-05,0.328,-0.000174
15064,5.9328e-05,0.328,-0.000174
15065,5.933e-05,0.336,-0.000174
15066,5.933200000000001e-05,0.328,-0.8
15067,5.9334000000000005e-05,0.328,-0.000174
15068,5.9336e-05,0.328,-0.000174
15069,5.933800000000001e-05,0.336,-0.000174
15070,5.9340000000000004e-05,0.328,-0.8
15071,5.9342e-05,0.336,-0.000174
15072,5.9344000000000006e-05,0.328,-0.000174
15073,5.9346000000000004e-05,0.344,-0.000174
15074,5.9348e-05,0.328,-0.8
15075,5.9350000000000006e-05,0.336,-0.000174
15076,5.9352000000000004e-05,0.328,-0.000174
15077,5.9354e-05,0.344,-0.000174
15078,5.9356000000000006e-05,0.328,-0.8
15079,5.9358e-05,0.328,-0.000174
15080,5.936e-05,0.328,-0.000174
15081,5.9362000000000005e-05,0.344,-0.000174
15082,5.9364e-05,0.328,-0.8
15083,5.9366e-05,0.336,-0.000174
15084,5.9368000000000005e-05,0.328,-0.000174
15085,5.937e-05,0.336,-0.000174
15086,5.9372e-05,0.328,-0.8
15087,5.9374000000000004e-05,0.336,-0.000174
15088,5.9376e-05,0.328,-0.000174
15089,5.9378e-05,0.344,-0.000174
15090,5.9380000000000004e-05,0.328,-0.000174
15091,5.938200000000001e-05,0.336,-0.8
15092,5.9384e-05,0.328,-0.000174
15093,5.9386000000000004e-05,0.344,-0.000174
15094,5.938800000000001e-05,0.328,-0.8
15095,5.939e-05,0.336,-0.000174
15096,5.9392e-05,0.336,-0.8
15097,5.939400000000001e-05,0.344,-0.000174
15098,5.9396e-05,0.336,-0.8
15099,5.9398e-05,0.336,-0.000174
15100,5.940000000000001e-05,0.328,-0.000174
15101,5.9402000000000005e-05,0.344,-0.000174
15102,5.9404e-05,0.336,-0.8
15103,5.940600000000001e-05,0.328,-0.000174
15104,5.9408000000000004e-05,0.336,-0.8
15105,5.941e-05,0.344,-0.000174
15106,5.9412000000000006e-05,0.328,-0.000174
15107,5.9414000000000004e-05,0.336,-0.8
15108,5.9416e-05,0.328,-0.000174
15109,5.9418000000000006e-05,0.344,-0.8
15110,5.9420000000000004e-05,0.328,-0.000174
15111,5.9422e-05,0.336,-0.000174
15112,5.9424000000000006e-05,0.328,-0.000174
15113,5.9426e-05,0.344,-0.000174
15114,5.9428e-05,0.336,-0.8
15115,5.9430000000000005e-05,0.336,-0.000174
15116,5.9432e-05,0.336,-0.000174
15117,5.9434e-05,0.344,-0.000174
15118,5.9436000000000005e-05,0.336,-0.8
15119,5.9438e-05,0.336,-0.000174
15120,5.944e-05,0.328,-0.000174
15121,5.9442000000000004e-05,0.344,-0.000174
15122,5.9444e-05,0.336,-0.8
15123,5.9446e-05,0.336,-0.000174
15124,5.9448000000000004e-05,0.336,-0.000174
15125,5.945000000000001e-05,0.344,-0.000174
15126,5.9452e-05,0.336,-0.8
15127,5.9454000000000004e-05,0.336,-0.000174
15128,5.945600000000001e-05,0.336,-0.000174
15129,5.9458e-05,0.344,-0.000174
15130,5.946e-05,0.336,-0.8
15131,5.946200000000001e-05,0.336,-0.000174
15132,5.9464e-05,0.328,-0.000174
15133,5.9466e-05,0.344,-0.000174
15134,5.946800000000001e-05,0.336,-0.8
15135,5.9470000000000005e-05,0.336,-0.000174
15136,5.9472e-05,0.336,-0.000174
15137,5.947400000000001e-05,0.344,-0.000174
15138,5.9476000000000005e-05,0.336,-0.8
15139,5.9478e-05,0.336,-0.000174
15140,5.9480000000000006e-05,0.336,-0.000174
15141,5.9482000000000004e-05,0.344,-0.000174
15142,5.9484e-05,0.336,-0.8
15143,5.9486000000000006e-05,0.336,-0.000174
15144,5.9488000000000004e-05,0.336,-0.000174
15145,5.949e-05,0.344,-0.000174
15146,5.9492000000000006e-05,0.336,-0.8
15147,5.9494e-05,0.336,-0.000174
15148,5.9496e-05,0.336,-0.000174
15149,5.9498000000000005e-05,0.344,-0.000174
15150,5.95e-05,0.336,-0.8
15151,5.9502e-05,0.344,-0.000174
15152,5.9504000000000005e-05,0.336,-0.000174
15153,5.9506e-05,0.344,-0.000174
15154,5.9508e-05,0.336,-0.8
15155,5.9510000000000005e-05,0.336,-0.000174
15156,5.9512e-05,0.336,-0.000174
15157,5.9514e-05,0.352,-0.000174
15158,5.9516000000000004e-05,0.336,-0.8
15159,5.951800000000001e-05,0.344,-0.000174
15160,5.952e-05,0.336,-0.000174
15161,5.9522000000000004e-05,0.352,-0.000174
15162,5.952400000000001e-05,0.336,-0.8
15163,5.9526e-05,0.344,-0.000174
15164,5.9528e-05,0.336,-0.000174
15165,5.953000000000001e-05,0.344,-0.000174
15166,5.9532e-05,0.336,-0.8
15167,5.9534e-05,0.344,-0.000174
15168,5.953600000000001e-05,0.336,-0.000174
15169,5.9538000000000005e-05,0.352,-0.000174
15170,5.954e-05,0.328,-0.8
15171,5.954200000000001e-05,0.328,-0.8
15172,5.9544000000000005e-05,0.304,-0.000174
15173,5.9546e-05,0.304,-0.8
15174,5.9548000000000007e-05,0.272,-0.8
15175,5.9550000000000004e-05,0.264,-0.8
15176,5.9552e-05,0.256,-0.8
15177,5.9554000000000006e-05,0.272,-0.000174
15178,5.9556000000000004e-05,0.272,-0.8
15179,5.9558e-05,0.288,-0.000174
15180,5.9560000000000006e-05,0.288,-0.000174
15181,5.9562e-05,0.312,-0.8
15182,5.9564e-05,0.304,-0.8
15183,5.9566000000000005e-05,0.312,-0.000174
15184,5.9568e-05,0.312,-0.000174
15185,5.957e-05,0.328,-0.000174
15186,5.9572000000000005e-05,0.32,-0.8
15187,5.9574e-05,0.32,-0.000174
15188,5.9576e-05,0.312,-0.000174
15189,5.9578000000000005e-05,0.328,-0.000174
15190,5.958e-05,0.32,-0.8
15191,5.9582e-05,0.328,-0.000174
15192,5.9584000000000004e-05,0.32,-0.000174
15193,5.958600000000001e-05,0.336,-0.000174
15194,5.9588e-05,0.328,-0.8
15195,5.9590000000000004e-05,0.328,-0.000174
15196,5.959200000000001e-05,0.32,-0.000174
15197,5.9594e-05,0.336,-0.000174
15198,5.9596e-05,0.32,-0.8
15199,5.959800000000001e-05,0.328,-0.000174
15200,5.96e-05,0.32,-0.000174
15201,5.9602e-05,0.336,-0.000174
15202,5.960400000000001e-05,0.328,-0.000174
15203,5.9606000000000005e-05,0.328,-0.000174
15204,5.9608e-05,0.328,-0.000174
15205,5.961000000000001e-05,0.336,-0.000174
15206,5.9612000000000005e-05,0.328,-0.8
15207,5.9614e-05,0.328,-0.000174
15208,5.9616000000000007e-05,0.328,-0.000174
15209,5.9618000000000004e-05,0.336,-0.000174
15210,5.962e-05,0.328,-0.8
15211,5.9622000000000006e-05,0.328,-0.000174
15212,5.9624000000000004e-05,0.32,-0.000174
15213,5.9626e-05,0.344,-0.000174
15214,5.9628000000000006e-05,0.328,-0.8
15215,5.963e-05,0.336,-0.000174
15216,5.9632e-05,0.328,-0.000174
15217,5.9634000000000005e-05,0.344,-0.000174
15218,5.9636e-05,0.328,-0.8
15219,5.9638e-05,0.336,-0.000174
15220,5.9640000000000005e-05,0.328,-0.000174
15221,5.9642e-05,0.336,-0.000174
15222,5.9644e-05,0.328,-0.8
15223,5.9646000000000005e-05,0.336,-0.000174
15224,5.9648e-05,0.328,-0.000174
15225,5.965e-05,0.344,-0.000174
15226,5.9652000000000004e-05,0.336,-0.8
15227,5.965400000000001e-05,0.336,-0.000174
15228,5.9656e-05,0.328,-0.000174
15229,5.9658000000000004e-05,0.344,-0.000174
15230,5.966000000000001e-05,0.328,-0.8
15231,5.9662e-05,0.336,-0.000174
15232,5.9664e-05,0.328,-0.000174
15233,5.966600000000001e-05,0.344,-0.000174
15234,5.9668e-05,0.336,-0.8
15235,5.967e-05,0.336,-0.000174
15236,5.967200000000001e-05,0.336,-0.000174
15237,5.9674000000000005e-05,0.344,-0.000174
15238,5.9676e-05,0.336,-0.8
15239,5.967800000000001e-05,0.344,-0.000174
15240,5.9680000000000005e-05,0.328,-0.000174
15241,5.9682e-05,0.344,-0.000174
15242,5.9684000000000007e-05,0.336,-0.000174
15243,5.9686000000000004e-05,0.336,-0.000174
15244,5.9688e-05,0.336,-0.000174
15245,5.9690000000000006e-05,0.344,-0.000174
15246,5.9692000000000004e-05,0.336,-0.8
15247,5.9694e-05,0.344,-0.000174
15248,5.9696000000000006e-05,0.336,-0.000174
15249,5.9698000000000003e-05,0.344,-0.000174
15250,5.97e-05,0.336,-0.000174
15251,5.9702000000000005e-05,0.344,-0.000174
15252,5.9704e-05,0.336,-0.000174
15253,5.9706e-05,0.344,-0.000174
15254,5.9708000000000005e-05,0.336,-0.8
15255,5.971e-05,0.344,-0.000174
15256,5.9712e-05,0.336,-0.000174
15257,5.9714000000000005e-05,0.352,-0.000174
15258,5.9716e-05,0.344,-0.8
15259,5.9718e-05,0.344,-0.000174
15260,5.9720000000000004e-05,0.336,-0.000174
15261,5.972200000000001e-05,0.352,-0.000174
15262,5.9724e-05,0.336,-0.000174
15263,5.9726000000000004e-05,0.344,-0.000174
15264,5.972800000000001e-05,0.336,-0.000174
15265,5.973e-05,0.352,-0.000174
15266,5.9732000000000003e-05,0.344,-0.8
15267,5.973400000000001e-05,0.344,-0.000174
15268,5.9736e-05,0.336,-0.000174
15269,5.9738e-05,0.352,-0.000174
15270,5.974000000000001e-05,0.336,-0.000174
15271,5.9742e-05,0.344,-0.000174
15272,5.9744e-05,0.336,-0.000174
15273,5.974600000000001e-05,0.352,-0.000174
15274,5.9748e-05,0.344,-0.8
15275,5.975e-05,0.344,-0.000174
15276,5.9752000000000007e-05,0.336,-0.000174
15277,5.9754e-05,0.352,-0.000174
15278,5.9756e-05,0.344,-0.8
15279,5.9758000000000006e-05,0.344,-0.000174
15280,5.976e-05,0.336,-0.000174
15281,5.9762e-05,0.352,-0.000174
15282,5.9764000000000006e-05,0.344,-0.000174
15283,5.976600000000001e-05,0.344,-0.000174
15284,5.9768e-05,0.336,-0.000174
15285,5.9770000000000005e-05,0.352,-0.000174
15286,5.977200000000001e-05,0.344,-0.000174
15287,5.9774e-05,0.344,-0.000174
15288,5.9776000000000005e-05,0.336,-0.000174
15289,5.977800000000001e-05,0.352,-0.000174
15290,5.978e-05,0.344,-0.000174
15291,5.9782000000000005e-05,0.344,1.6
15292,5.978400000000001e-05,0.336,1.6
15293,5.9786e-05,0.352,1.6
15294,5.9788000000000004e-05,0.344,1.6
15295,5.979000000000001e-05,0.344,1.6
15296,5.9792e-05,0.336,1.6
15297,5.9794000000000004e-05,0.352,1.6
15298,5.979600000000001e-05,0.344,1.6
15299,5.9798e-05,0.344,2.4
15300,5.9800000000000003e-05,0.336,2.4
15301,5.980200000000001e-05,0.352,2.4
15302,5.9804e-05,0.344,2.4
15303,5.9806e-05,0.336,3.2
15304,5.980800000000001e-05,0.344,2.4
15305,5.981e-05,0.352,3.2
15306,5.9812e-05,0.336,2.4
15307,5.981400000000001e-05,0.344,3.2
15308,5.9816e-05,0.336,3.2
15309,5.9818e-05,0.352,3.2
15310,5.982000000000001e-05,0.344,3.2
15311,5.9822e-05,0.344,3.2
15312,5.9824e-05,0.336,4.0
15313,5.9826000000000006e-05,0.352,4.0
15314,5.9828e-05,0.344,3.2
15315,5.983e-05,0.344,4.0
15316,5.9832000000000006e-05,0.336,4.0
15317,5.983400000000001e-05,0.352,4.0
15318,5.9836e-05,0.344,4.0
15319,5.9838000000000005e-05,0.344,4.8
15320,5.984000000000001e-05,0.336,4.8
15321,5.9842e-05,0.36,4.8
15322,5.9844000000000005e-05,0.344,4.8
15323,5.984600000000001e-05,0.344,4.8
15324,5.9848e-05,0.336,5.6
15325,5.9850000000000005e-05,0.352,5.6
15326,5.985200000000001e-05,0.344,5.6
15327,5.9854e-05,0.344,5.6
15328,5.9856000000000004e-05,0.336,6.4
15329,5.985800000000001e-05,0.352,6.4
15330,5.986e-05,0.336,6.4
15331,5.9862000000000004e-05,0.344,6.4
15332,5.986400000000001e-05,0.336,7.2
15333,5.9866e-05,0.352,7.2
15334,5.9868000000000003e-05,0.336,7.2
15335,5.987000000000001e-05,0.336,8.0
15336,5.9872e-05,0.336,8.8
15337,5.9874e-05,0.344,9.6
15338,5.987600000000001e-05,0.336,10.4
15339,5.9878e-05,0.336,11.2
15340,5.988e-05,0.328,13.6
15341,5.988200000000001e-05,0.336,14.4
15342,5.9884e-05,0.32,16.0
15343,5.9886e-05,0.32,17.6
15344,5.988800000000001e-05,0.312,20.0
15345,5.989e-05,0.32,22.4
15346,5.9892e-05,0.304,25.6
15347,5.9894000000000006e-05,0.296,28.8
15348,5.9896e-05,0.28,32.0
15349,5.9898e-05,0.28,36.0
15350,5.9900000000000006e-05,0.264,40.0
15351,5.990200000000001e-05,0.24,44.0
15352,5.9904e-05,0.208,48.0
15353,5.9906000000000005e-05,0.16,52.8
15354,5.990800000000001e-05,0.088,56.8
15355,5.991e-05,0.024,60.0
15356,5.9912000000000005e-05,-0.032,64.0
15357,5.991400000000001e-05,-0.096,67.2
15358,5.9916e-05,-0.176,70.4
15359,5.9918000000000005e-05,-0.232,73.6
15360,5.992000000000001e-05,-0.288,76.0
15361,5.9922e-05,-0.36,78.4
15362,5.9924000000000004e-05,-0.416,80.0
15363,5.992600000000001e-05,-0.464,81.6
15364,5.9928e-05,-0.52,82.4
15365,5.9930000000000004e-05,-0.576,83.2
15366,5.993200000000001e-05,-0.608,84.0
15367,5.9934e-05,-0.64,83.2
15368,5.9936000000000003e-05,-0.68,82.4
15369,5.993800000000001e-05,-0.704,81.6
15370,5.994e-05,-0.704,79.2
15371,5.9942e-05,-0.712,76.0
15372,5.994400000000001e-05,-0.688,71.2
15373,5.9946e-05,-0.68,65.6
15374,5.9948e-05,-0.624,59.2
15375,5.995000000000001e-05,-0.576,52.8
15376,5.9952e-05,-0.512,44.8
15377,5.9954e-05,-0.44,38.4
15378,5.995600000000001e-05,-0.36,31.2
15379,5.9958e-05,-0.28,26.4
15380,5.996e-05,-0.192,21.6
15381,5.9962000000000006e-05,-0.112,17.6
15382,5.9964e-05,-0.04,15.2
15383,5.9966e-05,0.024,12.0
15384,5.9968000000000006e-05,0.088,11.2
15385,5.997000000000001e-05,0.152,9.6
15386,5.9972e-05,0.184,8.8
15387,5.9974000000000005e-05,0.224,8.8
15388,5.997600000000001e-05,0.256,8.0
15389,5.9978e-05,0.288,8.0
15390,5.9980000000000005e-05,0.296,8.8
15391,5.998200000000001e-05,0.312,8.8
15392,5.9984e-05,0.312,9.6
15393,5.9986000000000005e-05,0.328,11.2
15394,5.998800000000001e-05,0.32,12.0
15395,5.999e-05,0.312,15.2
15396,5.9992000000000004e-05,0.296,17.6
15397,5.999400000000001e-05,0.288,20.0
15398,5.9996e-05,0.256,24.0
15399,5.9998000000000004e-05,0.216,28.8
15400,6.000000000000001e-05,0.16,33.6
15401,6.0002e-05,0.12,39.2
15402,6.0004000000000004e-05,0.048,44.8
15403,6.000600000000001e-05,-0.024,51.2
15404,6.0008e-05,-0.096,56.0
15405,6.001e-05,-0.168,60.0
15406,6.001200000000001e-05,-0.24,64.8
15407,6.0014e-05,-0.32,66.4
15408,6.0016e-05,-0.368,67.2
15409,6.001800000000001e-05,-0.424,66.4
15410,6.002e-05,-0.448,64.8
15411,6.0022e-05,-0.472,60.0
15412,6.002400000000001e-05,-0.464,56.0
15413,6.0026e-05,-0.456,51.2
15414,6.0028e-05,-0.424,45.6
15415,6.0030000000000006e-05,-0.384,40.0
15416,6.0032e-05,-0.328,34.4
15417,6.0034e-05,-0.264,29.6
15418,6.0036000000000006e-05,-0.2,25.6
15419,6.003800000000001e-05,-0.144,21.6
15420,6.004e-05,-0.072,19.2
15421,6.0042000000000006e-05,-0.008,16.8
15422,6.004400000000001e-05,0.04,14.4
15423,6.0046e-05,0.096,13.6
15424,6.0048000000000005e-05,0.136,12.0
15425,6.005000000000001e-05,0.176,11.2
15426,6.0052e-05,0.2,10.4
15427,6.0054000000000005e-05,0.224,10.4
15428,6.005600000000001e-05,0.24,11.2
15429,6.0058e-05,0.272,11.2
15430,6.0060000000000004e-05,0.272,12.0
15431,6.006200000000001e-05,0.28,13.6
15432,6.0064e-05,0.272,15.2
15433,6.0066000000000004e-05,0.28,16.8
15434,6.006800000000001e-05,0.264,18.4
15435,6.007e-05,0.24,21.6
15436,6.0072000000000004e-05,0.216,24.0
15437,6.007400000000001e-05,0.192,28.8
15438,6.0076e-05,0.152,32.0
15439,6.0078e-05,0.104,37.6
15440,6.008000000000001e-05,0.048,41.6
15441,6.0082e-05,0.0,45.6
15442,6.0084e-05,-0.064,50.4
15443,6.008600000000001e-05,-0.128,53.6
15444,6.0088e-05,-0.184,56.8
15445,6.009e-05,-0.24,58.4
15446,6.009200000000001e-05,-0.288,59.2
15447,6.0094e-05,-0.328,59.2
15448,6.0096e-05,-0.36,57.6
15449,6.0098000000000006e-05,-0.376,56.0
15450,6.01e-05,-0.376,52.8
15451,6.0102e-05,-0.376,48.0
15452,6.0104000000000006e-05,-0.352,44.0
15453,6.010600000000001e-05,-0.328,40.0
15454,6.0108e-05,-0.28,35.2
15455,6.0110000000000006e-05,-0.232,31.2
15456,6.011200000000001e-05,-0.184,28.0
15457,6.0114e-05,-0.128,24.0
15458,6.0116000000000005e-05,-0.08,21.6
15459,6.011800000000001e-05,-0.032,19.2
15460,6.012e-05,0.016,17.6
15461,6.0122000000000005e-05,0.072,16.0
15462,6.012400000000001e-05,0.104,15.2
15463,6.0126e-05,0.136,14.4
15464,6.0128000000000004e-05,0.16,14.4
15465,6.013000000000001e-05,0.192,14.4
15466,6.0132e-05,0.208,14.4
15467,6.0134000000000004e-05,0.216,14.4
15468,6.013600000000001e-05,0.224,15.2
15469,6.0138e-05,0.24,16.0
15470,6.0140000000000004e-05,0.224,17.6
15471,6.014200000000001e-05,0.224,19.2
15472,6.0144e-05,0.208,20.8
15473,6.0146e-05,0.208,23.2
15474,6.014800000000001e-05,0.176,26.4
15475,6.015e-05,0.152,29.6
15476,6.0152e-05,0.12,32.8
15477,6.015400000000001e-05,0.088,36.0
15478,6.0156e-05,0.032,40.0
15479,6.0158e-05,-0.008,43.2
15480,6.016000000000001e-05,-0.056,46.4
15481,6.0162e-05,-0.096,49.6
15482,6.0164e-05,-0.16,52.0
15483,6.0166000000000006e-05,-0.2,52.8
15484,6.0168e-05,-0.24,53.6
15485,6.017e-05,-0.264,53.6
15486,6.0172000000000006e-05,-0.288,52.8
15487,6.0174e-05,-0.296,51.2
15488,6.0176e-05,-0.312,48.0
15489,6.0178000000000006e-05,-0.296,44.8
15490,6.018000000000001e-05,-0.28,42.4
15491,6.0182e-05,-0.256,39.2
15492,6.0184000000000005e-05,-0.232,35.2
15493,6.018600000000001e-05,-0.192,32.0
15494,6.0188e-05,-0.16,28.8
15495,6.0190000000000005e-05,-0.104,26.4
15496,6.019200000000001e-05,-0.072,23.2
15497,6.0194e-05,-0.024,21.6
15498,6.0196000000000004e-05,0.008,20.0
15499,6.019800000000001e-05,0.048,18.4
15500,6.02e-05,0.08,17.6
15501,6.0202000000000004e-05,0.12,16.8
15502,6.020400000000001e-05,0.136,16.8
15503,6.0206e-05,0.152,16.8
15504,6.0208000000000004e-05,0.168,16.8
15505,6.021000000000001e-05,0.184,17.6
15506,6.0212e-05,0.184,17.6
15507,6.0214e-05,0.192,18.4
15508,6.021600000000001e-05,0.184,20.0
15509,6.0218e-05,0.192,21.6
15510,6.022e-05,0.168,23.2
15511,6.022200000000001e-05,0.16,25.6
15512,6.0224e-05,0.136,28.0
15513,6.0226e-05,0.12,30.4
15514,6.022800000000001e-05,0.088,33.6
15515,6.023e-05,0.048,36.0
15516,6.0232e-05,0.008,39.2
15517,6.0234000000000006e-05,-0.024,42.4
15518,6.0236e-05,-0.064,44.8
15519,6.0238e-05,-0.096,46.4
15520,6.0240000000000006e-05,-0.144,48.0
15521,6.0242e-05,-0.176,49.6
15522,6.0244e-05,-0.2,49.6
15523,6.0246000000000006e-05,-0.224,49.6
15524,6.024800000000001e-05,-0.24,48.0
15525,6.025e-05,-0.248,46.4
15526,6.0252000000000005e-05,-0.248,44.0
15527,6.025400000000001e-05,-0.24,42.4
15528,6.0256e-05,-0.232,40.0
15529,6.0258000000000005e-05,-0.208,36.0
15530,6.026000000000001e-05,-0.184,33.6
15531,6.0262e-05,-0.16,31.2
15532,6.0264000000000004e-05,-0.128,28.8
15533,6.026600000000001e-05,-0.08,27.2
15534,6.0268e-05,-0.056,24.0
15535,6.0270000000000004e-05,-0.016,22.4
15536,6.027200000000001e-05,0.008,21.6
15537,6.0274e-05,0.048,20.0
15538,6.0276000000000004e-05,0.072,19.2
15539,6.027800000000001e-05,0.096,19.2
15540,6.028e-05,0.112,19.2
15541,6.0282e-05,0.136,19.2
15542,6.028400000000001e-05,0.144,19.2
15543,6.0286e-05,0.152,19.2
15544,6.0288e-05,0.152,20.0
15545,6.029000000000001e-05,0.168,20.8
15546,6.0292e-05,0.152,21.6
15547,6.0294e-05,0.152,23.2
15548,6.029600000000001e-05,0.136,26.4
15549,6.0298e-05,0.128,28.0
15550,6.03e-05,0.104,29.6
15551,6.0302000000000006e-05,0.088,32.0
15552,6.0304e-05,0.048,34.4
15553,6.0306e-05,0.032,36.0
15554,6.0308000000000006e-05,-0.008,39.2
15555,6.031e-05,-0.032,40.8
15556,6.0312e-05,-0.064,42.4
15557,6.0314000000000006e-05,-0.096,44.0
15558,6.031600000000001e-05,-0.128,44.8
15559,6.0318e-05,-0.152,45.6
15560,6.0320000000000005e-05,-0.176,45.6
15561,6.032200000000001e-05,-0.192,44.8
15562,6.0324e-05,-0.2,44.0
15563,6.0326000000000005e-05,-0.2,43.2
15564,6.032800000000001e-05,-0.2,41.6
15565,6.033e-05,-0.192,39.2
15566,6.0332000000000004e-05,-0.184,37.6
15567,6.033400000000001e-05,-0.168,34.4
15568,6.0336e-05,-0.144,32.8
15569,6.0338000000000004e-05,-0.112,30.4
15570,6.034000000000001e-05,-0.088,28.8
15571,6.0342e-05,-0.056,27.2
15572,6.0344000000000004e-05,-0.032,25.6
15573,6.034600000000001e-05,0.0,24.0
15574,6.0348e-05,0.016,22.4
15575,6.035e-05,0.04,21.6
15576,6.035200000000001e-05,0.056,21.6
15577,6.0354e-05,0.096,20.8
15578,6.0356e-05,0.104,20.8
15579,6.035800000000001e-05,0.112,20.8
15580,6.036e-05,0.12,21.6
15581,6.0362e-05,0.136,21.6
15582,6.036400000000001e-05,0.128,22.4
15583,6.0366e-05,0.128,23.2
15584,6.0368e-05,0.128,24.0
15585,6.0370000000000006e-05,0.128,26.4
15586,6.0372e-05,0.104,28.0
15587,6.0374e-05,0.096,29.6
15588,6.0376000000000006e-05,0.08,31.2
15589,6.0378e-05,0.056,32.8
15590,6.038e-05,0.024,34.4
15591,6.0382000000000006e-05,0.008,36.0
15592,6.038400000000001e-05,-0.024,38.4
15593,6.0386e-05,-0.04,40.0
15594,6.0388000000000005e-05,-0.072,40.8
15595,6.039000000000001e-05,-0.088,41.6
15596,6.0392e-05,-0.112,42.4
15597,6.0394000000000005e-05,-0.136,42.4
15598,6.039600000000001e-05,-0.152,42.4
15599,6.0398e-05,-0.16,42.4
15600,6.0400000000000004e-05,-0.168,41.6
15601,6.040200000000001e-05,-0.168,40.0
15602,6.0404e-05,-0.168,39.2
15603,6.0406000000000004e-05,-0.16,37.6
15604,6.040800000000001e-05,-0.144,35.2
15605,6.041e-05,-0.128,33.6
15606,6.0412000000000004e-05,-0.104,31.2
15607,6.041400000000001e-05,-0.08,30.4
15608,6.0416e-05,-0.064,28.8
15609,6.0418e-05,-0.04,27.2
15610,6.042000000000001e-05,-0.016,26.4
15611,6.0422e-05,0.0,24.0
15612,6.0424e-05,0.016,24.0
15613,6.042600000000001e-05,0.04,23.2
15614,6.0428e-05,0.056,22.4
15615,6.043e-05,0.08,22.4
15616,6.043200000000001e-05,0.088,22.4
15617,6.0434e-05,0.104,22.4
15618,6.0436e-05,0.104,22.4
15619,6.0438000000000006e-05,0.112,23.2
15620,6.044e-05,0.104,24.0
15621,6.0442e-05,0.112,25.6
15622,6.0444000000000006e-05,0.096,26.4
15623,6.0446e-05,0.096,28.0
15624,6.0448e-05,0.08,28.8
15625,6.0450000000000006e-05,0.072,30.4
15626,6.045200000000001e-05,0.04,32.0
15627,6.0454e-05,0.032,33.6
15628,6.0456000000000005e-05,0.008,34.4
15629,6.045800000000001e-05,-0.008,36.0
15630,6.046e-05,-0.032,37.6
15631,6.0462000000000005e-05,-0.048,39.2
15632,6.046400000000001e-05,-0.072,40.0
15633,6.0466e-05,-0.08,40.0
15634,6.0468000000000004e-05,-0.104,40.8
15635,6.047000000000001e-05,-0.112,40.8
15636,6.0472e-05,-0.136,40.0
15637,6.0474000000000004e-05,-0.136,40.0
15638,6.047600000000001e-05,-0.144,39.2
15639,6.0478e-05,-0.136,37.6
15640,6.0480000000000004e-05,-0.136,36.0
15641,6.048200000000001e-05,-0.128,35.2
15642,6.0484e-05,-0.112,33.6
15643,6.0486e-05,-0.096,32.0
15644,6.048800000000001e-05,-0.08,31.2
15645,6.049e-05,-0.056,29.6
15646,6.0492e-05,-0.048,28.8
15647,6.049400000000001e-05,-0.024,27.2
15648,6.0496e-05,-0.016,27.2
15649,6.0498e-05,0.008,25.6
15650,6.050000000000001e-05,0.016,25.6
15651,6.0502e-05,0.04,24.0
15652,6.0504e-05,0.048,24.0
15653,6.0506000000000007e-05,0.072,24.0
15654,6.0508e-05,0.072,24.0
15655,6.051e-05,0.08,24.0
15656,6.0512000000000006e-05,0.08,25.6
15657,6.0514e-05,0.096,25.6
15658,6.0516e-05,0.088,26.4
15659,6.0518000000000006e-05,0.08,27.2
15660,6.052000000000001e-05,0.072,28.0
15661,6.0522e-05,0.072,28.8
15662,6.0524000000000005e-05,0.048,30.4
15663,6.052600000000001e-05,0.04,31.2
15664,6.0528e-05,0.024,32.8
15665,6.0530000000000005e-05,0.016,33.6
15666,6.053200000000001e-05,-0.008,34.4
15667,6.0534e-05,-0.024,36.0
15668,6.0536000000000005e-05,-0.04,37.6
15669,6.053800000000001e-05,-0.048,38.4
15670,6.054e-05,-0.072,38.4
15671,6.0542000000000004e-05,-0.08,39.2
15672,6.054400000000001e-05,-0.096,39.2
15673,6.0546e-05,-0.096,39.2
15674,6.0548000000000004e-05,-0.104,38.4
15675,6.055000000000001e-05,-0.112,37.6
15676,6.0552e-05,-0.112,37.6
15677,6.0554e-05,-0.104,35.2
15678,6.055600000000001e-05,-0.104,34.4
15679,6.0558e-05,-0.096,33.6
15680,6.056e-05,-0.088,32.8
15681,6.056200000000001e-05,-0.064,31.2
15682,6.0564e-05,-0.064,30.4
15683,6.0566e-05,-0.048,29.6
15684,6.056800000000001e-05,-0.032,28.8
15685,6.057e-05,-0.016,28.0
15686,6.0572e-05,-0.008,27.2
15687,6.0574000000000007e-05,0.008,26.4
15688,6.0576e-05,0.016,26.4
15689,6.0578e-05,0.04,25.6
15690,6.0580000000000006e-05,0.04,25.6
15691,6.0582e-05,0.048,25.6
15692,6.0584e-05,0.056,25.6
15693,6.0586000000000006e-05,0.072,26.4
15694,6.058800000000001e-05,0.072,26.4
15695,6.059e-05,0.072,27.2
15696,6.0592000000000005e-05,0.056,28.0
15697,6.059400000000001e-05,0.056,28.8
15698,6.0596e-05,0.048,28.8
15699,6.0598000000000005e-05,0.04,30.4
15700,6.060000000000001e-05,0.032,31.2
15701,6.0602e-05,0.024,32.0
15702,6.0604000000000005e-05,0.008,32.8
15703,6.060600000000001e-05,0.0,33.6
15704,6.0608e-05,-0.016,34.4
15705,6.0610000000000004e-05,-0.024,35.2
15706,6.061200000000001e-05,-0.04,36.0
15707,6.0614e-05,-0.048,36.0
15708,6.0616000000000004e-05,-0.064,37.6
15709,6.061800000000001e-05,-0.064,37.6
15710,6.062e-05,-0.08,37.6
15711,6.0622e-05,-0.088,37.6
15712,6.062400000000001e-05,-0.088,36.0
15713,6.0626e-05,-0.088,36.0
15714,6.0628e-05,-0.088,35.2
15715,6.063000000000001e-05,-0.088,34.4
15716,6.0632e-05,-0.08,33.6
15717,6.0634e-05,-0.072,32.8
15718,6.063600000000001e-05,-0.064,32.0
15719,6.0638e-05,-0.056,31.2
15720,6.064e-05,-0.048,30.4
15721,6.0642000000000007e-05,-0.024,29.6
15722,6.0644e-05,-0.024,28.8
15723,6.0646e-05,-0.008,28.0
15724,6.0648000000000006e-05,0.0,27.2
15725,6.065e-05,0.016,27.2
15726,6.0652e-05,0.016,27.2
15727,6.0654000000000006e-05,0.032,26.4
15728,6.065600000000001e-05,0.032,26.4
15729,6.0658e-05,0.048,26.4
15730,6.0660000000000005e-05,0.048,27.2
15731,6.066200000000001e-05,0.048,27.2
15732,6.0664e-05,0.048,28.0
15733,6.0666000000000005e-05,0.056,28.0
15734,6.066800000000001e-05,0.04,28.8
15735,6.067e-05,0.04,29.6
15736,6.0672000000000005e-05,0.032,30.4
15737,6.067400000000001e-05,0.032,31.2
15738,6.0676e-05,0.024,31.2
15739,6.0678000000000004e-05,0.008,32.0
15740,6.068000000000001e-05,0.0,32.8
15741,6.0682e-05,-0.008,33.6
15742,6.0684000000000004e-05,-0.024,34.4
15743,6.068600000000001e-05,-0.032,35.2
15744,6.0688e-05,-0.04,35.2
15745,6.069e-05,-0.048,35.2
15746,6.069200000000001e-05,-0.056,35.2
15747,6.0694e-05,-0.064,35.2
15748,6.0696e-05,-0.072,36.0
15749,6.069800000000001e-05,-0.072,35.2
15750,6.07e-05,-0.08,35.2
15751,6.0702e-05,-0.072,34.4
15752,6.070400000000001e-05,-0.072,33.6
15753,6.0706e-05,-0.064,33.6
15754,6.0708e-05,-0.064,32.8
15755,6.0710000000000007e-05,-0.056,32.0
15756,6.0712e-05,-0.048,31.2
15757,6.0714e-05,-0.04,30.4
15758,6.0716000000000006e-05,-0.032,29.6
15759,6.0718e-05,-0.024,29.6
15760,6.072e-05,-0.016,28.8
15761,6.0722000000000006e-05,0.0,28.8
15762,6.072400000000001e-05,0.008,28.0
15763,6.0726e-05,0.016,28.0
15764,6.0728000000000005e-05,0.016,28.0
15765,6.073000000000001e-05,0.032,27.2
15766,6.0732e-05,0.032,27.2
15767,6.0734000000000005e-05,0.032,28.0
15768,6.073600000000001e-05,0.032,28.0
15769,6.0738e-05,0.04,28.0
15770,6.0740000000000005e-05,0.04,28.8
15771,6.074200000000001e-05,0.032,28.8
15772,6.0744e-05,0.032,29.6
15773,6.0746000000000004e-05,0.032,30.4
15774,6.074800000000001e-05,0.024,30.4
15775,6.075e-05,0.016,31.2
15776,6.0752000000000004e-05,0.008,32.0
15777,6.075400000000001e-05,0.0,32.8
15778,6.0756e-05,-0.008,32.8
15779,6.0758000000000003e-05,-0.016,33.6
15780,6.076000000000001e-05,-0.024,34.4
15781,6.0762e-05,-0.032,34.4
15782,6.0764e-05,-0.04,34.4
15783,6.076600000000001e-05,-0.048,34.4
15784,6.0768e-05,-0.056,35.2
15785,6.077e-05,-0.056,35.2
15786,6.077200000000001e-05,-0.064,34.4
15787,6.0774e-05,-0.064,34.4
15788,6.0776e-05,-0.064,34.4
15789,6.0778000000000007e-05,-0.064,33.6
15790,6.078e-05,-0.064,32.8
15791,6.0782e-05,-0.056,32.8
15792,6.0784000000000006e-05,-0.056,32.0
15793,6.0786e-05,-0.04,31.2
15794,6.0788e-05,-0.04,31.2
15795,6.0790000000000006e-05,-0.032,30.4
15796,6.079200000000001e-05,-0.024,29.6
15797,6.0794e-05,-0.008,29.6
15798,6.0796000000000005e-05,-0.008,28.8
15799,6.079800000000001e-05,0.0,28.8
15800,6.08e-05,0.0,28.8
15801,6.0802000000000005e-05,0.016,28.0
15802,6.080400000000001e-05,0.016,28.0
15803,6.0806e-05,0.024,28.0
15804,6.0808000000000005e-05,0.024,28.0
15805,6.081000000000001e-05,0.032,28.8
15806,6.0812e-05,0.032,28.8
15807,6.0814000000000004e-05,0.032,28.8
15808,6.081600000000001e-05,0.024,29.6
15809,6.0818e-05,0.032,29.6
15810,6.0820000000000004e-05,0.016,30.4
15811,6.082200000000001e-05,0.016,30.4
15812,6.0824e-05,0.008,31.2
15813,6.0826000000000003e-05,0.008,31.2
15814,6.082800000000001e-05,0.0,32.0
15815,6.083e-05,-0.008,32.8
15816,6.0832e-05,-0.016,32.8
15817,6.083400000000001e-05,-0.016,33.6
15818,6.0836e-05,-0.032,33.6
15819,6.0838e-05,-0.032,33.6
15820,6.084000000000001e-05,-0.04,34.4
15821,6.0842e-05,-0.04,34.4
15822,6.0844e-05,-0.048,34.4
15823,6.084600000000001e-05,-0.048,34.4
15824,6.0848e-05,-0.056,33.6
15825,6.085e-05,-0.048,33.6
15826,6.0852000000000006e-05,-0.056,33.6
15827,6.0854e-05,-0.048,32.8
15828,6.0856e-05,-0.048,32.8
15829,6.0858000000000006e-05,-0.04,32.0
15830,6.086000000000001e-05,-0.04,31.2
15831,6.0862e-05,-0.032,31.2
15832,6.0864000000000005e-05,-0.032,30.4
15833,6.086600000000001e-05,-0.016,30.4
15834,6.0868e-05,-0.016,29.6
15835,6.0870000000000005e-05,-0.008,29.6
15836,6.087200000000001e-05,-0.008,29.6
15837,6.0874e-05,0.0,28.8
15838,6.0876000000000005e-05,0.008,28.8
15839,6.087800000000001e-05,0.008,28.8
15840,6.088e-05,0.008,28.8
15841,6.0882000000000004e-05,0.024,28.8
15842,6.088400000000001e-05,0.016,28.8
15843,6.0886e-05,0.024,28.8
15844,6.0888000000000004e-05,0.016,29.6
15845,6.089000000000001e-05,0.024,29.6
15846,6.0892e-05,0.016,29.6
15847,6.0894000000000003e-05,0.016,30.4
15848,6.089600000000001e-05,0.008,30.4
15849,6.0898e-05,0.016,31.2
15850,6.09e-05,0.0,31.2
15851,6.090200000000001e-05,0.0,32.0
15852,6.0904e-05,-0.008,32.0
15853,6.0906e-05,-0.008,32.8
15854,6.090800000000001e-05,-0.016,32.8
15855,6.091e-05,-0.024,32.8
15856,6.0912e-05,-0.024,33.6
15857,6.091400000000001e-05,-0.024,33.6
15858,6.0916e-05,-0.04,33.6
15859,6.0918e-05,-0.04,33.6
15860,6.0920000000000006e-05,-0.048,33.6
15861,6.0922e-05,-0.04,33.6
15862,6.0924e-05,-0.048,32.8
15863,6.0926000000000006e-05,-0.048,32.8
15864,6.092800000000001e-05,-0.048,32.8
15865,6.093e-05,-0.04,32.0
15866,6.0932000000000005e-05,-0.04,32.0
15867,6.093400000000001e-05,-0.04,31.2
15868,6.0936e-05,-0.032,31.2
15869,6.0938000000000005e-05,-0.024,31.2
15870,6.094000000000001e-05,-0.024,30.4
15871,6.0942e-05,-0.016,30.4
15872,6.0944000000000005e-05,-0.016,29.6
15873,6.094600000000001e-05,0.0,29.6
15874,6.0948e-05,0.0,29.6
15875,6.0950000000000004e-05,0.0,29.6
15876,6.095200000000001e-05,0.0,29.6
15877,6.0954e-05,0.008,29.6
15878,6.0956000000000004e-05,0.008,28.8
15879,6.095800000000001e-05,0.016,29.6
15880,6.096e-05,0.008,29.6
15881,6.0962000000000003e-05,0.024,29.6
15882,6.096400000000001e-05,0.016,29.6
15883,6.0966e-05,0.016,29.6
15884,6.0968e-05,0.008,30.4
15885,6.097000000000001e-05,0.016,30.4
15886,6.0972e-05,0.008,31.2
15887,6.0974e-05,0.008,31.2
15888,6.097600000000001e-05,0.0,32.0
15889,6.0978e-05,0.0,32.0
15890,6.098e-05,-0.008,32.0
15891,6.098200000000001e-05,-0.016,32.8
15892,6.0984e-05,-0.016,32.8
15893,6.0986e-05,-0.016,32.8
15894,6.0988000000000006e-05,-0.024,32.8
15895,6.099e-05,-0.032,32.8
15896,6.0992e-05,-0.04,32.8
15897,6.0994000000000006e-05,-0.032,33.6
15898,6.099600000000001e-05,-0.04,32.8
15899,6.0998e-05,-0.04,32.8
15900,6.1000000000000005e-05,-0.04,32.8
15901,6.100200000000001e-05,-0.032,32.8
15902,6.1004e-05,-0.04,32.0
15903,6.1006000000000005e-05,-0.04,32.0
15904,6.100800000000001e-05,-0.032,32.0
15905,6.101e-05,-0.024,31.2
15906,6.1012000000000005e-05,-0.024,31.2
15907,6.101400000000001e-05,-0.024,30.4
15908,6.1016e-05,-0.024,30.4
15909,6.1018000000000004e-05,-0.008,30.4
15910,6.102000000000001e-05,-0.016,30.4
15911,6.1022e-05,-0.008,29.6
15912,6.1024000000000004e-05,-0.008,29.6
15913,6.102600000000001e-05,0.008,29.6
15914,6.1028e-05,0.0,29.6
15915,6.1030000000000004e-05,0.008,29.6
15916,6.103200000000001e-05,0.008,29.6
15917,6.1034e-05,0.016,29.6
15918,6.1036e-05,0.008,29.6
15919,6.103800000000001e-05,0.008,30.4
15920,6.104e-05,0.008,30.4
15921,6.1042e-05,0.016,30.4
15922,6.104400000000001e-05,0.008,30.4
15923,6.1046e-05,0.008,31.2
15924,6.1048e-05,0.0,31.2
15925,6.105e-05,0.0,31.2
15926,6.1052e-05,-0.008,32.0
15927,6.1054e-05,-0.008,32.0
15928,6.1056e-05,-0.016,32.0
15929,6.1058e-05,-0.008,32.8
15930,6.106e-05,-0.024,32.8
15931,6.1062e-05,-0.024,32.8
15932,6.106400000000001e-05,-0.032,32.8
15933,6.1066e-05,-0.024,32.8
15934,6.1068e-05,-0.032,32.8
15935,6.107000000000001e-05,-0.032,32.8
15936,6.1072e-05,-0.032,32.8
15937,6.1074e-05,-0.032,32.8
15938,6.107600000000001e-05,-0.032,32.0
15939,6.1078e-05,-0.032,32.0
15940,6.108e-05,-0.032,32.0
15941,6.108200000000001e-05,-0.024,32.0
15942,6.1084e-05,-0.032,31.2
15943,6.1086e-05,-0.024,31.2
15944,6.108800000000001e-05,-0.024,31.2
15945,6.109e-05,-0.016,31.2
15946,6.1092e-05,-0.016,30.4
15947,6.109400000000001e-05,-0.008,30.4
15948,6.1096e-05,-0.008,30.4
15949,6.1098e-05,0.0,30.4
15950,6.110000000000001e-05,-0.008,29.6
15951,6.1102e-05,0.0,29.6
15952,6.1104e-05,0.0,29.6
15953,6.110600000000001e-05,0.008,29.6
15954,6.1108e-05,0.008,29.6
15955,6.111e-05,0.008,29.6
15956,6.111200000000001e-05,0.008,30.4
15957,6.1114e-05,0.008,30.4
15958,6.1116e-05,0.008,30.4
15959,6.1118e-05,0.008,30.4
15960,6.112e-05,0.0,31.2
15961,6.1122e-05,0.008,31.2
15962,6.1124e-05,-0.008,31.2
15963,6.1126e-05,-0.008,31.2
15964,6.1128e-05,-0.008,32.0
15965,6.113e-05,-0.008,32.0
15966,6.113200000000001e-05,-0.016,32.0
15967,6.1134e-05,-0.016,32.0
15968,6.1136e-05,-0.024,32.8
15969,6.113800000000001e-05,-0.016,32.8
15970,6.114e-05,-0.024,32.8
15971,6.1142e-05,-0.024,32.8
15972,6.114400000000001e-05,-0.032,32.8
15973,6.1146e-05,-0.024,32.8
15974,6.1148e-05,-0.032,32.0
15975,6.115000000000001e-05,-0.032,32.0
15976,6.1152e-05,-0.032,32.0
15977,6.1154e-05,-0.024,32.0
15978,6.115600000000001e-05,-0.024,32.0
15979,6.1158e-05,-0.024,31.2
15980,6.116e-05,-0.024,31.2
15981,6.116200000000001e-05,-0.016,31.2
15982,6.1164e-05,-0.016,31.2
15983,6.1166e-05,-0.016,30.4
15984,6.116800000000001e-05,-0.016,30.4
15985,6.117e-05,-0.008,30.4
15986,6.1172e-05,-0.008,30.4
15987,6.117400000000001e-05,-0.008,30.4
15988,6.1176e-05,-0.008,30.4
15989,6.1178e-05,0.0,30.4
15990,6.118000000000001e-05,0.0,30.4
15991,6.1182e-05,0.0,30.4
15992,6.1184e-05,0.0,30.4
15993,6.1186e-05,0.008,30.4
15994,6.1188e-05,0.0,30.4
15995,6.119e-05,0.0,30.4
15996,6.1192e-05,0.0,30.4
15997,6.1194e-05,0.0,31.2
15998,6.1196e-05,0.0,31.2
15999,6.1198e-05,0.0,31.2
16000,6.120000000000001e-05,-0.008,31.2
16001,6.1202e-05,0.0,32.0
16002,6.1204e-05,-0.008,32.0
16003,6.120600000000001e-05,-0.008,32.0
16004,6.1208e-05,-0.016,32.0
16005,6.121e-05,-0.016,32.0
16006,6.121200000000001e-05,-0.016,32.0
16007,6.1214e-05,-0.024,32.0
16008,6.1216e-05,-0.024,32.0
16009,6.121800000000001e-05,-0.016,32.0
16010,6.122e-05,-0.024,32.0
16011,6.1222e-05,-0.024,32.0
16012,6.122400000000001e-05,-0.024,32.0
16013,6.1226e-05,-0.024,32.0
16014,6.1228e-05,-0.024,32.0
16015,6.123000000000001e-05,-0.024,32.0
16016,6.1232e-05,-0.024,31.2
16017,6.1234e-05,-0.016,31.2
16018,6.123600000000001e-05,-0.016,31.2
16019,6.1238e-05,-0.016,31.2
16020,6.124e-05,-0.016,31.2
16021,6.124200000000001e-05,-0.008,30.4
16022,6.1244e-05,-0.016,30.4
16023,6.1246e-05,-0.008,30.4
16024,6.124800000000001e-05,-0.008,30.4
16025,6.125e-05,0.0,30.4
16026,6.1252e-05,0.0,30.4
16027,6.125400000000001e-05,0.0,30.4
16028,6.1256e-05,0.0,30.4
16029,6.1258e-05,0.008,30.4
16030,6.126e-05,0.0,30.4
16031,6.1262e-05,0.0,30.4
16032,6.1264e-05,0.0,30.4
16033,6.1266e-05,0.008,31.2
16034,6.126800000000001e-05,0.0,31.2
16035,6.127e-05,0.0,31.2
16036,6.1272e-05,-0.008,31.2
16037,6.127400000000001e-05,0.0,31.2
16038,6.1276e-05,-0.008,31.2
16039,6.1278e-05,-0.008,32.0
16040,6.128000000000001e-05,-0.016,32.0
16041,6.1282e-05,-0.008,32.0
16042,6.1284e-05,-0.016,32.0
16043,6.128600000000001e-05,-0.016,32.0
16044,6.1288e-05,-0.016,32.0
16045,6.129e-05,-0.016,32.0
16046,6.129200000000001e-05,-0.024,32.0
16047,6.1294e-05,-0.024,32.0
16048,6.1296e-05,-0.024,32.0
16049,6.129800000000001e-05,-0.016,32.0
16050,6.13e-05,-0.024,32.0
16051,6.1302e-05,-0.024,32.0
16052,6.130400000000001e-05,-0.024,32.0
16053,6.1306e-05,-0.016,31.2
16054,6.1308e-05,-0.024,31.2
16055,6.131000000000001e-05,-0.016,31.2
16056,6.1312e-05,-0.016,31.2
16057,6.1314e-05,-0.008,31.2
16058,6.131600000000001e-05,-0.016,31.2
16059,6.1318e-05,-0.008,30.4
16060,6.132e-05,-0.008,30.4
16061,6.132200000000001e-05,0.0,30.4
16062,6.1324e-05,-0.008,30.4
16063,6.1326e-05,-0.008,30.4
16064,6.1328e-05,-0.008,30.4
16065,6.133e-05,0.0,30.4
16066,6.1332e-05,0.0,30.4
16067,6.1334e-05,0.0,30.4
16068,6.133600000000001e-05,-0.008,30.4
16069,6.1338e-05,0.0,31.2
16070,6.134e-05,0.0,30.4
16071,6.134200000000001e-05,0.0,31.2
16072,6.1344e-05,-0.008,31.2
16073,6.1346e-05,0.0,31.2
16074,6.134800000000001e-05,-0.008,31.2
16075,6.135e-05,-0.008,31.2
16076,6.1352e-05,-0.008,31.2
16077,6.135400000000001e-05,-0.008,32.0
16078,6.1356e-05,-0.016,32.0
16079,6.1358e-05,-0.016,32.0
16080,6.136000000000001e-05,-0.016,32.0
16081,6.1362e-05,-0.008,32.0
16082,6.1364e-05,-0.016,32.0
16083,6.136600000000001e-05,-0.016,32.0
16084,6.1368e-05,-0.024,32.0
16085,6.137e-05,-0.016,32.0
16086,6.137200000000001e-05,-0.024,32.0
16087,6.1374e-05,-0.024,32.0
16088,6.1376e-05,-0.024,32.0
16089,6.137800000000001e-05,-0.016,32.0
16090,6.138e-05,-0.024,31.2
16091,6.1382e-05,-0.016,31.2
16092,6.138400000000001e-05,-0.016,31.2
16093,6.1386e-05,-0.008,31.2
16094,6.1388e-05,-0.016,31.2
16095,6.139000000000001e-05,-0.008,31.2
16096,6.1392e-05,-0.016,31.2
16097,6.1394e-05,-0.008,31.2
16098,6.1396e-05,-0.008,30.4
16099,6.1398e-05,-0.008,30.4
16100,6.14e-05,-0.008,30.4
16101,6.1402e-05,0.0,30.4
16102,6.1404e-05,-0.008,30.4
16103,6.1406e-05,-0.008,30.4
16104,6.1408e-05,0.0,30.4
16105,6.141000000000001e-05,0.0,31.2
16106,6.1412e-05,0.0,30.4
16107,6.1414e-05,0.0,31.2
16108,6.141600000000001e-05,-0.008,31.2
16109,6.1418e-05,0.0,31.2
16110,6.142e-05,-0.008,31.2
16111,6.142200000000001e-05,-0.008,31.2
16112,6.1424e-05,-0.008,31.2
16113,6.1426e-05,-0.008,31.2
16114,6.142800000000001e-05,-0.008,31.2
16115,6.143e-05,-0.016,31.2
16116,6.1432e-05,-0.016,32.0
16117,6.143400000000001e-05,-0.016,32.0
16118,6.1436e-05,-0.016,32.0
16119,6.1438e-05,-0.016,32.0
16120,6.144000000000001e-05,-0.016,32.0
16121,6.1442e-05,-0.008,32.0
16122,6.1444e-05,-0.016,32.0
16123,6.144600000000001e-05,-0.016,32.0
16124,6.1448e-05,-0.024,32.0
16125,6.145e-05,-0.016,32.0
16126,6.145200000000001e-05,-0.016,31.2
16127,6.1454e-05,-0.016,31.2
16128,6.1456e-05,-0.016,31.2
16129,6.145800000000001e-05,-0.008,31.2
16130,6.146e-05,-0.016,31.2
16131,6.1462e-05,-0.016,31.2
16132,6.1464e-05,-0.016,31.2
16133,6.1466e-05,-0.008,31.2
16134,6.1468e-05,-0.008,31.2
16135,6.147e-05,-0.008,31.2
16136,6.1472e-05,-0.008,31.2
16137,6.1474e-05,0.0,31.2
16138,6.1476e-05,-0.008,31.2
16139,6.147800000000001e-05,-0.008,31.2
16140,6.148e-05,-0.008,31.2
16141,6.1482e-05,0.0,31.2
16142,6.148400000000001e-05,-0.008,31.2
16143,6.1486e-05,-0.008,31.2
16144,6.1488e-05,-0.008,31.2
16145,6.149000000000001e-05,0.0,31.2
16146,6.1492e-05,-0.008,31.2
16147,6.1494e-05,-0.008,31.2
16148,6.149600000000001e-05,-0.008,31.2
16149,6.1498e-05,-0.008,31.2
16150,6.15e-05,-0.008,31.2
16151,6.150200000000001e-05,-0.008,31.2
16152,6.1504e-05,-0.016,32.0
16153,6.1506e-05,-0.008,31.2
16154,6.150800000000001e-05,-0.016,31.2
16155,6.151e-05,-0.016,32.0
16156,6.1512e-05,-0.016,32.0
16157,6.151400000000001e-05,-0.008,32.0
16158,6.1516e-05,-0.016,32.0
16159,6.1518e-05,-0.016,32.0
16160,6.152000000000001e-05,-0.024,32.0
16161,6.1522e-05,-0.008,32.0
16162,6.1524e-05,-0.016,31.2
16163,6.152600000000001e-05,-0.016,31.2
16164,6.1528e-05,-0.016,32.0
16165,6.153e-05,-0.016,31.2
16166,6.1532e-05,-0.016,31.2
16167,6.1534e-05,-0.016,31.2
16168,6.1536e-05,-0.016,31.2
16169,6.1538e-05,-0.008,31.2
16170,6.154e-05,-0.016,31.2
16171,6.1542e-05,-0.008,31.2
16172,6.1544e-05,-0.008,31.2
16173,6.154600000000001e-05,-0.008,31.2
16174,6.1548e-05,-0.008,31.2
16175,6.155e-05,-0.008,31.2
16176,6.155200000000001e-05,-0.008,31.2
16177,6.1554e-05,0.0,31.2
16178,6.1556e-05,-0.008,31.2
16179,6.155800000000001e-05,0.0,31.2
16180,6.156e-05,-0.008,31.2
16181,6.1562e-05,0.0,31.2
16182,6.156400000000001e-05,-0.008,31.2
16183,6.1566e-05,-0.008,31.2
16184,6.1568e-05,-0.008,31.2
16185,6.157000000000001e-05,0.0,31.2
16186,6.1572e-05,-0.008,31.2
16187,6.1574e-05,-0.008,31.2
16188,6.157600000000001e-05,-0.008,31.2
16189,6.1578e-05,-0.008,31.2
16190,6.158e-05,-0.016,31.2
16191,6.158200000000001e-05,-0.008,31.2
16192,6.1584e-05,-0.016,32.0
16193,6.1586e-05,-0.008,32.0
16194,6.158800000000001e-05,-0.016,31.2
16195,6.159e-05,-0.016,32.0
16196,6.1592e-05,-0.016,32.0
16197,6.159400000000001e-05,-0.016,32.0
16198,6.1596e-05,-0.016,31.2
16199,6.1598e-05,-0.016,31.2
16200,6.16e-05,-0.016,31.2
16201,6.1602e-05,-0.008,31.2
16202,6.1604e-05,-0.016,31.2
16203,6.1606e-05,-0.016,31.2
16204,6.1608e-05,-0.016,31.2
16205,6.161e-05,-0.008,31.2
16206,6.1612e-05,-0.016,31.2
16207,6.161400000000001e-05,-0.008,31.2
16208,6.1616e-05,-0.008,31.2
16209,6.1618e-05,-0.008,31.2
16210,6.162000000000001e-05,-0.008,31.2
16211,6.1622e-05,-0.008,31.2
16212,6.1624e-05,-0.008,31.2
16213,6.162600000000001e-05,0.0,31.2
16214,6.1628e-05,-0.008,31.2
16215,6.163e-05,-0.008,31.2
16216,6.163200000000001e-05,-0.008,31.2
16217,6.1634e-05,0.0,31.2
16218,6.1636e-05,-0.008,31.2
16219,6.163800000000001e-05,0.0,31.2
16220,6.164e-05,-0.008,31.2
16221,6.1642e-05,0.0,31.2
16222,6.164400000000001e-05,-0.008,31.2
16223,6.1646e-05,-0.008,31.2
16224,6.1648e-05,-0.008,31.2
16225,6.165000000000001e-05,-0.008,31.2
16226,6.1652e-05,-0.008,31.2
16227,6.1654e-05,-0.008,31.2
16228,6.165600000000001e-05,-0.016,32.0
16229,6.1658e-05,-0.008,31.2
16230,6.166e-05,-0.016,31.2
16231,6.166200000000001e-05,-0.008,31.2
16232,6.1664e-05,-0.016,32.0
16233,6.1666e-05,-0.008,32.0
16234,6.1668e-05,-0.016,31.2
16235,6.167e-05,-0.016,31.2
16236,6.1672e-05,-0.016,31.2
16237,6.1674e-05,-0.008,31.2
16238,6.1676e-05,-0.016,31.2
16239,6.1678e-05,-0.016,31.2
16240,6.168e-05,-0.016,31.2
16241,6.168200000000001e-05,-0.008,31.2
16242,6.1684e-05,-0.016,31.2
16243,6.1686e-05,-0.008,31.2
16244,6.168800000000001e-05,-0.016,31.2
16245,6.169e-05,-0.008,31.2
16246,6.1692e-05,-0.008,31.2
16247,6.169400000000001e-05,-0.008,31.2
16248,6.1696e-05,-0.008,31.2
16249,6.1698e-05,0.0,31.2
16250,6.170000000000001e-05,-0.008,31.2
16251,6.1702e-05,-0.008,31.2
16252,6.1704e-05,-0.008,31.2
16253,6.170600000000001e-05,0.0,31.2
16254,6.1708e-05,-0.008,31.2
16255,6.171e-05,-0.008,31.2
16256,6.171200000000001e-05,-0.008,31.2
16257,6.1714e-05,0.0,31.2
16258,6.1716e-05,-0.008,31.2
16259,6.171800000000001e-05,-0.008,31.2
16260,6.172e-05,-0.008,31.2
16261,6.1722e-05,0.0,31.2
16262,6.172400000000001e-05,-0.008,31.2
16263,6.1726e-05,-0.008,31.2
16264,6.1728e-05,-0.008,31.2
16265,6.173000000000001e-05,-0.008,31.2
16266,6.1732e-05,-0.008,31.2
16267,6.1734e-05,-0.008,31.2
16268,6.1736e-05,-0.016,32.0
16269,6.1738e-05,-0.008,32.0
16270,6.174e-05,-0.016,31.2
16271,6.1742e-05,-0.016,31.2
16272,6.1744e-05,-0.016,31.2
16273,6.1746e-05,-0.008,32.0
16274,6.1748e-05,-0.016,31.2
16275,6.175000000000001e-05,-0.016,31.2
16276,6.1752e-05,-0.016,31.2
16277,6.1754e-05,-0.008,31.2
16278,6.175600000000001e-05,-0.016,31.2
16279,6.1758e-05,-0.016,31.2
16280,6.176e-05,-0.016,31.2
16281,6.176200000000001e-05,-0.008,31.2
16282,6.1764e-05,-0.008,31.2
16283,6.1766e-05,-0.008,31.2
16284,6.176800000000001e-05,-0.008,31.2
16285,6.177e-05,-0.008,31.2
16286,6.1772e-05,-0.008,31.2
16287,6.177400000000001e-05,-0.008,31.2
16288,6.1776e-05,-0.008,31.2
16289,6.1778e-05,-0.008,31.2
16290,6.178000000000001e-05,-0.008,31.2
16291,6.1782e-05,-0.008,31.2
16292,6.1784e-05,-0.008,31.2
16293,6.178600000000001e-05,0.0,31.2
16294,6.1788e-05,-0.008,31.2
16295,6.179e-05,-0.008,31.2
16296,6.179200000000001e-05,-0.008,31.2
16297,6.1794e-05,0.0,31.2
16298,6.1796e-05,-0.008,31.2
16299,6.179800000000001e-05,-0.008,31.2
16300,6.18e-05,-0.016,31.2
16301,6.1802e-05,-0.008,31.2
16302,6.1804e-05,-0.008,31.2
16303,6.1806e-05,-0.008,31.2
16304,6.1808e-05,-0.008,31.2
16305,6.181e-05,-0.008,31.2
16306,6.1812e-05,-0.016,31.2
16307,6.1814e-05,-0.008,31.2
16308,6.1816e-05,-0.016,31.2
16309,6.181800000000001e-05,-0.008,31.2
16310,6.182e-05,-0.016,31.2
16311,6.1822e-05,-0.016,31.2
16312,6.182400000000001e-05,-0.016,31.2
16313,6.1826e-05,-0.008,31.2
16314,6.1828e-05,-0.016,31.2
16315,6.183000000000001e-05,-0.008,31.2
16316,6.1832e-05,-0.016,31.2
16317,6.1834e-05,-0.008,31.2
16318,6.183600000000001e-05,-0.016,31.2
16319,6.1838e-05,-0.008,31.2
16320,6.184e-05,-0.008,31.2
16321,6.184200000000001e-05,-0.008,31.2
16322,6.1844e-05,-0.008,31.2
16323,6.1846e-05,-0.008,31.2
16324,6.184800000000001e-05,-0.008,31.2
16325,6.185e-05,-0.008,31.2
16326,6.1852e-05,-0.008,31.2
16327,6.185400000000001e-05,-0.008,31.2
16328,6.1856e-05,-0.008,31.2
16329,6.1858e-05,0.0,31.2
16330,6.186000000000001e-05,-0.008,31.2
16331,6.1862e-05,-0.008,31.2
16332,6.1864e-05,-0.008,31.2
16333,6.186600000000001e-05,-0.008,31.2
16334,6.1868e-05,-0.008,31.2
16335,6.187e-05,-0.008,31.2
16336,6.1872e-05,-0.016,31.2
16337,6.1874e-05,-0.008,31.2
16338,6.1876e-05,-0.008,31.2
16339,6.1878e-05,-0.008,31.2
16340,6.188e-05,-0.008,31.2
16341,6.1882e-05,-0.008,31.2
16342,6.1884e-05,-0.016,31.2
16343,6.188600000000001e-05,-0.008,31.2
16344,6.1888e-05,-0.016,31.2
16345,6.189e-05,-0.008,31.2
16346,6.189200000000001e-05,-0.008,31.2
16347,6.1894e-05,-0.016,31.2
16348,6.1896e-05,-0.016,31.2
16349,6.189800000000001e-05,-0.008,31.2
16350,6.19e-05,-0.016,31.2
16351,6.1902e-05,-0.008,31.2
16352,6.190400000000001e-05,-0.016,31.2
16353,6.1906e-05,-0.008,31.2
16354,6.1908e-05,-0.008,31.2
16355,6.191000000000001e-05,-0.008,31.2
16356,6.1912e-05,-0.008,31.2
16357,6.1914e-05,-0.008,31.2
16358,6.191600000000001e-05,-0.016,31.2
16359,6.1918e-05,-0.008,31.2
16360,6.192e-05,-0.008,31.2
16361,6.192200000000001e-05,-0.008,31.2
16362,6.1924e-05,-0.008,31.2
16363,6.1926e-05,-0.008,31.2
16364,6.192800000000001e-05,-0.008,31.2
16365,6.193e-05,0.0,31.2
16366,6.1932e-05,-0.008,31.2
16367,6.193400000000001e-05,-0.008,31.2
16368,6.1936e-05,-0.008,31.2
16369,6.1938e-05,-0.008,31.2
16370,6.194e-05,-0.008,31.2
16371,6.1942e-05,-0.008,31.2
16372,6.1944e-05,-0.008,31.2
16373,6.1946e-05,-0.008,31.2
16374,6.1948e-05,-0.008,31.2
16375,6.195e-05,-0.008,31.2
16376,6.1952e-05,-0.008,31.2
16377,6.195400000000001e-05,-0.008,31.2
16378,6.1956e-05,-0.008,31.2
16379,6.1958e-05,-0.008,31.2
16380,6.196000000000001e-05,-0.008,31.2
16381,6.1962e-05,-0.008,31.2
16382,6.1964e-05,-0.016,31.2
16383,6.196600000000001e-05,-0.008,31.2
16384,6.1968e-05,-0.016,31.2
16385,6.197e-05,-0.008,31.2
16386,6.197200000000001e-05,-0.008,31.2
16387,6.1974e-05,-0.008,31.2
16388,6.1976e-05,-0.016,31.2
16389,6.197800000000001e-05,-0.008,31.2
16390,6.198e-05,-0.016,31.2
16391,6.1982e-05,-0.008,31.2
16392,6.198400000000001e-05,-0.016,31.2
16393,6.1986e-05,-0.008,31.2
16394,6.1988e-05,-0.008,31.2
16395,6.199000000000001e-05,-0.008,31.2
16396,6.1992e-05,-0.008,31.2
16397,6.1994e-05,-0.008,31.2
16398,6.199600000000001e-05,-0.008,31.2
16399,6.1998e-05,-0.008,31.2
16400,6.2e-05,-0.008,31.2
16401,6.200200000000001e-05,-0.008,31.2
16402,6.2004e-05,-0.008,31.2
16403,6.2006e-05,-0.008,31.2
16404,6.2008e-05,-0.008,31.2
16405,6.201e-05,0.0,31.2
16406,6.2012e-05,-0.008,31.2
16407,6.2014e-05,-0.008,31.2
16408,6.2016e-05,-0.008,31.2
16409,6.2018e-05,0.0,31.2
16410,6.202e-05,-0.008,31.2
16411,6.202200000000001e-05,-0.008,31.2
16412,6.2024e-05,-0.008,31.2
16413,6.2026e-05,-0.008,31.2
16414,6.202800000000001e-05,-0.008,31.2
16415,6.203e-05,-0.008,31.2
16416,6.2032e-05,-0.008,31.2
16417,6.203400000000001e-05,-0.008,31.2
16418,6.2036e-05,-0.008,31.2
16419,6.2038e-05,-0.008,31.2
16420,6.204000000000001e-05,-0.008,31.2
16421,6.2042e-05,-0.008,31.2
16422,6.2044e-05,-0.016,31.2
16423,6.204600000000001e-05,-0.008,31.2
16424,6.2048e-05,-0.016,31.2
16425,6.205e-05,-0.008,31.2
16426,6.205200000000001e-05,-0.008,31.2
16427,6.2054e-05,-0.008,31.2
16428,6.2056e-05,-0.008,31.2
16429,6.205800000000001e-05,-0.008,31.2
16430,6.206e-05,-0.008,31.2
16431,6.2062e-05,-0.008,31.2
16432,6.206400000000001e-05,-0.008,31.2
16433,6.2066e-05,-0.008,31.2
16434,6.2068e-05,-0.008,31.2
16435,6.207000000000001e-05,-0.008,31.2
16436,6.2072e-05,-0.008,31.2
16437,6.2074e-05,-0.008,31.2
16438,6.2076e-05,-0.008,31.2
16439,6.2078e-05,-0.008,31.2
16440,6.208e-05,-0.008,31.2
16441,6.2082e-05,0.0,31.2
16442,6.2084e-05,-0.008,31.2
16443,6.2086e-05,-0.008,31.2
16444,6.2088e-05,-0.008,31.2
16445,6.209000000000001e-05,-0.008,31.2
16446,6.2092e-05,-0.008,31.2
16447,6.2094e-05,-0.008,31.2
16448,6.209600000000001e-05,-0.008,31.2
16449,6.2098e-05,-0.008,31.2
16450,6.21e-05,-0.008,31.2
16451,6.210200000000001e-05,-0.008,31.2
16452,6.2104e-05,-0.008,31.2
16453,6.2106e-05,-0.008,31.2
16454,6.210800000000001e-05,-0.008,31.2
16455,6.211e-05,-0.008,31.2
16456,6.2112e-05,-0.016,31.2
16457,6.211400000000001e-05,-0.008,31.2
16458,6.2116e-05,-0.008,31.2
16459,6.2118e-05,-0.008,31.2
16460,6.212000000000001e-05,-0.016,31.2
16461,6.2122e-05,-0.008,31.2
16462,6.2124e-05,-0.016,31.2
16463,6.212600000000001e-05,-0.008,31.2
16464,6.2128e-05,-0.008,31.2
16465,6.213e-05,-0.008,31.2
16466,6.213200000000001e-05,-0.008,31.2
16467,6.2134e-05,-0.008,31.2
16468,6.2136e-05,-0.008,31.2
16469,6.213800000000001e-05,-0.008,31.2
16470,6.214e-05,-0.008,31.2
16471,6.2142e-05,-0.008,31.2
16472,6.2144e-05,-0.008,31.2
16473,6.2146e-05,-0.008,31.2
16474,6.2148e-05,-0.008,31.2
16475,6.215e-05,-0.008,31.2
16476,6.2152e-05,-0.008,31.2
16477,6.2154e-05,-0.008,31.2
16478,6.2156e-05,-0.008,31.2
16479,6.215800000000001e-05,-0.008,31.2
16480,6.216e-05,-0.008,31.2
16481,6.2162e-05,0.0,31.2
16482,6.216400000000001e-05,-0.008,31.2
16483,6.2166e-05,-0.008,31.2
16484,6.2168e-05,-0.008,31.2
16485,6.217000000000001e-05,-0.008,31.2
16486,6.2172e-05,-0.008,31.2
16487,6.2174e-05,-0.008,31.2
16488,6.217600000000001e-05,-0.008,31.2
16489,6.2178e-05,-0.008,31.2
16490,6.218e-05,-0.008,31.2
16491,6.218200000000001e-05,-0.008,31.2
16492,6.2184e-05,-0.008,31.2
16493,6.2186e-05,-0.008,31.2
16494,6.218800000000001e-05,-0.008,31.2
16495,6.219e-05,-0.008,31.2
16496,6.2192e-05,-0.008,31.2
16497,6.219400000000001e-05,-0.008,31.2
16498,6.2196e-05,-0.008,31.2
16499,6.2198e-05,-0.008,31.2
16500,6.220000000000001e-05,-0.016,31.2
16501,6.2202e-05,-0.008,31.2
16502,6.2204e-05,-0.008,31.2
16503,6.220600000000001e-05,-0.008,31.2
16504,6.2208e-05,-0.008,31.2
16505,6.221e-05,-0.008,31.2
16506,6.2212e-05,-0.008,31.2
16507,6.2214e-05,-0.008,31.2
16508,6.2216e-05,-0.008,31.2
16509,6.2218e-05,-0.008,31.2
16510,6.222e-05,-0.008,31.2
16511,6.2222e-05,-0.008,31.2
16512,6.2224e-05,-0.008,31.2
16513,6.222600000000001e-05,-0.008,31.2
16514,6.2228e-05,-0.008,31.2
16515,6.223e-05,-0.008,31.2
16516,6.223200000000001e-05,-0.008,31.2
16517,6.2234e-05,-0.008,31.2
16518,6.2236e-05,-0.008,31.2
16519,6.223800000000001e-05,-0.008,31.2
16520,6.224e-05,-0.008,31.2
16521,6.2242e-05,0.0,31.2
16522,6.224400000000001e-05,-0.008,31.2
16523,6.2246e-05,-0.008,31.2
16524,6.2248e-05,-0.008,31.2
16525,6.225000000000001e-05,-0.008,31.2
16526,6.2252e-05,-0.008,31.2
16527,6.2254e-05,-0.008,31.2
16528,6.225600000000001e-05,-0.008,31.2
16529,6.2258e-05,-0.008,31.2
16530,6.226e-05,-0.008,31.2
16531,6.226200000000001e-05,-0.008,31.2
16532,6.2264e-05,-0.008,31.2
16533,6.2266e-05,-0.008,31.2
16534,6.226800000000001e-05,-0.008,31.2
16535,6.227e-05,-0.008,31.2
16536,6.2272e-05,-0.008,31.2
16537,6.227400000000001e-05,-0.008,31.2
16538,6.2276e-05,-0.008,31.2
16539,6.2278e-05,-0.008,31.2
16540,6.228000000000001e-05,-0.016,31.2
16541,6.2282e-05,-0.008,31.2
16542,6.2284e-05,-0.008,31.2
16543,6.2286e-05,-0.008,31.2
16544,6.2288e-05,-0.008,31.2
16545,6.229e-05,-0.008,31.2
16546,6.2292e-05,-0.008,31.2
16547,6.229400000000001e-05,-0.008,31.2
16548,6.2296e-05,-0.008,31.2
16549,6.2298e-05,-0.008,31.2
16550,6.230000000000001e-05,-0.008,31.2
16551,6.2302e-05,-0.008,31.2
16552,6.2304e-05,-0.008,31.2
16553,6.230600000000001e-05,-0.008,31.2
16554,6.2308e-05,-0.008,31.2
16555,6.231e-05,-0.008,31.2
16556,6.231200000000001e-05,-0.008,31.2
16557,6.2314e-05,0.0,31.2
16558,6.2316e-05,-0.008,31.2
16559,6.231800000000001e-05,-0.008,31.2
16560,6.232e-05,-0.008,31.2
16561,6.2322e-05,-0.008,31.2
16562,6.232400000000001e-05,-0.008,31.2
16563,6.2326e-05,-0.008,31.2
16564,6.2328e-05,-0.008,31.2
16565,6.233000000000001e-05,-0.008,31.2
16566,6.2332e-05,-0.008,31.2
16567,6.2334e-05,-0.008,31.2
16568,6.233600000000001e-05,-0.008,31.2
16569,6.2338e-05,-0.008,31.2
16570,6.234e-05,-0.008,31.2
16571,6.234200000000001e-05,-0.008,31.2
16572,6.2344e-05,-0.008,31.2
16573,6.2346e-05,-0.008,31.2
16574,6.234800000000001e-05,-0.008,31.2
16575,6.235e-05,-0.008,31.2
16576,6.2352e-05,-0.008,31.2
16577,6.2354e-05,-0.008,31.2
16578,6.2356e-05,-0.008,31.2
16579,6.2358e-05,-0.008,31.2
16580,6.236e-05,-0.008,31.2
16581,6.236200000000001e-05,-0.008,31.2
16582,6.2364e-05,-0.008,31.2
16583,6.2366e-05,-0.008,31.2
16584,6.236800000000001e-05,-0.008,31.2
16585,6.237e-05,-0.008,31.2
16586,6.2372e-05,-0.008,31.2
16587,6.237400000000001e-05,-0.008,31.2
16588,6.2376e-05,-0.008,31.2
16589,6.2378e-05,-0.008,31.2
16590,6.238000000000001e-05,-0.008,31.2
16591,6.2382e-05,-0.008,31.2
16592,6.2384e-05,-0.008,31.2
16593,6.238600000000001e-05,-0.008,31.2
16594,6.2388e-05,-0.008,31.2
16595,6.239e-05,-0.008,31.2
16596,6.239200000000001e-05,-0.008,31.2
16597,6.2394e-05,-0.008,31.2
16598,6.2396e-05,-0.008,31.2
16599,6.239800000000001e-05,-0.008,31.2
16600,6.24e-05,-0.008,31.2
16601,6.2402e-05,-0.008,31.2
16602,6.240400000000001e-05,-0.008,31.2
16603,6.2406e-05,-0.008,31.2
16604,6.2408e-05,-0.008,31.2
16605,6.241000000000001e-05,-0.008,31.2
16606,6.2412e-05,-0.008,31.2
16607,6.2414e-05,-0.008,31.2
16608,6.241600000000001e-05,-0.016,31.2
16609,6.2418e-05,-0.008,31.2
16610,6.242e-05,-0.008,31.2
16611,6.2422e-05,-0.008,31.2
16612,6.2424e-05,-0.008,31.2
16613,6.2426e-05,-0.008,31.2
16614,6.2428e-05,-0.008,31.2
16615,6.243000000000001e-05,-0.008,31.2
16616,6.2432e-05,-0.008,31.2
16617,6.2434e-05,-0.008,31.2
16618,6.243600000000001e-05,-0.008,31.2
16619,6.2438e-05,-0.008,31.2
16620,6.244e-05,-0.008,31.2
16621,6.244200000000001e-05,0.0,31.2
16622,6.2444e-05,-0.008,31.2
16623,6.2446e-05,-0.008,31.2
16624,6.244800000000001e-05,-0.008,31.2
16625,6.245e-05,-0.008,31.2
16626,6.2452e-05,-0.008,31.2
16627,6.245400000000001e-05,-0.008,31.2
16628,6.2456e-05,-0.008,31.2
16629,6.2458e-05,-0.008,31.2
16630,6.246000000000001e-05,-0.008,31.2
16631,6.2462e-05,-0.008,31.2
16632,6.2464e-05,-0.008,31.2
16633,6.246600000000001e-05,0.0,31.2
16634,6.2468e-05,-0.008,31.2
16635,6.247e-05,-0.008,31.2
16636,6.247200000000001e-05,-0.016,31.2
16637,6.2474e-05,-0.008,31.2
16638,6.2476e-05,-0.008,31.2
16639,6.247800000000001e-05,-0.008,31.2
16640,6.248e-05,-0.008,31.2
16641,6.2482e-05,0.0,31.2
16642,6.248400000000001e-05,-0.008,31.2
16643,6.2486e-05,-0.008,31.2
16644,6.2488e-05,-0.008,31.2
16645,6.249e-05,-0.008,31.2
16646,6.2492e-05,-0.008,31.2
16647,6.2494e-05,-0.008,31.2
16648,6.2496e-05,-0.008,31.2
16649,6.249800000000001e-05,-0.008,31.2
16650,6.25e-05,-0.008,31.2
16651,6.2502e-05,-0.008,31.2
16652,6.250400000000001e-05,-0.008,31.2
16653,6.2506e-05,-0.008,31.2
16654,6.2508e-05,-0.008,31.2
16655,6.251000000000001e-05,-0.008,31.2
16656,6.2512e-05,-0.008,31.2
16657,6.2514e-05,-0.008,31.2
16658,6.251600000000001e-05,-0.008,31.2
16659,6.2518e-05,-0.008,31.2
16660,6.252e-05,-0.008,31.2
16661,6.252200000000001e-05,0.0,31.2
16662,6.2524e-05,-0.008,31.2
16663,6.2526e-05,-0.008,31.2
16664,6.252800000000001e-05,-0.008,31.2
16665,6.253e-05,-0.008,31.2
16666,6.2532e-05,-0.008,31.2
16667,6.253400000000001e-05,-0.008,31.2
16668,6.2536e-05,-0.008,31.2
16669,6.2538e-05,0.0,31.2
16670,6.254000000000001e-05,-0.008,31.2
16671,6.2542e-05,-0.008,31.2
16672,6.2544e-05,-0.008,31.2
16673,6.254600000000001e-05,-0.008,31.2
16674,6.2548e-05,-0.008,31.2
16675,6.255e-05,-0.008,31.2
16676,6.255200000000001e-05,-0.008,31.2
16677,6.2554e-05,-0.008,31.2
16678,6.2556e-05,-0.008,31.2
16679,6.2558e-05,-0.008,31.2
16680,6.256e-05,-0.008,31.2
16681,6.2562e-05,0.0,31.2
16682,6.2564e-05,-0.008,31.2
16683,6.256600000000001e-05,-0.008,31.2
16684,6.2568e-05,-0.008,31.2
16685,6.257e-05,-0.008,31.2
16686,6.257200000000001e-05,-0.008,31.2
16687,6.2574e-05,-0.008,31.2
16688,6.2576e-05,-0.008,31.2
16689,6.257800000000001e-05,-0.008,31.2
16690,6.258e-05,-0.008,31.2
16691,6.2582e-05,-0.008,31.2
16692,6.258400000000001e-05,-0.008,31.2
16693,6.2586e-05,0.0,31.2
16694,6.2588e-05,-0.008,31.2
16695,6.259000000000001e-05,-0.008,31.2
16696,6.2592e-05,-0.008,31.2
16697,6.2594e-05,0.0,31.2
16698,6.259600000000001e-05,-0.008,31.2
16699,6.2598e-05,-0.008,31.2
16700,6.26e-05,-0.008,31.2
16701,6.260200000000001e-05,0.0,31.2
16702,6.2604e-05,-0.008,31.2
16703,6.2606e-05,-0.008,31.2
16704,6.260800000000001e-05,-0.008,31.2
16705,6.261e-05,-0.008,31.2
16706,6.2612e-05,-0.008,31.2
16707,6.261400000000001e-05,-0.008,31.2
16708,6.2616e-05,-0.008,31.2
16709,6.2618e-05,0.0,31.2
16710,6.262000000000001e-05,-0.008,31.2
16711,6.2622e-05,-0.008,31.2
16712,6.2624e-05,-0.008,31.2
16713,6.2626e-05,-0.008,31.2
16714,6.2628e-05,-0.008,31.2
16715,6.263e-05,-0.008,31.2
16716,6.2632e-05,-0.008,31.2
16717,6.2634e-05,-0.008,31.2
16718,6.2636e-05,-0.008,31.2
16719,6.2638e-05,-0.008,31.2
16720,6.264000000000001e-05,-0.008,31.2
16721,6.2642e-05,-0.008,31.2
16722,6.2644e-05,-0.008,31.2
16723,6.264600000000001e-05,-0.008,31.2
16724,6.2648e-05,-0.008,31.2
16725,6.265e-05,0.0,31.2
16726,6.265200000000001e-05,-0.008,31.2
16727,6.2654e-05,-0.008,31.2
16728,6.2656e-05,-0.016,31.2
16729,6.265800000000001e-05,0.0,31.2
16730,6.266e-05,-0.008,31.2
16731,6.2662e-05,-0.008,31.2
16732,6.266400000000001e-05,-0.008,31.2
16733,6.2666e-05,-0.008,31.2
16734,6.2668e-05,-0.008,31.2
16735,6.267000000000001e-05,-0.008,31.2
16736,6.2672e-05,-0.008,31.2
16737,6.2674e-05,0.0,31.2
16738,6.267600000000001e-05,-0.008,31.2
16739,6.2678e-05,-0.008,31.2
16740,6.268e-05,-0.008,31.2
16741,6.268200000000001e-05,0.0,31.2
16742,6.2684e-05,-0.008,31.2
16743,6.2686e-05,-0.008,31.2
16744,6.268800000000001e-05,-0.008,31.2
16745,6.269e-05,-0.008,31.2
16746,6.2692e-05,-0.008,31.2
16747,6.2694e-05,-0.008,31.2
16748,6.2696e-05,-0.008,31.2
16749,6.2698e-05,-0.008,31.2
16750,6.27e-05,-0.008,31.2
16751,6.2702e-05,-0.008,31.2
16752,6.2704e-05,-0.008,31.2
16753,6.2706e-05,-0.008,31.2
16754,6.270800000000001e-05,-0.008,31.2
16755,6.271e-05,-0.008,31.2
16756,6.2712e-05,-0.008,31.2
16757,6.271400000000001e-05,-0.008,31.2
16758,6.2716e-05,-0.008,31.2
16759,6.2718e-05,-0.008,31.2
16760,6.272000000000001e-05,-0.008,31.2
16761,6.2722e-05,0.0,31.2
16762,6.2724e-05,-0.008,31.2
16763,6.272600000000001e-05,-0.008,31.2
16764,6.2728e-05,-0.008,31.2
16765,6.273e-05,-0.008,31.2
16766,6.273200000000001e-05,-0.008,31.2
16767,6.2734e-05,-0.008,31.2
16768,6.2736e-05,-0.008,31.2
16769,6.273800000000001e-05,-0.008,31.2
16770,6.274e-05,-0.008,31.2
16771,6.2742e-05,-0.008,31.2
16772,6.274400000000001e-05,-0.008,31.2
16773,6.2746e-05,0.0,31.2
16774,6.2748e-05,-0.008,31.2
16775,6.275000000000001e-05,-0.008,31.2
16776,6.2752e-05,-0.008,31.2
16777,6.2754e-05,-0.008,31.2
16778,6.275600000000001e-05,-0.008,31.2
16779,6.2758e-05,-0.008,31.2
16780,6.276e-05,-0.008,31.2
16781,6.2762e-05,0.0,31.2
16782,6.2764e-05,-0.008,31.2
16783,6.2766e-05,-0.008,31.2
16784,6.2768e-05,-0.008,31.2
16785,6.277e-05,0.0,31.2
16786,6.2772e-05,-0.008,31.2
16787,6.2774e-05,-0.008,31.2
16788,6.277600000000001e-05,-0.008,31.2
16789,6.2778e-05,-0.008,31.2
16790,6.278e-05,-0.008,31.2
16791,6.278200000000001e-05,-0.008,31.2
16792,6.2784e-05,-0.008,31.2
16793,6.2786e-05,-0.008,31.2
16794,6.278800000000001e-05,-0.008,31.2
16795,6.279e-05,-0.008,31.2
16796,6.2792e-05,-0.008,31.2
16797,6.279400000000001e-05,0.0,31.2
16798,6.2796e-05,-0.008,31.2
16799,6.2798e-05,-0.008,31.2
16800,6.280000000000001e-05,-0.008,31.2
16801,6.2802e-05,0.0,31.2
16802,6.2804e-05,-0.008,31.2
16803,6.280600000000001e-05,-0.008,31.2
16804,6.2808e-05,-0.008,31.2
16805,6.281e-05,0.0,31.2
16806,6.281200000000001e-05,-0.008,31.2
16807,6.2814e-05,-0.008,31.2
16808,6.2816e-05,-0.008,31.2
16809,6.281800000000001e-05,-0.008,31.2
16810,6.282e-05,-0.008,31.2
16811,6.2822e-05,-0.008,31.2
16812,6.282400000000001e-05,-0.008,31.2
16813,6.2826e-05,-0.008,31.2
16814,6.2828e-05,-0.008,31.2
16815,6.283e-05,-0.008,31.2
16816,6.2832e-05,-0.008,31.2
16817,6.2834e-05,0.0,31.2
16818,6.2836e-05,-0.008,31.2
16819,6.2838e-05,-0.008,31.2
16820,6.284e-05,-0.008,31.2
16821,6.2842e-05,0.0,31.2
16822,6.284400000000001e-05,-0.008,31.2
16823,6.2846e-05,-0.008,31.2
16824,6.2848e-05,-0.008,31.2
16825,6.285000000000001e-05,0.0,31.2
16826,6.2852e-05,-0.008,31.2
16827,6.2854e-05,-0.008,31.2
16828,6.285600000000001e-05,-0.008,31.2
16829,6.2858e-05,-0.008,31.2
16830,6.286e-05,-0.008,31.2
16831,6.286200000000001e-05,-0.008,31.2
16832,6.2864e-05,-0.008,31.2
16833,6.2866e-05,0.0,31.2
16834,6.286800000000001e-05,-0.008,31.2
16835,6.287e-05,-0.008,31.2
16836,6.2872e-05,-0.008,31.2
16837,6.287400000000001e-05,0.0,31.2
16838,6.2876e-05,-0.008,31.2
16839,6.2878e-05,-0.008,31.2
16840,6.288000000000001e-05,-0.008,31.2
16841,6.2882e-05,0.0,31.2
16842,6.2884e-05,-0.008,31.2
16843,6.288600000000001e-05,-0.008,31.2
16844,6.2888e-05,-0.008,31.2
16845,6.289e-05,0.0,31.2
16846,6.289200000000001e-05,-0.008,31.2
16847,6.2894e-05,-0.008,31.2
16848,6.2896e-05,-0.008,31.2
16849,6.2898e-05,0.0,31.2
16850,6.29e-05,-0.008,31.2
16851,6.2902e-05,-0.008,31.2
16852,6.2904e-05,-0.008,31.2
16853,6.2906e-05,0.0,31.2
16854,6.2908e-05,-0.008,31.2
16855,6.291e-05,-0.008,31.2
16856,6.291200000000001e-05,-0.008,31.2
16857,6.2914e-05,-0.008,31.2
16858,6.2916e-05,-0.008,31.2
16859,6.291800000000001e-05,-0.008,31.2
16860,6.292e-05,-0.008,31.2
16861,6.2922e-05,0.0,31.2
16862,6.292400000000001e-05,-0.008,31.2
16863,6.2926e-05,-0.008,31.2
16864,6.2928e-05,-0.008,31.2
16865,6.293000000000001e-05,0.0,31.2
16866,6.2932e-05,-0.008,31.2
16867,6.2934e-05,-0.008,31.2
16868,6.293600000000001e-05,-0.008,31.2
16869,6.2938e-05,0.0,31.2
16870,6.294e-05,-0.008,31.2
16871,6.294200000000001e-05,-0.008,31.2
16872,6.2944e-05,-0.008,31.2
16873,6.2946e-05,0.0,31.2
16874,6.294800000000001e-05,-0.008,31.2
16875,6.295e-05,-0.008,31.2
16876,6.2952e-05,-0.008,31.2
16877,6.295400000000001e-05,-0.008,31.2
16878,6.2956e-05,-0.008,31.2
16879,6.2958e-05,-0.008,31.2
16880,6.296000000000001e-05,-0.008,31.2
16881,6.2962e-05,0.0,31.2
16882,6.2964e-05,-0.008,31.2
16883,6.2966e-05,-0.008,31.2
16884,6.2968e-05,-0.008,31.2
16885,6.297e-05,-0.008,31.2
16886,6.2972e-05,-0.008,31.2
16887,6.2974e-05,-0.008,31.2
16888,6.2976e-05,-0.008,31.2
16889,6.2978e-05,0.0,31.2
16890,6.298000000000001e-05,-0.008,31.2
16891,6.2982e-05,-0.008,31.2
16892,6.2984e-05,-0.008,31.2
16893,6.298600000000001e-05,-0.008,31.2
16894,6.2988e-05,-0.008,31.2
16895,6.299e-05,-0.008,31.2
16896,6.299200000000001e-05,-0.008,31.2
16897,6.2994e-05,0.0,31.2
16898,6.2996e-05,-0.008,31.2
16899,6.299800000000001e-05,-0.008,31.2
16900,6.3e-05,-0.008,31.2
16901,6.3002e-05,0.0,31.2
16902,6.300400000000001e-05,-0.008,31.2
16903,6.3006e-05,-0.008,31.2
16904,6.3008e-05,-0.008,31.2
16905,6.301000000000001e-05,-0.008,31.2
16906,6.3012e-05,-0.008,31.2
16907,6.3014e-05,-0.008,31.2
16908,6.301600000000001e-05,-0.008,31.2
16909,6.3018e-05,0.0,31.2
16910,6.302e-05,-0.008,31.2
16911,6.302200000000001e-05,-0.008,31.2
16912,6.3024e-05,-0.008,31.2
16913,6.3026e-05,0.0,31.2
16914,6.302800000000001e-05,-0.008,31.2
16915,6.303e-05,-0.008,31.2
16916,6.3032e-05,-0.008,31.2
16917,6.3034e-05,0.0,31.2
16918,6.3036e-05,-0.008,31.2
16919,6.3038e-05,-0.008,31.2
16920,6.304e-05,-0.008,31.2
16921,6.3042e-05,0.0,31.2
16922,6.3044e-05,-0.008,31.2
16923,6.3046e-05,-0.008,31.2
16924,6.304800000000001e-05,-0.008,31.2
16925,6.305e-05,-0.008,31.2
16926,6.3052e-05,-0.008,31.2
16927,6.305400000000001e-05,-0.008,31.2
16928,6.3056e-05,-0.008,31.2
16929,6.3058e-05,-0.008,31.2
16930,6.306000000000001e-05,-0.008,31.2
16931,6.3062e-05,-0.008,31.2
16932,6.3064e-05,-0.008,31.2
16933,6.306600000000001e-05,0.0,31.2
16934,6.3068e-05,-0.008,31.2
16935,6.307e-05,-0.008,31.2
16936,6.307200000000001e-05,-0.008,31.2
16937,6.3074e-05,-0.008,31.2
16938,6.3076e-05,-0.008,31.2
16939,6.307800000000001e-05,-0.008,31.2
16940,6.308e-05,-0.008,31.2
16941,6.3082e-05,0.0,31.2
16942,6.308400000000001e-05,-0.008,31.2
16943,6.3086e-05,-0.008,31.2
16944,6.3088e-05,-0.008,31.2
16945,6.309000000000001e-05,0.0,31.2
16946,6.3092e-05,-0.008,31.2
16947,6.3094e-05,-0.008,31.2
16948,6.309600000000001e-05,-0.008,31.2
16949,6.3098e-05,0.0,31.2
16950,6.31e-05,-0.008,31.2
16951,6.3102e-05,-0.008,31.2
16952,6.3104e-05,-0.008,31.2
16953,6.3106e-05,0.0,31.2
16954,6.3108e-05,-0.008,31.2
16955,6.311e-05,-0.008,31.2
16956,6.3112e-05,-0.008,31.2
16957,6.3114e-05,0.0,31.2
16958,6.311600000000001e-05,-0.008,31.2
16959,6.3118e-05,-0.008,31.2
16960,6.312e-05,-0.008,31.2
16961,6.312200000000001e-05,0.0,31.2
16962,6.3124e-05,-0.008,31.2
16963,6.3126e-05,-0.008,31.2
16964,6.312800000000001e-05,-0.008,31.2
16965,6.313e-05,-0.008,31.2
16966,6.3132e-05,-0.008,31.2
16967,6.313400000000001e-05,-0.008,31.2
16968,6.3136e-05,-0.008,31.2
16969,6.3138e-05,0.0,31.2
16970,6.314000000000001e-05,-0.008,31.2
16971,6.3142e-05,-0.008,31.2
16972,6.3144e-05,-0.008,31.2
16973,6.314600000000001e-05,0.0,31.2
16974,6.3148e-05,-0.008,31.2
16975,6.315e-05,-0.008,31.2
16976,6.315200000000001e-05,-0.008,31.2
16977,6.3154e-05,-0.008,31.2
16978,6.3156e-05,-0.008,31.2
16979,6.315800000000001e-05,-0.008,31.2
16980,6.316e-05,-0.008,31.2
16981,6.3162e-05,0.0,31.2
16982,6.316400000000001e-05,-0.008,31.2
16983,6.3166e-05,-0.008,31.2
16984,6.3168e-05,-0.008,31.2
16985,6.317e-05,0.0,31.2
16986,6.3172e-05,-0.008,31.2
16987,6.3174e-05,-0.008,31.2
16988,6.3176e-05,-0.008,31.2
16989,6.3178e-05,0.0,31.2
16990,6.318e-05,-0.008,31.2
16991,6.3182e-05,-0.008,31.2
16992,6.318400000000001e-05,-0.008,31.2
16993,6.3186e-05,0.0,31.2
16994,6.3188e-05,-0.008,31.2
16995,6.319000000000001e-05,-0.008,31.2
16996,6.3192e-05,-0.008,31.2
16997,6.3194e-05,0.0,31.2
16998,6.319600000000001e-05,-0.008,31.2
16999,6.3198e-05,-0.008,31.2
17000,6.32e-05,-0.008,31.2
17001,6.320200000000001e-05,0.0,31.2
17002,6.3204e-05,-0.008,31.2
17003,6.3206e-05,-0.008,31.2
17004,6.320800000000001e-05,-0.008,31.2
17005,6.321e-05,0.0,31.2
17006,6.3212e-05,-0.008,31.2
17007,6.321400000000001e-05,-0.008,31.2
17008,6.3216e-05,-0.008,31.2
17009,6.3218e-05,0.0,31.2
17010,6.322000000000001e-05,-0.008,31.2
17011,6.3222e-05,-0.008,31.2
17012,6.3224e-05,-0.008,31.2
17013,6.322600000000001e-05,0.0,31.2
17014,6.3228e-05,-0.008,31.2
17015,6.323e-05,-0.008,31.2
17016,6.323200000000001e-05,-0.008,31.2
17017,6.3234e-05,0.0,31.2
17018,6.3236e-05,-0.008,31.2
17019,6.3238e-05,-0.008,31.2
17020,6.324e-05,-0.008,31.2
17021,6.3242e-05,0.0,31.2
17022,6.3244e-05,-0.008,31.2
17023,6.3246e-05,-0.008,31.2
17024,6.3248e-05,-0.008,31.2
17025,6.325e-05,0.0,31.2
17026,6.325200000000001e-05,-0.008,31.2
17027,6.3254e-05,-0.008,31.2
17028,6.3256e-05,-0.008,31.2
17029,6.325800000000001e-05,0.0,31.2
17030,6.326e-05,-0.008,31.2
17031,6.3262e-05,-0.008,31.2
17032,6.326400000000001e-05,-0.008,31.2
17033,6.3266e-05,0.0,31.2
17034,6.3268e-05,-0.008,31.2
17035,6.327000000000001e-05,-0.008,31.2
17036,6.3272e-05,-0.008,31.2
17037,6.3274e-05,0.0,31.2
17038,6.327600000000001e-05,-0.008,31.2
17039,6.3278e-05,-0.008,31.2
17040,6.328e-05,-0.008,31.2
17041,6.328200000000001e-05,0.0,31.2
17042,6.3284e-05,-0.008,31.2
17043,6.3286e-05,-0.008,31.2
17044,6.328800000000001e-05,-0.008,31.2
17045,6.329e-05,0.0,31.2
17046,6.3292e-05,-0.008,31.2
17047,6.329400000000001e-05,-0.008,31.2
17048,6.3296e-05,-0.008,31.2
17049,6.3298e-05,0.0,31.2
17050,6.330000000000001e-05,-0.008,31.2
17051,6.3302e-05,-0.008,31.2
17052,6.3304e-05,-0.008,31.2
17053,6.330600000000001e-05,0.0,31.2
17054,6.3308e-05,-0.008,31.2
17055,6.331e-05,-0.008,31.2
17056,6.3312e-05,-0.008,31.2
17057,6.3314e-05,0.0,31.2
17058,6.3316e-05,-0.008,31.2
17059,6.3318e-05,-0.008,31.2
17060,6.332000000000001e-05,-0.008,31.2
17061,6.3322e-05,-0.008,31.2
17062,6.3324e-05,-0.008,31.2
17063,6.332600000000001e-05,-0.008,31.2
17064,6.3328e-05,-0.008,31.2
17065,6.333e-05,0.0,31.2
17066,6.333200000000001e-05,-0.008,31.2
17067,6.3334e-05,-0.008,31.2
17068,6.3336e-05,-0.008,31.2
17069,6.333800000000001e-05,0.0,31.2
17070,6.334e-05,-0.008,31.2
17071,6.3342e-05,0.0,31.2
17072,6.334400000000001e-05,-0.008,31.2
17073,6.3346e-05,0.0,31.2
17074,6.3348e-05,-0.008,31.2
17075,6.335000000000001e-05,-0.008,31.2
17076,6.3352e-05,-0.008,31.2
17077,6.3354e-05,0.0,31.2
17078,6.335600000000001e-05,-0.008,31.2
17079,6.3358e-05,-0.008,31.2
17080,6.336e-05,-0.008,31.2
17081,6.336200000000001e-05,0.0,31.2
17082,6.3364e-05,-0.008,31.2
17083,6.3366e-05,-0.008,31.2
17084,6.336800000000001e-05,-0.008,31.2
17085,6.337e-05,0.0,31.2
17086,6.3372e-05,-0.008,31.2
17087,6.337400000000001e-05,-0.008,31.2
17088,6.3376e-05,-0.008,31.2
17089,6.3378e-05,0.0,31.2
17090,6.338e-05,-0.008,31.2
17091,6.3382e-05,-0.008,31.2
17092,6.3384e-05,-0.008,31.2
17093,6.3386e-05,0.0,31.2
17094,6.338800000000001e-05,-0.008,31.2
17095,6.339e-05,-0.008,31.2
17096,6.3392e-05,-0.008,31.2
17097,6.339400000000001e-05,0.0,31.2
17098,6.3396e-05,-0.008,31.2
17099,6.3398e-05,-0.008,31.2
17100,6.340000000000001e-05,-0.008,31.2
17101,6.3402e-05,0.0,31.2
17102,6.3404e-05,-0.008,31.2
17103,6.340600000000001e-05,-0.008,31.2
17104,6.3408e-05,-0.008,31.2
17105,6.341e-05,0.0,31.2
17106,6.341200000000001e-05,-0.008,31.2
17107,6.3414e-05,-0.008,31.2
17108,6.3416e-05,-0.008,31.2
17109,6.341800000000001e-05,0.0,31.2
17110,6.342e-05,-0.008,31.2
17111,6.3422e-05,-0.008,31.2
17112,6.342400000000001e-05,-0.008,31.2
17113,6.3426e-05,0.0,31.2
17114,6.3428e-05,-0.008,31.2
17115,6.343000000000001e-05,-0.008,31.2
17116,6.3432e-05,-0.008,31.2
17117,6.3434e-05,-0.008,31.2
17118,6.343600000000001e-05,-0.008,31.2
17119,6.3438e-05,-0.008,31.2
17120,6.344e-05,-0.008,31.2
17121,6.344200000000001e-05,0.0,31.2
17122,6.3444e-05,-0.008,31.2
17123,6.3446e-05,-0.008,31.2
17124,6.3448e-05,-0.008,31.2
17125,6.345e-05,0.0,31.2
17126,6.3452e-05,-0.008,31.2
17127,6.3454e-05,-0.008,31.2
17128,6.345600000000001e-05,-0.008,31.2
17129,6.3458e-05,0.0,31.2
17130,6.346e-05,-0.008,31.2
17131,6.346200000000001e-05,-0.008,31.2
17132,6.3464e-05,-0.008,31.2
17133,6.3466e-05,0.0,31.2
17134,6.346800000000001e-05,-0.008,31.2
17135,6.347e-05,-0.008,31.2
17136,6.3472e-05,-0.008,31.2
17137,6.347400000000001e-05,0.0,31.2
17138,6.3476e-05,-0.008,31.2
17139,6.3478e-05,-0.008,31.2
17140,6.348000000000001e-05,-0.008,31.2
17141,6.3482e-05,0.0,31.2
17142,6.3484e-05,-0.008,31.2
17143,6.348600000000001e-05,-0.008,31.2
17144,6.3488e-05,-0.008,31.2
17145,6.349e-05,0.0,31.2
17146,6.349200000000001e-05,-0.008,31.2
17147,6.3494e-05,-0.008,31.2
17148,6.3496e-05,-0.008,31.2
17149,6.349800000000001e-05,0.0,31.2
17150,6.35e-05,-0.008,31.2
17151,6.3502e-05,-0.008,31.2
17152,6.350400000000001e-05,-0.008,31.2
17153,6.3506e-05,0.0,31.2
17154,6.3508e-05,-0.008,31.2
17155,6.351000000000001e-05,-0.008,31.2
17156,6.3512e-05,-0.008,31.2
17157,6.3514e-05,0.0,31.2
17158,6.3516e-05,-0.008,31.2
17159,6.3518e-05,-0.008,31.2
17160,6.352e-05,-0.008,31.2
17161,6.3522e-05,0.0,31.2
17162,6.352400000000001e-05,-0.008,31.2
17163,6.3526e-05,-0.008,31.2
17164,6.3528e-05,-0.008,31.2
17165,6.353000000000001e-05,0.0,31.2
17166,6.3532e-05,-0.008,31.2
17167,6.3534e-05,-0.008,31.2
17168,6.353600000000001e-05,-0.008,31.2
17169,6.3538e-05,0.0,31.2
17170,6.354e-05,-0.008,31.2
17171,6.354200000000001e-05,-0.008,31.2
17172,6.3544e-05,-0.008,31.2
17173,6.3546e-05,0.0,31.2
17174,6.354800000000001e-05,-0.008,31.2
17175,6.355e-05,-0.008,31.2
17176,6.3552e-05,-0.008,31.2
17177,6.355400000000001e-05,0.0,31.2
17178,6.3556e-05,-0.008,31.2
17179,6.3558e-05,-0.008,31.2
17180,6.356000000000001e-05,-0.008,31.2
17181,6.3562e-05,0.0,31.2
17182,6.3564e-05,-0.008,31.2
17183,6.356600000000001e-05,0.0,31.2
17184,6.3568e-05,-0.008,31.2
17185,6.357e-05,0.0,31.2
17186,6.357200000000001e-05,-0.008,31.2
17187,6.3574e-05,-0.008,31.2
17188,6.3576e-05,-0.008,31.2
17189,6.357800000000001e-05,0.0,31.2
17190,6.358e-05,-0.008,31.2
17191,6.3582e-05,-0.008,31.2
17192,6.3584e-05,-0.008,31.2
17193,6.3586e-05,0.0,31.2
17194,6.3588e-05,-0.008,31.2
17195,6.359e-05,-0.008,31.2
17196,6.359200000000001e-05,-0.008,31.2
17197,6.3594e-05,0.0,31.2
17198,6.3596e-05,-0.008,31.2
17199,6.359800000000001e-05,0.0,31.2
17200,6.36e-05,-0.008,31.2
17201,6.3602e-05,0.0,31.2
17202,6.360400000000001e-05,-0.008,31.2
17203,6.3606e-05,-0.008,31.2
17204,6.3608e-05,-0.008,31.2
17205,6.361000000000001e-05,0.0,31.2
17206,6.3612e-05,-0.008,31.2
17207,6.3614e-05,-0.008,31.2
17208,6.361600000000001e-05,-0.008,31.2
17209,6.3618e-05,0.0,31.2
17210,6.362e-05,-0.008,31.2
17211,6.362200000000001e-05,-0.008,31.2
17212,6.3624e-05,-0.008,31.2
17213,6.3626e-05,0.0,31.2
17214,6.362800000000001e-05,-0.008,31.2
17215,6.363e-05,-0.008,31.2
17216,6.3632e-05,-0.008,31.2
17217,6.363400000000001e-05,0.0,31.2
17218,6.3636e-05,-0.008,31.2
17219,6.3638e-05,-0.008,31.2
17220,6.364000000000001e-05,-0.008,31.2
17221,6.3642e-05,0.0,31.2
17222,6.3644e-05,-0.008,31.2
17223,6.364600000000001e-05,-0.008,31.2
17224,6.3648e-05,-0.008,31.2
17225,6.365e-05,-0.008,31.2
17226,6.3652e-05,-0.008,31.2
17227,6.3654e-05,-0.008,31.2
17228,6.3656e-05,-0.008,31.2
17229,6.3658e-05,0.0,31.2
17230,6.366000000000001e-05,-0.008,31.2
17231,6.3662e-05,-0.008,31.2
17232,6.3664e-05,-0.008,31.2
17233,6.366600000000001e-05,0.0,31.2
17234,6.3668e-05,-0.008,31.2
17235,6.367e-05,-0.008,31.2
17236,6.367200000000001e-05,-0.008,31.2
17237,6.3674e-05,0.0,31.2
17238,6.3676e-05,-0.008,31.2
17239,6.367800000000001e-05,-0.008,31.2
17240,6.368e-05,-0.008,31.2
17241,6.3682e-05,0.0,31.2
17242,6.368400000000001e-05,-0.008,31.2
17243,6.3686e-05,-0.008,31.2
17244,6.3688e-05,-0.008,31.2
17245,6.369000000000001e-05,0.0,31.2
17246,6.3692e-05,-0.008,31.2
17247,6.3694e-05,-0.008,31.2
17248,6.369600000000001e-05,-0.008,31.2
17249,6.3698e-05,0.0,31.2
17250,6.37e-05,-0.008,31.2
17251,6.370200000000001e-05,-0.008,31.2
17252,6.3704e-05,-0.008,31.2
17253,6.3706e-05,0.0,31.2
17254,6.370800000000001e-05,-0.008,31.2
17255,6.371e-05,-0.008,31.2
17256,6.3712e-05,-0.008,31.2
17257,6.371400000000001e-05,0.0,31.2
17258,6.3716e-05,-0.008,31.2
17259,6.3718e-05,-0.008,31.2
17260,6.372e-05,-0.008,31.2
17261,6.3722e-05,0.0,31.2
17262,6.3724e-05,-0.008,31.2
17263,6.3726e-05,-0.008,31.2
17264,6.372800000000001e-05,-0.008,31.2
17265,6.373e-05,0.0,31.2
17266,6.3732e-05,-0.008,31.2
17267,6.373400000000001e-05,-0.008,31.2
17268,6.3736e-05,-0.008,31.2
17269,6.3738e-05,0.0,31.2
17270,6.374000000000001e-05,-0.008,31.2
17271,6.3742e-05,-0.008,31.2
17272,6.3744e-05,-0.008,31.2
17273,6.374600000000001e-05,0.0,31.2
17274,6.3748e-05,-0.008,31.2
17275,6.375e-05,-0.008,31.2
17276,6.375200000000001e-05,-0.008,31.2
17277,6.3754e-05,0.0,31.2
17278,6.3756e-05,-0.008,31.2
17279,6.375800000000001e-05,-0.008,31.2
17280,6.376e-05,-0.008,31.2
17281,6.3762e-05,0.0,31.2
17282,6.376400000000001e-05,-0.008,31.2
17283,6.3766e-05,-0.008,31.2
17284,6.3768e-05,-0.008,31.2
17285,6.377000000000001e-05,0.0,31.2
17286,6.3772e-05,-0.008,31.2
17287,6.3774e-05,-0.008,31.2
17288,6.377600000000001e-05,-0.008,31.2
17289,6.3778e-05,0.0,31.2
17290,6.378e-05,-0.008,31.2
17291,6.378200000000001e-05,-0.008,31.2
17292,6.3784e-05,-0.008,31.2
17293,6.3786e-05,0.0,31.2
17294,6.3788e-05,-0.008,31.2
17295,6.379e-05,-0.008,31.2
17296,6.3792e-05,-0.008,31.2
17297,6.3794e-05,0.0,31.2
17298,6.3796e-05,-0.008,31.2
17299,6.3798e-05,-0.008,31.2
17300,6.38e-05,-0.008,31.2
17301,6.380200000000001e-05,0.0,31.2
17302,6.3804e-05,-0.008,31.2
17303,6.3806e-05,-0.008,31.2
17304,6.380800000000001e-05,0.0,31.2
17305,6.381e-05,0.0,31.2
17306,6.3812e-05,-0.008,31.2
17307,6.381400000000001e-05,0.0,31.2
17308,6.3816e-05,-0.008,31.2
17309,6.3818e-05,0.0,31.2
17310,6.382000000000001e-05,-0.008,31.2
17311,6.3822e-05,-0.008,31.2
17312,6.3824e-05,-0.008,31.2
17313,6.382600000000001e-05,0.0,31.2
17314,6.3828e-05,-0.008,31.2
17315,6.383e-05,-0.008,31.2
17316,6.383200000000001e-05,-0.008,31.2
17317,6.3834e-05,0.0,31.2
17318,6.3836e-05,-0.008,31.2
17319,6.383800000000001e-05,-0.008,31.2
17320,6.384e-05,-0.008,31.2
17321,6.3842e-05,0.0,31.2
17322,6.384400000000001e-05,-0.008,31.2
17323,6.3846e-05,-0.008,31.2
17324,6.3848e-05,-0.008,31.2
17325,6.385000000000001e-05,0.0,31.2
17326,6.3852e-05,-0.008,31.2
17327,6.3854e-05,-0.008,31.2
17328,6.3856e-05,-0.008,31.2
17329,6.3858e-05,0.0,31.2
17330,6.386e-05,-0.008,31.2
17331,6.3862e-05,0.0,31.2
17332,6.3864e-05,-0.008,31.2
17333,6.3866e-05,0.0,31.2
17334,6.3868e-05,-0.008,31.2
17335,6.387000000000001e-05,-0.008,31.2
17336,6.3872e-05,-0.008,31.2
17337,6.3874e-05,0.0,31.2
17338,6.387600000000001e-05,-0.008,31.2
17339,6.3878e-05,-0.008,31.2
17340,6.388e-05,-0.008,31.2
17341,6.388200000000001e-05,0.0,31.2
17342,6.3884e-05,-0.008,31.2
17343,6.3886e-05,-0.008,31.2
17344,6.388800000000001e-05,-0.008,31.2
17345,6.389e-05,0.0,31.2
17346,6.3892e-05,-0.008,31.2
17347,6.389400000000001e-05,-0.008,31.2
17348,6.3896e-05,-0.008,31.2
17349,6.3898e-05,0.0,31.2
17350,6.390000000000001e-05,-0.008,31.2
17351,6.3902e-05,-0.008,31.2
17352,6.3904e-05,-0.008,31.2
17353,6.390600000000001e-05,0.0,31.2
17354,6.3908e-05,-0.008,31.2
17355,6.391e-05,-0.008,31.2
17356,6.391200000000001e-05,-0.008,31.2
17357,6.3914e-05,0.0,31.2
17358,6.3916e-05,-0.008,31.2
17359,6.391800000000001e-05,-0.008,31.2
17360,6.392e-05,-0.008,31.2
17361,6.3922e-05,0.0,31.2
17362,6.3924e-05,-0.008,31.2
17363,6.3926e-05,-0.008,31.2
17364,6.3928e-05,-0.008,31.2
17365,6.393e-05,-0.008,31.2
17366,6.3932e-05,-0.008,31.2
17367,6.3934e-05,-0.008,31.2
17368,6.3936e-05,-0.008,31.2
17369,6.393800000000001e-05,0.0,31.2
17370,6.394e-05,-0.008,31.2
17371,6.3942e-05,-0.008,31.2
17372,6.394400000000001e-05,-0.008,31.2
17373,6.3946e-05,0.0,31.2
17374,6.3948e-05,-0.008,31.2
17375,6.395000000000001e-05,-0.008,31.2
17376,6.3952e-05,-0.008,31.2
17377,6.3954e-05,0.0,31.2
17378,6.395600000000001e-05,-0.008,31.2
17379,6.3958e-05,-0.008,31.2
17380,6.396e-05,-0.008,31.2
17381,6.396200000000001e-05,0.0,31.2
17382,6.3964e-05,-0.008,31.2
17383,6.3966e-05,-0.008,31.2
17384,6.396800000000001e-05,-0.008,31.2
17385,6.397e-05,0.0,31.2
17386,6.3972e-05,-0.008,31.2
17387,6.397400000000001e-05,-0.008,31.2
17388,6.3976e-05,-0.008,31.2
17389,6.3978e-05,0.0,31.2
17390,6.398000000000001e-05,-0.008,31.2
17391,6.3982e-05,0.0,31.2
17392,6.3984e-05,-0.008,31.2
17393,6.398600000000001e-05,0.0,31.2
17394,6.3988e-05,-0.008,31.2
17395,6.399e-05,-0.008,31.2
17396,6.3992e-05,-0.008,31.2
17397,6.3994e-05,0.0,31.2
17398,6.3996e-05,-0.008,31.2
17399,6.3998e-05,-0.008,31.2
17400,6.4e-05,-0.008,31.2
17401,6.4002e-05,0.0,31.2
17402,6.4004e-05,-0.008,31.2
17403,6.400600000000001e-05,-0.008,31.2
17404,6.4008e-05,-0.008,31.2
17405,6.401e-05,0.0,31.2
17406,6.401200000000001e-05,-0.008,31.2
17407,6.4014e-05,-0.008,31.2
17408,6.4016e-05,-0.008,31.2
17409,6.401800000000001e-05,0.0,31.2
17410,6.402e-05,-0.008,31.2
17411,6.4022e-05,-0.008,31.2
17412,6.402400000000001e-05,-0.008,31.2
17413,6.4026e-05,0.0,31.2
17414,6.4028e-05,-0.008,31.2
17415,6.403000000000001e-05,-0.008,31.2
17416,6.4032e-05,-0.008,31.2
17417,6.4034e-05,0.0,31.2
17418,6.403600000000001e-05,-0.008,31.2
17419,6.4038e-05,-0.008,31.2
17420,6.404e-05,-0.008,31.2
17421,6.404200000000001e-05,0.0,31.2
17422,6.4044e-05,-0.008,31.2
17423,6.4046e-05,-0.008,31.2
17424,6.404800000000001e-05,-0.008,31.2
17425,6.405e-05,0.0,31.2
17426,6.4052e-05,-0.008,31.2
17427,6.405400000000001e-05,-0.008,31.2
17428,6.4056e-05,-0.008,31.2
17429,6.4058e-05,0.0,31.2
17430,6.406e-05,-0.008,31.2
17431,6.4062e-05,0.0,31.2
17432,6.4064e-05,-0.008,31.2
17433,6.4066e-05,0.0,31.2
17434,6.4068e-05,-0.008,31.2
17435,6.407e-05,-0.008,31.2
17436,6.4072e-05,-0.008,31.2
17437,6.407400000000001e-05,0.0,31.2
17438,6.4076e-05,-0.008,31.2
17439,6.4078e-05,-0.008,31.2
17440,6.408000000000001e-05,-0.008,31.2
17441,6.4082e-05,0.0,31.2
17442,6.4084e-05,-0.008,31.2
17443,6.408600000000001e-05,-0.008,31.2
17444,6.4088e-05,-0.008,31.2
17445,6.409e-05,0.0,31.2
17446,6.409200000000001e-05,-0.008,31.2
17447,6.4094e-05,-0.008,31.2
17448,6.4096e-05,-0.008,31.2
17449,6.409800000000001e-05,0.0,31.2
17450,6.41e-05,-0.008,31.2
17451,6.4102e-05,0.0,31.2
17452,6.410400000000001e-05,-0.008,31.2
17453,6.4106e-05,0.0,31.2
17454,6.4108e-05,-0.008,31.2
17455,6.411000000000001e-05,-0.008,31.2
17456,6.4112e-05,-0.008,31.2
17457,6.4114e-05,0.0,31.2
17458,6.411600000000001e-05,-0.008,31.2
17459,6.4118e-05,-0.008,31.2
17460,6.412e-05,-0.008,31.2
17461,6.412200000000001e-05,0.0,31.2
17462,6.4124e-05,-0.008,31.2
17463,6.4126e-05,-0.008,31.2
17464,6.4128e-05,-0.008,31.2
17465,6.413e-05,0.0,31.2
17466,6.4132e-05,-0.008,31.2
17467,6.4134e-05,-0.008,31.2
17468,6.4136e-05,-0.008,31.2
17469,6.4138e-05,0.0,31.2
17470,6.414e-05,-0.008,31.2
17471,6.414200000000001e-05,-0.008,31.2
17472,6.4144e-05,-0.008,31.2
17473,6.4146e-05,0.0,31.2
17474,6.414800000000001e-05,-0.008,31.2
17475,6.415e-05,-0.008,31.2
17476,6.4152e-05,-0.008,31.2
17477,6.415400000000001e-05,0.0,31.2
17478,6.4156e-05,-0.008,31.2
17479,6.4158e-05,-0.008,31.2
17480,6.416000000000001e-05,-0.008,31.2
17481,6.4162e-05,0.0,31.2
17482,6.4164e-05,-0.008,31.2
17483,6.416600000000001e-05,-0.008,31.2
17484,6.4168e-05,-0.008,31.2
17485,6.417e-05,0.0,31.2
17486,6.417200000000001e-05,-0.008,31.2
17487,6.4174e-05,-0.008,31.2
17488,6.4176e-05,-0.008,31.2
17489,6.417800000000001e-05,0.0,31.2
17490,6.418e-05,-0.008,31.2
17491,6.4182e-05,0.0,31.2
17492,6.418400000000001e-05,-0.008,31.2
17493,6.4186e-05,0.0,31.2
17494,6.4188e-05,-0.008,31.2
17495,6.419000000000001e-05,-0.008,31.2
17496,6.4192e-05,-0.008,31.2
17497,6.4194e-05,0.0,31.2
17498,6.4196e-05,-0.008,31.2
17499,6.4198e-05,-0.008,31.2
17500,6.42e-05,-0.008,31.2
17501,6.4202e-05,0.0,31.2
17502,6.4204e-05,-0.008,31.2
17503,6.4206e-05,-0.008,31.2
17504,6.4208e-05,-0.008,31.2
17505,6.421000000000001e-05,0.0,31.2
17506,6.4212e-05,-0.008,31.2
17507,6.4214e-05,0.0,31.2
17508,6.421600000000001e-05,-0.008,31.2
17509,6.4218e-05,0.0,31.2
17510,6.422e-05,-0.008,31.2
17511,6.422200000000001e-05,-0.008,31.2
17512,6.4224e-05,-0.008,31.2
17513,6.4226e-05,0.0,31.2
17514,6.422800000000001e-05,-0.008,31.2
17515,6.423e-05,-0.008,31.2
17516,6.4232e-05,-0.008,31.2
17517,6.423400000000001e-05,0.0,31.2
17518,6.4236e-05,-0.008,31.2
17519,6.4238e-05,-0.008,31.2
17520,6.424000000000001e-05,-0.008,31.2
17521,6.4242e-05,0.0,31.2
17522,6.4244e-05,-0.008,31.2
17523,6.424600000000001e-05,-0.008,31.2
17524,6.4248e-05,-0.008,31.2
17525,6.425e-05,0.0,31.2
17526,6.425200000000001e-05,-0.008,31.2
17527,6.4254e-05,-0.008,31.2
17528,6.4256e-05,-0.008,31.2
17529,6.425800000000001e-05,0.0,31.2
17530,6.426e-05,-0.008,31.2
17531,6.4262e-05,-0.008,31.2
17532,6.4264e-05,-0.008,31.2
17533,6.4266e-05,0.0,31.2
17534,6.4268e-05,-0.008,31.2
17535,6.427e-05,-0.008,31.2
17536,6.4272e-05,-0.008,31.2
17537,6.4274e-05,0.0,31.2
17538,6.4276e-05,-0.008,31.2
17539,6.427800000000001e-05,-0.008,31.2
17540,6.428e-05,-0.008,31.2
17541,6.4282e-05,0.0,31.2
17542,6.428400000000001e-05,-0.008,31.2
17543,6.4286e-05,-0.008,31.2
17544,6.4288e-05,-0.008,31.2
17545,6.429000000000001e-05,0.0,31.2
17546,6.4292e-05,-0.008,31.2
17547,6.4294e-05,0.0,31.2
17548,6.429600000000001e-05,-0.008,31.2
17549,6.4298e-05,0.0,31.2
17550,6.43e-05,-0.008,31.2
17551,6.430200000000001e-05,-0.008,31.2
17552,6.4304e-05,-0.008,31.2
17553,6.4306e-05,0.0,31.2
17554,6.430800000000001e-05,-0.008,31.2
17555,6.431e-05,-0.008,31.2
17556,6.4312e-05,-0.008,31.2
17557,6.431400000000001e-05,0.0,31.2
17558,6.4316e-05,-0.008,31.2
17559,6.4318e-05,-0.008,31.2
17560,6.432000000000001e-05,-0.008,31.2
17561,6.4322e-05,0.0,31.2
17562,6.4324e-05,-0.008,31.2
17563,6.432600000000001e-05,-0.008,31.2
17564,6.4328e-05,-0.008,31.2
17565,6.433e-05,0.0,31.2
17566,6.433200000000001e-05,-0.008,31.2
17567,6.4334e-05,-0.008,31.2
17568,6.4336e-05,-0.008,31.2
17569,6.4338e-05,0.0,31.2
17570,6.434e-05,-0.008,31.2
17571,6.4342e-05,-0.008,31.2
17572,6.4344e-05,-0.008,31.2
17573,6.434600000000001e-05,0.0,31.2
17574,6.4348e-05,-0.008,31.2
17575,6.435e-05,0.0,31.2
17576,6.435200000000001e-05,-0.008,31.2
17577,6.4354e-05,0.0,31.2
17578,6.4356e-05,-0.008,31.2
17579,6.435800000000001e-05,-0.008,31.2
17580,6.436e-05,-0.008,31.2
17581,6.4362e-05,0.0,31.2
17582,6.436400000000001e-05,-0.008,31.2
17583,6.4366e-05,-0.008,31.2
17584,6.4368e-05,-0.008,31.2
17585,6.437000000000001e-05,0.0,31.2
17586,6.4372e-05,-0.008,31.2
17587,6.4374e-05,-0.008,31.2
17588,6.437600000000001e-05,-0.008,31.2
17589,6.4378e-05,0.0,31.2
17590,6.438e-05,-0.008,31.2
17591,6.438200000000001e-05,-0.008,31.2
17592,6.4384e-05,-0.008,31.2
17593,6.4386e-05,0.0,31.2
17594,6.438800000000001e-05,-0.008,31.2
17595,6.439e-05,0.0,31.2
17596,6.4392e-05,-0.008,31.2
17597,6.439400000000001e-05,0.0,31.2
17598,6.4396e-05,-0.008,31.2
17599,6.4398e-05,-0.008,31.2
17600,6.440000000000001e-05,-0.008,31.2
17601,6.4402e-05,0.0,31.2
17602,6.4404e-05,-0.008,31.2
17603,6.4406e-05,-0.008,31.2
17604,6.4408e-05,-0.008,31.2
17605,6.441e-05,0.0,31.2
17606,6.4412e-05,-0.008,31.2
17607,6.441400000000001e-05,-0.008,31.2
17608,6.4416e-05,-0.008,31.2
17609,6.4418e-05,0.0,31.2
17610,6.442000000000001e-05,-0.008,31.2
17611,6.4422e-05,-0.008,31.2
17612,6.4424e-05,-0.008,31.2
17613,6.442600000000001e-05,0.0,31.2
17614,6.4428e-05,-0.008,31.2
17615,6.443e-05,0.0,31.2
17616,6.443200000000001e-05,-0.008,31.2
17617,6.4434e-05,0.0,31.2
17618,6.4436e-05,-0.008,31.2
17619,6.443800000000001e-05,0.0,31.2
17620,6.444e-05,-0.008,31.2
17621,6.4442e-05,0.0,31.2
17622,6.444400000000001e-05,-0.008,31.2
17623,6.4446e-05,-0.008,31.2
17624,6.4448e-05,-0.008,31.2
17625,6.445000000000001e-05,0.0,31.2
17626,6.4452e-05,-0.008,31.2
17627,6.4454e-05,-0.008,31.2
17628,6.445600000000001e-05,-0.008,31.2
17629,6.4458e-05,0.0,31.2
17630,6.446e-05,-0.008,31.2
17631,6.446200000000001e-05,0.0,31.2
17632,6.4464e-05,-0.008,31.2
17633,6.4466e-05,0.0,31.2
17634,6.446800000000001e-05,-0.008,31.2
17635,6.447e-05,-0.008,31.2
17636,6.4472e-05,-0.008,31.2
17637,6.4474e-05,0.0,31.2
17638,6.4476e-05,-0.008,31.2
17639,6.4478e-05,-0.008,31.2
17640,6.448e-05,-0.008,31.2
17641,6.448200000000001e-05,0.0,31.2
17642,6.4484e-05,-0.008,31.2
17643,6.4486e-05,0.0,31.2
17644,6.448800000000001e-05,-0.008,31.2
17645,6.449e-05,0.0,31.2
17646,6.4492e-05,-0.008,31.2
17647,6.449400000000001e-05,-0.008,31.2
17648,6.4496e-05,-0.008,31.2
17649,6.4498e-05,0.0,31.2
17650,6.450000000000001e-05,-0.008,31.2
17651,6.4502e-05,-0.008,31.2
17652,6.4504e-05,-0.008,31.2
17653,6.450600000000001e-05,0.0,31.2
17654,6.4508e-05,-0.008,31.2
17655,6.451e-05,0.0,31.2
17656,6.451200000000001e-05,-0.008,31.2
17657,6.4514e-05,0.0,31.2
17658,6.4516e-05,-0.008,31.2
17659,6.451800000000001e-05,-0.008,31.2
17660,6.452e-05,-0.008,31.2
17661,6.4522e-05,0.0,31.2
17662,6.452400000000001e-05,-0.008,31.2
17663,6.4526e-05,0.0,31.2
17664,6.4528e-05,-0.008,31.2
17665,6.453000000000001e-05,0.0,31.2
17666,6.4532e-05,-0.008,31.2
17667,6.4534e-05,-0.008,31.2
17668,6.453600000000001e-05,-0.008,31.2
17669,6.4538e-05,0.0,31.2
17670,6.454e-05,-0.008,31.2
17671,6.4542e-05,0.0,31.2
17672,6.4544e-05,-0.008,31.2
17673,6.4546e-05,0.0,31.2
17674,6.4548e-05,-0.008,31.2
17675,6.455000000000001e-05,0.0,31.2
17676,6.4552e-05,-0.008,31.2
17677,6.4554e-05,0.0,31.2
17678,6.455600000000001e-05,-0.008,31.2
17679,6.4558e-05,-0.008,31.2
17680,6.456e-05,-0.008,31.2
17681,6.456200000000001e-05,0.0,31.2
17682,6.4564e-05,-0.008,31.2
17683,6.4566e-05,-0.008,31.2
17684,6.456800000000001e-05,-0.008,31.2
17685,6.457e-05,0.0,31.2
17686,6.4572e-05,-0.008,31.2
17687,6.457400000000001e-05,0.0,31.2
17688,6.4576e-05,-0.008,31.2
17689,6.4578e-05,0.0,31.2
17690,6.458000000000001e-05,-0.008,31.2
17691,6.4582e-05,-0.008,31.2
17692,6.4584e-05,-0.008,31.2
17693,6.458600000000001e-05,0.0,31.2
17694,6.4588e-05,-0.008,31.2
17695,6.459e-05,-0.008,31.2
17696,6.459200000000001e-05,-0.008,31.2
17697,6.4594e-05,0.0,31.2
17698,6.4596e-05,0.0,31.2
17699,6.459800000000001e-05,-0.008,31.2
17700,6.46e-05,-0.008,31.2
17701,6.4602e-05,0.0,31.2
17702,6.460400000000001e-05,-0.008,31.2
17703,6.4606e-05,-0.008,31.2
17704,6.4608e-05,-0.008,31.2
17705,6.461e-05,0.0,31.2
17706,6.4612e-05,0.0,31.2
17707,6.4614e-05,0.0,31.2
17708,6.4616e-05,-0.008,31.2
17709,6.461800000000001e-05,0.0,31.2
17710,6.462e-05,-0.008,31.2
17711,6.4622e-05,0.0,31.2
17712,6.462400000000001e-05,-0.008,31.2
17713,6.4626e-05,0.0,31.2
17714,6.4628e-05,-0.008,31.2
17715,6.463000000000001e-05,0.0,31.2
17716,6.4632e-05,-0.008,31.2
17717,6.4634e-05,0.0,31.2
17718,6.463600000000001e-05,-0.008,31.2
17719,6.4638e-05,0.0,31.2
17720,6.464e-05,-0.008,31.2
17721,6.464200000000001e-05,0.0,31.2
17722,6.4644e-05,-0.008,31.2
17723,6.4646e-05,-0.008,31.2
17724,6.464800000000001e-05,-0.008,31.2
17725,6.465e-05,0.0,31.2
17726,6.4652e-05,-0.008,31.2
17727,6.465400000000001e-05,-0.008,31.2
17728,6.4656e-05,-0.008,31.2
17729,6.4658e-05,0.0,31.2
17730,6.466000000000001e-05,-0.008,31.2
17731,6.4662e-05,-0.008,31.2
17732,6.4664e-05,-0.008,31.2
17733,6.466600000000001e-05,0.0,31.2
17734,6.4668e-05,-0.008,31.2
17735,6.467e-05,-0.008,31.2
17736,6.467200000000001e-05,-0.008,31.2
17737,6.4674e-05,0.0,31.2
17738,6.4676e-05,-0.008,31.2
17739,6.4678e-05,-0.008,31.2
17740,6.468e-05,-0.008,31.2
17741,6.4682e-05,0.0,31.2
17742,6.4684e-05,-0.008,31.2
17743,6.468600000000001e-05,-0.008,31.2
17744,6.4688e-05,-0.008,31.2
17745,6.469e-05,0.0,31.2
17746,6.469200000000001e-05,-0.008,31.2
17747,6.4694e-05,-0.008,31.2
17748,6.4696e-05,-0.008,31.2
17749,6.469800000000001e-05,0.0,31.2
17750,6.47e-05,-0.008,31.2
17751,6.4702e-05,-0.008,31.2
17752,6.470400000000001e-05,-0.008,31.2
17753,6.4706e-05,0.0,31.2
17754,6.4708e-05,0.0,31.2
17755,6.471000000000001e-05,0.0,31.2
17756,6.4712e-05,-0.008,31.2
17757,6.4714e-05,0.0,31.2
17758,6.471600000000001e-05,-0.008,31.2
17759,6.4718e-05,-0.008,31.2
17760,6.472e-05,-0.008,31.2
17761,6.472200000000001e-05,0.0,31.2
17762,6.4724e-05,0.0,31.2
17763,6.4726e-05,-0.008,31.2
17764,6.472800000000001e-05,-0.008,31.2
17765,6.473e-05,0.0,31.2
17766,6.4732e-05,-0.008,31.2
17767,6.473400000000001e-05,-0.008,31.2
17768,6.4736e-05,-0.008,31.2
17769,6.4738e-05,0.0,31.2
17770,6.474000000000001e-05,-0.008,31.2
17771,6.4742e-05,0.0,31.2
17772,6.4744e-05,-0.008,31.2
17773,6.4746e-05,0.0,31.2
17774,6.4748e-05,-0.008,31.2
17775,6.475e-05,0.0,31.2
17776,6.4752e-05,-0.008,31.2
17777,6.475400000000001e-05,0.0,31.2
17778,6.4756e-05,0.0,31.2
17779,6.4758e-05,-0.008,31.2
17780,6.476000000000001e-05,-0.008,31.2
17781,6.4762e-05,0.0,31.2
17782,6.4764e-05,-0.008,31.2
17783,6.476600000000001e-05,0.0,31.2
17784,6.4768e-05,-0.008,31.2
17785,6.477e-05,0.0,31.2
17786,6.477200000000001e-05,-0.008,31.2
17787,6.4774e-05,-0.008,31.2
17788,6.4776e-05,-0.008,31.2
17789,6.477800000000001e-05,0.0,31.2
17790,6.478e-05,-0.008,31.2
17791,6.4782e-05,0.0,31.2
17792,6.478400000000001e-05,-0.008,31.2
17793,6.4786e-05,0.0,31.2
17794,6.4788e-05,-0.008,31.2
17795,6.479000000000001e-05,-0.008,31.2
17796,6.4792e-05,-0.008,31.2
17797,6.4794e-05,0.0,31.2
17798,6.479600000000001e-05,-0.008,31.2
17799,6.4798e-05,0.0,31.2
17800,6.48e-05,-0.008,31.2
17801,6.480200000000001e-05,0.0,31.2
17802,6.4804e-05,-0.008,31.2
17803,6.4806e-05,0.0,31.2
17804,6.480800000000001e-05,-0.008,31.2
17805,6.481e-05,0.0,31.2
17806,6.4812e-05,-0.008,31.2
17807,6.4814e-05,-0.008,31.2
17808,6.4816e-05,-0.008,31.2
17809,6.4818e-05,0.0,31.2
17810,6.482e-05,-0.008,31.2
17811,6.482200000000001e-05,0.0,31.2
17812,6.4824e-05,-0.008,31.2
17813,6.4826e-05,0.0,31.2
17814,6.482800000000001e-05,-0.008,31.2
17815,6.483e-05,-0.008,31.2
17816,6.4832e-05,-0.008,31.2
17817,6.483400000000001e-05,0.0,31.2
17818,6.4836e-05,-0.008,31.2
17819,6.4838e-05,-0.008,31.2
17820,6.484000000000001e-05,-0.008,31.2
17821,6.4842e-05,0.0,31.2
17822,6.4844e-05,-0.008,31.2
17823,6.484600000000001e-05,0.0,31.2
17824,6.4848e-05,-0.008,31.2
17825,6.485e-05,0.0,31.2
17826,6.485200000000001e-05,-0.008,31.2
17827,6.4854e-05,-0.008,31.2
17828,6.4856e-05,-0.008,31.2
17829,6.485800000000001e-05,0.0,31.2
17830,6.486e-05,-0.008,31.2
17831,6.4862e-05,0.0,31.2
17832,6.486400000000001e-05,-0.008,31.2
17833,6.4866e-05,0.0,31.2
17834,6.4868e-05,-0.008,31.2
17835,6.487000000000001e-05,-0.008,31.2
17836,6.4872e-05,-0.008,31.2
17837,6.4874e-05,0.0,31.2
17838,6.487600000000001e-05,-0.008,31.2
17839,6.4878e-05,-0.008,31.2
17840,6.488e-05,-0.008,31.2
17841,6.4882e-05,0.0,31.2
17842,6.4884e-05,-0.008,31.2
17843,6.4886e-05,-0.008,31.2
17844,6.4888e-05,-0.008,31.2
17845,6.489000000000001e-05,0.0,31.2
17846,6.4892e-05,-0.008,31.2
17847,6.4894e-05,-0.008,31.2
17848,6.489600000000001e-05,-0.008,31.2
17849,6.4898e-05,0.0,31.2
17850,6.49e-05,-0.008,31.2
17851,6.490200000000001e-05,-0.008,31.2
17852,6.4904e-05,-0.008,31.2
17853,6.4906e-05,0.0,31.2
17854,6.490800000000001e-05,-0.008,31.2
17855,6.491e-05,-0.008,31.2
17856,6.4912e-05,-0.008,31.2
17857,6.491400000000001e-05,0.0,31.2
17858,6.4916e-05,-0.008,31.2
17859,6.4918e-05,-0.008,31.2
17860,6.492000000000001e-05,-0.008,31.2
17861,6.4922e-05,0.0,31.2
17862,6.4924e-05,-0.008,31.2
17863,6.492600000000001e-05,-0.008,31.2
17864,6.4928e-05,-0.008,31.2
17865,6.493e-05,0.0,31.2
17866,6.493200000000001e-05,-0.008,31.2
17867,6.4934e-05,-0.008,31.2
17868,6.4936e-05,-0.008,31.2
17869,6.493800000000001e-05,0.0,31.2
17870,6.494e-05,-0.008,31.2
17871,6.4942e-05,0.0,31.2
17872,6.494400000000001e-05,-0.008,31.2
17873,6.4946e-05,0.0,31.2
17874,6.4948e-05,-0.008,31.2
17875,6.495e-05,-0.008,31.2
17876,6.4952e-05,-0.008,31.2
17877,6.4954e-05,0.0,31.2
17878,6.4956e-05,-0.008,31.2
17879,6.495800000000001e-05,-0.008,31.2
17880,6.496e-05,-0.008,31.2
17881,6.4962e-05,0.0,31.2
17882,6.496400000000001e-05,-0.008,31.2
17883,6.4966e-05,-0.008,31.2
17884,6.4968e-05,-0.008,31.2
17885,6.497000000000001e-05,0.0,31.2
17886,6.4972e-05,-0.008,31.2
17887,6.4974e-05,0.0,31.2
17888,6.497600000000001e-05,-0.008,31.2
17889,6.4978e-05,0.0,31.2
17890,6.498e-05,-0.008,31.2
17891,6.498200000000001e-05,0.0,31.2
17892,6.4984e-05,-0.008,31.2
17893,6.4986e-05,0.0,31.2
17894,6.498800000000001e-05,-0.008,31.2
17895,6.499e-05,-0.008,31.2
17896,6.4992e-05,-0.008,31.2
17897,6.499400000000001e-05,0.0,31.2
17898,6.4996e-05,-0.008,31.2
17899,6.4998e-05,-0.008,31.2
17900,6.500000000000001e-05,-0.008,31.2
17901,6.5002e-05,0.0,31.2
17902,6.5004e-05,-0.008,31.2
17903,6.500600000000001e-05,0.0,31.2
17904,6.5008e-05,-0.008,31.2
17905,6.501e-05,0.0,31.2
17906,6.501200000000001e-05,0.0,31.2
17907,6.5014e-05,0.0,31.2
17908,6.5016e-05,-0.008,31.2
17909,6.5018e-05,0.0,31.2
17910,6.502e-05,-0.008,31.2
17911,6.5022e-05,-0.008,31.2
17912,6.5024e-05,-0.008,31.2
17913,6.5026e-05,0.0,31.2
17914,6.5028e-05,0.0,31.2
17915,6.503e-05,-0.008,31.2
17916,6.503200000000001e-05,-0.008,31.2
17917,6.5034e-05,0.0,31.2
17918,6.5036e-05,-0.008,31.2
17919,6.503800000000001e-05,0.0,31.2
17920,6.504e-05,-0.008,31.2
17921,6.5042e-05,0.0,31.2
17922,6.504400000000001e-05,0.0,31.2
17923,6.5046e-05,0.0,31.2
17924,6.5048e-05,-0.008,31.2
17925,6.505000000000001e-05,0.0,31.2
17926,6.5052e-05,-0.008,31.2
17927,6.5054e-05,0.0,31.2
17928,6.505600000000001e-05,-0.008,31.2
17929,6.5058e-05,0.0,31.2
17930,6.506e-05,-0.008,31.2
17931,6.506200000000001e-05,-0.008,31.2
17932,6.5064e-05,-0.008,31.2
17933,6.5066e-05,0.0,31.2
17934,6.506800000000001e-05,-0.008,31.2
17935,6.507e-05,0.0,31.2
17936,6.5072e-05,-0.008,31.2
17937,6.507400000000001e-05,0.0,31.2
17938,6.5076e-05,-0.008,31.2
17939,6.5078e-05,-0.008,31.2
17940,6.508000000000001e-05,-0.008,31.2
17941,6.5082e-05,0.0,31.2
17942,6.5084e-05,-0.008,31.2
17943,6.5086e-05,0.0,31.2
17944,6.5088e-05,-0.008,31.2
17945,6.509e-05,0.0,31.2
17946,6.5092e-05,-0.008,31.2
17947,6.5094e-05,-0.008,31.2
17948,6.5096e-05,-0.008,31.2
17949,6.5098e-05,0.0,31.2
17950,6.510000000000001e-05,-0.008,31.2
17951,6.5102e-05,-0.008,31.2
17952,6.5104e-05,-0.008,31.2
17953,6.510600000000001e-05,0.0,31.2
17954,6.5108e-05,-0.008,31.2
17955,6.511e-05,0.0,31.2
17956,6.511200000000001e-05,-0.008,31.2
17957,6.5114e-05,0.0,31.2
17958,6.5116e-05,-0.008,31.2
17959,6.511800000000001e-05,0.0,31.2
17960,6.512e-05,-0.008,31.2
17961,6.5122e-05,0.0,31.2
17962,6.512400000000001e-05,-0.008,31.2
17963,6.5126e-05,-0.008,31.2
17964,6.5128e-05,-0.008,31.2
17965,6.513000000000001e-05,0.0,31.2
17966,6.5132e-05,-0.008,31.2
17967,6.5134e-05,0.0,31.2
17968,6.513600000000001e-05,-0.008,31.2
17969,6.5138e-05,0.0,31.2
17970,6.514e-05,-0.008,31.2
17971,6.514200000000001e-05,-0.008,31.2
17972,6.5144e-05,-0.008,31.2
17973,6.5146e-05,0.0,31.2
17974,6.514800000000001e-05,-0.008,31.2
17975,6.515e-05,0.0,31.2
17976,6.5152e-05,-0.008,31.2
17977,6.5154e-05,0.0,31.2
17978,6.5156e-05,-0.008,31.2
17979,6.5158e-05,0.0,31.2
17980,6.516e-05,-0.008,31.2
17981,6.5162e-05,0.0,31.2
17982,6.5164e-05,-0.008,31.2
17983,6.5166e-05,-0.008,31.2
17984,6.516800000000001e-05,-0.008,31.2
17985,6.517e-05,0.0,31.2
17986,6.5172e-05,-0.008,31.2
17987,6.517400000000001e-05,0.0,31.2
17988,6.5176e-05,-0.008,31.2
17989,6.5178e-05,0.0,31.2
17990,6.518000000000001e-05,-0.008,31.2
17991,6.5182e-05,0.0,31.2
17992,6.5184e-05,-0.008,31.2
17993,6.518600000000001e-05,0.0,31.2
17994,6.5188e-05,0.0,31.2
17995,6.519e-05,-0.008,31.2
17996,6.519200000000001e-05,-0.008,31.2
17997,6.5194e-05,0.0,31.2
17998,6.5196e-05,-0.008,31.2
17999,6.519800000000001e-05,0.0,31.2
18000,6.52e-05,-0.008,31.2
18001,6.5202e-05,0.0,31.2
18002,6.520400000000001e-05,-0.008,31.2
18003,6.5206e-05,0.0,31.2
18004,6.5208e-05,-0.008,31.2
18005,6.521000000000001e-05,0.0,31.2
18006,6.5212e-05,-0.008,31.2
18007,6.5214e-05,-0.008,31.2
18008,6.521600000000001e-05,-0.008,31.2
18009,6.5218e-05,0.0,31.2
18010,6.522e-05,-0.008,31.2
18011,6.5222e-05,-0.008,31.2
18012,6.5224e-05,-0.008,31.2
18013,6.5226e-05,0.0,31.2
18014,6.5228e-05,-0.008,31.2
18015,6.523e-05,0.0,31.2
18016,6.5232e-05,-0.008,31.2
18017,6.5234e-05,0.0,31.2
18018,6.523600000000001e-05,-0.008,31.2
18019,6.5238e-05,-0.008,31.2
18020,6.524e-05,-0.008,31.2
18021,6.524200000000001e-05,0.0,31.2
18022,6.5244e-05,-0.008,31.2
18023,6.5246e-05,0.0,31.2
18024,6.524800000000001e-05,-0.008,31.2
18025,6.525e-05,0.0,31.2
18026,6.5252e-05,-0.008,31.2
18027,6.525400000000001e-05,-0.008,31.2
18028,6.5256e-05,-0.008,31.2
18029,6.5258e-05,0.0,31.2
18030,6.526000000000001e-05,-0.008,31.2
18031,6.5262e-05,0.0,31.2
18032,6.5264e-05,-0.008,31.2
18033,6.526600000000001e-05,0.0,31.2
18034,6.5268e-05,0.0,31.2
18035,6.527e-05,-0.008,31.2
18036,6.527200000000001e-05,-0.008,31.2
18037,6.5274e-05,0.0,31.2
18038,6.5276e-05,-0.008,31.2
18039,6.527800000000001e-05,0.0,31.2
18040,6.528e-05,-0.008,31.2
18041,6.5282e-05,0.0,31.2
18042,6.528400000000001e-05,-0.008,31.2
18043,6.5286e-05,-0.008,31.2
18044,6.5288e-05,-0.008,31.2
18045,6.529e-05,0.0,31.2
18046,6.5292e-05,-0.008,31.2
18047,6.5294e-05,0.0,31.2
18048,6.5296e-05,-0.008,31.2
18049,6.5298e-05,0.0,31.2
18050,6.53e-05,-0.008,31.2
18051,6.5302e-05,0.0,31.2
18052,6.530400000000001e-05,-0.008,31.2
18053,6.5306e-05,0.0,31.2
18054,6.5308e-05,-0.008,31.2
18055,6.531000000000001e-05,0.0,31.2
18056,6.5312e-05,-0.008,31.2
18057,6.5314e-05,0.0,31.2
18058,6.531600000000001e-05,-0.008,31.2
18059,6.5318e-05,0.0,31.2
18060,6.532e-05,-0.008,31.2
18061,6.532200000000001e-05,0.0,31.2
18062,6.5324e-05,-0.008,31.2
18063,6.5326e-05,-0.008,31.2
18064,6.532800000000001e-05,-0.008,31.2
18065,6.533e-05,0.0,31.2
18066,6.5332e-05,0.0,31.2
18067,6.533400000000001e-05,-0.008,31.2
18068,6.5336e-05,-0.008,31.2
18069,6.5338e-05,0.0,31.2
18070,6.534000000000001e-05,-0.008,31.2
18071,6.5342e-05,0.0,31.2
18072,6.5344e-05,-0.008,31.2
18073,6.534600000000001e-05,0.0,31.2
18074,6.5348e-05,0.0,31.2
18075,6.535e-05,-0.008,31.2
18076,6.535200000000001e-05,-0.008,31.2
18077,6.5354e-05,0.0,31.2
18078,6.5356e-05,-0.008,31.2
18079,6.535800000000001e-05,0.0,31.2
18080,6.536e-05,-0.008,31.2
18081,6.5362e-05,0.0,31.2
18082,6.5364e-05,-0.008,31.2
18083,6.5366e-05,-0.008,31.2
18084,6.5368e-05,-0.008,31.2
18085,6.537e-05,0.0,31.2
18086,6.537200000000001e-05,-0.008,31.2
18087,6.5374e-05,0.0,31.2
18088,6.5376e-05,-0.008,31.2
18089,6.537800000000001e-05,0.0,31.2
18090,6.538e-05,-0.008,31.2
18091,6.5382e-05,-0.008,31.2
18092,6.538400000000001e-05,-0.008,31.2
18093,6.5386e-05,0.0,31.2
18094,6.5388e-05,-0.008,31.2
18095,6.539000000000001e-05,-0.008,31.2
18096,6.5392e-05,-0.008,31.2
18097,6.5394e-05,0.0,31.2
18098,6.539600000000001e-05,-0.008,31.2
18099,6.5398e-05,0.0,31.2
18100,6.54e-05,-0.008,31.2
18101,6.540200000000001e-05,0.0,31.2
18102,6.5404e-05,0.0,31.2
18103,6.5406e-05,-0.008,31.2
18104,6.540800000000001e-05,-0.008,31.2
18105,6.541e-05,0.0,31.2
18106,6.5412e-05,-0.008,31.2
18107,6.541400000000001e-05,0.0,31.2
18108,6.5416e-05,-0.008,31.2
18109,6.5418e-05,0.0,31.2
18110,6.542000000000001e-05,-0.008,31.2
18111,6.5422e-05,-0.008,31.2
18112,6.5424e-05,-0.008,31.2
18113,6.542600000000001e-05,0.0,31.2
18114,6.5428e-05,0.0,31.2
18115,6.543e-05,0.0,31.2
18116,6.5432e-05,-0.008,31.2
18117,6.5434e-05,0.0,31.2
18118,6.5436e-05,-0.008,31.2
18119,6.5438e-05,-0.008,31.2
18120,6.544000000000001e-05,-0.008,31.2
18121,6.5442e-05,0.0,31.2
18122,6.5444e-05,-0.008,31.2
18123,6.544600000000001e-05,0.0,31.2
18124,6.5448e-05,-0.008,31.2
18125,6.545e-05,0.0,31.2
18126,6.545200000000001e-05,-0.008,31.2
18127,6.5454e-05,0.0,31.2
18128,6.5456e-05,-0.008,31.2
18129,6.545800000000001e-05,0.0,31.2
18130,6.546e-05,-0.008,31.2
18131,6.5462e-05,0.0,31.2
18132,6.546400000000001e-05,-0.008,31.2
18133,6.5466e-05,0.0,31.2
18134,6.5468e-05,-0.008,31.2
18135,6.547000000000001e-05,0.0,31.2
18136,6.5472e-05,-0.008,31.2
18137,6.5474e-05,0.0,31.2
18138,6.547600000000001e-05,0.0,31.2
18139,6.5478e-05,0.0,31.2
18140,6.548e-05,-0.008,31.2
18141,6.548200000000001e-05,0.0,31.2
18142,6.5484e-05,-0.008,31.2
18143,6.5486e-05,0.0,31.2
18144,6.548800000000001e-05,-0.008,31.2
18145,6.549e-05,0.0,31.2
18146,6.5492e-05,-0.008,31.2
18147,6.549400000000001e-05,0.0,31.2
18148,6.5496e-05,-0.008,31.2
18149,6.5498e-05,0.0,31.2
18150,6.55e-05,-0.008,31.2
18151,6.5502e-05,0.0,31.2
18152,6.5504e-05,-0.008,31.2
18153,6.5506e-05,0.0,31.2
18154,6.550800000000001e-05,-0.008,31.2
18155,6.551e-05,-0.008,31.2
18156,6.5512e-05,-0.008,31.2
18157,6.551400000000001e-05,0.0,31.2
18158,6.5516e-05,-0.008,31.2
18159,6.5518e-05,0.0,31.2
18160,6.552000000000001e-05,-0.008,31.2
18161,6.5522e-05,0.0,31.2
18162,6.5524e-05,-0.008,31.2
18163,6.552600000000001e-05,-0.008,31.2
18164,6.5528e-05,-0.008,31.2
18165,6.553e-05,0.0,31.2
18166,6.553200000000001e-05,-0.008,31.2
18167,6.5534e-05,0.0,31.2
18168,6.5536e-05,-0.008,31.2
18169,6.553800000000001e-05,0.0,31.2
18170,6.554e-05,-0.008,31.2
18171,6.5542e-05,0.0,31.2
18172,6.554400000000001e-05,-0.008,31.2
18173,6.5546e-05,0.0,31.2
18174,6.5548e-05,-0.008,31.2
18175,6.555000000000001e-05,0.0,31.2
18176,6.5552e-05,-0.008,31.2
18177,6.5554e-05,0.0,31.2
18178,6.555600000000001e-05,0.0,31.2
18179,6.5558e-05,0.0,31.2
18180,6.556e-05,-0.008,31.2
18181,6.556200000000001e-05,0.0,31.2
18182,6.5564e-05,-0.008,31.2
18183,6.5566e-05,0.0,31.2
18184,6.5568e-05,-0.008,31.2
18185,6.557e-05,0.0,31.2
18186,6.5572e-05,-0.008,31.2
18187,6.5574e-05,-0.008,31.2
18188,6.557600000000001e-05,-0.008,31.2
18189,6.5578e-05,0.0,31.2
18190,6.558e-05,-0.008,31.2
18191,6.558200000000001e-05,-0.008,31.2
18192,6.5584e-05,-0.008,31.2
18193,6.5586e-05,0.0,31.2
18194,6.558800000000001e-05,0.0,31.2
18195,6.559e-05,-0.008,31.2
18196,6.5592e-05,-0.008,31.2
18197,6.559400000000001e-05,0.0,31.2
18198,6.5596e-05,-0.008,31.2
18199,6.5598e-05,0.0,31.2
18200,6.560000000000001e-05,-0.008,31.2
18201,6.5602e-05,0.0,31.2
18202,6.5604e-05,-0.008,31.2
18203,6.560600000000001e-05,-0.008,31.2
18204,6.5608e-05,-0.008,31.2
18205,6.561e-05,0.0,31.2
18206,6.561200000000001e-05,-0.008,31.2
18207,6.5614e-05,-0.008,31.2
18208,6.5616e-05,-0.008,31.2
18209,6.561800000000001e-05,0.0,31.2
18210,6.562e-05,-0.008,31.2
18211,6.5622e-05,-0.008,31.2
18212,6.562400000000001e-05,-0.008,31.2
18213,6.5626e-05,0.0,31.2
18214,6.5628e-05,-0.008,31.2
18215,6.563000000000001e-05,-0.008,31.2
18216,6.5632e-05,-0.008,31.2
18217,6.5634e-05,0.0,31.2
18218,6.5636e-05,0.0,31.2
18219,6.5638e-05,0.0,31.2
18220,6.564e-05,-0.008,31.2
18221,6.5642e-05,0.0,31.2
18222,6.564400000000001e-05,-0.008,31.2
18223,6.5646e-05,0.0,31.2
18224,6.5648e-05,-0.008,31.2
18225,6.565000000000001e-05,0.0,31.2
18226,6.5652e-05,0.0,31.2
18227,6.5654e-05,0.0,31.2
18228,6.565600000000001e-05,-0.008,31.2
18229,6.5658e-05,0.0,31.2
18230,6.566e-05,-0.008,31.2
18231,6.566200000000001e-05,0.0,31.2
18232,6.5664e-05,-0.008,31.2
18233,6.5666e-05,0.0,31.2
18234,6.566800000000001e-05,-0.008,31.2
18235,6.567e-05,-0.008,31.2
18236,6.5672e-05,-0.008,31.2
18237,6.567400000000001e-05,0.0,31.2
18238,6.5676e-05,-0.008,31.2
18239,6.5678e-05,-0.008,31.2
18240,6.568000000000001e-05,-0.008,31.2
18241,6.5682e-05,0.0,31.2
18242,6.5684e-05,0.0,31.2
18243,6.568600000000001e-05,0.0,31.2
18244,6.5688e-05,-0.008,31.2
18245,6.569e-05,0.0,31.2
18246,6.569200000000001e-05,-0.008,31.2
18247,6.5694e-05,0.0,31.2
18248,6.5696e-05,-0.008,31.2
18249,6.569800000000001e-05,0.0,31.2
18250,6.57e-05,-0.008,31.2
18251,6.5702e-05,0.0,31.2
18252,6.5704e-05,-0.008,31.2
18253,6.5706e-05,0.0,31.2
18254,6.5708e-05,-0.008,31.2
18255,6.571e-05,-0.008,31.2
18256,6.571200000000001e-05,-0.008,31.2
18257,6.5714e-05,0.0,31.2
18258,6.5716e-05,-0.008,31.2
18259,6.571800000000001e-05,0.0,31.2
18260,6.572e-05,-0.008,31.2
18261,6.5722e-05,0.0,31.2
18262,6.572400000000001e-05,-0.008,31.2
18263,6.5726e-05,0.0,31.2
18264,6.5728e-05,-0.008,31.2
18265,6.573000000000001e-05,0.0,31.2
18266,6.5732e-05,-0.008,31.2
18267,6.5734e-05,-0.008,31.2
18268,6.573600000000001e-05,-0.008,31.2
18269,6.5738e-05,0.0,31.2
18270,6.574e-05,-0.008,31.2
18271,6.574200000000001e-05,-0.008,31.2
18272,6.5744e-05,-0.008,31.2
18273,6.5746e-05,0.0,31.2
18274,6.574800000000001e-05,-0.008,31.2
18275,6.575e-05,0.0,31.2
18276,6.5752e-05,-0.008,31.2
18277,6.575400000000001e-05,0.0,31.2
18278,6.5756e-05,-0.008,31.2
18279,6.5758e-05,0.0,31.2
18280,6.576000000000001e-05,-0.008,31.2
18281,6.5762e-05,0.0,31.2
18282,6.5764e-05,-0.008,31.2
18283,6.576600000000001e-05,0.0,31.2
18284,6.5768e-05,-0.008,31.2
18285,6.577e-05,0.0,31.2
18286,6.5772e-05,-0.008,31.2
18287,6.5774e-05,-0.008,31.2
18288,6.5776e-05,-0.008,31.2
18289,6.5778e-05,0.0,31.2
18290,6.578000000000001e-05,-0.008,31.2
18291,6.5782e-05,-0.008,31.2
18292,6.5784e-05,-0.008,31.2
18293,6.578600000000001e-05,0.0,31.2
18294,6.5788e-05,0.0,31.2
18295,6.579e-05,-0.008,31.2
18296,6.579200000000001e-05,-0.008,31.2
18297,6.5794e-05,0.0,31.2
18298,6.5796e-05,0.0,31.2
18299,6.579800000000001e-05,0.0,31.2
18300,6.58e-05,-0.008,31.2
18301,6.5802e-05,0.0,31.2
18302,6.580400000000001e-05,-0.008,31.2
18303,6.5806e-05,-0.008,31.2
18304,6.5808e-05,-0.008,31.2
18305,6.581000000000001e-05,0.0,31.2
18306,6.5812e-05,-0.008,31.2
18307,6.5814e-05,0.0,31.2
18308,6.581600000000001e-05,-0.008,31.2
18309,6.5818e-05,0.0,31.2
18310,6.582e-05,-0.008,31.2
18311,6.582200000000001e-05,0.0,31.2
18312,6.5824e-05,-0.008,31.2
18313,6.5826e-05,0.0,31.2
18314,6.582800000000001e-05,-0.008,31.2
18315,6.583e-05,-0.008,31.2
18316,6.5832e-05,-0.008,31.2
18317,6.583400000000001e-05,0.0,31.2
18318,6.5836e-05,-0.008,31.2
18319,6.5838e-05,0.0,31.2
18320,6.584e-05,-0.008,31.2
18321,6.5842e-05,0.0,31.2
18322,6.5844e-05,-0.008,31.2
18323,6.5846e-05,0.0,31.2
18324,6.584800000000001e-05,-0.008,31.2
18325,6.585e-05,0.0,31.2
18326,6.5852e-05,-0.008,31.2
18327,6.585400000000001e-05,-0.008,31.2
18328,6.5856e-05,-0.008,31.2
18329,6.5858e-05,0.0,31.2
18330,6.586000000000001e-05,-0.008,31.2
18331,6.5862e-05,0.0,31.2
18332,6.5864e-05,-0.008,31.2
18333,6.586600000000001e-05,0.0,31.2
18334,6.5868e-05,-0.008,31.2
18335,6.587e-05,-0.008,31.2
18336,6.587200000000001e-05,-0.008,31.2
18337,6.5874e-05,0.0,31.2
18338,6.5876e-05,-0.008,31.2
18339,6.587800000000001e-05,-0.008,31.2
18340,6.588e-05,-0.008,31.2
18341,6.5882e-05,0.0,31.2
18342,6.588400000000001e-05,-0.008,31.2
18343,6.5886e-05,-0.008,31.2
18344,6.5888e-05,-0.008,31.2
18345,6.589000000000001e-05,0.0,31.2
18346,6.5892e-05,0.0,31.2
18347,6.5894e-05,0.0,31.2
18348,6.589600000000001e-05,-0.008,31.2
18349,6.5898e-05,0.0,31.2
18350,6.59e-05,-0.008,31.2
18351,6.590200000000001e-05,0.0,31.2
18352,6.5904e-05,-0.008,31.2
18353,6.5906e-05,0.0,31.2
18354,6.5908e-05,-0.008,31.2
18355,6.591e-05,-0.008,31.2
18356,6.5912e-05,-0.008,31.2
18357,6.5914e-05,0.0,31.2
18358,6.591600000000001e-05,-0.008,31.2
18359,6.5918e-05,0.0,31.2
18360,6.592e-05,-0.008,31.2
18361,6.592200000000001e-05,0.0,31.2
18362,6.5924e-05,-0.008,31.2
18363,6.5926e-05,0.0,31.2
18364,6.592800000000001e-05,-0.008,31.2
18365,6.593e-05,0.0,31.2
18366,6.5932e-05,-0.008,31.2
18367,6.593400000000001e-05,-0.008,31.2
18368,6.5936e-05,-0.008,31.2
18369,6.5938e-05,0.0,31.2
18370,6.594000000000001e-05,0.0,31.2
18371,6.5942e-05,0.0,31.2
18372,6.5944e-05,-0.008,31.2
18373,6.594600000000001e-05,0.0,31.2
18374,6.5948e-05,-0.008,31.2
18375,6.595e-05,0.0,31.2
18376,6.595200000000001e-05,-0.008,31.2
18377,6.5954e-05,0.0,31.2
18378,6.5956e-05,0.0,31.2
18379,6.595800000000001e-05,0.0,31.2
18380,6.596e-05,-0.008,31.2
18381,6.5962e-05,0.0,31.2
18382,6.596400000000001e-05,-0.008,31.2
18383,6.5966e-05,0.0,31.2
18384,6.5968e-05,-0.008,31.2
18385,6.597000000000001e-05,0.0,31.2
18386,6.5972e-05,0.0,31.2
18387,6.5974e-05,0.0,31.2
18388,6.5976e-05,-0.008,31.2
18389,6.5978e-05,0.0,31.2
18390,6.598e-05,-0.008,31.2
18391,6.5982e-05,0.0,31.2
18392,6.598400000000001e-05,-0.008,31.2
18393,6.5986e-05,0.0,31.2
18394,6.5988e-05,-0.008,31.2
18395,6.599000000000001e-05,0.0,31.2
18396,6.5992e-05,0.0,31.2
18397,6.5994e-05,0.0,31.2
18398,6.599600000000001e-05,-0.008,31.2
18399,6.5998e-05,0.0,31.2
18400,6.6e-05,-0.008,31.2
18401,6.600200000000001e-05,0.0,31.2
18402,6.6004e-05,0.0,31.2
18403,6.6006e-05,-0.008,31.2
18404,6.600800000000001e-05,-0.008,31.2
18405,6.601e-05,0.0,31.2
18406,6.6012e-05,0.0,31.2
18407,6.601400000000001e-05,-0.008,31.2
18408,6.6016e-05,-0.008,31.2
18409,6.6018e-05,0.0,31.2
18410,6.602000000000001e-05,-0.008,31.2
18411,6.6022e-05,0.0,31.2
18412,6.6024e-05,-0.008,31.2
18413,6.602600000000001e-05,0.0,31.2
18414,6.6028e-05,-0.008,31.2
18415,6.603e-05,0.0,31.2
18416,6.603200000000001e-05,-0.008,31.2
18417,6.6034e-05,0.0,31.2
18418,6.6036e-05,0.0,31.2
18419,6.603800000000001e-05,-0.008,31.2
18420,6.604e-05,-0.008,31.2
18421,6.6042e-05,0.0,31.2
18422,6.6044e-05,-0.008,31.2
18423,6.6046e-05,-0.008,31.2
18424,6.6048e-05,-0.008,31.2
18425,6.605e-05,0.0,31.2
18426,6.605200000000001e-05,0.0,31.2
18427,6.6054e-05,0.0,31.2
18428,6.6056e-05,-0.008,31.2
18429,6.605800000000001e-05,0.0,31.2
18430,6.606e-05,-0.008,31.2
18431,6.6062e-05,0.0,31.2
18432,6.606400000000001e-05,-0.008,31.2
18433,6.6066e-05,0.0,31.2
18434,6.6068e-05,0.0,31.2
18435,6.607000000000001e-05,-0.008,31.2
18436,6.6072e-05,-0.008,31.2
18437,6.6074e-05,0.0,31.2
18438,6.607600000000001e-05,-0.008,31.2
18439,6.6078e-05,0.0,31.2
18440,6.608e-05,-0.008,31.2
18441,6.608200000000001e-05,0.0,31.2
18442,6.6084e-05,0.0,31.2
18443,6.6086e-05,0.0,31.2
18444,6.608800000000001e-05,-0.008,31.2
18445,6.609e-05,0.0,31.2
18446,6.6092e-05,0.0,31.2
18447,6.609400000000001e-05,0.0,31.2
18448,6.6096e-05,-0.008,31.2
18449,6.6098e-05,0.0,31.2
18450,6.610000000000001e-05,-0.008,31.2
18451,6.6102e-05,0.0,31.2
18452,6.6104e-05,-0.008,31.2
18453,6.610600000000001e-05,0.0,31.2
18454,6.6108e-05,-0.008,31.2
18455,6.611e-05,0.0,31.2
18456,6.6112e-05,-0.008,31.2
18457,6.6114e-05,0.0,31.2
18458,6.6116e-05,0.0,31.2
18459,6.6118e-05,-0.008,31.2
18460,6.612000000000001e-05,-0.008,31.2
18461,6.6122e-05,0.0,31.2
18462,6.6124e-05,-0.008,31.2
18463,6.612600000000001e-05,0.0,31.2
18464,6.6128e-05,-0.008,31.2
18465,6.613e-05,0.0,31.2
18466,6.613200000000001e-05,0.0,31.2
18467,6.6134e-05,-0.008,31.2
18468,6.6136e-05,-0.008,31.2
18469,6.613800000000001e-05,0.0,31.2
18470,6.614e-05,-0.008,31.2
18471,6.6142e-05,0.0,31.2
18472,6.614400000000001e-05,-0.008,31.2
18473,6.6146e-05,0.0,31.2
18474,6.6148e-05,0.0,31.2
18475,6.615000000000001e-05,0.0,31.2
18476,6.6152e-05,-0.008,31.2
18477,6.6154e-05,0.0,31.2
18478,6.615600000000001e-05,-0.008,31.2
18479,6.6158e-05,-0.008,31.2
18480,6.616e-05,-0.008,31.2
18481,6.616200000000001e-05,0.0,31.2
18482,6.6164e-05,-0.008,31.2
18483,6.6166e-05,0.0,31.2
18484,6.616800000000001e-05,0.0,31.2
18485,6.617e-05,0.0,31.2
18486,6.6172e-05,-0.008,31.2
18487,6.617400000000001e-05,0.0,31.2
18488,6.6176e-05,-0.008,31.2
18489,6.6178e-05,0.0,31.2
18490,6.618e-05,-0.008,31.2
18491,6.6182e-05,0.0,31.2
18492,6.6184e-05,-0.008,31.2
18493,6.6186e-05,0.0,31.2
18494,6.618800000000001e-05,-0.008,31.2
18495,6.619e-05,-0.008,31.2
18496,6.6192e-05,-0.008,31.2
18497,6.619400000000001e-05,0.0,31.2
18498,6.6196e-05,0.0,31.2
18499,6.6198e-05,-0.008,31.2
18500,6.620000000000001e-05,-0.008,31.2
18501,6.6202e-05,0.0,31.2
18502,6.6204e-05,0.0,31.2
18503,6.620600000000001e-05,-0.008,31.2
18504,6.6208e-05,0.0,31.2
18505,6.621e-05,0.0,31.2
18506,6.621200000000001e-05,0.0,31.2
18507,6.6214e-05,0.0,31.2
18508,6.6216e-05,-0.008,31.2
18509,6.621800000000001e-05,0.0,31.2
18510,6.622e-05,-0.008,31.2
18511,6.6222e-05,-0.008,31.2
18512,6.622400000000001e-05,-0.008,31.2
18513,6.6226e-05,0.0,31.2
18514,6.6228e-05,0.0,31.2
18515,6.623000000000001e-05,0.0,31.2
18516,6.6232e-05,-0.008,31.2
18517,6.6234e-05,0.0,31.2
18518,6.623600000000001e-05,-0.008,31.2
18519,6.6238e-05,0.0,31.2
18520,6.624e-05,-0.008,31.2
18521,6.624200000000001e-05,0.0,31.2
18522,6.6244e-05,0.0,31.2
18523,6.6246e-05,-0.008,31.2
18524,6.6248e-05,-0.008,31.2
18525,6.625e-05,0.0,31.2
18526,6.6252e-05,-0.008,31.2
18527,6.6254e-05,0.0,31.2
18528,6.6256e-05,-0.008,31.2
18529,6.6258e-05,0.0,31.2
18530,6.626e-05,-0.008,31.2
18531,6.626200000000001e-05,-0.008,31.2
18532,6.6264e-05,-0.008,31.2
18533,6.6266e-05,0.0,31.2
18534,6.626800000000001e-05,0.0,31.2
18535,6.627e-05,0.0,31.2
18536,6.6272e-05,-0.008,31.2
18537,6.627400000000001e-05,0.0,31.2
18538,6.6276e-05,0.0,31.2
18539,6.6278e-05,0.0,31.2
18540,6.628000000000001e-05,-0.008,31.2
18541,6.6282e-05,0.0,31.2
18542,6.6284e-05,-0.008,31.2
18543,6.628600000000001e-05,0.0,31.2
18544,6.6288e-05,-0.008,31.2
18545,6.629e-05,0.0,31.2
18546,6.629200000000001e-05,-0.008,31.2
18547,6.6294e-05,0.0,31.2
18548,6.6296e-05,-0.008,31.2
18549,6.629800000000001e-05,0.0,31.2
18550,6.63e-05,-0.008,31.2
18551,6.6302e-05,0.0,31.2
18552,6.630400000000001e-05,-0.008,31.2
18553,6.6306e-05,0.0,31.2
18554,6.6308e-05,0.0,31.2
18555,6.631000000000001e-05,0.0,31.2
18556,6.6312e-05,-0.008,31.2
18557,6.6314e-05,0.0,31.2
18558,6.631600000000001e-05,-0.008,31.2
18559,6.6318e-05,0.0,31.2
18560,6.632e-05,-0.008,31.2
18561,6.6322e-05,0.0,31.2
18562,6.6324e-05,0.0,31.2
18563,6.6326e-05,-0.008,31.2
18564,6.6328e-05,-0.008,31.2
18565,6.633000000000001e-05,0.0,31.2
18566,6.6332e-05,-0.008,31.2
18567,6.6334e-05,-0.008,31.2
18568,6.633600000000001e-05,-0.008,31.2
18569,6.6338e-05,0.0,31.2
18570,6.634e-05,0.0,31.2
18571,6.634200000000001e-05,0.0,31.2
18572,6.6344e-05,-0.008,31.2
18573,6.6346e-05,0.0,31.2
18574,6.634800000000001e-05,-0.008,31.2
18575,6.635e-05,0.0,31.2
18576,6.6352e-05,-0.008,31.2
18577,6.635400000000001e-05,0.0,31.2
18578,6.6356e-05,-0.008,31.2
18579,6.6358e-05,0.0,31.2
18580,6.636000000000001e-05,-0.008,31.2
18581,6.6362e-05,0.0,31.2
18582,6.6364e-05,-0.008,31.2
18583,6.636600000000001e-05,-0.008,31.2
18584,6.6368e-05,-0.008,31.2
18585,6.637e-05,0.0,31.2
18586,6.637200000000001e-05,0.0,31.2
18587,6.6374e-05,0.0,31.2
18588,6.6376e-05,-0.008,31.2
18589,6.637800000000001e-05,0.0,31.2
18590,6.638e-05,-0.008,31.2
18591,6.6382e-05,0.0,31.2
18592,6.638400000000001e-05,-0.008,31.2
18593,6.6386e-05,0.0,31.2
18594,6.6388e-05,0.0,31.2
18595,6.639e-05,0.0,31.2
18596,6.6392e-05,-0.008,31.2
18597,6.6394e-05,0.0,31.2
18598,6.6396e-05,-0.008,31.2
18599,6.639800000000001e-05,0.0,31.2
18600,6.64e-05,-0.008,31.2
18601,6.6402e-05,0.0,31.2
18602,6.640400000000001e-05,-0.008,31.2
18603,6.6406e-05,0.0,31.2
18604,6.6408e-05,-0.008,31.2
18605,6.641000000000001e-05,0.0,31.2
18606,6.6412e-05,-0.008,31.2
18607,6.6414e-05,0.0,31.2
18608,6.641600000000001e-05,-0.008,31.2
18609,6.6418e-05,0.0,31.2
18610,6.642e-05,-0.008,31.2
18611,6.642200000000001e-05,-0.008,31.2
18612,6.6424e-05,-0.008,31.2
18613,6.6426e-05,0.0,31.2
18614,6.642800000000001e-05,-0.008,31.2
18615,6.643e-05,0.0,31.2
18616,6.6432e-05,-0.008,31.2
18617,6.643400000000001e-05,0.0,31.2
18618,6.6436e-05,0.0,31.2
18619,6.6438e-05,0.0,31.2
18620,6.644000000000001e-05,-0.008,31.2
18621,6.6442e-05,0.0,31.2
18622,6.6444e-05,-0.008,31.2
18623,6.644600000000001e-05,0.0,31.2
18624,6.6448e-05,-0.008,31.2
18625,6.645e-05,0.0,31.2
18626,6.645200000000001e-05,-0.008,31.2
18627,6.6454e-05,-0.008,31.2
18628,6.6456e-05,-0.008,31.2
18629,6.6458e-05,0.0,31.2
18630,6.646e-05,0.0,31.2
18631,6.6462e-05,0.0,31.2
18632,6.6464e-05,-0.008,31.2
18633,6.646600000000001e-05,0.0,31.2
18634,6.6468e-05,0.0,31.2
18635,6.647e-05,-0.008,31.2
18636,6.647200000000001e-05,-0.008,31.2
18637,6.6474e-05,0.0,31.2
18638,6.6476e-05,-0.008,31.2
18639,6.647800000000001e-05,0.0,31.2
18640,6.648e-05,-0.008,31.2
18641,6.6482e-05,0.0,31.2
18642,6.648400000000001e-05,0.0,31.2
18643,6.6486e-05,-0.008,31.2
18644,6.6488e-05,-0.008,31.2
18645,6.649000000000001e-05,0.0,31.2
18646,6.6492e-05,-0.008,31.2
18647,6.6494e-05,-0.008,31.2
18648,6.649600000000001e-05,-0.008,31.2
18649,6.6498e-05,0.0,31.2
18650,6.65e-05,0.0,31.2
18651,6.650200000000001e-05,0.0,31.2
18652,6.6504e-05,-0.008,31.2
18653,6.6506e-05,0.0,31.2
18654,6.650800000000001e-05,-0.008,31.2
18655,6.651e-05,0.0,31.2
18656,6.6512e-05,-0.008,31.2
18657,6.651400000000001e-05,0.0,31.2
18658,6.6516e-05,0.0,31.2
18659,6.6518e-05,0.0,31.2
18660,6.652000000000001e-05,-0.008,31.2
18661,6.6522e-05,0.0,31.2
18662,6.6524e-05,-0.008,31.2
18663,6.6526e-05,-0.008,31.2
18664,6.6528e-05,-0.008,31.2
18665,6.653e-05,0.0,31.2
18666,6.6532e-05,-0.008,31.2
18667,6.653400000000001e-05,0.0,31.2
18668,6.6536e-05,0.0,31.2
18669,6.6538e-05,0.0,31.2
18670,6.654000000000001e-05,-0.008,31.2
18671,6.6542e-05,0.0,31.2
18672,6.6544e-05,-0.008,31.2
18673,6.654600000000001e-05,0.0,31.2
18674,6.6548e-05,0.0,31.2
18675,6.655e-05,-0.008,31.2
18676,6.655200000000001e-05,-0.008,31.2
18677,6.6554e-05,0.0,31.2
18678,6.6556e-05,-0.008,31.2
18679,6.655800000000001e-05,0.0,31.2
18680,6.656e-05,-0.008,31.2
18681,6.6562e-05,0.0,31.2
18682,6.656400000000001e-05,0.0,31.2
18683,6.6566e-05,-0.008,31.2
18684,6.6568e-05,-0.008,31.2
18685,6.657000000000001e-05,0.0,31.2
18686,6.6572e-05,-0.008,31.2
18687,6.6574e-05,0.0,31.2
18688,6.657600000000001e-05,0.0,31.2
18689,6.6578e-05,0.0,31.2
18690,6.658e-05,0.0,31.2
18691,6.658200000000001e-05,0.0,31.2
18692,6.6584e-05,-0.008,31.2
18693,6.6586e-05,0.0,31.2
18694,6.658800000000001e-05,-0.008,31.2
18695,6.659e-05,-0.008,31.2
18696,6.6592e-05,-0.008,31.2
18697,6.6594e-05,0.0,31.2
18698,6.6596e-05,-0.008,31.2
18699,6.6598e-05,0.0,31.2
18700,6.66e-05,-0.008,31.2
18701,6.660200000000001e-05,0.0,31.2
18702,6.6604e-05,-0.008,31.2
18703,6.6606e-05,-0.008,31.2
18704,6.660800000000001e-05,-0.008,31.2
18705,6.661e-05,0.0,31.2
18706,6.6612e-05,-0.008,31.2
18707,6.661400000000001e-05,0.0,31.2
18708,6.6616e-05,-0.008,31.2
18709,6.6618e-05,0.0,31.2
18710,6.662000000000001e-05,-0.008,31.2
18711,6.6622e-05,-0.008,31.2
18712,6.6624e-05,-0.008,31.2
18713,6.662600000000001e-05,0.0,31.2
18714,6.6628e-05,0.0,31.2
18715,6.663e-05,0.0,31.2
18716,6.663200000000001e-05,-0.008,31.2
18717,6.6634e-05,0.0,31.2
18718,6.6636e-05,-0.008,31.2
18719,6.663800000000001e-05,0.0,31.2
18720,6.664e-05,-0.008,31.2
18721,6.6642e-05,0.0,31.2
18722,6.664400000000001e-05,0.0,31.2
18723,6.6646e-05,0.0,31.2
18724,6.6648e-05,-0.008,31.2
18725,6.665000000000001e-05,0.0,31.2
18726,6.6652e-05,0.0,31.2
18727,6.6654e-05,0.0,31.2
18728,6.665600000000001e-05,-0.008,31.2
18729,6.6658e-05,0.0,31.2
18730,6.666e-05,-0.008,31.2
18731,6.6662e-05,0.0,31.2
18732,6.6664e-05,-0.008,31.2
18733,6.6666e-05,0.0,31.2
18734,6.6668e-05,-0.008,31.2
18735,6.667000000000001e-05,0.0,31.2
18736,6.6672e-05,-0.008,31.2
18737,6.6674e-05,0.0,31.2
18738,6.667600000000001e-05,-0.008,31.2
18739,6.6678e-05,0.0,31.2
18740,6.668e-05,-0.008,31.2
18741,6.668200000000001e-05,0.0,31.2
18742,6.6684e-05,0.0,31.2
18743,6.6686e-05,0.0,31.2
18744,6.668800000000001e-05,-0.008,31.2
18745,6.669e-05,0.0,31.2
18746,6.6692e-05,-0.008,31.2
18747,6.669400000000001e-05,-0.008,31.2
18748,6.6696e-05,-0.008,31.2
18749,6.6698e-05,0.0,31.2
18750,6.670000000000001e-05,-0.008,31.2
18751,6.6702e-05,0.0,31.2
18752,6.6704e-05,-0.008,31.2
18753,6.670600000000001e-05,0.0,31.2
18754,6.6708e-05,0.0,31.2
18755,6.671e-05,-0.008,31.2
18756,6.671200000000001e-05,-0.008,31.2
18757,6.6714e-05,0.0,31.2
18758,6.6716e-05,-0.008,31.2
18759,6.671800000000001e-05,0.0,31.2
18760,6.672e-05,-0.008,31.2
18761,6.6722e-05,0.0,31.2
18762,6.672400000000001e-05,0.0,31.2
18763,6.6726e-05,0.0,31.2
18764,6.6728e-05,-0.008,31.2
18765,6.673e-05,0.0,31.2
18766,6.6732e-05,-0.008,31.2
18767,6.6734e-05,0.0,31.2
18768,6.6736e-05,-0.008,31.2
18769,6.673800000000001e-05,0.0,31.2
18770,6.674e-05,-0.008,31.2
18771,6.6742e-05,0.0,31.2
18772,6.674400000000001e-05,-0.008,31.2
18773,6.6746e-05,0.0,31.2
18774,6.6748e-05,-0.008,31.2
18775,6.675000000000001e-05,0.0,31.2
18776,6.6752e-05,-0.008,31.2
18777,6.6754e-05,0.0,31.2
18778,6.675600000000001e-05,-0.008,31.2
18779,6.6758e-05,-0.008,31.2
18780,6.676e-05,-0.008,31.2
18781,6.676200000000001e-05,0.0,31.2
18782,6.6764e-05,-0.008,31.2
18783,6.6766e-05,0.0,31.2
18784,6.676800000000001e-05,-0.008,31.2
18785,6.677e-05,0.0,31.2
18786,6.6772e-05,0.0,31.2
18787,6.677400000000001e-05,0.0,31.2
18788,6.6776e-05,-0.008,31.2
18789,6.6778e-05,0.0,31.2
18790,6.678000000000001e-05,-0.008,31.2
18791,6.6782e-05,-0.008,31.2
18792,6.6784e-05,-0.008,31.2
18793,6.678600000000001e-05,0.0,31.2
18794,6.6788e-05,-0.008,31.2
18795,6.679e-05,0.0,31.2
18796,6.679200000000001e-05,-0.008,31.2
18797,6.6794e-05,0.0,31.2
18798,6.6796e-05,-0.008,31.2
18799,6.6798e-05,0.0,31.2
18800,6.68e-05,-0.008,31.2
18801,6.6802e-05,0.0,31.2
18802,6.6804e-05,-0.008,31.2
18803,6.680600000000001e-05,-0.008,31.2
18804,6.6808e-05,-0.008,31.2
18805,6.681e-05,0.0,31.2
18806,6.681200000000001e-05,-0.008,31.2
18807,6.6814e-05,0.0,31.2
18808,6.6816e-05,-0.008,31.2
18809,6.681800000000001e-05,0.0,31.2
18810,6.682e-05,-0.008,31.2
18811,6.6822e-05,0.0,31.2
18812,6.682400000000001e-05,-0.008,31.2
18813,6.6826e-05,0.0,31.2
18814,6.6828e-05,-0.008,31.2
18815,6.683000000000001e-05,0.0,31.2
18816,6.6832e-05,-0.008,31.2
18817,6.6834e-05,0.0,31.2
18818,6.683600000000001e-05,-0.008,31.2
18819,6.6838e-05,0.0,31.2
18820,6.684e-05,-0.008,31.2
18821,6.684200000000001e-05,0.0,31.2
18822,6.6844e-05,-0.008,31.2
18823,6.6846e-05,-0.008,31.2
18824,6.684800000000001e-05,-0.008,31.2
18825,6.685e-05,0.0,31.2
18826,6.6852e-05,-0.008,31.2
18827,6.685400000000001e-05,0.0,31.2
18828,6.6856e-05,-0.008,31.2
18829,6.6858e-05,0.0,31.2
18830,6.686000000000001e-05,-0.008,31.2
18831,6.6862e-05,0.0,31.2
18832,6.6864e-05,-0.008,31.2
18833,6.6866e-05,0.0,31.2
18834,6.6868e-05,0.0,31.2
18835,6.687e-05,0.0,31.2
18836,6.6872e-05,-0.008,31.2
18837,6.687400000000001e-05,0.0,31.2
18838,6.6876e-05,-0.008,31.2
18839,6.6878e-05,0.0,31.2
18840,6.688000000000001e-05,-0.008,31.2
18841,6.6882e-05,0.0,31.2
18842,6.6884e-05,-0.008,31.2
18843,6.688600000000001e-05,0.0,31.2
18844,6.6888e-05,-0.008,31.2
18845,6.689e-05,0.0,31.2
18846,6.689200000000001e-05,-0.008,31.2
18847,6.6894e-05,0.0,31.2
18848,6.6896e-05,-0.008,31.2
18849,6.689800000000001e-05,0.0,31.2
18850,6.69e-05,-0.008,31.2
18851,6.6902e-05,0.0,31.2
18852,6.690400000000001e-05,-0.008,31.2
18853,6.6906e-05,0.0,31.2
18854,6.6908e-05,-0.008,31.2
18855,6.691000000000001e-05,0.0,31.2
18856,6.6912e-05,-0.008,31.2
18857,6.6914e-05,0.0,31.2
18858,6.691600000000001e-05,-0.008,31.2
18859,6.6918e-05,0.0,31.2
18860,6.692e-05,-0.008,31.2
18861,6.692200000000001e-05,0.0,31.2
18862,6.6924e-05,-0.008,31.2
18863,6.6926e-05,0.0,31.2
18864,6.692800000000001e-05,-0.008,31.2
18865,6.693e-05,0.0,31.2
18866,6.6932e-05,0.0,31.2
18867,6.6934e-05,0.0,31.2
18868,6.6936e-05,-0.008,31.2
18869,6.6938e-05,0.0,31.2
18870,6.694e-05,-0.008,31.2
18871,6.694200000000001e-05,0.0,31.2
18872,6.6944e-05,-0.008,31.2
18873,6.6946e-05,0.0,31.2
18874,6.694800000000001e-05,-0.008,31.2
18875,6.695e-05,0.0,31.2
18876,6.6952e-05,-0.008,31.2
18877,6.695400000000001e-05,0.0,31.2
18878,6.6956e-05,-0.008,31.2
18879,6.6958e-05,-0.008,31.2
18880,6.696000000000001e-05,-0.008,31.2
18881,6.6962e-05,0.0,31.2
18882,6.6964e-05,-0.008,31.2
18883,6.696600000000001e-05,0.0,31.2
18884,6.6968e-05,-0.008,31.2
18885,6.697e-05,0.0,31.2
18886,6.697200000000001e-05,-0.008,31.2
18887,6.6974e-05,0.0,31.2
18888,6.6976e-05,-0.008,31.2
18889,6.697800000000001e-05,0.0,31.2
18890,6.698e-05,-0.008,31.2
18891,6.6982e-05,0.0,31.2
18892,6.698400000000001e-05,-0.008,31.2
18893,6.6986e-05,0.0,31.2
18894,6.6988e-05,-0.008,31.2
18895,6.699000000000001e-05,-0.008,31.2
18896,6.6992e-05,-0.008,31.2
18897,6.6994e-05,0.0,31.2
18898,6.699600000000001e-05,-0.008,31.2
18899,6.6998e-05,0.0,31.2
18900,6.7e-05,-0.008,31.2
18901,6.7002e-05,0.0,31.2
18902,6.7004e-05,0.0,31.2
18903,6.7006e-05,-0.008,31.2
18904,6.7008e-05,0.0,31.2
18905,6.701000000000001e-05,0.0,31.2
18906,6.7012e-05,-0.008,31.2
18907,6.7014e-05,0.0,31.2
18908,6.701600000000001e-05,-0.008,31.2
18909,6.7018e-05,0.0,31.2
18910,6.702e-05,-0.008,31.2
18911,6.702200000000001e-05,-0.008,31.2
18912,6.7024e-05,-0.008,31.2
18913,6.7026e-05,0.0,31.2
18914,6.702800000000001e-05,-0.008,31.2
18915,6.703e-05,-0.008,31.2
18916,6.7032e-05,-0.008,31.2
18917,6.703400000000001e-05,0.0,31.2
18918,6.7036e-05,-0.008,31.2
18919,6.7038e-05,0.0,31.2
18920,6.704000000000001e-05,-0.008,31.2
18921,6.7042e-05,0.0,31.2
18922,6.7044e-05,0.0,31.2
18923,6.704600000000001e-05,-0.008,31.2
18924,6.7048e-05,0.0,31.2
18925,6.705e-05,0.0,31.2
18926,6.705200000000001e-05,-0.008,31.2
18927,6.7054e-05,0.0,31.2
18928,6.7056e-05,-0.008,31.2
18929,6.705800000000001e-05,0.0,31.2
18930,6.706e-05,-0.008,31.2
18931,6.7062e-05,0.0,31.2
18932,6.706400000000001e-05,-0.008,31.2
18933,6.7066e-05,0.0,31.2
18934,6.7068e-05,-0.008,31.2
18935,6.707e-05,-0.008,31.2
18936,6.7072e-05,-0.008,31.2
18937,6.7074e-05,0.0,31.2
18938,6.7076e-05,-0.008,31.2
18939,6.707800000000001e-05,0.0,31.2
18940,6.708e-05,-0.008,31.2
18941,6.7082e-05,0.0,31.2
18942,6.708400000000001e-05,-0.008,31.2
18943,6.7086e-05,0.0,31.2
18944,6.7088e-05,-0.008,31.2
18945,6.709000000000001e-05,0.0,31.2
18946,6.7092e-05,-0.008,31.2
18947,6.7094e-05,0.0,31.2
18948,6.709600000000001e-05,-0.008,31.2
18949,6.7098e-05,0.0,31.2
18950,6.71e-05,-0.008,31.2
18951,6.710200000000001e-05,0.0,31.2
18952,6.7104e-05,-0.008,31.2
18953,6.7106e-05,0.0,31.2
18954,6.710800000000001e-05,-0.008,31.2
18955,6.711e-05,0.0,31.2
18956,6.7112e-05,-0.008,31.2
18957,6.711400000000001e-05,0.0,31.2
18958,6.7116e-05,-0.008,31.2
18959,6.7118e-05,0.0,31.2
18960,6.712000000000001e-05,-0.008,31.2
18961,6.7122e-05,0.0,31.2
18962,6.7124e-05,-0.008,31.2
18963,6.712600000000001e-05,0.0,31.2
18964,6.7128e-05,-0.008,31.2
18965,6.713e-05,0.0,31.2
18966,6.713200000000001e-05,-0.008,31.2
18967,6.7134e-05,0.0,31.2
18968,6.7136e-05,-0.008,31.2
18969,6.7138e-05,0.0,31.2
18970,6.714e-05,0.0,31.2
18971,6.7142e-05,0.0,31.2
18972,6.7144e-05,-0.008,31.2
18973,6.714600000000001e-05,0.0,31.2
18974,6.7148e-05,0.0,31.2
18975,6.715e-05,-0.008,31.2
18976,6.715200000000001e-05,-0.008,31.2
18977,6.7154e-05,0.0,31.2
18978,6.7156e-05,-0.008,31.2
18979,6.715800000000001e-05,-0.008,31.2
18980,6.716e-05,-0.008,31.2
18981,6.7162e-05,0.0,31.2
18982,6.716400000000001e-05,-0.008,31.2
18983,6.7166e-05,0.0,31.2
18984,6.7168e-05,-0.008,31.2
18985,6.717000000000001e-05,0.0,31.2
18986,6.7172e-05,-0.008,31.2
18987,6.7174e-05,0.0,31.2
18988,6.717600000000001e-05,-0.008,31.2
18989,6.7178e-05,0.0,31.2
18990,6.718e-05,-0.008,31.2
18991,6.718200000000001e-05,0.0,31.2
18992,6.7184e-05,-0.008,31.2
18993,6.7186e-05,0.0,31.2
18994,6.718800000000001e-05,0.0,31.2
18995,6.719e-05,-0.008,31.2
18996,6.7192e-05,-0.008,31.2
18997,6.719400000000001e-05,0.0,31.2
18998,6.7196e-05,-0.008,31.2
18999,6.7198e-05,0.0,31.2
19000,6.720000000000001e-05,-0.008,31.2
19001,6.7202e-05,0.0,31.2
19002,6.7204e-05,-0.008,31.2
19003,6.7206e-05,0.0,31.2
19004,6.7208e-05,-0.008,31.2
19005,6.721e-05,0.0,31.2
19006,6.7212e-05,0.0,31.2
19007,6.721400000000001e-05,-0.008,31.2
19008,6.7216e-05,-0.008,31.2
19009,6.7218e-05,0.0,31.2
19010,6.722000000000001e-05,0.0,31.2
19011,6.7222e-05,0.0,31.2
19012,6.7224e-05,-0.008,31.2
19013,6.722600000000001e-05,0.0,31.2
19014,6.7228e-05,-0.008,31.2
19015,6.723e-05,0.0,31.2
19016,6.723200000000001e-05,-0.008,31.2
19017,6.7234e-05,0.0,31.2
19018,6.7236e-05,0.0,31.2
19019,6.723800000000001e-05,0.0,31.2
19020,6.724e-05,-0.008,31.2
19021,6.7242e-05,0.0,31.2
19022,6.724400000000001e-05,-0.008,31.2
19023,6.7246e-05,0.0,31.2
19024,6.7248e-05,-0.008,31.2
19025,6.725000000000001e-05,0.0,31.2
19026,6.7252e-05,0.0,31.2
19027,6.7254e-05,0.0,31.2
19028,6.725600000000001e-05,-0.008,31.2
19029,6.7258e-05,0.0,31.2
19030,6.726e-05,-0.008,31.2
19031,6.726200000000001e-05,0.0,31.2
19032,6.7264e-05,-0.008,31.2
19033,6.7266e-05,0.0,31.2
19034,6.726800000000001e-05,0.0,31.2
19035,6.727e-05,-0.008,31.2
19036,6.7272e-05,-0.008,31.2
19037,6.7274e-05,0.0,31.2
19038,6.7276e-05,-0.008,31.2
19039,6.7278e-05,0.0,31.2
19040,6.728e-05,-0.008,31.2
19041,6.728200000000001e-05,0.0,31.2
19042,6.7284e-05,0.0,31.2
19043,6.7286e-05,0.0,31.2
19044,6.728800000000001e-05,-0.008,31.2
19045,6.729e-05,0.0,31.2
19046,6.7292e-05,-0.008,31.2
19047,6.729400000000001e-05,0.0,31.2
19048,6.7296e-05,-0.008,31.2
19049,6.7298e-05,0.0,31.2
19050,6.730000000000001e-05,0.0,31.2
19051,6.7302e-05,0.0,31.2
19052,6.7304e-05,-0.008,31.2
19053,6.730600000000001e-05,0.0,31.2
19054,6.7308e-05,-0.008,31.2
19055,6.731e-05,-0.008,31.2
19056,6.731200000000001e-05,-0.008,31.2
19057,6.7314e-05,0.0,31.2
19058,6.7316e-05,-0.008,31.2
19059,6.731800000000001e-05,0.0,31.2
19060,6.732e-05,-0.008,31.2
19061,6.7322e-05,0.0,31.2
19062,6.732400000000001e-05,-0.008,31.2
19063,6.7326e-05,0.0,31.2
19064,6.7328e-05,-0.008,31.2
19065,6.733000000000001e-05,0.0,31.2
19066,6.7332e-05,-0.008,31.2
19067,6.7334e-05,0.0,31.2
19068,6.733600000000001e-05,-0.008,31.2
19069,6.7338e-05,0.0,31.2
19070,6.734e-05,-0.008,31.2
19071,6.734200000000001e-05,0.0,31.2
19072,6.7344e-05,-0.008,31.2
19073,6.7346e-05,0.0,31.2
19074,6.7348e-05,0.0,31.2
19075,6.735000000000001e-05,-0.008,31.2
19076,6.7352e-05,-0.008,31.2
19077,6.7354e-05,0.0,31.2
19078,6.735600000000001e-05,-0.008,31.2
19079,6.7358e-05,0.0,31.2
19080,6.736e-05,-0.008,31.2
19081,6.736200000000001e-05,0.0,31.2
19082,6.7364e-05,-0.008,31.2
19083,6.7366e-05,-0.008,31.2
19084,6.736800000000001e-05,-0.008,31.2
19085,6.737e-05,0.0,31.2
19086,6.7372e-05,0.0,31.2
19087,6.737400000000001e-05,-0.008,31.2
19088,6.7376e-05,-0.008,31.2
19089,6.7378e-05,0.0,31.2
19090,6.738000000000001e-05,-0.008,31.2
19091,6.7382e-05,0.0,31.2
19092,6.7384e-05,-0.008,31.2
19093,6.738600000000001e-05,0.0,31.2
19094,6.7388e-05,-0.008,31.2
19095,6.739e-05,0.0,31.2
19096,6.739200000000001e-05,-0.008,31.2
19097,6.7394e-05,0.0,31.2
19098,6.7396e-05,0.0,31.2
19099,6.739800000000001e-05,0.0,31.2
19100,6.74e-05,-0.008,31.2
19101,6.7402e-05,0.0,31.2
19102,6.740400000000001e-05,-0.008,31.2
19103,6.7406e-05,-0.008,31.2
19104,6.7408e-05,0.0,31.2
19105,6.741000000000001e-05,0.0,31.2
19106,6.7412e-05,-0.008,31.2
19107,6.7414e-05,0.0,31.2
19108,6.7416e-05,-0.008,31.2
19109,6.741800000000001e-05,0.0,31.2
19110,6.742e-05,-0.008,31.2
19111,6.7422e-05,0.0,31.2
19112,6.742400000000001e-05,-0.008,31.2
19113,6.7426e-05,0.0,31.2
19114,6.7428e-05,-0.008,31.2
19115,6.743000000000001e-05,0.0,31.2
19116,6.7432e-05,-0.008,31.2
19117,6.7434e-05,0.0,31.2
19118,6.743600000000001e-05,-0.008,31.2
19119,6.7438e-05,0.0,31.2
19120,6.744e-05,-0.008,31.2
19121,6.744200000000001e-05,0.0,31.2
19122,6.7444e-05,0.0,31.2
19123,6.7446e-05,0.0,31.2
19124,6.744800000000001e-05,-0.008,31.2
19125,6.745e-05,0.0,31.2
19126,6.7452e-05,-0.008,31.2
19127,6.745400000000001e-05,-0.008,31.2
19128,6.7456e-05,0.0,31.2
19129,6.7458e-05,0.0,31.2
19130,6.746000000000001e-05,-0.008,31.2
19131,6.7462e-05,0.0,31.2
19132,6.7464e-05,-0.008,31.2
19133,6.746600000000001e-05,0.0,31.2
19134,6.7468e-05,-0.008,31.2
19135,6.747e-05,0.0,31.2
19136,6.747200000000001e-05,-0.008,31.2
19137,6.7474e-05,0.0,31.2
19138,6.7476e-05,-0.008,31.2
19139,6.747800000000001e-05,-0.008,31.2
19140,6.748e-05,-0.008,31.2
19141,6.7482e-05,0.0,31.2
19142,6.7484e-05,-0.008,31.2
19143,6.7486e-05,0.0,31.2
19144,6.7488e-05,-0.008,31.2
19145,6.749e-05,0.0,31.2
19146,6.749200000000001e-05,0.0,31.2
19147,6.7494e-05,-0.008,31.2
19148,6.7496e-05,-0.008,31.2
19149,6.749800000000001e-05,0.0,31.2
19150,6.75e-05,-0.008,31.2
19151,6.7502e-05,0.0,31.2
19152,6.750400000000001e-05,-0.008,31.2
19153,6.7506e-05,0.0,31.2
19154,6.7508e-05,0.0,31.2
19155,6.751000000000001e-05,-0.008,31.2
19156,6.7512e-05,-0.008,31.2
19157,6.7514e-05,0.0,31.2
19158,6.751600000000001e-05,0.0,31.2
19159,6.7518e-05,0.0,31.2
19160,6.752e-05,-0.008,31.2
19161,6.752200000000001e-05,0.0,31.2
19162,6.7524e-05,0.0,31.2
19163,6.7526e-05,0.0,31.2
19164,6.752800000000001e-05,-0.008,31.2
19165,6.753e-05,0.0,31.2
19166,6.7532e-05,-0.008,31.2
19167,6.753400000000001e-05,0.0,31.2
19168,6.7536e-05,-0.008,31.2
19169,6.7538e-05,0.0,31.2
19170,6.754000000000001e-05,0.0,31.2
19171,6.7542e-05,0.0,31.2
19172,6.7544e-05,0.0,31.2
19173,6.754600000000001e-05,0.0,31.2
19174,6.7548e-05,-0.008,31.2
19175,6.755e-05,0.0,31.2
19176,6.7552e-05,-0.008,31.2
19177,6.7554e-05,0.0,31.2
19178,6.7556e-05,0.0,31.2
19179,6.7558e-05,0.0,31.2
19180,6.756000000000001e-05,-0.008,31.2
19181,6.7562e-05,0.0,31.2
19182,6.7564e-05,-0.008,31.2
19183,6.756600000000001e-05,0.0,31.2
19184,6.7568e-05,-0.008,31.2
19185,6.757e-05,0.0,31.2
19186,6.757200000000001e-05,-0.008,31.2
19187,6.7574e-05,0.0,31.2
19188,6.7576e-05,-0.008,31.2
19189,6.757800000000001e-05,0.0,31.2
19190,6.758e-05,-0.008,31.2
19191,6.7582e-05,-0.008,31.2
19192,6.758400000000001e-05,-0.008,31.2
19193,6.7586e-05,0.0,31.2
19194,6.7588e-05,0.0,31.2
19195,6.759000000000001e-05,-0.008,31.2
19196,6.7592e-05,-0.008,31.2
19197,6.7594e-05,0.0,31.2
19198,6.759600000000001e-05,-0.008,31.2
19199,6.7598e-05,-0.008,31.2
19200,6.76e-05,-0.008,31.2
19201,6.760200000000001e-05,0.0,31.2
19202,6.7604e-05,-0.008,31.2
19203,6.7606e-05,-0.008,31.2
19204,6.760800000000001e-05,-0.008,31.2
19205,6.761e-05,0.0,31.2
19206,6.7612e-05,-0.008,31.2
19207,6.761400000000001e-05,0.0,31.2
19208,6.7616e-05,-0.008,31.2
19209,6.7618e-05,0.0,31.2
19210,6.762e-05,-0.008,31.2
19211,6.7622e-05,0.0,31.2
19212,6.7624e-05,-0.008,31.2
19213,6.7626e-05,0.0,31.2
19214,6.762800000000001e-05,-0.008,31.2
19215,6.763e-05,0.0,31.2
19216,6.7632e-05,-0.008,31.2
19217,6.763400000000001e-05,0.0,31.2
19218,6.7636e-05,0.0,31.2
19219,6.7638e-05,0.0,31.2
19220,6.764000000000001e-05,-0.008,31.2
19221,6.7642e-05,0.0,31.2
19222,6.7644e-05,-0.008,31.2
19223,6.764600000000001e-05,0.0,31.2
19224,6.7648e-05,-0.008,31.2
19225,6.765e-05,0.0,31.2
19226,6.765200000000001e-05,0.0,31.2
19227,6.7654e-05,0.0,31.2
19228,6.7656e-05,-0.008,31.2
19229,6.765800000000001e-05,0.0,31.2
19230,6.766e-05,-0.008,31.2
19231,6.7662e-05,0.0,31.2
19232,6.766400000000001e-05,-0.008,31.2
19233,6.7666e-05,0.0,31.2
19234,6.7668e-05,0.0,31.2
19235,6.767000000000001e-05,0.0,31.2
19236,6.7672e-05,-0.008,31.2
19237,6.7674e-05,0.0,31.2
19238,6.767600000000001e-05,-0.008,31.2
19239,6.7678e-05,-0.008,31.2
19240,6.768e-05,-0.008,31.2
19241,6.768200000000001e-05,0.0,31.2
19242,6.7684e-05,0.0,31.2
19243,6.7686e-05,0.0,31.2
19244,6.7688e-05,-0.008,31.2
19245,6.769e-05,0.0,31.2
19246,6.7692e-05,-0.008,31.2
19247,6.7694e-05,0.0,31.2
19248,6.769600000000001e-05,-0.008,31.2
19249,6.7698e-05,0.0,31.2
19250,6.77e-05,-0.008,31.2
19251,6.770200000000001e-05,0.0,31.2
19252,6.7704e-05,-0.008,31.2
19253,6.7706e-05,0.0,31.2
19254,6.770800000000001e-05,-0.008,31.2
19255,6.771e-05,0.0,31.2
19256,6.7712e-05,-0.008,31.2
19257,6.771400000000001e-05,0.0,31.2
19258,6.7716e-05,-0.008,31.2
19259,6.7718e-05,0.0,31.2
19260,6.772000000000001e-05,-0.008,31.2
19261,6.7722e-05,0.0,31.2
19262,6.7724e-05,0.0,31.2
19263,6.772600000000001e-05,0.0,31.2
19264,6.7728e-05,-0.008,31.2
19265,6.773e-05,0.0,31.2
19266,6.773200000000001e-05,0.0,31.2
19267,6.7734e-05,0.0,31.2
19268,6.7736e-05,-0.008,31.2
19269,6.773800000000001e-05,0.0,31.2
19270,6.774e-05,-0.008,31.2
19271,6.7742e-05,0.0,31.2
19272,6.774400000000001e-05,-0.008,31.2
19273,6.7746e-05,0.0,31.2
19274,6.7748e-05,0.0,31.2
19275,6.775000000000001e-05,0.0,31.2
19276,6.7752e-05,-0.008,31.2
19277,6.7754e-05,0.0,31.2
19278,6.7756e-05,0.0,31.2
19279,6.7758e-05,0.0,31.2
19280,6.776e-05,-0.008,31.2
19281,6.7762e-05,0.0,31.2
19282,6.776400000000001e-05,-0.008,31.2
19283,6.7766e-05,-0.008,31.2
19284,6.7768e-05,-0.008,31.2
19285,6.777000000000001e-05,0.0,31.2
19286,6.7772e-05,-0.008,31.2
19287,6.7774e-05,0.0,31.2
19288,6.777600000000001e-05,-0.008,31.2
19289,6.7778e-05,0.0,31.2
19290,6.778e-05,-0.008,31.2
19291,6.778200000000001e-05,0.0,31.2
19292,6.7784e-05,-0.008,31.2
19293,6.7786e-05,0.0,31.2
19294,6.778800000000001e-05,0.0,31.2
19295,6.779e-05,0.0,31.2
19296,6.7792e-05,-0.008,31.2
19297,6.779400000000001e-05,0.0,31.2
19298,6.7796e-05,-0.008,31.2
19299,6.7798e-05,-0.008,31.2
19300,6.780000000000001e-05,-0.008,31.2
19301,6.7802e-05,0.0,31.2
19302,6.7804e-05,-0.008,31.2
19303,6.780600000000001e-05,-0.008,31.2
19304,6.7808e-05,0.0,31.2
19305,6.781e-05,0.0,31.2
19306,6.781200000000001e-05,-0.008,31.2
19307,6.7814e-05,0.0,31.2
19308,6.7816e-05,-0.008,31.2
19309,6.781800000000001e-05,0.0,31.2
19310,6.782e-05,-0.008,31.2
19311,6.7822e-05,0.0,31.2
19312,6.7824e-05,-0.008,31.2
19313,6.7826e-05,0.0,31.2
19314,6.7828e-05,-0.008,31.2
19315,6.783e-05,-0.008,31.2
19316,6.783200000000001e-05,-0.008,31.2
19317,6.7834e-05,0.0,31.2
19318,6.7836e-05,-0.008,31.2
19319,6.783800000000001e-05,0.0,31.2
19320,6.784e-05,-0.008,31.2
19321,6.7842e-05,0.0,31.2
19322,6.784400000000001e-05,-0.008,31.2
19323,6.7846e-05,0.0,31.2
19324,6.7848e-05,-0.008,31.2
19325,6.785000000000001e-05,0.0,31.2
19326,6.7852e-05,0.0,31.2
19327,6.7854e-05,-0.008,31.2
19328,6.785600000000001e-05,-0.008,31.2
19329,6.7858e-05,0.0,31.2
19330,6.786e-05,-0.008,31.2
19331,6.786200000000001e-05,0.0,31.2
19332,6.7864e-05,-0.008,31.2
19333,6.7866e-05,0.0,31.2
19334,6.786800000000001e-05,-0.008,31.2
19335,6.787e-05,0.0,31.2
19336,6.7872e-05,-0.008,31.2
19337,6.787400000000001e-05,0.0,31.2
19338,6.7876e-05,-0.008,31.2
19339,6.7878e-05,0.0,31.2
19340,6.788000000000001e-05,0.0,31.2
19341,6.7882e-05,0.0,31.2
19342,6.7884e-05,-0.008,31.2
19343,6.788600000000001e-05,0.0,31.2
19344,6.7888e-05,-0.008,31.2
19345,6.789e-05,0.0,31.2
19346,6.7892e-05,-0.008,31.2
19347,6.7894e-05,0.0,31.2
19348,6.7896e-05,-0.008,31.2
19349,6.7898e-05,0.0,31.2
19350,6.790000000000001e-05,-0.008,31.2
19351,6.7902e-05,0.0,31.2
19352,6.7904e-05,-0.008,31.2
19353,6.790600000000001e-05,0.0,31.2
19354,6.7908e-05,0.0,31.2
19355,6.791e-05,-0.008,31.2
19356,6.791200000000001e-05,-0.008,31.2
19357,6.7914e-05,0.0,31.2
19358,6.7916e-05,-0.008,31.2
19359,6.791800000000001e-05,0.0,31.2
19360,6.792e-05,-0.008,31.2
19361,6.7922e-05,0.0,31.2
19362,6.792400000000001e-05,0.0,31.2
19363,6.7926e-05,0.0,31.2
19364,6.7928e-05,-0.008,31.2
19365,6.793000000000001e-05,0.0,31.2
19366,6.7932e-05,-0.008,31.2
19367,6.7934e-05,-0.008,31.2
19368,6.793600000000001e-05,-0.008,31.2
19369,6.7938e-05,0.0,31.2
19370,6.794e-05,-0.008,31.2
19371,6.794200000000001e-05,0.0,31.2
19372,6.7944e-05,-0.008,31.2
19373,6.7946e-05,0.0,31.2
19374,6.794800000000001e-05,-0.008,31.2
19375,6.795e-05,-0.008,31.2
19376,6.7952e-05,-0.008,31.2
19377,6.795400000000001e-05,0.0,31.2
19378,6.7956e-05,0.0,31.2
19379,6.7958e-05,0.0,31.2
19380,6.796e-05,-0.008,31.2
19381,6.7962e-05,0.0,31.2
19382,6.7964e-05,-0.008,31.2
19383,6.7966e-05,0.0,31.2
19384,6.796800000000001e-05,-0.008,31.2
19385,6.797e-05,0.0,31.2
19386,6.7972e-05,0.0,31.2
19387,6.797400000000001e-05,-0.008,31.2
19388,6.7976e-05,-0.008,31.2
19389,6.7978e-05,0.0,31.2
19390,6.798000000000001e-05,-0.008,31.2
19391,6.7982e-05,0.0,31.2
19392,6.7984e-05,-0.008,31.2
19393,6.798600000000001e-05,0.0,31.2
19394,6.7988e-05,-0.008,31.2
19395,6.799e-05,-0.008,31.2
19396,6.799200000000001e-05,-0.008,31.2
19397,6.7994e-05,0.0,31.2
19398,6.7996e-05,-0.008,31.2
19399,6.799800000000001e-05,0.0,31.2
19400,6.8e-05,-0.008,31.2
19401,6.8002e-05,0.0,31.2
19402,6.800400000000001e-05,-0.008,31.2
19403,6.8006e-05,0.0,31.2
19404,6.8008e-05,-0.008,31.2
19405,6.801000000000001e-05,0.0,31.2
19406,6.8012e-05,-0.008,31.2
19407,6.8014e-05,0.0,31.2
19408,6.801600000000001e-05,-0.008,31.2
19409,6.8018e-05,0.0,31.2
19410,6.802e-05,-0.008,31.2
19411,6.802200000000001e-05,0.0,31.2
19412,6.8024e-05,-0.008,31.2
19413,6.8026e-05,0.0,31.2
19414,6.8028e-05,-0.008,31.2
19415,6.803e-05,-0.008,31.2
19416,6.8032e-05,-0.008,31.2
19417,6.8034e-05,0.0,31.2
19418,6.803600000000001e-05,-0.008,31.2
19419,6.8038e-05,0.0,31.2
19420,6.804e-05,-0.008,31.2
19421,6.804200000000001e-05,0.0,31.2
19422,6.8044e-05,-0.008,31.2
19423,6.8046e-05,0.0,31.2
19424,6.804800000000001e-05,-0.008,31.2
19425,6.805e-05,0.0,31.2
19426,6.8052e-05,0.0,31.2
19427,6.805400000000001e-05,0.0,31.2
19428,6.8056e-05,-0.008,31.2
19429,6.8058e-05,0.0,31.2
19430,6.806000000000001e-05,-0.008,31.2
19431,6.8062e-05,0.0,31.2
19432,6.8064e-05,-0.008,31.2
19433,6.806600000000001e-05,0.0,31.2
19434,6.8068e-05,0.0,31.2
19435,6.807e-05,0.0,31.2
19436,6.807200000000001e-05,-0.008,31.2
19437,6.8074e-05,0.0,31.2
19438,6.8076e-05,-0.008,31.2
19439,6.807800000000001e-05,0.0,31.2
19440,6.808e-05,-0.008,31.2
19441,6.8082e-05,0.0,31.2
19442,6.808400000000001e-05,-0.008,31.2
19443,6.8086e-05,-0.008,31.2
19444,6.8088e-05,-0.008,31.2
19445,6.809000000000001e-05,0.0,31.2
19446,6.8092e-05,0.0,31.2
19447,6.8094e-05,0.0,31.2
19448,6.8096e-05,-0.008,31.2
19449,6.8098e-05,0.0,31.2
19450,6.81e-05,-0.008,31.2
19451,6.8102e-05,0.0,31.2
19452,6.810400000000001e-05,-0.008,31.2
19453,6.8106e-05,0.0,31.2
19454,6.8108e-05,0.0,31.2
19455,6.811000000000001e-05,0.0,31.2
19456,6.8112e-05,-0.008,31.2
19457,6.8114e-05,0.0,31.2
19458,6.811600000000001e-05,0.0,31.2
19459,6.8118e-05,0.0,31.2
19460,6.812e-05,-0.008,31.2
19461,6.812200000000001e-05,0.0,31.2
19462,6.8124e-05,-0.008,31.2
19463,6.8126e-05,0.0,31.2
19464,6.812800000000001e-05,-0.008,31.2
19465,6.813e-05,0.0,31.2
19466,6.8132e-05,-0.008,31.2
19467,6.813400000000001e-05,0.0,31.2
19468,6.8136e-05,-0.008,31.2
19469,6.8138e-05,0.0,31.2
19470,6.814000000000001e-05,-0.008,31.2
19471,6.8142e-05,0.0,31.2
19472,6.8144e-05,-0.008,31.2
19473,6.814600000000001e-05,0.0,31.2
19474,6.8148e-05,-0.008,30.4
19475,6.815e-05,-0.008,31.2
19476,6.815200000000001e-05,-0.008,31.2
19477,6.8154e-05,0.0,31.2
19478,6.8156e-05,-0.008,31.2
19479,6.815800000000001e-05,0.0,31.2
19480,6.816e-05,-0.008,31.2
19481,6.8162e-05,0.0,31.2
19482,6.8164e-05,0.0,31.2
19483,6.8166e-05,0.0,31.2
19484,6.8168e-05,0.0,31.2
19485,6.817e-05,0.0,31.2
19486,6.817200000000001e-05,-0.008,30.4
19487,6.8174e-05,-0.008,31.2
19488,6.8176e-05,-0.008,31.2
19489,6.817800000000001e-05,0.0,31.2
19490,6.818e-05,-0.008,31.2
19491,6.8182e-05,0.0,31.2
19492,6.818400000000001e-05,-0.008,31.2
19493,6.8186e-05,0.0,31.2
19494,6.8188e-05,-0.008,31.2
19495,6.819000000000001e-05,-0.008,31.2
19496,6.8192e-05,0.0,31.2
19497,6.8194e-05,0.0,31.2
19498,6.819600000000001e-05,0.0,30.4
19499,6.8198e-05,0.0,31.2
19500,6.82e-05,-0.008,31.2
19501,6.820200000000001e-05,0.0,31.2
19502,6.8204e-05,0.0,31.2
19503,6.8206e-05,-0.008,31.2
19504,6.820800000000001e-05,0.0,31.2
19505,6.821e-05,0.0,31.2
19506,6.8212e-05,-0.008,31.2
19507,6.821400000000001e-05,0.0,31.2
19508,6.8216e-05,-0.008,31.2
19509,6.8218e-05,0.0,31.2
19510,6.822000000000001e-05,-0.008,30.4
19511,6.8222e-05,-0.008,31.2
19512,6.8224e-05,-0.008,31.2
19513,6.822600000000001e-05,0.0,31.2
19514,6.8228e-05,0.0,31.2
19515,6.823e-05,-0.008,30.4
19516,6.8232e-05,-0.008,31.2
19517,6.8234e-05,0.0,31.2
19518,6.8236e-05,-0.008,31.2
19519,6.8238e-05,0.0,31.2
19520,6.824000000000001e-05,-0.008,31.2
19521,6.8242e-05,0.0,31.2
19522,6.8244e-05,-0.008,30.4
19523,6.824600000000001e-05,0.0,31.2
19524,6.8248e-05,0.0,31.2
19525,6.825e-05,0.0,31.2
19526,6.825200000000001e-05,-0.008,30.4
19527,6.8254e-05,0.0,31.2
19528,6.8256e-05,-0.008,31.2
19529,6.825800000000001e-05,0.0,31.2
19530,6.826e-05,-0.008,31.2
19531,6.8262e-05,0.0,31.2
19532,6.826400000000001e-05,-0.008,31.2
19533,6.8266e-05,0.0,31.2
19534,6.8268e-05,0.0,30.4
19535,6.827000000000001e-05,-0.008,31.2
19536,6.8272e-05,-0.008,31.2
19537,6.8274e-05,0.0,31.2
19538,6.827600000000001e-05,0.0,30.4
19539,6.8278e-05,0.0,31.2
19540,6.828e-05,-0.008,31.2
19541,6.828200000000001e-05,0.0,31.2
19542,6.8284e-05,-0.008,31.2
19543,6.8286e-05,0.0,31.2
19544,6.828800000000001e-05,-0.008,30.4
19545,6.829e-05,0.0,31.2
19546,6.8292e-05,-0.008,31.2
19547,6.829400000000001e-05,0.0,31.2
19548,6.8296e-05,-0.008,31.2
19549,6.8298e-05,0.0,31.2
19550,6.83e-05,-0.008,30.4
19551,6.8302e-05,-0.008,31.2
19552,6.8304e-05,-0.008,31.2
19553,6.8306e-05,0.0,31.2
19554,6.830800000000001e-05,0.0,31.2
19555,6.831e-05,0.0,31.2
19556,6.8312e-05,-0.008,31.2
19557,6.831400000000001e-05,0.0,31.2
19558,6.8316e-05,-0.008,31.2
19559,6.8318e-05,0.0,31.2
19560,6.832000000000001e-05,-0.008,31.2
19561,6.8322e-05,0.0,31.2
19562,6.8324e-05,-0.008,31.2
19563,6.832600000000001e-05,0.0,31.2
19564,6.8328e-05,0.0,31.2
19565,6.833e-05,0.0,31.2
19566,6.833200000000001e-05,0.0,30.4
19567,6.8334e-05,0.0,31.2
19568,6.8336e-05,-0.008,31.2
19569,6.833800000000001e-05,0.0,31.2
19570,6.834e-05,-0.008,31.2
19571,6.8342e-05,0.0,31.2
19572,6.834400000000001e-05,-0.008,31.2
19573,6.8346e-05,0.0,31.2
19574,6.8348e-05,-0.008,30.4
19575,6.835000000000001e-05,0.0,31.2
19576,6.8352e-05,-0.008,31.2
19577,6.8354e-05,0.0,31.2
19578,6.835600000000001e-05,-0.008,30.4
19579,6.8358e-05,0.0,31.2
19580,6.836e-05,-0.008,31.2
19581,6.836200000000001e-05,0.0,31.2
19582,6.8364e-05,-0.008,31.2
19583,6.8366e-05,0.0,31.2
19584,6.836800000000001e-05,-0.008,31.2
19585,6.837e-05,0.0,31.2
19586,6.8372e-05,-0.008,31.2
19587,6.8374e-05,0.0,31.2
19588,6.837600000000001e-05,-0.008,31.2
19589,6.8378e-05,0.0,31.2
19590,6.838e-05,-0.008,31.2
19591,6.838200000000001e-05,0.0,31.2
19592,6.8384e-05,-0.008,31.2
19593,6.8386e-05,0.0,31.2
19594,6.838800000000001e-05,0.0,30.4
19595,6.839e-05,0.0,31.2
19596,6.8392e-05,-0.008,31.2
19597,6.839400000000001e-05,0.0,31.2
19598,6.8396e-05,-0.008,30.4
19599,6.8398e-05,0.0,30.4
19600,6.840000000000001e-05,-0.008,31.2
19601,6.8402e-05,0.0,30.4
19602,6.8404e-05,-0.008,30.4
19603,6.840600000000001e-05,0.0,31.2
19604,6.8408e-05,-0.008,31.2
19605,6.841e-05,0.0,31.2
19606,6.841200000000001e-05,-0.008,30.4
19607,6.8414e-05,-0.008,31.2
19608,6.8416e-05,-0.008,31.2
19609,6.841800000000001e-05,0.0,31.2
19610,6.842e-05,-0.008,31.2
19611,6.8422e-05,0.0,30.4
19612,6.842400000000001e-05,-0.008,30.4
19613,6.8426e-05,0.0,31.2
19614,6.8428e-05,-0.008,30.4
19615,6.843000000000001e-05,0.0,31.2
19616,6.8432e-05,-0.008,30.4
19617,6.8434e-05,0.0,31.2
19618,6.843600000000001e-05,-0.008,31.2
19619,6.8438e-05,0.0,30.4
19620,6.844e-05,-0.008,31.2
19621,6.8442e-05,0.0,30.4
19622,6.844400000000001e-05,-0.008,30.4
19623,6.8446e-05,0.0,31.2
19624,6.8448e-05,-0.008,31.2
19625,6.845000000000001e-05,0.0,30.4
19626,6.8452e-05,-0.008,30.4
19627,6.8454e-05,0.0,31.2
19628,6.845600000000001e-05,-0.008,31.2
19629,6.8458e-05,0.0,30.4
19630,6.846e-05,-0.008,30.4
19631,6.846200000000001e-05,0.0,31.2
19632,6.8464e-05,-0.008,31.2
19633,6.8466e-05,0.0,31.2
19634,6.846800000000001e-05,0.0,30.4
19635,6.847e-05,0.0,30.4
19636,6.8472e-05,-0.008,31.2
19637,6.847400000000001e-05,0.0,31.2
19638,6.8476e-05,-0.008,30.4
19639,6.8478e-05,0.0,30.4
19640,6.848000000000001e-05,-0.008,31.2
19641,6.8482e-05,0.0,30.4
19642,6.8484e-05,0.0,31.2
19643,6.848600000000001e-05,0.0,30.4
19644,6.8488e-05,-0.008,31.2
19645,6.849e-05,0.0,31.2
19646,6.849200000000001e-05,-0.008,30.4
19647,6.8494e-05,0.0,31.2
19648,6.8496e-05,-0.008,30.4
19649,6.849800000000001e-05,0.0,31.2
19650,6.85e-05,-0.008,30.4
19651,6.8502e-05,-0.008,30.4
19652,6.850400000000001e-05,-0.008,31.2
19653,6.8506e-05,0.0,31.2
19654,6.8508e-05,-0.008,30.4
19655,6.851e-05,0.0,31.2
19656,6.851200000000001e-05,-0.008,30.4
19657,6.8514e-05,0.0,31.2
19658,6.8516e-05,0.0,30.4
19659,6.851800000000001e-05,0.0,30.4
19660,6.852e-05,-0.008,31.2
19661,6.8522e-05,0.0,31.2
19662,6.852400000000001e-05,-0.008,30.4
19663,6.8526e-05,0.0,31.2
19664,6.8528e-05,-0.008,31.2
19665,6.853000000000001e-05,0.0,31.2
19666,6.8532e-05,0.0,30.4
19667,6.8534e-05,0.0,30.4
19668,6.853600000000001e-05,-0.008,30.4
19669,6.8538e-05,0.0,30.4
19670,6.854e-05,-0.008,30.4
19671,6.854200000000001e-05,0.0,30.4
19672,6.8544e-05,-0.008,31.2
19673,6.8546e-05,0.0,31.2
19674,6.854800000000001e-05,0.0,30.4
19675,6.855e-05,0.0,30.4
19676,6.8552e-05,-0.008,30.4
19677,6.855400000000001e-05,0.0,30.4
19678,6.8556e-05,-0.008,30.4
19679,6.8558e-05,0.0,31.2
19680,6.856000000000001e-05,-0.008,31.2
19681,6.8562e-05,0.0,30.4
19682,6.8564e-05,-0.008,30.4
19683,6.856600000000001e-05,0.0,31.2
19684,6.8568e-05,-0.008,30.4
19685,6.857e-05,0.0,30.4
19686,6.857200000000001e-05,-0.008,30.4
19687,6.8574e-05,0.0,31.2
19688,6.8576e-05,-0.008,30.4
19689,6.8578e-05,0.0,31.2
19690,6.858000000000001e-05,0.0,31.2
19691,6.8582e-05,0.0,30.4
19692,6.8584e-05,-0.008,31.2
19693,6.858600000000001e-05,0.0,31.2
19694,6.8588e-05,-0.008,30.4
19695,6.859e-05,-0.008,30.4
19696,6.859200000000001e-05,-0.008,31.2
19697,6.8594e-05,0.0,31.2
19698,6.8596e-05,-0.008,30.4
19699,6.859800000000001e-05,0.0,30.4
19700,6.86e-05,-0.008,31.2
19701,6.8602e-05,0.0,30.4
19702,6.860400000000001e-05,0.0,30.4
19703,6.8606e-05,-0.008,30.4
19704,6.8608e-05,0.0,30.4
19705,6.861000000000001e-05,0.0,30.4
19706,6.8612e-05,-0.008,30.4
19707,6.8614e-05,0.0,30.4
19708,6.861600000000001e-05,-0.008,30.4
19709,6.8618e-05,0.0,30.4
19710,6.862e-05,-0.008,30.4
19711,6.862200000000001e-05,0.0,30.4
19712,6.8624e-05,-0.008,30.4
19713,6.8626e-05,0.0,30.4
19714,6.862800000000001e-05,0.0,30.4
19715,6.863e-05,0.0,30.4
19716,6.8632e-05,-0.008,30.4
19717,6.863400000000001e-05,0.0,30.4
19718,6.8636e-05,-0.008,30.4
19719,6.8638e-05,0.0,30.4
19720,6.864000000000001e-05,-0.008,31.2
19721,6.8642e-05,0.0,30.4
19722,6.8644e-05,0.0,30.4
19723,6.8646e-05,0.0,30.4
19724,6.8648e-05,-0.008,30.4
19725,6.865e-05,0.0,30.4
19726,6.8652e-05,0.0,30.4
19727,6.865400000000001e-05,-0.008,30.4
19728,6.8656e-05,-0.008,30.4
19729,6.8658e-05,0.0,30.4
19730,6.866000000000001e-05,-0.008,30.4
19731,6.8662e-05,0.0,30.4
19732,6.8664e-05,-0.008,31.2
19733,6.866600000000001e-05,0.0,30.4
19734,6.8668e-05,-0.008,30.4
19735,6.867e-05,0.0,30.4
19736,6.867200000000001e-05,0.0,30.4
19737,6.8674e-05,0.0,30.4
19738,6.8676e-05,-0.008,30.4
19739,6.867800000000001e-05,0.0,30.4
19740,6.868e-05,-0.008,30.4
19741,6.8682e-05,0.0,30.4
19742,6.868400000000001e-05,-0.008,30.4
19743,6.8686e-05,0.0,30.4
19744,6.8688e-05,-0.008,30.4
19745,6.869000000000001e-05,0.0,30.4
19746,6.8692e-05,0.0,30.4
19747,6.8694e-05,0.0,30.4
19748,6.869600000000001e-05,-0.008,30.4
19749,6.8698e-05,0.0,30.4
19750,6.87e-05,-0.008,30.4
19751,6.870200000000001e-05,0.0,30.4
19752,6.8704e-05,-0.008,30.4
19753,6.8706e-05,0.0,30.4
19754,6.870800000000001e-05,0.0,30.4
19755,6.871e-05,0.0,30.4
19756,6.8712e-05,-0.008,30.4
19757,6.8714e-05,0.0,30.4
19758,6.8716e-05,-0.008,30.4
19759,6.8718e-05,0.0,30.4
19760,6.872e-05,-0.008,30.4
19761,6.872200000000001e-05,0.0,30.4
19762,6.8724e-05,-0.008,30.4
19763,6.8726e-05,0.0,30.4
19764,6.872800000000001e-05,0.0,30.4
19765,6.873e-05,0.0,30.4
19766,6.8732e-05,-0.008,30.4
19767,6.873400000000001e-05,-0.008,30.4
19768,6.8736e-05,-0.008,31.2
19769,6.8738e-05,0.0,30.4
19770,6.874000000000001e-05,-0.008,30.4
19771,6.8742e-05,0.0,30.4
19772,6.8744e-05,-0.008,30.4
19773,6.874600000000001e-05,0.0,30.4
19774,6.8748e-05,-0.008,30.4
19775,6.875e-05,0.0,30.4
19776,6.875200000000001e-05,-0.008,30.4
19777,6.8754e-05,0.0,30.4
19778,6.8756e-05,-0.008,30.4
19779,6.875800000000001e-05,0.0,30.4
19780,6.876e-05,-0.008,30.4
19781,6.8762e-05,0.0,30.4
19782,6.876400000000001e-05,-0.008,30.4
19783,6.8766e-05,0.0,30.4
19784,6.8768e-05,-0.008,30.4
19785,6.877000000000001e-05,0.0,30.4
19786,6.8772e-05,0.0,30.4
19787,6.8774e-05,0.0,30.4
19788,6.877600000000001e-05,-0.008,30.4
19789,6.8778e-05,0.0,30.4
19790,6.878e-05,-0.008,30.4
19791,6.8782e-05,0.0,30.4
19792,6.8784e-05,-0.008,30.4
19793,6.8786e-05,0.0,30.4
19794,6.8788e-05,0.0,30.4
19795,6.879000000000001e-05,0.0,30.4
19796,6.8792e-05,-0.008,30.4
19797,6.8794e-05,0.0,30.4
19798,6.879600000000001e-05,-0.008,30.4
19799,6.8798e-05,0.0,30.4
19800,6.88e-05,-0.008,30.4
19801,6.880200000000001e-05,0.0,30.4
19802,6.8804e-05,-0.008,30.4
19803,6.8806e-05,0.0,30.4
19804,6.880800000000001e-05,-0.008,30.4
19805,6.881e-05,0.0,30.4
19806,6.8812e-05,0.0,30.4
19807,6.881400000000001e-05,0.0,30.4
19808,6.8816e-05,-0.008,30.4
19809,6.8818e-05,0.0,30.4
19810,6.882000000000001e-05,-0.008,30.4
19811,6.8822e-05,0.0,30.4
19812,6.8824e-05,-0.008,30.4
19813,6.882600000000001e-05,0.0,30.4
19814,6.8828e-05,-0.008,30.4
19815,6.883e-05,-0.008,31.2
19816,6.883200000000001e-05,-0.008,30.4
19817,6.8834e-05,0.0,30.4
19818,6.8836e-05,-0.008,30.4
19819,6.883800000000001e-05,0.0,30.4
19820,6.884e-05,-0.008,30.4
19821,6.8842e-05,0.0,30.4
19822,6.884400000000001e-05,-0.008,30.4
19823,6.8846e-05,0.0,30.4
19824,6.8848e-05,-0.008,30.4
19825,6.885e-05,0.0,30.4
19826,6.8852e-05,-0.008,30.4
19827,6.8854e-05,-0.008,30.4
19828,6.8856e-05,-0.008,30.4
19829,6.885800000000001e-05,0.0,30.4
19830,6.886e-05,-0.008,30.4
19831,6.8862e-05,-0.008,30.4
19832,6.886400000000001e-05,-0.008,30.4
19833,6.8866e-05,0.0,30.4
19834,6.8868e-05,-0.008,30.4
19835,6.887000000000001e-05,-0.008,30.4
19836,6.8872e-05,-0.008,30.4
19837,6.8874e-05,0.0,30.4
19838,6.887600000000001e-05,-0.008,30.4
19839,6.8878e-05,0.0,30.4
19840,6.888e-05,-0.008,30.4
19841,6.888200000000001e-05,0.0,30.4
19842,6.8884e-05,-0.008,30.4
19843,6.8886e-05,-0.008,30.4
19844,6.888800000000001e-05,-0.008,30.4
19845,6.889e-05,0.0,30.4
19846,6.8892e-05,0.0,30.4
19847,6.889400000000001e-05,0.0,30.4
19848,6.8896e-05,-0.008,30.4
19849,6.8898e-05,0.0,30.4
19850,6.890000000000001e-05,-0.008,30.4
19851,6.8902e-05,0.0,30.4
19852,6.8904e-05,-0.008,30.4
19853,6.890600000000001e-05,0.0,30.4
19854,6.8908e-05,-0.008,30.4
19855,6.891e-05,-0.008,30.4
19856,6.891200000000001e-05,-0.008,30.4
19857,6.8914e-05,0.0,30.4
19858,6.8916e-05,0.0,30.4
19859,6.8918e-05,0.0,30.4
19860,6.892e-05,-0.008,30.4
19861,6.8922e-05,0.0,30.4
19862,6.8924e-05,-0.008,30.4
19863,6.892600000000001e-05,0.0,30.4
19864,6.8928e-05,-0.008,30.4
19865,6.893e-05,0.0,30.4
19866,6.893200000000001e-05,0.0,30.4
19867,6.8934e-05,0.0,30.4
19868,6.8936e-05,-0.008,30.4
19869,6.893800000000001e-05,0.0,30.4
19870,6.894e-05,-0.008,30.4
19871,6.8942e-05,0.0,30.4
19872,6.894400000000001e-05,-0.008,30.4
19873,6.8946e-05,0.0,30.4
19874,6.8948e-05,0.0,30.4
19875,6.895000000000001e-05,0.0,30.4
19876,6.8952e-05,-0.008,30.4
19877,6.8954e-05,0.0,30.4
19878,6.895600000000001e-05,0.0,30.4
19879,6.8958e-05,0.0,30.4
19880,6.896e-05,-0.008,30.4
19881,6.896200000000001e-05,0.0,30.4
19882,6.8964e-05,-0.008,30.4
19883,6.8966e-05,0.0,30.4
19884,6.896800000000001e-05,-0.008,30.4
19885,6.897e-05,0.0,30.4
19886,6.8972e-05,-0.008,30.4
19887,6.897400000000001e-05,0.0,30.4
19888,6.8976e-05,-0.008,30.4
19889,6.8978e-05,0.0,30.4
19890,6.898000000000001e-05,0.0,30.4
19891,6.8982e-05,-0.008,30.4
19892,6.8984e-05,-0.008,30.4
19893,6.8986e-05,0.0,30.4
19894,6.8988e-05,-0.008,30.4
19895,6.899e-05,0.0,30.4
19896,6.8992e-05,-0.008,30.4
19897,6.899400000000001e-05,0.0,30.4
19898,6.8996e-05,0.0,30.4
19899,6.8998e-05,0.0,30.4
19900,6.900000000000001e-05,-0.008,30.4
19901,6.9002e-05,0.0,30.4
19902,6.9004e-05,0.0,30.4
19903,6.900600000000001e-05,0.0,30.4
19904,6.9008e-05,0.0,30.4
19905,6.901e-05,0.0,30.4
19906,6.901200000000001e-05,0.0,30.4
19907,6.9014e-05,0.0,30.4
19908,6.9016e-05,-0.008,30.4
19909,6.901800000000001e-05,0.0,30.4
19910,6.902e-05,-0.008,30.4
19911,6.9022e-05,0.0,30.4
19912,6.902400000000001e-05,-0.008,30.4
19913,6.9026e-05,0.0,30.4
19914,6.9028e-05,-0.008,30.4
19915,6.903000000000001e-05,0.0,30.4
19916,6.9032e-05,0.0,30.4
19917,6.9034e-05,0.0,30.4
19918,6.903600000000001e-05,0.0,30.4
19919,6.9038e-05,0.0,30.4
19920,6.904e-05,-0.008,30.4
19921,6.904200000000001e-05,0.0,30.4
19922,6.9044e-05,-0.008,30.4
19923,6.9046e-05,0.0,30.4
19924,6.904800000000001e-05,-0.008,30.4
19925,6.905e-05,0.0,30.4
19926,6.9052e-05,0.0,30.4
19927,6.9054e-05,0.0,30.4
19928,6.9056e-05,-0.008,30.4
19929,6.9058e-05,0.0,30.4
19930,6.906e-05,-0.008,30.4
19931,6.906200000000001e-05,0.0,30.4
19932,6.9064e-05,-0.008,30.4
19933,6.9066e-05,0.0,30.4
19934,6.906800000000001e-05,-0.008,30.4
19935,6.907e-05,-0.008,30.4
19936,6.9072e-05,-0.008,30.4
19937,6.907400000000001e-05,0.0,30.4
19938,6.9076e-05,-0.008,30.4
19939,6.9078e-05,0.0,30.4
19940,6.908000000000001e-05,-0.008,30.4
19941,6.9082e-05,0.0,30.4
19942,6.9084e-05,-0.008,30.4
19943,6.908600000000001e-05,0.0,30.4
19944,6.9088e-05,-0.008,30.4
19945,6.909e-05,0.0,30.4
19946,6.909200000000001e-05,0.0,30.4
19947,6.9094e-05,0.0,30.4
19948,6.9096e-05,-0.008,30.4
19949,6.909800000000001e-05,0.0,30.4
19950,6.91e-05,-0.008,30.4
19951,6.9102e-05,0.0,30.4
19952,6.910400000000001e-05,-0.008,30.4
19953,6.9106e-05,0.0,30.4
19954,6.9108e-05,0.0,30.4
19955,6.911000000000001e-05,0.0,30.4
19956,6.9112e-05,-0.008,30.4
19957,6.9114e-05,0.0,30.4
19958,6.911600000000001e-05,-0.008,30.4
19959,6.9118e-05,-0.008,30.4
19960,6.912e-05,-0.008,30.4
19961,6.9122e-05,0.0,30.4
19962,6.9124e-05,-0.008,30.4
19963,6.9126e-05,-0.008,30.4
19964,6.9128e-05,-0.008,30.4
19965,6.913000000000001e-05,0.0,30.4
19966,6.9132e-05,-0.008,30.4
19967,6.9134e-05,-0.008,30.4
19968,6.913600000000001e-05,-0.008,30.4
19969,6.9138e-05,0.0,30.4
19970,6.914e-05,-0.008,29.6
19971,6.914200000000001e-05,-0.008,29.6
19972,6.9144e-05,-0.008,29.6
19973,6.9146e-05,0.0,29.6
19974,6.914800000000001e-05,-0.008,29.6
19975,6.915e-05,-0.008,29.6
19976,6.9152e-05,-0.008,29.6
19977,6.915400000000001e-05,0.0,29.6
19978,6.9156e-05,-0.008,29.6
19979,6.9158e-05,-0.008,29.6
19980,6.916000000000001e-05,-0.008,29.6
19981,6.9162e-05,0.0,28.8
19982,6.9164e-05,-0.008,28.8
19983,6.916600000000001e-05,-0.008,28.8
19984,6.9168e-05,-0.008,28.8
19985,6.917e-05,0.0,28.8
19986,6.917200000000001e-05,-0.008,28.8
19987,6.9174e-05,-0.008,28.8
19988,6.9176e-05,-0.008,28.8
19989,6.917800000000001e-05,0.0,28.8
19990,6.918e-05,-0.008,28.0
19991,6.9182e-05,-0.008,28.0
19992,6.918400000000001e-05,-0.008,28.0
19993,6.9186e-05,0.0,28.0
19994,6.9188e-05,-0.008,28.0
19995,6.919e-05,-0.008,28.0
19996,6.9192e-05,-0.008,27.2
19997,6.9194e-05,0.0,27.2
19998,6.9196e-05,-0.008,27.2
19999,6.919800000000001e-05,-0.008,27.2
20000,6.92e-05,-0.008,27.2
20001,6.9202e-05,0.0,27.2
20002,6.920400000000001e-05,-0.008,26.4
20003,6.9206e-05,-0.008,26.4
20004,6.9208e-05,-0.008,26.4
20005,6.921000000000001e-05,0.0,26.4
20006,6.9212e-05,-0.008,26.4
20007,6.9214e-05,-0.008,25.6
20008,6.921600000000001e-05,-0.008,25.6
20009,6.9218e-05,0.0,25.6
20010,6.922e-05,-0.008,25.6
20011,6.922200000000001e-05,-0.008,25.6
20012,6.9224e-05,-0.008,24.0
20013,6.9226e-05,-0.008,24.0
20014,6.922800000000001e-05,-0.008,24.0
20015,6.923e-05,-0.008,24.0
20016,6.9232e-05,-0.008,24.0
20017,6.923400000000001e-05,-0.008,24.0
20018,6.9236e-05,-0.008,23.2
20019,6.9238e-05,-0.008,23.2
20020,6.924000000000001e-05,-0.008,23.2
20021,6.9242e-05,0.0,23.2
20022,6.9244e-05,-0.008,22.4
20023,6.924600000000001e-05,-0.008,22.4
20024,6.9248e-05,-0.008,22.4
20025,6.925e-05,0.0,22.4
20026,6.925200000000001e-05,-0.008,22.4
20027,6.9254e-05,-0.008,21.6
20028,6.9256e-05,-0.008,21.6
20029,6.9258e-05,-0.008,21.6
20030,6.926e-05,-0.008,21.6
20031,6.9262e-05,-0.008,20.8
20032,6.9264e-05,-0.008,20.8
20033,6.926600000000001e-05,0.0,20.8
20034,6.9268e-05,-0.008,20.8
20035,6.927e-05,-0.008,20.8
20036,6.927200000000001e-05,-0.008,20.0
20037,6.9274e-05,-0.008,20.0
20038,6.9276e-05,-0.008,20.0
20039,6.927800000000001e-05,-0.008,20.0
20040,6.928e-05,-0.008,20.0
20041,6.9282e-05,0.0,19.2
20042,6.928400000000001e-05,-0.008,19.2
20043,6.9286e-05,-0.008,19.2
20044,6.9288e-05,-0.008,19.2
20045,6.929000000000001e-05,0.0,19.2
20046,6.9292e-05,-0.008,18.4
20047,6.9294e-05,-0.008,18.4
20048,6.929600000000001e-05,-0.008,18.4
20049,6.9298e-05,0.0,18.4
20050,6.93e-05,-0.008,17.6
20051,6.930200000000001e-05,-0.008,17.6
20052,6.9304e-05,-0.008,17.6
20053,6.9306e-05,0.0,17.6
20054,6.930800000000001e-05,-0.008,17.6
20055,6.931e-05,-0.008,17.6
20056,6.9312e-05,-0.008,16.8
20057,6.931400000000001e-05,0.0,16.8
20058,6.9316e-05,-0.008,16.8
20059,6.9318e-05,-0.008,16.8
20060,6.932000000000001e-05,-0.008,16.8
20061,6.9322e-05,0.0,16.0
20062,6.9324e-05,-0.008,16.0
20063,6.9326e-05,-0.008,16.0
20064,6.9328e-05,-0.008,16.0
20065,6.933e-05,0.0,16.0
20066,6.9332e-05,-0.008,15.2
20067,6.933400000000001e-05,-0.008,15.2
20068,6.9336e-05,-0.008,15.2
20069,6.9338e-05,0.0,15.2
20070,6.934000000000001e-05,-0.008,15.2
20071,6.9342e-05,-0.008,15.2
20072,6.9344e-05,-0.008,14.4
20073,6.934600000000001e-05,0.0,14.4
20074,6.9348e-05,-0.008,14.4
20075,6.935e-05,-0.008,14.4
20076,6.935200000000001e-05,-0.008,14.4
20077,6.9354e-05,0.0,14.4
20078,6.9356e-05,-0.008,13.6
20079,6.935800000000001e-05,-0.008,13.6
20080,6.936e-05,-0.008,13.6
20081,6.9362e-05,0.0,13.6
20082,6.936400000000001e-05,-0.008,13.6
20083,6.9366e-05,-0.008,13.6
20084,6.9368e-05,-0.008,13.6
20085,6.937000000000001e-05,0.0,12.0
20086,6.9372e-05,-0.008,12.0
20087,6.9374e-05,-0.008,12.0
20088,6.937600000000001e-05,-0.008,12.0
20089,6.9378e-05,0.0,12.0
20090,6.938e-05,-0.008,12.0
20091,6.938200000000001e-05,-0.008,11.2
20092,6.9384e-05,-0.008,12.0
20093,6.9386e-05,0.0,11.2
20094,6.938800000000001e-05,-0.008,11.2
20095,6.939e-05,-0.008,11.2
20096,6.9392e-05,-0.008,11.2
20097,6.939400000000001e-05,0.0,11.2
20098,6.9396e-05,-0.008,10.4
20099,6.9398e-05,-0.008,11.2
20100,6.94e-05,-0.008,11.2
20101,6.940200000000001e-05,0.0,10.4
20102,6.9404e-05,-0.008,10.4
20103,6.9406e-05,-0.008,10.4
20104,6.940800000000001e-05,-0.008,10.4
20105,6.941e-05,0.0,10.4
20106,6.9412e-05,-0.008,10.4
20107,6.941400000000001e-05,0.0,9.6
20108,6.9416e-05,-0.008,10.4
20109,6.9418e-05,0.0,9.6
20110,6.942000000000001e-05,-0.008,9.6
20111,6.9422e-05,-0.008,9.6
20112,6.9424e-05,-0.008,9.6
20113,6.942600000000001e-05,0.0,9.6
20114,6.9428e-05,-0.008,9.6
20115,6.943e-05,-0.008,9.6
20116,6.943200000000001e-05,0.0,9.6
20117,6.9434e-05,0.0,9.6
20118,6.9436e-05,-0.008,8.8
20119,6.943800000000001e-05,-0.008,9.6
20120,6.944e-05,-0.008,9.6
20121,6.9442e-05,0.0,8.8
20122,6.944400000000001e-05,-0.008,8.8
20123,6.9446e-05,0.0,8.8
20124,6.9448e-05,-0.008,8.8
20125,6.945000000000001e-05,0.0,8.8
20126,6.9452e-05,-0.008,8.8
20127,6.9454e-05,-0.008,8.8
20128,6.945600000000001e-05,-0.008,8.8
20129,6.9458e-05,0.0,8.8
20130,6.946e-05,0.0,8.8
20131,6.946200000000001e-05,0.0,8.8
20132,6.9464e-05,-0.008,8.8
20133,6.9466e-05,0.0,8.8
20134,6.9468e-05,-0.008,8.0
20135,6.947000000000001e-05,0.0,8.8
20136,6.9472e-05,-0.008,8.8
20137,6.9474e-05,0.0,8.8
20138,6.947600000000001e-05,-0.008,8.0
20139,6.9478e-05,0.0,8.0
20140,6.948e-05,-0.008,8.8
20141,6.948200000000001e-05,0.0,8.0
20142,6.9484e-05,-0.008,8.0
20143,6.9486e-05,0.0,8.0
20144,6.948800000000001e-05,-0.008,8.0
20145,6.949e-05,0.0,8.0
20146,6.9492e-05,0.0,8.0
20147,6.949400000000001e-05,0.0,8.0
20148,6.9496e-05,0.0,8.0
20149,6.9498e-05,0.0,8.0
20150,6.950000000000001e-05,-0.008,8.0
20151,6.9502e-05,0.0,8.0
20152,6.9504e-05,-0.008,8.0
20153,6.950600000000001e-05,0.0,8.0
20154,6.9508e-05,0.0,8.0
20155,6.951e-05,0.0,8.0
20156,6.951200000000001e-05,-0.008,8.0
20157,6.9514e-05,0.0,8.0
20158,6.9516e-05,0.0,8.0
20159,6.951800000000001e-05,0.0,8.0
20160,6.952e-05,-0.008,8.0
20161,6.9522e-05,0.0,8.0
20162,6.952400000000001e-05,0.0,8.0
20163,6.9526e-05,0.0,8.0
20164,6.9528e-05,0.0,8.0
20165,6.953000000000001e-05,0.0,8.0
20166,6.9532e-05,0.0,8.0
20167,6.9534e-05,0.0,8.0
20168,6.9536e-05,0.0,8.0
20169,6.953800000000001e-05,0.0,8.0
20170,6.954e-05,0.0,8.0
20171,6.9542e-05,0.0,8.0
20172,6.954400000000001e-05,0.0,8.0
20173,6.9546e-05,0.0,8.0
20174,6.9548e-05,0.0,8.0
20175,6.955000000000001e-05,0.0,8.0
20176,6.9552e-05,0.0,8.0
20177,6.9554e-05,0.0,8.0
20178,6.955600000000001e-05,0.0,8.0
20179,6.9558e-05,0.0,8.0
20180,6.956e-05,0.0,8.0
20181,6.956200000000001e-05,0.008,8.0
20182,6.9564e-05,0.0,8.0
20183,6.9566e-05,0.0,8.0
20184,6.956800000000001e-05,-0.008,8.0
20185,6.957e-05,0.0,8.0
20186,6.9572e-05,0.0,8.0
20187,6.957400000000001e-05,0.0,8.0
20188,6.9576e-05,0.0,8.0
20189,6.9578e-05,0.0,8.0
20190,6.958000000000001e-05,0.0,8.0
20191,6.9582e-05,0.0,8.0
20192,6.9584e-05,0.0,8.8
20193,6.958600000000001e-05,0.0,8.8
20194,6.9588e-05,0.0,8.0
20195,6.959e-05,0.0,8.8
20196,6.959200000000001e-05,0.0,8.8
20197,6.9594e-05,0.0,8.8
20198,6.9596e-05,0.0,8.0
20199,6.959800000000001e-05,0.0,8.8
20200,6.96e-05,0.0,8.8
20201,6.9602e-05,0.0,8.8
20202,6.9604e-05,0.0,8.8
20203,6.960600000000001e-05,0.0,8.8
20204,6.9608e-05,0.0,8.8
20205,6.961e-05,0.0,8.8
20206,6.961200000000001e-05,0.0,8.8
20207,6.9614e-05,0.0,8.8
20208,6.9616e-05,0.0,8.8
20209,6.961800000000001e-05,0.0,8.8
20210,6.962e-05,0.0,8.8
20211,6.9622e-05,0.0,8.8
20212,6.962400000000001e-05,0.0,9.6
20213,6.9626e-05,0.0,9.6
20214,6.9628e-05,0.0,8.8
20215,6.963000000000001e-05,0.0,9.6
20216,6.9632e-05,0.0,9.6
20217,6.9634e-05,0.0,9.6
20218,6.963600000000001e-05,0.0,9.6
20219,6.9638e-05,0.0,9.6
20220,6.964e-05,0.0,9.6
20221,6.964200000000001e-05,0.008,9.6
20222,6.9644e-05,0.0,9.6
20223,6.9646e-05,0.0,10.4
20224,6.964800000000001e-05,0.0,10.4
20225,6.965e-05,0.0,10.4
20226,6.9652e-05,0.0,10.4
20227,6.965400000000001e-05,0.0,10.4
20228,6.9656e-05,0.0,10.4
20229,6.9658e-05,0.0,10.4
20230,6.966000000000001e-05,0.0,10.4
20231,6.9662e-05,0.0,10.4
20232,6.9664e-05,0.0,11.2
20233,6.966600000000001e-05,0.0,11.2
20234,6.9668e-05,0.0,10.4
20235,6.967e-05,0.0,11.2
20236,6.9672e-05,0.0,11.2
20237,6.967400000000001e-05,0.0,11.2
20238,6.9676e-05,0.0,11.2
20239,6.9678e-05,0.0,11.2
20240,6.968000000000001e-05,0.0,12.0
20241,6.9682e-05,0.008,12.0
20242,6.9684e-05,0.0,12.0
20243,6.968600000000001e-05,0.0,12.0
20244,6.9688e-05,0.0,12.0
20245,6.969e-05,0.0,12.0
20246,6.969200000000001e-05,0.0,12.0
20247,6.9694e-05,0.0,12.0
20248,6.9696e-05,0.0,13.6
20249,6.969800000000001e-05,0.0,13.6
20250,6.97e-05,0.0,13.6
20251,6.9702e-05,0.0,13.6
20252,6.970400000000001e-05,0.0,13.6
20253,6.9706e-05,0.0,13.6
20254,6.9708e-05,0.0,13.6
20255,6.971000000000001e-05,0.0,14.4
20256,6.9712e-05,0.0,14.4
20257,6.9714e-05,0.008,14.4
20258,6.971600000000001e-05,0.0,14.4
20259,6.9718e-05,0.0,14.4
20260,6.972e-05,0.0,14.4
20261,6.972200000000001e-05,0.0,14.4
20262,6.9724e-05,0.0,14.4
20263,6.9726e-05,0.0,15.2
20264,6.972800000000001e-05,0.0,15.2
20265,6.973e-05,0.0,15.2
20266,6.9732e-05,0.0,15.2
20267,6.973400000000001e-05,0.0,15.2
20268,6.9736e-05,0.0,16.0
20269,6.9738e-05,0.0,16.0
20270,6.974e-05,0.0,16.0
20271,6.974200000000001e-05,0.0,16.0
20272,6.9744e-05,0.0,16.0
20273,6.9746e-05,0.0,16.8
20274,6.974800000000001e-05,0.0,16.0
20275,6.975e-05,0.0,16.8
20276,6.9752e-05,-0.008,16.8
20277,6.975400000000001e-05,0.0,16.8
20278,6.9756e-05,0.0,16.8
20279,6.9758e-05,0.0,17.6
20280,6.976000000000001e-05,0.0,17.6
20281,6.9762e-05,0.008,17.6
20282,6.9764e-05,0.0,17.6
20283,6.976600000000001e-05,0.0,17.6
20284,6.9768e-05,0.0,18.4
20285,6.977e-05,0.0,18.4
20286,6.977200000000001e-05,0.0,18.4
20287,6.9774e-05,0.0,18.4
20288,6.9776e-05,0.0,18.4
20289,6.977800000000001e-05,0.008,19.2
20290,6.978e-05,0.0,19.2
20291,6.9782e-05,0.0,19.2
20292,6.978400000000001e-05,0.0,19.2
20293,6.9786e-05,0.0,19.2
20294,6.9788e-05,0.0,19.2
20295,6.979000000000001e-05,0.0,20.0
20296,6.9792e-05,0.0,20.0
20297,6.9794e-05,0.0,20.0
20298,6.979600000000001e-05,0.0,20.0
20299,6.9798e-05,0.0,20.0
20300,6.98e-05,-0.008,20.8
20301,6.980200000000001e-05,0.0,20.8
20302,6.9804e-05,0.0,20.8
20303,6.9806e-05,0.0,20.8
20304,6.9808e-05,0.0,20.8
20305,6.981000000000001e-05,0.0,21.6
20306,6.9812e-05,0.0,21.6
20307,6.9814e-05,0.0,21.6
20308,6.981600000000001e-05,-0.008,21.6
20309,6.9818e-05,0.0,21.6
20310,6.982e-05,0.0,21.6
20311,6.982200000000001e-05,0.0,22.4
20312,6.9824e-05,0.0,22.4
20313,6.9826e-05,0.0,22.4
20314,6.982800000000001e-05,0.0,22.4
20315,6.983e-05,0.0,23.2
20316,6.9832e-05,-0.008,23.2
20317,6.983400000000001e-05,0.0,23.2
20318,6.9836e-05,0.0,23.2
20319,6.9838e-05,0.0,23.2
20320,6.984000000000001e-05,-0.008,23.2
20321,6.9842e-05,0.008,24.0
20322,6.9844e-05,0.0,24.0
20323,6.984600000000001e-05,0.0,24.0
20324,6.9848e-05,-0.008,24.0
20325,6.985e-05,0.0,24.0
20326,6.985200000000001e-05,0.0,24.0
20327,6.9854e-05,0.0,25.6
20328,6.9856e-05,-0.008,25.6
20329,6.985800000000001e-05,0.0,25.6
20330,6.986e-05,0.0,25.6
20331,6.9862e-05,0.0,25.6
20332,6.986400000000001e-05,-0.008,25.6
20333,6.9866e-05,0.0,26.4
20334,6.9868e-05,-0.008,26.4
20335,6.987000000000001e-05,0.0,26.4
20336,6.9872e-05,0.0,26.4
20337,6.9874e-05,0.0,26.4
20338,6.9876e-05,-0.008,26.4
20339,6.9878e-05,0.0,26.4
20340,6.988e-05,-0.008,27.2
20341,6.9882e-05,0.0,27.2
20342,6.988400000000001e-05,-0.008,27.2
20343,6.9886e-05,0.0,27.2
20344,6.9888e-05,-0.008,27.2
20345,6.989000000000001e-05,0.0,27.2
20346,6.9892e-05,-0.008,27.2
20347,6.9894e-05,0.0,27.2
20348,6.989600000000001e-05,-0.008,28.0
20349,6.9898e-05,0.0,28.0
20350,6.99e-05,-0.008,28.0
20351,6.990200000000001e-05,-0.008,28.0
20352,6.9904e-05,-0.008,28.0
20353,6.9906e-05,0.0,28.0
20354,6.990800000000001e-05,0.0,28.0
20355,6.991e-05,-0.008,28.0
20356,6.9912e-05,-0.008,28.0
20357,6.991400000000001e-05,0.0,28.0
20358,6.9916e-05,-0.008,28.0
20359,6.9918e-05,0.0,28.8
20360,6.992000000000001e-05,-0.008,28.8
20361,6.9922e-05,0.0,28.8
20362,6.9924e-05,-0.008,28.8
20363,6.992600000000001e-05,-0.008,28.8
20364,6.9928e-05,-0.008,28.8
20365,6.993e-05,0.0,28.8
20366,6.993200000000001e-05,-0.008,28.8
20367,6.9934e-05,-0.008,28.8
20368,6.9936e-05,-0.008,28.8
20369,6.993800000000001e-05,0.0,28.8
20370,6.994e-05,-0.008,28.8
20371,6.9942e-05,0.0,28.8
20372,6.9944e-05,-0.008,28.8
20373,6.9946e-05,0.0,28.8
20374,6.9948e-05,-0.008,28.8
20375,6.995e-05,-0.008,28.8
20376,6.995200000000001e-05,-0.008,28.8
20377,6.9954e-05,0.0,28.8
20378,6.9956e-05,-0.008,28.8
20379,6.995800000000001e-05,-0.008,28.8
20380,6.996e-05,-0.008,28.8
20381,6.9962e-05,0.0,28.8
20382,6.996400000000001e-05,-0.008,28.8
20383,6.9966e-05,-0.008,28.8
20384,6.9968e-05,-0.008,28.8
20385,6.997000000000001e-05,0.0,28.8
20386,6.9972e-05,-0.008,28.8
20387,6.9974e-05,-0.008,28.8
20388,6.997600000000001e-05,-0.008,28.8
20389,6.9978e-05,0.0,28.8
20390,6.998e-05,-0.008,28.8
20391,6.998200000000001e-05,-0.008,28.8
20392,6.9984e-05,-0.008,28.8
20393,6.9986e-05,0.0,28.8
20394,6.998800000000001e-05,-0.008,28.8
20395,6.999e-05,-0.008,28.8
20396,6.9992e-05,-0.008,28.8
20397,6.999400000000001e-05,0.0,28.8
20398,6.9996e-05,-0.008,28.0
20399,6.9998e-05,-0.008,28.8
20400,7.000000000000001e-05,-0.008,28.8
20401,7.0002e-05,0.0,28.0
20402,7.0004e-05,-0.008,28.0
20403,7.000600000000001e-05,-0.008,28.0
20404,7.0008e-05,-0.008,28.0
20405,7.001e-05,0.0,28.0
20406,7.0012e-05,-0.008,28.0
20407,7.0014e-05,-0.008,28.0
20408,7.0016e-05,-0.008,28.0
20409,7.0018e-05,0.0,28.0
20410,7.002000000000001e-05,-0.008,27.2
20411,7.0022e-05,-0.008,27.2
20412,7.0024e-05,-0.008,27.2
20413,7.002600000000001e-05,0.0,27.2
20414,7.0028e-05,-0.008,27.2
20415,7.003e-05,-0.008,27.2
20416,7.003200000000001e-05,-0.008,27.2
20417,7.0034e-05,0.0,27.2
20418,7.0036e-05,-0.008,26.4
20419,7.003800000000001e-05,-0.008,26.4
20420,7.004e-05,-0.008,26.4
20421,7.0042e-05,0.0,26.4
20422,7.004400000000001e-05,-0.008,26.4
20423,7.0046e-05,-0.008,26.4
20424,7.0048e-05,-0.008,26.4
20425,7.005000000000001e-05,0.0,26.4
20426,7.0052e-05,-0.008,25.6
20427,7.0054e-05,-0.008,25.6
20428,7.005600000000001e-05,-0.008,25.6
20429,7.0058e-05,0.0,25.6
20430,7.006e-05,-0.008,25.6
20431,7.006200000000001e-05,-0.008,25.6
20432,7.0064e-05,-0.008,25.6
20433,7.0066e-05,0.0,24.0
20434,7.006800000000001e-05,-0.008,24.0
20435,7.007e-05,-0.008,24.0
20436,7.0072e-05,-0.008,24.0
20437,7.007400000000001e-05,-0.008,24.0
20438,7.0076e-05,-0.008,23.2
20439,7.0078e-05,-0.008,23.2
20440,7.008e-05,-0.008,23.2
20441,7.0082e-05,0.0,23.2
20442,7.0084e-05,-0.008,23.2
20443,7.0086e-05,-0.008,23.2
20444,7.008800000000001e-05,-0.008,23.2
20445,7.009e-05,0.0,22.4
20446,7.0092e-05,-0.008,22.4
20447,7.009400000000001e-05,-0.008,22.4
20448,7.0096e-05,-0.008,22.4
20449,7.0098e-05,0.0,22.4
20450,7.010000000000001e-05,-0.008,21.6
20451,7.0102e-05,-0.008,21.6
20452,7.0104e-05,-0.008,21.6
20453,7.010600000000001e-05,0.0,21.6
20454,7.0108e-05,-0.008,21.6
20455,7.011e-05,-0.008,20.8
20456,7.011200000000001e-05,-0.008,20.8
20457,7.0114e-05,-0.008,20.8
20458,7.0116e-05,-0.008,20.8
20459,7.011800000000001e-05,-0.008,20.8
20460,7.012e-05,-0.008,20.8
20461,7.0122e-05,-0.008,20.0
20462,7.012400000000001e-05,-0.008,20.0
20463,7.0126e-05,-0.008,20.0
20464,7.0128e-05,-0.008,20.0
20465,7.013000000000001e-05,0.0,20.0
20466,7.0132e-05,-0.008,19.2
20467,7.0134e-05,-0.008,19.2
20468,7.013600000000001e-05,-0.008,19.2
20469,7.0138e-05,0.0,19.2
20470,7.014e-05,-0.008,19.2
20471,7.014200000000001e-05,-0.008,18.4
20472,7.0144e-05,-0.008,18.4
20473,7.0146e-05,0.0,18.4
20474,7.0148e-05,-0.008,18.4
20475,7.015e-05,-0.008,18.4
20476,7.0152e-05,-0.008,18.4
20477,7.0154e-05,0.0,17.6
20478,7.015600000000001e-05,-0.008,17.6
20479,7.0158e-05,-0.008,17.6
20480,7.016e-05,-0.008,17.6
20481,7.016200000000001e-05,0.0,17.6
20482,7.0164e-05,-0.008,17.6
20483,7.0166e-05,-0.008,16.8
20484,7.016800000000001e-05,-0.008,16.8
20485,7.017e-05,0.0,16.8
20486,7.0172e-05,-0.008,16.8
20487,7.017400000000001e-05,-0.008,16.8
20488,7.0176e-05,-0.008,16.8
20489,7.0178e-05,0.0,16.0
20490,7.018000000000001e-05,-0.008,16.0
20491,7.0182e-05,-0.008,16.0
20492,7.0184e-05,-0.008,16.0
20493,7.018600000000001e-05,0.0,16.0
20494,7.0188e-05,-0.008,15.2
20495,7.019e-05,-0.008,16.0
20496,7.019200000000001e-05,-0.008,15.2
20497,7.0194e-05,0.0,15.2
20498,7.0196e-05,-0.008,15.2
20499,7.019800000000001e-05,-0.008,15.2
20500,7.02e-05,-0.008,15.2
20501,7.0202e-05,0.0,14.4
20502,7.020400000000001e-05,-0.008,14.4
20503,7.0206e-05,-0.008,14.4
20504,7.0208e-05,-0.008,14.4
20505,7.021000000000001e-05,0.0,14.4
20506,7.0212e-05,-0.008,14.4
20507,7.0214e-05,0.0,13.6
20508,7.0216e-05,-0.008,14.4
20509,7.0218e-05,0.0,13.6
20510,7.022e-05,-0.008,13.6
20511,7.0222e-05,-0.008,13.6
20512,7.022400000000001e-05,-0.008,13.6
20513,7.0226e-05,0.0,13.6
20514,7.0228e-05,-0.008,12.0
20515,7.023000000000001e-05,-0.008,13.6
20516,7.0232e-05,-0.008,12.0
20517,7.0234e-05,0.0,12.0
20518,7.023600000000001e-05,-0.008,12.0
20519,7.0238e-05,-0.008,12.0
20520,7.024e-05,-0.008,12.0
20521,7.024200000000001e-05,0.0,12.0
20522,7.0244e-05,-0.008,12.0
20523,7.0246e-05,-0.008,12.0
20524,7.024800000000001e-05,-0.008,12.0
20525,7.025e-05,0.0,11.2
20526,7.0252e-05,-0.008,11.2
20527,7.025400000000001e-05,-0.008,11.2
20528,7.0256e-05,-0.008,11.2
20529,7.0258e-05,0.0,11.2
20530,7.026000000000001e-05,-0.008,11.2
20531,7.0262e-05,-0.008,11.2
20532,7.0264e-05,-0.008,11.2
20533,7.026600000000001e-05,0.0,11.2
20534,7.0268e-05,-0.008,10.4
20535,7.027e-05,0.0,10.4
20536,7.027200000000001e-05,-0.008,10.4
20537,7.0274e-05,0.0,10.4
20538,7.0276e-05,-0.008,10.4
20539,7.027800000000001e-05,0.0,10.4
20540,7.028e-05,-0.008,10.4
20541,7.0282e-05,0.0,10.4
20542,7.0284e-05,-0.008,10.4
20543,7.0286e-05,-0.008,10.4
20544,7.0288e-05,-0.008,10.4
20545,7.029e-05,0.0,10.4
20546,7.029200000000001e-05,-0.008,9.6
20547,7.0294e-05,-0.008,9.6
20548,7.0296e-05,-0.008,9.6
20549,7.029800000000001e-05,0.0,9.6
20550,7.03e-05,-0.008,9.6
20551,7.0302e-05,-0.008,9.6
20552,7.030400000000001e-05,-0.008,9.6
20553,7.0306e-05,0.0,9.6
20554,7.0308e-05,-0.008,9.6
20555,7.031000000000001e-05,-0.008,9.6
20556,7.0312e-05,-0.008,9.6
20557,7.0314e-05,0.0,9.6
20558,7.031600000000001e-05,-0.008,9.6
20559,7.0318e-05,-0.008,9.6
20560,7.032e-05,-0.008,9.6
20561,7.032200000000001e-05,0.0,9.6
20562,7.0324e-05,-0.008,8.8
20563,7.0326e-05,0.0,9.6
20564,7.032800000000001e-05,-0.008,9.6
20565,7.033e-05,0.0,9.6
20566,7.0332e-05,-0.008,8.8
20567,7.033400000000001e-05,0.0,8.8
20568,7.0336e-05,-0.008,8.8
20569,7.0338e-05,0.0,8.8
20570,7.034000000000001e-05,-0.008,8.8
20571,7.0342e-05,0.0,8.8
20572,7.0344e-05,-0.008,8.8
20573,7.034600000000001e-05,0.0,8.8
20574,7.0348e-05,-0.008,8.8
20575,7.035e-05,-0.008,8.8
20576,7.0352e-05,-0.008,8.8
20577,7.0354e-05,0.0,8.8
20578,7.0356e-05,0.0,8.8
20579,7.0358e-05,0.0,8.8
20580,7.036000000000001e-05,-0.008,8.8
20581,7.0362e-05,0.0,8.8
20582,7.0364e-05,-0.008,8.8
20583,7.036600000000001e-05,0.0,8.8
20584,7.0368e-05,0.0,8.8
20585,7.037e-05,0.0,8.8
20586,7.037200000000001e-05,0.0,8.8
20587,7.0374e-05,0.0,8.8
20588,7.0376e-05,-0.008,8.8
20589,7.037800000000001e-05,0.0,8.8
20590,7.038e-05,-0.008,8.8
20591,7.0382e-05,0.0,8.8
20592,7.038400000000001e-05,-0.008,8.8
20593,7.0386e-05,0.0,8.8
20594,7.0388e-05,0.0,8.8
20595,7.039000000000001e-05,0.0,8.8
20596,7.0392e-05,-0.008,8.8
20597,7.0394e-05,0.0,8.8
20598,7.039600000000001e-05,0.0,8.8
20599,7.0398e-05,0.0,8.8
20600,7.04e-05,-0.008,8.8
20601,7.040200000000001e-05,0.0,8.8
20602,7.0404e-05,0.0,8.8
20603,7.0406e-05,0.0,8.8
20604,7.040800000000001e-05,-0.008,8.8
20605,7.041e-05,0.0,8.8
20606,7.0412e-05,0.0,8.8
20607,7.041400000000001e-05,0.0,8.8
20608,7.0416e-05,-0.008,8.8
20609,7.0418e-05,0.0,8.8
20610,7.042000000000001e-05,0.0,8.8
20611,7.0422e-05,0.0,8.8
20612,7.0424e-05,-0.008,8.8
20613,7.0426e-05,0.0,8.8
20614,7.042800000000001e-05,-0.008,8.8
20615,7.043e-05,0.0,8.8
20616,7.0432e-05,0.0,8.8
20617,7.043400000000001e-05,0.0,8.8
20618,7.0436e-05,0.0,8.8
20619,7.0438e-05,0.0,8.8
20620,7.044000000000001e-05,-0.008,9.6
20621,7.0442e-05,0.0,8.8
20622,7.0444e-05,0.0,8.8
20623,7.044600000000001e-05,0.0,9.6
20624,7.0448e-05,0.0,9.6
20625,7.045e-05,0.0,9.6
20626,7.045200000000001e-05,0.0,8.8
20627,7.0454e-05,0.0,9.6
20628,7.0456e-05,0.0,9.6
20629,7.045800000000001e-05,0.0,9.6
20630,7.046e-05,-0.008,9.6
20631,7.0462e-05,0.0,9.6
20632,7.046400000000001e-05,-0.008,9.6
20633,7.0466e-05,0.0,9.6
20634,7.0468e-05,0.0,9.6
20635,7.047000000000001e-05,0.0,9.6
20636,7.0472e-05,0.0,9.6
20637,7.0474e-05,0.0,9.6
20638,7.047600000000001e-05,0.0,9.6
20639,7.0478e-05,0.0,10.4
20640,7.048e-05,-0.008,10.4
20641,7.048200000000001e-05,0.0,10.4
20642,7.0484e-05,0.0,10.4
20643,7.0486e-05,0.0,10.4
20644,7.048800000000001e-05,0.0,10.4
20645,7.049e-05,0.0,10.4
20646,7.0492e-05,0.0,10.4
20647,7.0494e-05,0.0,10.4
20648,7.049600000000001e-05,0.0,10.4
20649,7.0498e-05,0.0,10.4
20650,7.05e-05,0.0,11.2
20651,7.050200000000001e-05,0.0,10.4
20652,7.0504e-05,0.0,11.2
20653,7.0506e-05,0.0,11.2
20654,7.050800000000001e-05,0.0,11.2
20655,7.051e-05,0.0,11.2
20656,7.0512e-05,0.0,11.2
20657,7.051400000000001e-05,0.0,11.2
20658,7.0516e-05,0.0,11.2
20659,7.0518e-05,0.0,11.2
20660,7.052000000000001e-05,0.0,12.0
20661,7.0522e-05,0.008,11.2
20662,7.0524e-05,0.0,12.0
20663,7.052600000000001e-05,0.0,12.0
20664,7.0528e-05,0.0,12.0
20665,7.053e-05,0.0,12.0
20666,7.053200000000001e-05,0.0,12.0
20667,7.0534e-05,0.0,12.0
20668,7.0536e-05,0.0,12.0
20669,7.053800000000001e-05,0.0,12.0
20670,7.054e-05,0.0,13.6
20671,7.0542e-05,0.0,13.6
20672,7.054400000000001e-05,-0.008,13.6
20673,7.0546e-05,0.0,13.6
20674,7.0548e-05,0.0,13.6
20675,7.055000000000001e-05,0.0,13.6
20676,7.0552e-05,0.0,13.6
20677,7.0554e-05,0.0,14.4
20678,7.055600000000001e-05,-0.008,13.6
20679,7.0558e-05,0.0,14.4
20680,7.056e-05,0.0,14.4
20681,7.0562e-05,0.0,14.4
20682,7.056400000000001e-05,0.0,14.4
20683,7.0566e-05,0.0,14.4
20684,7.0568e-05,-0.008,15.2
20685,7.057000000000001e-05,0.0,15.2
20686,7.0572e-05,-0.008,15.2
20687,7.0574e-05,0.0,15.2
20688,7.057600000000001e-05,0.0,15.2
20689,7.0578e-05,0.008,15.2
20690,7.058e-05,0.0,15.2
20691,7.058200000000001e-05,0.0,15.2
20692,7.0584e-05,-0.008,16.0
20693,7.0586e-05,0.0,16.0
20694,7.058800000000001e-05,0.0,16.0
20695,7.059e-05,0.0,16.0
20696,7.0592e-05,0.0,16.0
20697,7.059400000000001e-05,0.0,16.0
20698,7.0596e-05,0.0,16.0
20699,7.0598e-05,0.0,16.8
20700,7.060000000000001e-05,-0.008,16.8
20701,7.0602e-05,0.0,16.8
20702,7.0604e-05,-0.008,16.8
20703,7.060600000000001e-05,0.0,17.6
20704,7.0608e-05,0.0,16.8
20705,7.061e-05,0.0,17.6
20706,7.061200000000001e-05,0.0,17.6
20707,7.0614e-05,0.0,17.6
20708,7.0616e-05,-0.008,17.6
20709,7.061800000000001e-05,0.0,17.6
20710,7.062e-05,0.0,17.6
20711,7.0622e-05,0.0,18.4
20712,7.062400000000001e-05,0.0,18.4
20713,7.0626e-05,0.0,18.4
20714,7.0628e-05,0.0,18.4
20715,7.063e-05,0.0,18.4
20716,7.063200000000001e-05,0.0,19.2
20717,7.0634e-05,0.0,19.2
20718,7.0636e-05,-0.008,19.2
20719,7.063800000000001e-05,0.0,19.2
20720,7.064e-05,0.0,19.2
20721,7.0642e-05,0.008,19.2
20722,7.064400000000001e-05,-0.008,20.0
20723,7.0646e-05,0.0,20.0
20724,7.0648e-05,0.0,20.0
20725,7.065000000000001e-05,0.0,20.0
20726,7.0652e-05,0.0,20.0
20727,7.0654e-05,0.0,20.0
20728,7.065600000000001e-05,0.0,20.8
20729,7.0658e-05,0.0,20.8
20730,7.066e-05,0.0,20.8
20731,7.066200000000001e-05,0.0,20.8
20732,7.0664e-05,-0.008,20.8
20733,7.0666e-05,0.0,20.8
20734,7.066800000000001e-05,0.0,20.8
20735,7.067e-05,0.0,21.6
20736,7.0672e-05,-0.008,21.6
20737,7.067400000000001e-05,0.0,21.6
20738,7.0676e-05,0.0,21.6
20739,7.0678e-05,0.0,21.6
20740,7.068000000000001e-05,-0.008,22.4
20741,7.0682e-05,0.0,22.4
20742,7.0684e-05,-0.008,22.4
20743,7.068600000000001e-05,0.0,22.4
20744,7.0688e-05,-0.008,22.4
20745,7.069e-05,0.0,22.4
20746,7.069200000000001e-05,0.0,22.4
20747,7.0694e-05,0.0,23.2
20748,7.0696e-05,-0.008,23.2
20749,7.0698e-05,0.0,23.2
20750,7.070000000000001e-05,0.0,23.2
20751,7.0702e-05,0.0,23.2
20752,7.0704e-05,-0.008,23.2
20753,7.070600000000001e-05,0.0,24.0
20754,7.0708e-05,0.0,24.0
20755,7.071e-05,0.0,24.0
20756,7.071200000000001e-05,-0.008,24.0
20757,7.0714e-05,0.0,24.0
20758,7.0716e-05,-0.008,24.0
20759,7.071800000000001e-05,0.0,24.0
20760,7.072e-05,-0.008,25.6
20761,7.0722e-05,0.0,25.6
20762,7.072400000000001e-05,0.0,25.6
20763,7.0726e-05,0.0,25.6
20764,7.0728e-05,-0.008,25.6
20765,7.073000000000001e-05,0.0,25.6
20766,7.0732e-05,-0.008,25.6
20767,7.0734e-05,-0.008,25.6
20768,7.073600000000001e-05,-0.008,25.6
20769,7.0738e-05,0.0,26.4
20770,7.074e-05,-0.008,26.4
20771,7.074200000000001e-05,0.0,26.4
20772,7.0744e-05,-0.008,26.4
20773,7.0746e-05,0.0,26.4
20774,7.074800000000001e-05,-0.008,26.4
20775,7.075e-05,-0.008,26.4
20776,7.0752e-05,-0.008,26.4
20777,7.075400000000001e-05,0.0,27.2
20778,7.0756e-05,-0.008,26.4
20779,7.0758e-05,-0.008,27.2
20780,7.076000000000001e-05,-0.008,27.2
20781,7.0762e-05,0.0,27.2
20782,7.0764e-05,-0.008,27.2
20783,7.0766e-05,-0.008,27.2
20784,7.076800000000001e-05,-0.008,27.2
20785,7.077e-05,0.0,27.2
20786,7.0772e-05,-0.008,27.2
20787,7.077400000000001e-05,-0.008,27.2
20788,7.0776e-05,-0.008,27.2
20789,7.0778e-05,0.0,27.2
20790,7.078000000000001e-05,-0.008,27.2
20791,7.0782e-05,0.0,27.2
20792,7.0784e-05,-0.008,27.2
20793,7.078600000000001e-05,0.0,27.2
20794,7.0788e-05,-0.008,27.2
20795,7.079e-05,-0.008,27.2
20796,7.079200000000001e-05,-0.008,28.0
20797,7.0794e-05,0.0,28.0
20798,7.0796e-05,-0.008,27.2
20799,7.079800000000001e-05,-0.008,28.0
20800,7.08e-05,-0.008,28.0
20801,7.0802e-05,0.0,28.0
20802,7.080400000000001e-05,-0.008,28.0
20803,7.0806e-05,-0.008,28.0
20804,7.0808e-05,-0.008,28.0
20805,7.081000000000001e-05,0.0,28.0
20806,7.0812e-05,-0.008,27.2
20807,7.0814e-05,-0.008,28.0
20808,7.081600000000001e-05,-0.008,28.0
20809,7.0818e-05,0.0,28.0
20810,7.082e-05,-0.008,28.0
20811,7.082200000000001e-05,-0.008,28.0
20812,7.0824e-05,-0.008,28.0
20813,7.0826e-05,0.0,27.2
20814,7.082800000000001e-05,-0.008,27.2
20815,7.083e-05,-0.008,27.2
20816,7.0832e-05,-0.008,27.2
20817,7.0834e-05,0.0,27.2
20818,7.083600000000001e-05,-0.008,27.2
20819,7.0838e-05,-0.008,27.2
20820,7.084e-05,-0.008,27.2
20821,7.084200000000001e-05,0.0,27.2
20822,7.0844e-05,-0.008,27.2
20823,7.0846e-05,-0.008,27.2
20824,7.084800000000001e-05,-0.008,27.2
20825,7.085e-05,-0.008,27.2
20826,7.0852e-05,-0.008,27.2
20827,7.085400000000001e-05,-0.008,27.2
20828,7.0856e-05,-0.008,27.2
20829,7.0858e-05,0.0,27.2
20830,7.086000000000001e-05,-0.008,26.4
20831,7.0862e-05,-0.008,26.4
20832,7.0864e-05,-0.008,26.4
20833,7.086600000000001e-05,0.0,26.4
20834,7.0868e-05,-0.008,26.4
20835,7.087e-05,-0.008,26.4
20836,7.087200000000001e-05,-0.008,26.4
20837,7.0874e-05,0.0,26.4
20838,7.0876e-05,-0.008,26.4
20839,7.087800000000001e-05,-0.008,26.4
20840,7.088e-05,-0.008,26.4
20841,7.0882e-05,0.0,26.4
20842,7.088400000000001e-05,-0.008,25.6
20843,7.0886e-05,-0.008,25.6
20844,7.0888e-05,-0.008,25.6
20845,7.089000000000001e-05,0.0,25.6
20846,7.0892e-05,-0.008,25.6
20847,7.0894e-05,-0.008,25.6
20848,7.089600000000001e-05,-0.008,25.6
20849,7.0898e-05,0.0,25.6
20850,7.09e-05,-0.008,24.0
20851,7.0902e-05,-0.008,24.0
20852,7.090400000000001e-05,-0.008,24.0
20853,7.0906e-05,0.0,24.0
20854,7.0908e-05,-0.008,24.0
20855,7.091000000000001e-05,-0.008,24.0
20856,7.0912e-05,-0.008,24.0
20857,7.0914e-05,0.0,24.0
20858,7.091600000000001e-05,-0.008,23.2
20859,7.0918e-05,-0.008,23.2
20860,7.092e-05,-0.008,23.2
20861,7.092200000000001e-05,0.0,23.2
20862,7.0924e-05,-0.008,23.2
20863,7.0926e-05,-0.008,23.2
20864,7.092800000000001e-05,-0.008,23.2
20865,7.093e-05,0.0,22.4
20866,7.0932e-05,-0.008,22.4
20867,7.093400000000001e-05,-0.008,22.4
20868,7.0936e-05,-0.008,22.4
20869,7.0938e-05,0.0,22.4
20870,7.094000000000001e-05,-0.008,22.4
20871,7.0942e-05,-0.008,21.6
20872,7.0944e-05,-0.008,21.6
20873,7.094600000000001e-05,0.0,21.6
20874,7.0948e-05,-0.008,21.6
20875,7.095e-05,-0.008,21.6
20876,7.095200000000001e-05,-0.008,21.6
20877,7.0954e-05,0.0,21.6
20878,7.0956e-05,-0.008,20.8
20879,7.095800000000001e-05,-0.008,20.8
20880,7.096e-05,-0.008,20.8
20881,7.0962e-05,0.0,20.8
20882,7.096400000000001e-05,-0.008,20.8
20883,7.0966e-05,-0.008,20.0
20884,7.0968e-05,-0.008,20.0
20885,7.097e-05,-0.008,20.0
20886,7.097200000000001e-05,-0.008,20.0
20887,7.0974e-05,-0.008,20.0
20888,7.0976e-05,-0.008,20.0
20889,7.097800000000001e-05,0.0,20.0
20890,7.098e-05,-0.008,19.2
20891,7.0982e-05,-0.008,19.2
20892,7.098400000000001e-05,-0.008,19.2
20893,7.0986e-05,0.0,19.2
20894,7.0988e-05,-0.008,19.2
20895,7.099000000000001e-05,-0.008,19.2
20896,7.0992e-05,-0.008,18.4
20897,7.0994e-05,0.0,18.4
20898,7.099600000000001e-05,-0.008,18.4
20899,7.0998e-05,-0.008,18.4
20900,7.1e-05,-0.008,18.4
20901,7.100200000000001e-05,0.0,18.4
20902,7.1004e-05,-0.008,17.6
20903,7.1006e-05,-0.008,18.4
20904,7.100800000000001e-05,-0.008,17.6
20905,7.101e-05,0.0,17.6
20906,7.1012e-05,-0.008,17.6
20907,7.101400000000001e-05,-0.008,17.6
20908,7.1016e-05,-0.008,17.6
20909,7.1018e-05,0.0,16.8
20910,7.102000000000001e-05,-0.008,16.8
20911,7.1022e-05,-0.008,16.8
20912,7.1024e-05,-0.008,16.8
20913,7.102600000000001e-05,0.0,16.8
20914,7.1028e-05,-0.008,16.0
20915,7.103e-05,-0.008,16.0
20916,7.103200000000001e-05,-0.008,16.0
20917,7.1034e-05,0.0,16.0
20918,7.1036e-05,-0.008,16.0
20919,7.1038e-05,-0.008,16.0
20920,7.104000000000001e-05,-0.008,16.0
20921,7.1042e-05,0.0,16.0
20922,7.1044e-05,-0.008,15.2
20923,7.104600000000001e-05,-0.008,15.2
20924,7.1048e-05,-0.008,15.2
20925,7.105e-05,0.0,15.2
20926,7.105200000000001e-05,-0.008,15.2
20927,7.1054e-05,-0.008,15.2
20928,7.1056e-05,-0.008,15.2
20929,7.105800000000001e-05,0.0,15.2
20930,7.106e-05,-0.008,14.4
20931,7.1062e-05,-0.008,14.4
20932,7.106400000000001e-05,-0.008,14.4
20933,7.1066e-05,0.0,14.4
20934,7.1068e-05,-0.008,14.4
20935,7.107000000000001e-05,-0.008,14.4
20936,7.1072e-05,-0.008,14.4
20937,7.1074e-05,0.0,14.4
20938,7.107600000000001e-05,-0.008,13.6
20939,7.1078e-05,-0.008,13.6
20940,7.108e-05,-0.008,13.6
20941,7.108200000000001e-05,0.0,13.6
20942,7.1084e-05,-0.008,13.6
20943,7.1086e-05,-0.008,13.6
20944,7.108800000000001e-05,-0.008,13.6
20945,7.109e-05,0.0,13.6
20946,7.1092e-05,-0.008,12.0
20947,7.109400000000001e-05,-0.008,13.6
20948,7.1096e-05,-0.008,12.0
20949,7.1098e-05,0.0,12.0
20950,7.110000000000001e-05,-0.008,12.0
20951,7.1102e-05,-0.008,12.0
20952,7.1104e-05,-0.008,12.0
20953,7.1106e-05,0.0,12.0
20954,7.1108e-05,-0.008,12.0
20955,7.111e-05,-0.008,12.0
20956,7.1112e-05,-0.008,12.0
20957,7.111400000000001e-05,0.0,11.2
20958,7.1116e-05,-0.008,11.2
20959,7.1118e-05,-0.008,11.2
20960,7.112000000000001e-05,-0.008,11.2
20961,7.1122e-05,0.0,11.2
20962,7.1124e-05,-0.008,11.2
20963,7.112600000000001e-05,0.0,11.2
20964,7.1128e-05,-0.008,11.2
20965,7.113e-05,0.0,11.2
20966,7.113200000000001e-05,-0.008,11.2
20967,7.1134e-05,-0.008,11.2
20968,7.1136e-05,-0.008,11.2
20969,7.113800000000001e-05,0.0,11.2
20970,7.114e-05,-0.008,10.4
20971,7.1142e-05,0.0,10.4
20972,7.114400000000001e-05,-0.008,11.2
20973,7.1146e-05,0.0,10.4
20974,7.1148e-05,-0.008,10.4
20975,7.115000000000001e-05,-0.008,10.4
20976,7.1152e-05,-0.008,10.4
20977,7.1154e-05,0.0,10.4
20978,7.115600000000001e-05,0.0,10.4
20979,7.1158e-05,0.0,10.4
20980,7.116e-05,-0.008,10.4
20981,7.116200000000001e-05,0.0,10.4
20982,7.1164e-05,-0.008,10.4
20983,7.1166e-05,0.0,10.4
20984,7.116800000000001e-05,-0.008,10.4
20985,7.117e-05,0.0,10.4
20986,7.1172e-05,0.0,9.6
20987,7.1174e-05,0.0,9.6
20988,7.1176e-05,-0.008,10.4
20989,7.1178e-05,0.0,9.6
20990,7.118e-05,-0.008,9.6
20991,7.118200000000001e-05,0.0,9.6
20992,7.1184e-05,-0.008,9.6
20993,7.1186e-05,0.0,9.6
20994,7.118800000000001e-05,-0.008,9.6
20995,7.119e-05,0.0,9.6
20996,7.1192e-05,-0.008,9.6
20997,7.119400000000001e-05,0.0,9.6
20998,7.1196e-05,0.0,9.6
20999,7.1198e-05,0.0,9.6
21000,7.120000000000001e-05,-0.008,9.6
21001,7.1202e-05,0.0,9.6
21002,7.1204e-05,-0.008,9.6
21003,7.120600000000001e-05,-0.008,9.6
21004,7.1208e-05,-0.008,9.6
21005,7.121e-05,0.0,9.6
21006,7.121200000000001e-05,0.0,9.6
21007,7.1214e-05,0.0,9.6
21008,7.1216e-05,-0.008,9.6
21009,7.121800000000001e-05,0.0,9.6
21010,7.122e-05,-0.008,9.6
21011,7.1222e-05,0.0,9.6
21012,7.122400000000001e-05,-0.008,9.6
21013,7.1226e-05,0.0,9.6
21014,7.1228e-05,0.0,9.6
21015,7.123000000000001e-05,0.0,9.6
21016,7.1232e-05,-0.008,9.6
21017,7.1234e-05,0.0,9.6
21018,7.123600000000001e-05,0.0,9.6
21019,7.1238e-05,0.0,9.6
21020,7.124e-05,-0.008,9.6
21021,7.1242e-05,0.0,9.6
21022,7.1244e-05,-0.008,9.6
21023,7.1246e-05,0.0,9.6
21024,7.1248e-05,-0.008,9.6
21025,7.125000000000001e-05,0.0,9.6
21026,7.1252e-05,0.0,9.6
21027,7.1254e-05,0.0,9.6
21028,7.125600000000001e-05,-0.008,9.6
21029,7.1258e-05,0.0,9.6
21030,7.126e-05,-0.008,9.6
21031,7.126200000000001e-05,0.0,9.6
21032,7.1264e-05,-0.008,9.6
21033,7.1266e-05,0.0,9.6
21034,7.126800000000001e-05,0.0,9.6
21035,7.127e-05,0.0,9.6
21036,7.1272e-05,0.0,9.6
21037,7.127400000000001e-05,0.0,9.6
21038,7.1276e-05,-0.008,9.6
21039,7.1278e-05,0.0,9.6
21040,7.128000000000001e-05,-0.008,9.6
21041,7.1282e-05,0.0,9.6
21042,7.1284e-05,-0.008,9.6
21043,7.128600000000001e-05,0.0,9.6
21044,7.1288e-05,-0.008,9.6
21045,7.129e-05,0.0,9.6
21046,7.129200000000001e-05,-0.008,9.6
21047,7.1294e-05,0.0,10.4
21048,7.1296e-05,0.0,10.4
21049,7.129800000000001e-05,0.0,10.4
21050,7.13e-05,0.0,9.6
21051,7.1302e-05,0.0,9.6
21052,7.130400000000001e-05,-0.008,10.4
21053,7.1306e-05,0.0,10.4
21054,7.1308e-05,0.0,10.4
21055,7.131e-05,0.0,10.4
21056,7.1312e-05,-0.008,10.4
21057,7.1314e-05,0.0,10.4
21058,7.1316e-05,0.0,10.4
21059,7.131800000000001e-05,0.0,10.4
21060,7.132e-05,0.0,10.4
21061,7.1322e-05,0.0,10.4
21062,7.132400000000001e-05,-0.008,10.4
21063,7.1326e-05,0.0,10.4
21064,7.1328e-05,-0.008,11.2
21065,7.133000000000001e-05,0.0,11.2
21066,7.1332e-05,0.0,10.4
21067,7.1334e-05,0.0,11.2
21068,7.133600000000001e-05,0.0,11.2
21069,7.1338e-05,0.0,11.2
21070,7.134e-05,0.0,11.2
21071,7.134200000000001e-05,0.0,11.2
21072,7.1344e-05,0.0,11.2
21073,7.1346e-05,0.0,11.2
21074,7.134800000000001e-05,0.0,11.2
21075,7.135e-05,0.0,11.2
21076,7.1352e-05,0.0,11.2
21077,7.135400000000001e-05,0.0,11.2
21078,7.1356e-05,0.0,11.2
21079,7.1358e-05,0.0,12.0
21080,7.136000000000001e-05,0.0,12.0
21081,7.1362e-05,0.0,12.0
21082,7.1364e-05,0.0,12.0
21083,7.136600000000001e-05,0.0,12.0
21084,7.1368e-05,0.0,12.0
21085,7.137e-05,0.0,12.0
21086,7.137200000000001e-05,0.0,12.0
21087,7.1374e-05,0.0,12.0
21088,7.1376e-05,0.0,13.6
21089,7.1378e-05,0.0,12.0
21090,7.138e-05,0.0,13.6
21091,7.1382e-05,0.0,13.6
21092,7.1384e-05,-0.008,13.6
21093,7.138600000000001e-05,0.0,13.6
21094,7.1388e-05,0.0,13.6
21095,7.139e-05,0.0,13.6
21096,7.139200000000001e-05,0.0,13.6
21097,7.1394e-05,0.0,13.6
21098,7.1396e-05,0.0,13.6
21099,7.139800000000001e-05,0.0,14.4
21100,7.14e-05,-0.008,14.4
21101,7.1402e-05,0.0,14.4
21102,7.140400000000001e-05,0.0,14.4
21103,7.1406e-05,-0.008,14.4
21104,7.1408e-05,0.0,14.4
21105,7.141000000000001e-05,0.0,15.2
21106,7.1412e-05,0.0,14.4
21107,7.1414e-05,0.0,14.4
21108,7.141600000000001e-05,-0.008,15.2
21109,7.1418e-05,0.0,15.2
21110,7.142e-05,0.0,15.2
21111,7.142200000000001e-05,0.0,15.2
21112,7.1424e-05,0.0,15.2
21113,7.1426e-05,0.0,15.2
21114,7.142800000000001e-05,0.0,15.2
21115,7.143e-05,0.0,16.0
21116,7.1432e-05,0.0,16.0
21117,7.143400000000001e-05,0.0,16.0
21118,7.1436e-05,-0.008,16.0
21119,7.1438e-05,0.0,16.0
21120,7.144000000000001e-05,-0.008,16.0
21121,7.1442e-05,0.0,16.0
21122,7.1444e-05,0.0,16.8
21123,7.144600000000001e-05,0.0,16.8
21124,7.1448e-05,0.0,16.8
21125,7.145e-05,0.0,16.8
21126,7.1452e-05,-0.008,16.8
21127,7.145400000000001e-05,0.0,16.8
21128,7.1456e-05,-0.008,17.6
21129,7.1458e-05,0.0,17.6
21130,7.146000000000001e-05,0.0,17.6
21131,7.1462e-05,0.0,17.6
21132,7.1464e-05,-0.008,17.6
21133,7.146600000000001e-05,0.0,17.6
21134,7.1468e-05,0.0,17.6
21135,7.147e-05,0.0,18.4
21136,7.147200000000001e-05,-0.008,18.4
21137,7.1474e-05,0.0,18.4
21138,7.1476e-05,0.0,18.4
21139,7.147800000000001e-05,0.0,18.4
21140,7.148e-05,-0.008,18.4
21141,7.1482e-05,0.0,18.4
21142,7.148400000000001e-05,0.0,19.2
21143,7.1486e-05,0.0,19.2
21144,7.1488e-05,0.0,19.2
21145,7.149000000000001e-05,0.0,19.2
21146,7.1492e-05,0.0,19.2
21147,7.1494e-05,0.0,19.2
21148,7.149600000000001e-05,-0.008,20.0
21149,7.1498e-05,0.0,20.0
21150,7.15e-05,-0.008,20.0
21151,7.150200000000001e-05,0.0,20.0
21152,7.1504e-05,-0.008,20.0
21153,7.1506e-05,0.0,20.0
21154,7.150800000000001e-05,0.0,20.0
21155,7.151e-05,0.0,20.8
21156,7.1512e-05,-0.008,20.8
21157,7.151400000000001e-05,0.0,20.8
21158,7.1516e-05,0.0,20.8
21159,7.1518e-05,0.0,20.8
21160,7.152e-05,-0.008,20.8
21161,7.152200000000001e-05,0.0,20.8
21162,7.1524e-05,0.0,21.6
21163,7.1526e-05,0.0,21.6
21164,7.152800000000001e-05,-0.008,21.6
21165,7.153e-05,0.0,21.6
21166,7.1532e-05,-0.008,21.6
21167,7.153400000000001e-05,0.0,21.6
21168,7.1536e-05,-0.008,21.6
21169,7.1538e-05,0.0,22.4
21170,7.154000000000001e-05,-0.008,22.4
21171,7.1542e-05,0.0,22.4
21172,7.1544e-05,-0.008,22.4
21173,7.154600000000001e-05,0.0,22.4
21174,7.1548e-05,-0.008,22.4
21175,7.155e-05,0.0,22.4
21176,7.155200000000001e-05,-0.008,22.4
21177,7.1554e-05,0.0,23.2
21178,7.1556e-05,0.0,23.2
21179,7.155800000000001e-05,0.0,23.2
21180,7.156e-05,-0.008,23.2
21181,7.1562e-05,0.0,23.2
21182,7.156400000000001e-05,-0.008,23.2
21183,7.1566e-05,0.0,23.2
21184,7.1568e-05,-0.008,24.0
21185,7.157000000000001e-05,0.0,24.0
21186,7.1572e-05,0.0,24.0
21187,7.1574e-05,0.0,24.0
21188,7.157600000000001e-05,-0.008,24.0
21189,7.1578e-05,0.0,24.0
21190,7.158e-05,-0.008,24.0
21191,7.158200000000001e-05,0.0,24.0
21192,7.1584e-05,-0.008,24.0
21193,7.1586e-05,0.0,24.0
21194,7.1588e-05,0.0,24.0
21195,7.159000000000001e-05,0.0,25.6
21196,7.1592e-05,-0.008,25.6
21197,7.1594e-05,0.0,25.6
21198,7.159600000000001e-05,-0.008,25.6
21199,7.1598e-05,0.0,25.6
21200,7.16e-05,-0.008,25.6
21201,7.160200000000001e-05,0.0,25.6
21202,7.1604e-05,-0.008,25.6
21203,7.1606e-05,0.0,25.6
21204,7.160800000000001e-05,-0.008,25.6
21205,7.161e-05,0.0,25.6
21206,7.1612e-05,-0.008,25.6
21207,7.161400000000001e-05,-0.008,26.4
21208,7.1616e-05,-0.008,26.4
21209,7.1618e-05,0.0,26.4
21210,7.162000000000001e-05,-0.008,26.4
21211,7.1622e-05,-0.008,26.4
21212,7.1624e-05,-0.008,26.4
21213,7.162600000000001e-05,0.0,26.4
21214,7.1628e-05,-0.008,26.4
21215,7.163e-05,-0.008,26.4
21216,7.163200000000001e-05,-0.008,26.4
21217,7.1634e-05,0.0,26.4
21218,7.1636e-05,-0.008,26.4
21219,7.163800000000001e-05,-0.008,26.4
21220,7.164e-05,-0.008,26.4
21221,7.1642e-05,0.0,26.4
21222,7.164400000000001e-05,-0.008,26.4
21223,7.1646e-05,-0.008,26.4
21224,7.1648e-05,-0.008,26.4
21225,7.165000000000001e-05,0.0,26.4
21226,7.1652e-05,-0.008,26.4
21227,7.1654e-05,-0.008,26.4
21228,7.1656e-05,-0.008,26.4
21229,7.165800000000001e-05,0.0,26.4
21230,7.166e-05,-0.008,26.4
21231,7.1662e-05,-0.008,26.4
21232,7.166400000000001e-05,-0.008,26.4
21233,7.1666e-05,0.0,26.4
21234,7.1668e-05,-0.008,26.4
21235,7.167000000000001e-05,-0.008,26.4
21236,7.1672e-05,-0.008,26.4
21237,7.1674e-05,0.0,26.4
21238,7.167600000000001e-05,-0.008,26.4
21239,7.1678e-05,-0.008,26.4
21240,7.168e-05,-0.008,26.4
21241,7.168200000000001e-05,0.0,26.4
21242,7.1684e-05,-0.008,26.4
21243,7.1686e-05,-0.008,26.4
21244,7.168800000000001e-05,-0.008,26.4
21245,7.169e-05,0.0,26.4
21246,7.1692e-05,-0.008,26.4
21247,7.169400000000001e-05,-0.008,26.4
21248,7.1696e-05,-0.008,26.4
21249,7.1698e-05,0.0,26.4
21250,7.170000000000001e-05,-0.008,26.4
21251,7.1702e-05,0.0,26.4
21252,7.1704e-05,-0.008,26.4
21253,7.170600000000001e-05,0.0,25.6
21254,7.1708e-05,-0.008,25.6
21255,7.171e-05,-0.008,25.6
21256,7.171200000000001e-05,-0.008,25.6
21257,7.1714e-05,0.0,25.6
21258,7.1716e-05,-0.008,25.6
21259,7.171800000000001e-05,-0.008,25.6
21260,7.172e-05,-0.008,25.6
21261,7.1722e-05,0.0,25.6
21262,7.1724e-05,-0.008,25.6
21263,7.172600000000001e-05,-0.008,25.6
21264,7.1728e-05,-0.008,25.6
21265,7.173e-05,0.0,25.6
21266,7.173200000000001e-05,-0.008,24.0
21267,7.1734e-05,-0.008,24.0
21268,7.1736e-05,-0.008,24.0
21269,7.173800000000001e-05,0.0,24.0
21270,7.174e-05,-0.008,24.0
21271,7.1742e-05,-0.008,24.0
21272,7.174400000000001e-05,-0.008,24.0
21273,7.1746e-05,0.0,24.0
21274,7.1748e-05,-0.008,24.0
21275,7.175000000000001e-05,-0.008,23.2
21276,7.1752e-05,-0.008,23.2
21277,7.1754e-05,0.0,23.2
21278,7.175600000000001e-05,-0.008,23.2
21279,7.1758e-05,-0.008,23.2
21280,7.176e-05,-0.008,23.2
21281,7.176200000000001e-05,0.0,23.2
21282,7.1764e-05,-0.008,23.2
21283,7.1766e-05,-0.008,23.2
21284,7.176800000000001e-05,-0.008,22.4
21285,7.177e-05,-0.008,22.4
21286,7.1772e-05,-0.008,22.4
21287,7.177400000000001e-05,-0.008,22.4
21288,7.1776e-05,-0.008,22.4
21289,7.1778e-05,0.0,22.4
21290,7.178000000000001e-05,-0.008,22.4
21291,7.1782e-05,-0.008,22.4
21292,7.1784e-05,-0.008,21.6
21293,7.178600000000001e-05,0.0,21.6
21294,7.1788e-05,-0.008,21.6
21295,7.179e-05,-0.008,21.6
21296,7.1792e-05,-0.008,21.6
21297,7.179400000000001e-05,0.0,21.6
21298,7.1796e-05,-0.008,20.8
21299,7.1798e-05,-0.008,20.8
21300,7.180000000000001e-05,-0.008,20.8
21301,7.1802e-05,0.0,20.8
21302,7.1804e-05,-0.008,20.8
21303,7.180600000000001e-05,-0.008,20.8
21304,7.1808e-05,-0.008,20.8
21305,7.181e-05,0.0,20.8
21306,7.181200000000001e-05,-0.008,20.0
21307,7.1814e-05,-0.008,20.0
21308,7.1816e-05,-0.008,20.0
21309,7.181800000000001e-05,0.0,20.0
21310,7.182e-05,-0.008,20.0
21311,7.1822e-05,-0.008,20.0
21312,7.182400000000001e-05,-0.008,20.0
21313,7.1826e-05,0.0,20.0
21314,7.1828e-05,-0.008,19.2
21315,7.183000000000001e-05,-0.008,19.2
21316,7.1832e-05,-0.008,19.2
21317,7.1834e-05,0.0,19.2
21318,7.183600000000001e-05,-0.008,19.2
21319,7.1838e-05,-0.008,19.2
21320,7.184e-05,-0.008,19.2
21321,7.184200000000001e-05,0.0,18.4
21322,7.1844e-05,-0.008,18.4
21323,7.1846e-05,-0.008,18.4
21324,7.184800000000001e-05,-0.008,18.4
21325,7.185e-05,-0.008,18.4
21326,7.1852e-05,-0.008,17.6
21327,7.185400000000001e-05,-0.008,17.6
21328,7.1856e-05,-0.008,17.6
21329,7.1858e-05,0.0,17.6
21330,7.186e-05,-0.008,17.6
21331,7.186200000000001e-05,-0.008,17.6
21332,7.1864e-05,-0.008,17.6
21333,7.1866e-05,-0.008,17.6
21334,7.186800000000001e-05,-0.008,16.8
21335,7.187e-05,-0.008,16.8
21336,7.1872e-05,-0.008,16.8
21337,7.187400000000001e-05,0.0,16.8
21338,7.1876e-05,-0.008,16.8
21339,7.1878e-05,-0.008,16.8
21340,7.188000000000001e-05,-0.008,16.8
21341,7.1882e-05,0.0,16.0
21342,7.1884e-05,-0.008,16.0
21343,7.188600000000001e-05,-0.008,16.0
21344,7.1888e-05,-0.008,16.0
21345,7.189e-05,0.0,16.0
21346,7.189200000000001e-05,-0.008,16.0
21347,7.1894e-05,-0.008,16.0
21348,7.1896e-05,-0.008,16.0
21349,7.189800000000001e-05,0.0,15.2
21350,7.19e-05,-0.008,15.2
21351,7.1902e-05,0.0,15.2
21352,7.190400000000001e-05,-0.008,15.2
21353,7.1906e-05,0.0,15.2
21354,7.1908e-05,-0.008,15.2
21355,7.191000000000001e-05,-0.008,15.2
21356,7.1912e-05,-0.008,15.2
21357,7.1914e-05,0.0,15.2
21358,7.191600000000001e-05,-0.008,14.4
21359,7.1918e-05,-0.008,14.4
21360,7.192e-05,-0.008,14.4
21361,7.192200000000001e-05,0.0,14.4
21362,7.1924e-05,-0.008,14.4
21363,7.1926e-05,-0.008,14.4
21364,7.1928e-05,-0.008,14.4
21365,7.193000000000001e-05,0.0,14.4
21366,7.1932e-05,-0.008,13.6
21367,7.1934e-05,-0.008,14.4
21368,7.193600000000001e-05,-0.008,13.6
21369,7.1938e-05,0.0,13.6
21370,7.194e-05,-0.008,13.6
21371,7.194200000000001e-05,-0.008,13.6
21372,7.1944e-05,-0.008,13.6
21373,7.1946e-05,0.0,13.6
21374,7.194800000000001e-05,-0.008,13.6
21375,7.195e-05,-0.008,13.6
21376,7.1952e-05,-0.008,13.6
21377,7.195400000000001e-05,0.0,13.6
21378,7.1956e-05,-0.008,12.0
21379,7.1958e-05,-0.008,12.0
21380,7.196000000000001e-05,-0.008,12.0
21381,7.1962e-05,0.0,12.0
21382,7.1964e-05,-0.008,12.0
21383,7.196600000000001e-05,-0.008,12.0
21384,7.1968e-05,-0.008,12.0
21385,7.197e-05,0.0,12.0
21386,7.197200000000001e-05,-0.008,11.2
21387,7.1974e-05,-0.008,12.0
21388,7.1976e-05,-0.008,12.0
21389,7.197800000000001e-05,0.0,12.0
21390,7.198e-05,-0.008,11.2
21391,7.1982e-05,-0.008,11.2
21392,7.198400000000001e-05,-0.008,12.0
21393,7.1986e-05,0.0,11.2
21394,7.1988e-05,-0.008,11.2
21395,7.199000000000001e-05,-0.008,11.2
21396,7.1992e-05,-0.008,11.2
21397,7.1994e-05,0.0,11.2
21398,7.1996e-05,-0.008,11.2
21399,7.199800000000001e-05,-0.008,11.2
21400,7.2e-05,-0.008,11.2
21401,7.2002e-05,0.0,11.2
21402,7.200400000000001e-05,-0.008,11.2
21403,7.2006e-05,-0.008,11.2
21404,7.2008e-05,-0.008,11.2
21405,7.201000000000001e-05,0.0,11.2
21406,7.2012e-05,-0.008,10.4
21407,7.2014e-05,-0.008,11.2
21408,7.201600000000001e-05,-0.008,11.2
21409,7.2018e-05,0.0,10.4
21410,7.202e-05,-0.008,10.4
21411,7.202200000000001e-05,0.0,10.4
21412,7.2024e-05,-0.008,10.4
21413,7.2026e-05,0.0,10.4
21414,7.202800000000001e-05,-0.008,10.4
21415,7.203e-05,0.0,10.4
21416,7.2032e-05,-0.008,10.4
21417,7.203400000000001e-05,0.0,10.4
21418,7.2036e-05,-0.008,10.4
21419,7.2038e-05,-0.008,10.4
21420,7.204000000000001e-05,-0.008,10.4
21421,7.2042e-05,0.0,10.4
21422,7.2044e-05,-0.008,10.4
21423,7.204600000000001e-05,-0.008,10.4
21424,7.2048e-05,-0.008,10.4
21425,7.205e-05,0.0,10.4
21426,7.205200000000001e-05,-0.008,10.4
21427,7.2054e-05,0.0,10.4
21428,7.2056e-05,-0.008,10.4
21429,7.205800000000001e-05,0.0,10.4
21430,7.206e-05,-0.008,10.4
21431,7.2062e-05,0.0,10.4
21432,7.2064e-05,-0.008,10.4
21433,7.206600000000001e-05,0.0,10.4
21434,7.2068e-05,0.0,9.6
21435,7.207e-05,0.0,10.4
21436,7.207200000000001e-05,-0.008,10.4
21437,7.2074e-05,0.0,10.4
21438,7.2076e-05,-0.008,9.6
21439,7.207800000000001e-05,0.0,10.4
21440,7.208e-05,-0.008,10.4
21441,7.2082e-05,0.0,10.4
21442,7.208400000000001e-05,0.0,10.4
21443,7.2086e-05,0.0,10.4
21444,7.2088e-05,-0.008,10.4
21445,7.209000000000001e-05,0.0,10.4
21446,7.2092e-05,-0.008,9.6
21447,7.2094e-05,0.0,10.4
21448,7.209600000000001e-05,-0.008,10.4
21449,7.2098e-05,0.0,10.4
21450,7.21e-05,-0.008,10.4
21451,7.210200000000001e-05,0.0,10.4
21452,7.2104e-05,-0.008,10.4
21453,7.2106e-05,0.0,10.4
21454,7.210800000000001e-05,0.0,9.6
21455,7.211e-05,0.0,10.4
21456,7.2112e-05,-0.008,10.4
21457,7.211400000000001e-05,0.0,10.4
21458,7.2116e-05,0.0,10.4
21459,7.2118e-05,0.0,10.4
21460,7.212000000000001e-05,-0.008,10.4
21461,7.2122e-05,0.0,10.4
21462,7.2124e-05,-0.008,10.4
21463,7.212600000000001e-05,0.0,10.4
21464,7.2128e-05,-0.008,10.4
21465,7.213e-05,0.0,10.4
21466,7.2132e-05,0.0,10.4
21467,7.213400000000001e-05,0.0,10.4
21468,7.2136e-05,-0.008,10.4
21469,7.2138e-05,0.0,10.4
21470,7.214000000000001e-05,0.0,10.4
21471,7.2142e-05,0.0,10.4
21472,7.2144e-05,-0.008,11.2
21473,7.214600000000001e-05,0.0,10.4
21474,7.2148e-05,0.0,10.4
21475,7.215e-05,0.0,11.2
21476,7.215200000000001e-05,0.0,11.2
21477,7.2154e-05,0.0,11.2
21478,7.2156e-05,-0.008,10.4
21479,7.215800000000001e-05,0.0,11.2
21480,7.216e-05,-0.008,11.2
21481,7.2162e-05,0.008,11.2
21482,7.216400000000001e-05,0.0,11.2
21483,7.2166e-05,-0.008,11.2
21484,7.2168e-05,0.0,11.2
21485,7.217000000000001e-05,0.0,11.2
21486,7.2172e-05,-0.008,11.2
21487,7.2174e-05,0.0,11.2
21488,7.217600000000001e-05,0.0,11.2
21489,7.2178e-05,0.0,11.2
21490,7.218e-05,0.0,11.2
21491,7.218200000000001e-05,0.0,11.2
21492,7.2184e-05,-0.008,12.0
21493,7.2186e-05,0.0,11.2
21494,7.218800000000001e-05,0.0,11.2
21495,7.219e-05,0.0,12.0
21496,7.2192e-05,-0.008,12.0
21497,7.219400000000001e-05,0.0,12.0
21498,7.2196e-05,0.0,12.0
21499,7.2198e-05,0.0,12.0
21500,7.22e-05,-0.008,12.0
21501,7.220200000000001e-05,0.0,12.0
21502,7.2204e-05,0.0,12.0
21503,7.2206e-05,0.0,13.6
21504,7.220800000000001e-05,0.0,12.0
21505,7.221e-05,0.0,13.6
21506,7.2212e-05,0.0,12.0
21507,7.221400000000001e-05,0.0,12.0
21508,7.2216e-05,-0.008,13.6
21509,7.2218e-05,0.0,13.6
21510,7.222000000000001e-05,0.0,13.6
21511,7.2222e-05,0.0,13.6
21512,7.2224e-05,-0.008,13.6
21513,7.222600000000001e-05,0.0,13.6
21514,7.2228e-05,0.0,13.6
21515,7.223e-05,0.0,13.6
21516,7.223200000000001e-05,0.0,13.6
21517,7.2234e-05,0.0,13.6
21518,7.2236e-05,0.0,13.6
21519,7.223800000000001e-05,0.0,14.4
21520,7.224e-05,-0.008,14.4
21521,7.2242e-05,0.0,14.4
21522,7.224400000000001e-05,0.0,14.4
21523,7.2246e-05,0.0,14.4
21524,7.2248e-05,-0.008,14.4
21525,7.225000000000001e-05,0.0,14.4
21526,7.2252e-05,0.0,14.4
21527,7.2254e-05,0.0,15.2
21528,7.225600000000001e-05,0.0,15.2
21529,7.2258e-05,0.0,15.2
21530,7.226e-05,0.0,15.2
21531,7.226200000000001e-05,0.0,15.2
21532,7.2264e-05,0.0,15.2
21533,7.2266e-05,0.008,15.2
21534,7.2268e-05,0.008,15.2
21535,7.227000000000001e-05,0.016,16.0
21536,7.2272e-05,0.016,16.0
21537,7.2274e-05,0.04,16.0
21538,7.227600000000001e-05,0.048,16.0
21539,7.2278e-05,0.04,16.0
21540,7.228e-05,0.032,16.0
21541,7.228200000000001e-05,0.04,16.0
21542,7.2284e-05,0.032,16.0
21543,7.2286e-05,0.032,16.8
21544,7.228800000000001e-05,0.024,16.8
21545,7.229e-05,0.032,16.8
21546,7.2292e-05,0.032,16.8
21547,7.229400000000001e-05,0.032,16.8
21548,7.2296e-05,0.032,16.8
21549,7.2298e-05,0.04,17.6
21550,7.230000000000001e-05,0.032,17.6
21551,7.2302e-05,0.04,17.6
21552,7.2304e-05,0.04,17.6
21553,7.230600000000001e-05,0.048,17.6
21554,7.2308e-05,0.04,17.6
21555,7.231e-05,0.032,17.6
21556,7.231200000000001e-05,0.016,18.4
21557,7.2314e-05,0.016,18.4
21558,7.2316e-05,0.008,17.6
21559,7.231800000000001e-05,0.008,17.6
21560,7.232e-05,0.016,16.0
21561,7.2322e-05,0.048,13.6
21562,7.232400000000001e-05,0.08,10.4
21563,7.2326e-05,0.096,8.0
21564,7.2328e-05,0.096,6.4
21565,7.233000000000001e-05,0.088,5.6
21566,7.2332e-05,0.056,4.0
21567,7.2334e-05,0.008,4.0
21568,7.2336e-05,-0.048,3.2
21569,7.2338e-05,-0.088,3.2
21570,7.234e-05,-0.096,3.2
21571,7.2342e-05,-0.064,3.2
21572,7.234400000000001e-05,-0.008,3.2
21573,7.2346e-05,0.048,2.4
21574,7.2348e-05,0.096,2.4
21575,7.235000000000001e-05,0.112,2.4
21576,7.2352e-05,0.096,1.6
21577,7.2354e-05,0.072,1.6
21578,7.235600000000001e-05,0.016,-0.000174
21579,7.2358e-05,-0.032,-0.000174
21580,7.236e-05,-0.056,-0.000174
21581,7.236200000000001e-05,-0.048,-0.000174
21582,7.2364e-05,-0.024,-0.8
21583,7.2366e-05,0.016,-0.000174
21584,7.236800000000001e-05,0.056,-0.8
21585,7.237e-05,0.096,-0.8
21586,7.2372e-05,0.088,-1.6
21587,7.237400000000001e-05,0.072,-0.8
21588,7.2376e-05,0.024,-0.8
21589,7.2378e-05,-0.008,-1.6
21590,7.238000000000001e-05,-0.04,-1.6
21591,7.2382e-05,-0.048,-0.8
21592,7.2384e-05,-0.032,-0.8
21593,7.238600000000001e-05,0.0,-0.8
21594,7.2388e-05,0.032,-0.8
21595,7.239e-05,0.056,-0.8
21596,7.239200000000001e-05,0.072,-0.8
21597,7.2394e-05,0.072,-0.8
21598,7.2396e-05,0.032,-1.6
21599,7.239800000000001e-05,0.008,-1.6
21600,7.24e-05,-0.024,-0.8
21601,7.2402e-05,-0.024,-0.8
21602,7.2404e-05,-0.024,-0.8
21603,7.2406e-05,-0.008,-0.8
21604,7.2408e-05,0.016,-0.8
21605,7.241e-05,0.048,-0.8
21606,7.241200000000001e-05,0.048,-0.8
21607,7.2414e-05,0.056,-0.8
21608,7.2416e-05,0.032,-0.8
21609,7.241800000000001e-05,0.024,-0.8
21610,7.242e-05,-0.008,-1.6
21611,7.2422e-05,-0.016,-0.8
21612,7.242400000000001e-05,-0.024,-0.8
21613,7.2426e-05,-0.008,-0.8
21614,7.2428e-05,0.008,-0.8
21615,7.243000000000001e-05,0.024,-0.8
21616,7.2432e-05,0.04,-0.8
21617,7.2434e-05,0.048,-0.8
21618,7.243600000000001e-05,0.04,-1.6
21619,7.2438e-05,0.024,-0.8
21620,7.244e-05,0.0,-0.8
21621,7.244200000000001e-05,0.0,-1.6
21622,7.2444e-05,-0.016,-0.8
21623,7.2446e-05,-0.008,-0.8
21624,7.244800000000001e-05,0.0,-0.8
21625,7.245e-05,0.024,-0.8
21626,7.2452e-05,0.032,-0.8
21627,7.245400000000001e-05,0.04,-0.8
21628,7.2456e-05,0.032,-0.8
21629,7.2458e-05,0.032,-0.8
21630,7.246000000000001e-05,0.016,-1.6
21631,7.2462e-05,0.008,-0.8
21632,7.2464e-05,-0.008,-0.8
21633,7.246600000000001e-05,0.0,-0.8
21634,7.2468e-05,0.0,-0.8
21635,7.247e-05,0.016,-0.8
21636,7.247200000000001e-05,0.024,-0.8
21637,7.2474e-05,0.032,-0.8
21638,7.2476e-05,0.032,-0.8
21639,7.2478e-05,0.032,-0.8
21640,7.248000000000001e-05,0.016,-0.8
21641,7.2482e-05,0.016,-0.8
21642,7.2484e-05,0.0,-0.8
21643,7.248600000000001e-05,0.0,-0.8
21644,7.2488e-05,0.0,-0.8
21645,7.249e-05,0.016,-0.8
21646,7.249200000000001e-05,0.016,-1.6
21647,7.2494e-05,0.024,-0.8
21648,7.2496e-05,0.024,-0.8
21649,7.249800000000001e-05,0.032,-0.8
21650,7.25e-05,0.016,-0.8
21651,7.2502e-05,0.016,-0.8
21652,7.250400000000001e-05,0.008,-0.8
21653,7.2506e-05,0.008,-0.8
21654,7.2508e-05,0.0,-0.8
21655,7.251000000000001e-05,0.008,-0.8
21656,7.2512e-05,0.016,-0.8
21657,7.2514e-05,0.024,-0.8
21658,7.251600000000001e-05,0.024,-0.8
21659,7.2518e-05,0.024,-0.8
21660,7.252e-05,0.016,-0.8
21661,7.252200000000001e-05,0.024,-0.8
21662,7.2524e-05,0.008,-0.8
21663,7.2526e-05,0.008,-0.8
21664,7.252800000000001e-05,0.0,-0.8
21665,7.253e-05,0.016,-0.8
21666,7.2532e-05,0.008,-0.8
21667,7.253400000000001e-05,0.016,-0.8
21668,7.2536e-05,0.024,-0.8
21669,7.2538e-05,0.032,-0.8
21670,7.254000000000001e-05,0.024,-0.8
21671,7.2542e-05,0.024,-0.8
21672,7.2544e-05,0.016,-0.8
21673,7.2546e-05,0.016,-0.8
21674,7.254800000000001e-05,0.008,-0.8
21675,7.255e-05,0.008,-0.8
21676,7.2552e-05,0.008,-0.8
21677,7.255400000000001e-05,0.024,-0.8
21678,7.2556e-05,0.016,-1.6
21679,7.2558e-05,0.024,-0.8
21680,7.256000000000001e-05,0.016,-0.8
21681,7.2562e-05,0.024,-0.8
21682,7.2564e-05,0.016,-0.8
21683,7.256600000000001e-05,0.016,-0.8
21684,7.2568e-05,0.008,-0.8
21685,7.257e-05,0.016,-0.8
21686,7.257200000000001e-05,0.008,-1.6
21687,7.2574e-05,0.016,-0.8
21688,7.2576e-05,0.016,-0.8
21689,7.257800000000001e-05,0.024,-0.8
21690,7.258e-05,0.024,-0.8
21691,7.2582e-05,0.024,-0.8
21692,7.258400000000001e-05,0.016,-0.8
21693,7.2586e-05,0.024,-0.8
21694,7.2588e-05,0.016,-1.6
21695,7.259000000000001e-05,0.016,-0.8
21696,7.2592e-05,0.008,-0.8
21697,7.2594e-05,0.016,-0.8
21698,7.259600000000001e-05,0.016,-0.8
21699,7.2598e-05,0.016,-0.8
21700,7.26e-05,0.016,-0.8
21701,7.260200000000001e-05,0.024,-0.8
21702,7.2604e-05,0.016,-1.6
21703,7.2606e-05,0.016,-0.8
21704,7.260800000000001e-05,0.016,-1.6
21705,7.261e-05,0.016,-0.8
21706,7.2612e-05,0.016,-0.8
21707,7.2614e-05,0.016,-0.8
21708,7.261600000000001e-05,0.016,-0.8
21709,7.2618e-05,0.024,-0.8
21710,7.262e-05,0.016,-0.8
21711,7.262200000000001e-05,0.024,-0.8
21712,7.2624e-05,0.016,-0.8
21713,7.2626e-05,0.024,-0.8
21714,7.262800000000001e-05,0.016,-1.6
21715,7.263e-05,0.016,-0.8
21716,7.2632e-05,0.016,-0.8
21717,7.263400000000001e-05,0.016,-0.8
21718,7.2636e-05,0.016,-1.6
21719,7.2638e-05,0.016,-0.8
21720,7.264000000000001e-05,0.016,-0.8
21721,7.2642e-05,0.024,-0.8
21722,7.2644e-05,0.016,-0.8
21723,7.264600000000001e-05,0.024,-0.8
21724,7.2648e-05,0.016,-0.8
21725,7.265e-05,0.024,-0.8
21726,7.265200000000001e-05,0.016,-1.6
21727,7.2654e-05,0.016,-0.8
21728,7.2656e-05,0.016,-0.8
21729,7.265800000000001e-05,0.024,-0.8
21730,7.266e-05,0.024,-0.8
21731,7.2662e-05,0.024,-0.8
21732,7.266400000000001e-05,0.016,-0.8
21733,7.2666e-05,0.024,-0.8
21734,7.2668e-05,0.016,-0.8
21735,7.267000000000001e-05,0.016,-0.8
21736,7.2672e-05,0.016,-0.8
21737,7.2674e-05,0.024,-0.8
21738,7.267600000000001e-05,0.016,-0.8
21739,7.2678e-05,0.016,-0.8
21740,7.268e-05,0.016,-0.8
21741,7.2682e-05,0.024,-0.8
21742,7.268400000000001e-05,0.016,-0.8
21743,7.2686e-05,0.024,-0.8
21744,7.2688e-05,0.016,-0.8
21745,7.269000000000001e-05,0.024,-0.8
21746,7.2692e-05,0.016,-0.8
21747,7.2694e-05,0.024,-0.8
21748,7.269600000000001e-05,0.016,-0.8
21749,7.2698e-05,0.024,-0.8
21750,7.27e-05,0.016,-0.8
21751,7.270200000000001e-05,0.024,-0.8
21752,7.2704e-05,0.016,-0.8
21753,7.2706e-05,0.024,-0.8
21754,7.270800000000001e-05,0.024,-0.8
21755,7.271e-05,0.024,-0.8
21756,7.2712e-05,0.016,-0.8
21757,7.271400000000001e-05,0.024,-0.8
21758,7.2716e-05,0.016,-0.8
21759,7.2718e-05,0.016,-0.8
21760,7.272000000000001e-05,0.016,-0.8
21761,7.2722e-05,0.024,-0.8
21762,7.2724e-05,0.024,-0.8
21763,7.272600000000001e-05,0.024,-0.8
21764,7.2728e-05,0.016,-0.8
21765,7.273e-05,0.024,-0.8
21766,7.273200000000001e-05,0.024,-0.8
21767,7.2734e-05,0.024,-0.8
21768,7.2736e-05,0.016,-0.8
21769,7.273800000000001e-05,0.024,-0.8
21770,7.274e-05,0.024,-0.8
21771,7.2742e-05,0.024,-0.8
21772,7.274400000000001e-05,0.016,-0.8
21773,7.2746e-05,0.024,-0.8
21774,7.2748e-05,0.024,-0.8
21775,7.275e-05,0.024,-0.8
21776,7.275200000000001e-05,0.024,-0.8
21777,7.2754e-05,0.024,-0.8
21778,7.2756e-05,0.024,-0.8
21779,7.275800000000001e-05,0.024,-0.8
21780,7.276e-05,0.024,-0.8
21781,7.2762e-05,0.024,-0.8
21782,7.276400000000001e-05,0.024,-0.8
21783,7.2766e-05,0.024,-0.8
21784,7.2768e-05,0.024,-0.8
21785,7.277000000000001e-05,0.024,-0.8
21786,7.2772e-05,0.024,-0.8
21787,7.2774e-05,0.024,-0.8
21788,7.277600000000001e-05,0.024,-0.8
21789,7.2778e-05,0.032,-0.8
21790,7.278e-05,0.024,-0.8
21791,7.278200000000001e-05,0.024,-0.8
21792,7.2784e-05,0.024,-0.8
21793,7.2786e-05,0.032,-0.8
21794,7.278800000000001e-05,0.024,-0.8
21795,7.279e-05,0.024,-0.8
21796,7.2792e-05,0.024,-0.8
21797,7.279400000000001e-05,0.024,-0.8
21798,7.2796e-05,0.024,-0.8
21799,7.2798e-05,0.024,-0.8
21800,7.280000000000001e-05,0.024,-0.8
21801,7.2802e-05,0.032,-0.8
21802,7.2804e-05,0.024,-0.8
21803,7.280600000000001e-05,0.024,-0.8
21804,7.2808e-05,0.024,-0.8
21805,7.281e-05,0.032,-0.8
21806,7.281200000000001e-05,0.024,-0.8
21807,7.2814e-05,0.024,-0.8
21808,7.2816e-05,0.024,-0.8
21809,7.2818e-05,0.032,-0.8
21810,7.282000000000001e-05,0.024,-0.8
21811,7.2822e-05,0.024,-0.8
21812,7.2824e-05,0.024,-0.8
21813,7.282600000000001e-05,0.032,-0.8
21814,7.2828e-05,0.024,-0.8
21815,7.283e-05,0.024,-0.8
21816,7.283200000000001e-05,0.024,-0.8
21817,7.2834e-05,0.032,-0.8
21818,7.2836e-05,0.024,-0.8
21819,7.283800000000001e-05,0.024,-0.8
21820,7.284e-05,0.024,-0.8
21821,7.2842e-05,0.032,-0.8
21822,7.284400000000001e-05,0.024,-0.8
21823,7.2846e-05,0.024,-0.8
21824,7.2848e-05,0.024,-0.8
21825,7.285000000000001e-05,0.032,-0.8
21826,7.2852e-05,0.024,-0.8
21827,7.2854e-05,0.024,-0.8
21828,7.285600000000001e-05,0.024,-0.8
21829,7.2858e-05,0.032,-0.8
21830,7.286e-05,0.024,-0.8
21831,7.286200000000001e-05,0.032,-0.8
21832,7.2864e-05,0.024,-0.8
21833,7.2866e-05,0.032,-0.8
21834,7.286800000000001e-05,0.024,-0.8
21835,7.287e-05,0.024,-0.8
21836,7.2872e-05,0.024,-0.8
21837,7.287400000000001e-05,0.032,-0.8
21838,7.2876e-05,0.024,-0.8
21839,7.2878e-05,0.032,-0.8
21840,7.288000000000001e-05,0.024,-0.8
21841,7.2882e-05,0.032,-0.8
21842,7.2884e-05,0.024,-0.8
21843,7.2886e-05,0.024,-0.8
21844,7.288800000000001e-05,0.024,-0.8
21845,7.289e-05,0.032,-0.8
21846,7.2892e-05,0.024,-1.6
21847,7.289400000000001e-05,0.032,-0.8
21848,7.2896e-05,0.024,-0.8
21849,7.2898e-05,0.032,-0.8
21850,7.290000000000001e-05,0.024,-0.8
21851,7.2902e-05,0.032,-0.8
21852,7.2904e-05,0.024,-0.8
21853,7.290600000000001e-05,0.032,-0.8
21854,7.2908e-05,0.024,-0.8
21855,7.291e-05,0.024,-0.8
21856,7.291200000000001e-05,0.024,-0.8
21857,7.2914e-05,0.032,-0.8
21858,7.2916e-05,0.024,-0.8
21859,7.291800000000001e-05,0.032,-0.8
21860,7.292e-05,0.024,-0.8
21861,7.2922e-05,0.032,-0.8
21862,7.292400000000001e-05,0.024,-0.8
21863,7.2926e-05,0.032,-0.8
21864,7.2928e-05,0.024,-0.8
21865,7.293000000000001e-05,0.032,-0.8
21866,7.2932e-05,0.032,-0.8
21867,7.2934e-05,0.032,-0.8
21868,7.293600000000001e-05,0.024,-0.8
21869,7.2938e-05,0.032,-0.8
21870,7.294e-05,0.024,-0.8
21871,7.294200000000001e-05,0.032,-0.8
21872,7.2944e-05,0.024,-0.8
21873,7.2946e-05,0.032,-0.8
21874,7.294800000000001e-05,0.032,-0.8
21875,7.295e-05,0.032,-0.8
21876,7.2952e-05,0.032,-0.8
21877,7.2954e-05,0.032,-0.8
21878,7.295600000000001e-05,0.032,-0.8
21879,7.2958e-05,0.032,-0.8
21880,7.296e-05,0.032,-0.8
21881,7.296200000000001e-05,0.04,-0.8
21882,7.2964e-05,0.032,-0.8
21883,7.2966e-05,0.032,-0.8
21884,7.296800000000001e-05,0.032,-0.8
21885,7.297e-05,0.032,-0.8
21886,7.2972e-05,0.032,-0.8
21887,7.297400000000001e-05,0.032,-0.8
21888,7.2976e-05,0.032,-0.8
21889,7.2978e-05,0.04,-0.8
21890,7.298000000000001e-05,0.032,-0.8
21891,7.2982e-05,0.032,-0.8
21892,7.2984e-05,0.032,-0.8
21893,7.298600000000001e-05,0.04,-0.8
21894,7.2988e-05,0.032,-1.6
21895,7.299e-05,0.032,-0.8
21896,7.299200000000001e-05,0.032,-0.8
21897,7.2994e-05,0.04,-0.8
21898,7.2996e-05,0.032,-0.8
21899,7.299800000000001e-05,0.032,-0.8
21900,7.3e-05,0.032,-0.8
21901,7.3002e-05,0.04,-0.8
21902,7.300400000000001e-05,0.032,-1.6
21903,7.3006e-05,0.032,-0.8
21904,7.3008e-05,0.032,-0.8
21905,7.301000000000001e-05,0.04,-0.8
21906,7.3012e-05,0.032,-0.8
21907,7.3014e-05,0.032,-0.8
21908,7.301600000000001e-05,0.032,-0.8
21909,7.3018e-05,0.04,-0.8
21910,7.302e-05,0.032,-0.8
21911,7.3022e-05,0.032,-0.8
21912,7.302400000000001e-05,0.032,-0.8
21913,7.3026e-05,0.04,-0.8
21914,7.3028e-05,0.032,-0.8
21915,7.303000000000001e-05,0.032,-0.8
21916,7.3032e-05,0.032,-0.8
21917,7.3034e-05,0.04,-0.8
21918,7.303600000000001e-05,0.032,-0.8
21919,7.3038e-05,0.032,-0.8
21920,7.304e-05,0.032,-0.8
21921,7.304200000000001e-05,0.04,-0.8
21922,7.3044e-05,0.032,-0.8
21923,7.3046e-05,0.032,-0.8
21924,7.304800000000001e-05,0.032,-0.8
21925,7.305e-05,0.04,-0.8
21926,7.3052e-05,0.032,-0.8
21927,7.305400000000001e-05,0.032,-0.8
21928,7.3056e-05,0.032,-0.8
21929,7.3058e-05,0.04,-0.8
21930,7.306000000000001e-05,0.032,-0.8
21931,7.3062e-05,0.04,-0.8
21932,7.3064e-05,0.032,-0.8
21933,7.306600000000001e-05,0.04,-0.8
21934,7.3068e-05,0.032,-0.8
21935,7.307e-05,0.032,-0.8
21936,7.307200000000001e-05,0.032,-0.8
21937,7.3074e-05,0.04,-0.8
21938,7.3076e-05,0.032,-0.8
21939,7.307800000000001e-05,0.04,-0.8
21940,7.308e-05,0.032,-0.8
21941,7.3082e-05,0.04,-0.8
21942,7.308400000000001e-05,0.032,-0.8
21943,7.3086e-05,0.04,-0.8
21944,7.3088e-05,0.032,-0.8
21945,7.309e-05,0.04,-0.8
21946,7.309200000000001e-05,0.032,-0.8
21947,7.3094e-05,0.04,-0.8
21948,7.3096e-05,0.032,-0.8
21949,7.309800000000001e-05,0.04,-0.8
21950,7.31e-05,0.032,-0.8
21951,7.3102e-05,0.04,-0.8
21952,7.310400000000001e-05,0.032,-0.8
21953,7.3106e-05,0.04,-0.8
21954,7.3108e-05,0.04,-0.8
21955,7.311000000000001e-05,0.04,-0.8
21956,7.3112e-05,0.04,-0.8
21957,7.3114e-05,0.04,-0.8
21958,7.311600000000001e-05,0.04,-0.8
21959,7.3118e-05,0.04,-0.8
21960,7.312e-05,0.032,-0.8
21961,7.312200000000001e-05,0.04,-0.8
21962,7.3124e-05,0.04,-0.8
21963,7.3126e-05,0.04,-0.8
21964,7.312800000000001e-05,0.04,-0.8
21965,7.313e-05,0.04,-0.8
21966,7.3132e-05,0.04,-0.8
21967,7.313400000000001e-05,0.04,-0.8
21968,7.3136e-05,0.04,-0.8
21969,7.3138e-05,0.04,-0.8
21970,7.314000000000001e-05,0.04,-0.8
21971,7.3142e-05,0.04,-0.8
21972,7.3144e-05,0.04,-0.8
21973,7.314600000000001e-05,0.048,-0.8
21974,7.3148e-05,0.04,-0.8
21975,7.315e-05,0.04,-0.8
21976,7.315200000000001e-05,0.04,-0.8
21977,7.3154e-05,0.04,-0.8
21978,7.3156e-05,0.04,-0.8
21979,7.3158e-05,0.04,-0.8
21980,7.316000000000001e-05,0.04,-0.8
21981,7.3162e-05,0.048,-0.8
21982,7.3164e-05,0.04,-0.8
21983,7.316600000000001e-05,0.04,-0.8
21984,7.3168e-05,0.04,-0.8
21985,7.317e-05,0.048,-0.8
21986,7.317200000000001e-05,0.04,-0.8
21987,7.3174e-05,0.04,-0.8
21988,7.3176e-05,0.04,-0.8
21989,7.317800000000001e-05,0.048,-0.8
21990,7.318e-05,0.04,-0.8
21991,7.3182e-05,0.04,-0.8
21992,7.318400000000001e-05,0.04,-0.8
21993,7.3186e-05,0.048,-0.8
21994,7.3188e-05,0.04,-0.8
21995,7.319000000000001e-05,0.04,-0.8
21996,7.3192e-05,0.04,-0.8
21997,7.3194e-05,0.048,-0.8
21998,7.319600000000001e-05,0.04,-0.8
21999,7.3198e-05,0.04,-0.8
22000,7.32e-05,0.04,-0.8
22001,7.320200000000001e-05,0.048,-0.8
22002,7.3204e-05,0.04,-0.8
22003,7.3206e-05,0.04,-0.8
22004,7.320800000000001e-05,0.04,-0.8
22005,7.321e-05,0.048,-0.8
22006,7.3212e-05,0.04,-0.8
22007,7.321400000000001e-05,0.04,-0.8
22008,7.3216e-05,0.04,-0.8
22009,7.3218e-05,0.048,-0.8
22010,7.322000000000001e-05,0.04,-0.8
22011,7.3222e-05,0.04,-0.8
22012,7.3224e-05,0.04,-0.8
22013,7.3226e-05,0.048,-0.8
22014,7.322800000000001e-05,0.04,-0.8
22015,7.323e-05,0.04,-0.8
22016,7.3232e-05,0.04,-0.8
22017,7.323400000000001e-05,0.048,-0.8
22018,7.3236e-05,0.04,-0.8
22019,7.3238e-05,0.04,-0.8
22020,7.324000000000001e-05,0.04,-0.8
22021,7.3242e-05,0.048,-0.8
22022,7.3244e-05,0.04,-0.8
22023,7.324600000000001e-05,0.048,-0.8
22024,7.3248e-05,0.04,-0.8
22025,7.325e-05,0.048,-0.8
22026,7.325200000000001e-05,0.04,-0.8
22027,7.3254e-05,0.048,-0.8
22028,7.3256e-05,0.04,-0.8
22029,7.325800000000001e-05,0.048,-0.8
22030,7.326e-05,0.04,-0.8
22031,7.3262e-05,0.048,-0.8
22032,7.326400000000001e-05,0.04,-0.8
22033,7.3266e-05,0.048,-0.8
22034,7.3268e-05,0.04,-0.8
22035,7.327000000000001e-05,0.048,-0.8
22036,7.3272e-05,0.04,-0.8
22037,7.3274e-05,0.048,-0.8
22038,7.327600000000001e-05,0.04,-0.8
22039,7.3278e-05,0.048,-0.8
22040,7.328e-05,0.04,-0.8
22041,7.328200000000001e-05,0.048,-0.8
22042,7.3284e-05,0.048,-0.8
22043,7.3286e-05,0.048,-0.8
22044,7.328800000000001e-05,0.04,-0.8
22045,7.329e-05,0.048,-0.8
22046,7.3292e-05,0.048,-0.8
22047,7.3294e-05,0.048,-0.8
22048,7.329600000000001e-05,0.04,-0.8
22049,7.3298e-05,0.056,-0.8
22050,7.33e-05,0.048,-0.8
22051,7.330200000000001e-05,0.048,-0.8
22052,7.3304e-05,0.04,-0.8
22053,7.3306e-05,0.048,-0.8
22054,7.330800000000001e-05,0.048,-0.8
22055,7.331e-05,0.048,-0.8
22056,7.3312e-05,0.048,-0.8
22057,7.331400000000001e-05,0.048,-0.8
22058,7.3316e-05,0.048,-0.8
22059,7.3318e-05,0.048,-0.8
22060,7.332000000000001e-05,0.048,-0.8
22061,7.3322e-05,0.056,-0.8
22062,7.3324e-05,0.048,-0.8
22063,7.332600000000001e-05,0.048,-0.8
22064,7.3328e-05,0.048,-0.8
22065,7.333e-05,0.048,-0.8
22066,7.333200000000001e-05,0.048,-0.8
22067,7.3334e-05,0.048,-0.8
22068,7.3336e-05,0.048,-0.8
22069,7.333800000000001e-05,0.056,-0.8
22070,7.334e-05,0.048,-0.8
22071,7.3342e-05,0.048,-0.8
22072,7.334400000000001e-05,0.048,-0.8
22073,7.3346e-05,0.056,-0.8
22074,7.3348e-05,0.048,-0.8
22075,7.335000000000001e-05,0.048,-0.8
22076,7.3352e-05,0.048,-0.8
22077,7.3354e-05,0.056,-0.8
22078,7.335600000000001e-05,0.048,-0.8
22079,7.3358e-05,0.048,-0.8
22080,7.336e-05,0.048,-0.8
22081,7.3362e-05,0.056,-0.8
22082,7.336400000000001e-05,0.048,-0.8
22083,7.3366e-05,0.048,-0.8
22084,7.3368e-05,0.048,-0.8
22085,7.337000000000001e-05,0.056,-0.8
22086,7.3372e-05,0.048,-0.8
22087,7.3374e-05,0.048,-0.8
22088,7.337600000000001e-05,0.048,-0.8
22089,7.3378e-05,0.056,-0.8
22090,7.338e-05,0.048,-0.8
22091,7.338200000000001e-05,0.048,-0.8
22092,7.3384e-05,0.048,-0.8
22093,7.3386e-05,0.056,-0.8
22094,7.338800000000001e-05,0.048,-0.8
22095,7.339e-05,0.048,-0.8
22096,7.3392e-05,0.048,-0.8
22097,7.339400000000001e-05,0.056,-0.8
22098,7.3396e-05,0.048,-0.8
22099,7.3398e-05,0.048,-0.8
22100,7.340000000000001e-05,0.048,-0.8
22101,7.3402e-05,0.056,-0.8
22102,7.3404e-05,0.048,-1.6
22103,7.340600000000001e-05,0.048,-0.000174
22104,7.3408e-05,0.048,-1.6
22105,7.341e-05,0.056,-0.8
22106,7.341200000000001e-05,0.048,-0.8
22107,7.3414e-05,0.056,-0.8
22108,7.3416e-05,0.048,-0.8
22109,7.341800000000001e-05,0.056,-0.8
22110,7.342e-05,0.048,-0.8
22111,7.3422e-05,0.048,-0.8
22112,7.342400000000001e-05,0.048,-0.8
22113,7.3426e-05,0.056,-0.8
22114,7.3428e-05,0.048,-0.8
22115,7.343e-05,0.056,-0.8
22116,7.343200000000001e-05,0.048,-0.8
22117,7.3434e-05,0.056,-0.8
22118,7.3436e-05,0.048,-0.8
22119,7.343800000000001e-05,0.056,-0.8
22120,7.344e-05,0.048,-0.8
22121,7.3442e-05,0.072,-0.8
22122,7.344400000000001e-05,0.048,-0.8
22123,7.3446e-05,0.056,-0.8
22124,7.3448e-05,0.048,-0.8
22125,7.345000000000001e-05,0.056,-0.8
22126,7.3452e-05,0.048,-0.8
22127,7.3454e-05,0.056,-0.8
22128,7.345600000000001e-05,0.048,-0.8
22129,7.3458e-05,0.056,-0.8
22130,7.346e-05,0.048,-0.8
22131,7.346200000000001e-05,0.056,-0.8
22132,7.3464e-05,0.048,-0.8
22133,7.3466e-05,0.056,-0.8
22134,7.346800000000001e-05,0.048,-0.8
22135,7.347e-05,0.056,-0.8
22136,7.3472e-05,0.056,-0.8
22137,7.347400000000001e-05,0.072,-0.8
22138,7.3476e-05,0.056,-0.8
22139,7.3478e-05,0.056,-0.8
22140,7.348000000000001e-05,0.048,-0.8
22141,7.3482e-05,0.072,-0.8
22142,7.3484e-05,0.048,-0.8
22143,7.348600000000001e-05,0.056,-0.8
22144,7.3488e-05,0.048,-0.8
22145,7.349e-05,0.056,-0.8
22146,7.349200000000001e-05,0.056,-0.8
22147,7.3494e-05,0.056,-0.8
22148,7.3496e-05,0.056,-0.8
22149,7.349800000000001e-05,0.056,-0.8
22150,7.35e-05,0.056,-0.8
22151,7.3502e-05,0.056,-0.8
22152,7.3504e-05,0.056,-0.8
22153,7.350600000000001e-05,0.072,-0.8
22154,7.3508e-05,0.056,-0.8
22155,7.351e-05,0.056,-0.8
22156,7.351200000000001e-05,0.056,-0.8
22157,7.3514e-05,0.072,-0.8
22158,7.3516e-05,0.056,-0.8
22159,7.351800000000001e-05,0.056,-0.8
22160,7.352e-05,0.056,-0.8
22161,7.3522e-05,0.072,-0.8
22162,7.352400000000001e-05,0.056,-0.8
22163,7.3526e-05,0.056,-0.8
22164,7.3528e-05,0.056,-0.8
22165,7.353000000000001e-05,0.072,-0.8
22166,7.3532e-05,0.056,-0.8
22167,7.3534e-05,0.056,-0.8
22168,7.353600000000001e-05,0.056,-0.8
22169,7.3538e-05,0.072,-0.8
22170,7.354e-05,0.056,-0.8
22171,7.354200000000001e-05,0.056,-0.8
22172,7.3544e-05,0.056,-0.8
22173,7.3546e-05,0.072,-0.8
22174,7.354800000000001e-05,0.056,-0.8
22175,7.355e-05,0.056,-0.8
22176,7.3552e-05,0.056,-0.8
22177,7.355400000000001e-05,0.072,-0.8
22178,7.3556e-05,0.056,-0.8
22179,7.3558e-05,0.056,-0.8
22180,7.356000000000001e-05,0.056,-0.8
22181,7.3562e-05,0.072,-0.8
22182,7.3564e-05,0.056,-0.8
22183,7.356600000000001e-05,0.056,-0.8
22184,7.3568e-05,0.056,-0.8
22185,7.357e-05,0.072,-0.8
22186,7.3572e-05,0.056,-0.8
22187,7.357400000000001e-05,0.056,-0.8
22188,7.3576e-05,0.056,-0.8
22189,7.3578e-05,0.072,-0.8
22190,7.358000000000001e-05,0.056,-0.8
22191,7.3582e-05,0.072,-0.8
22192,7.3584e-05,0.056,-0.8
22193,7.358600000000001e-05,0.072,-0.8
22194,7.3588e-05,0.056,-0.8
22195,7.359e-05,0.072,-0.8
22196,7.359200000000001e-05,0.056,-0.8
22197,7.3594e-05,0.072,-0.8
22198,7.3596e-05,0.056,-0.8
22199,7.359800000000001e-05,0.072,-0.8
22200,7.36e-05,0.056,-0.8
22201,7.3602e-05,0.072,-0.8
22202,7.360400000000001e-05,0.056,-0.8
22203,7.3606e-05,0.072,-0.8
22204,7.3608e-05,0.056,-0.8
22205,7.361000000000001e-05,0.072,-0.8
22206,7.3612e-05,0.056,-0.8
22207,7.3614e-05,0.072,-0.8
22208,7.361600000000001e-05,0.056,-0.8
22209,7.3618e-05,0.072,-0.8
22210,7.362e-05,0.056,-0.8
22211,7.362200000000001e-05,0.072,-0.8
22212,7.3624e-05,0.056,-0.8
22213,7.3626e-05,0.072,-0.8
22214,7.362800000000001e-05,0.072,-0.8
22215,7.363e-05,0.072,-0.8
22216,7.3632e-05,0.056,-0.8
22217,7.363400000000001e-05,0.072,-0.8
22218,7.3636e-05,0.072,-0.8
22219,7.3638e-05,0.072,-0.8
22220,7.364e-05,0.056,-0.8
22221,7.364200000000001e-05,0.08,-0.8
22222,7.3644e-05,0.056,-0.8
22223,7.3646e-05,0.072,-0.8
22224,7.364800000000001e-05,0.056,-0.8
22225,7.365e-05,0.072,-0.8
22226,7.3652e-05,0.072,-0.8
22227,7.365400000000001e-05,0.072,-0.8
22228,7.3656e-05,0.072,-0.8
22229,7.3658e-05,0.072,-0.8
22230,7.366000000000001e-05,0.056,-0.8
22231,7.3662e-05,0.072,-0.8
22232,7.3664e-05,0.056,-0.8
22233,7.366600000000001e-05,0.08,-0.8
22234,7.3668e-05,0.072,-0.8
22235,7.367e-05,0.072,-0.8
22236,7.367200000000001e-05,0.056,-0.8
22237,7.3674e-05,0.072,-0.8
22238,7.3676e-05,0.072,-0.8
22239,7.367800000000001e-05,0.072,-0.8
22240,7.368e-05,0.072,-0.8
22241,7.3682e-05,0.08,-0.8
22242,7.368400000000001e-05,0.072,-0.8
22243,7.3686e-05,0.072,-0.8
22244,7.3688e-05,0.072,-0.8
22245,7.369000000000001e-05,0.072,-0.8
22246,7.3692e-05,0.072,-0.8
22247,7.3694e-05,0.072,-0.8
22248,7.369600000000001e-05,0.072,-0.8
22249,7.3698e-05,0.08,-0.8
22250,7.37e-05,0.072,-0.8
22251,7.370200000000001e-05,0.072,-0.8
22252,7.3704e-05,0.072,-0.8
22253,7.3706e-05,0.08,-0.8
22254,7.3708e-05,0.072,-0.8
22255,7.371000000000001e-05,0.072,-0.8
22256,7.3712e-05,0.072,-0.8
22257,7.3714e-05,0.08,-0.8
22258,7.371600000000001e-05,0.072,-0.8
22259,7.3718e-05,0.072,-0.8
22260,7.372e-05,0.072,-0.8
22261,7.372200000000001e-05,0.08,-0.8
22262,7.3724e-05,0.072,-0.8
22263,7.3726e-05,0.072,-0.8
22264,7.372800000000001e-05,0.072,-0.8
22265,7.373e-05,0.08,-0.8
22266,7.3732e-05,0.072,-0.8
22267,7.373400000000001e-05,0.072,-0.8
22268,7.3736e-05,0.072,-0.8
22269,7.3738e-05,0.08,-0.8
22270,7.374000000000001e-05,0.072,-0.8
22271,7.3742e-05,0.08,-0.8
22272,7.3744e-05,0.072,-0.8
22273,7.374600000000001e-05,0.08,-0.8
22274,7.3748e-05,0.072,-0.8
22275,7.375e-05,0.072,-0.8
22276,7.375200000000001e-05,0.072,-0.8
22277,7.3754e-05,0.08,-0.8
22278,7.3756e-05,0.072,-0.8
22279,7.375800000000001e-05,0.072,-0.8
22280,7.376e-05,0.072,-0.8
22281,7.3762e-05,0.08,-0.8
22282,7.376400000000001e-05,0.072,-0.8
22283,7.3766e-05,0.072,-0.8
22284,7.3768e-05,0.072,-0.8
22285,7.377000000000001e-05,0.08,-0.8
22286,7.3772e-05,0.072,-0.8
22287,7.3774e-05,0.08,-0.8
22288,7.3776e-05,0.072,-0.8
22289,7.377800000000001e-05,0.08,-0.8
22290,7.378e-05,0.072,-0.8
22291,7.3782e-05,0.072,-0.8
22292,7.378400000000001e-05,0.072,-0.8
22293,7.3786e-05,0.08,-0.8
22294,7.3788e-05,0.072,-0.8
22295,7.379000000000001e-05,0.08,-0.8
22296,7.3792e-05,0.072,-0.8
22297,7.3794e-05,0.08,-0.8
22298,7.379600000000001e-05,0.072,-0.8
22299,7.3798e-05,0.08,-0.8
22300,7.38e-05,0.072,-0.8
22301,7.380200000000001e-05,0.08,-0.8
22302,7.3804e-05,0.072,-1.6
22303,7.3806e-05,0.072,-0.000174
22304,7.380800000000001e-05,0.08,-0.8
22305,7.381e-05,0.08,-0.8
22306,7.3812e-05,0.072,-0.8
22307,7.381400000000001e-05,0.08,-0.8
22308,7.3816e-05,0.072,-0.8
22309,7.3818e-05,0.088,-0.8
22310,7.382000000000001e-05,0.072,-0.8
22311,7.3822e-05,0.08,-0.8
22312,7.3824e-05,0.072,-0.8
22313,7.382600000000001e-05,0.08,-0.8
22314,7.3828e-05,0.08,-0.8
22315,7.383e-05,0.08,-0.8
22316,7.383200000000001e-05,0.072,-0.8
22317,7.3834e-05,0.08,-0.8
22318,7.3836e-05,0.08,-0.8
22319,7.383800000000001e-05,0.08,-0.8
22320,7.384e-05,0.08,-0.8
22321,7.3842e-05,0.088,-0.8
22322,7.3844e-05,0.08,-0.8
22323,7.384600000000001e-05,0.08,-0.8
22324,7.3848e-05,0.08,-0.8
22325,7.385e-05,0.08,-0.8
22326,7.385200000000001e-05,0.08,-0.8
22327,7.3854e-05,0.08,-0.8
22328,7.3856e-05,0.08,-0.8
22329,7.385800000000001e-05,0.088,-0.8
22330,7.386e-05,0.08,-0.8
22331,7.3862e-05,0.08,-0.8
22332,7.386400000000001e-05,0.08,-0.8
22333,7.3866e-05,0.088,-0.8
22334,7.3868e-05,0.08,-0.8
22335,7.387000000000001e-05,0.08,-0.8
22336,7.3872e-05,0.072,-0.8
22337,7.3874e-05,0.088,-0.8
22338,7.387600000000001e-05,0.08,-0.8
22339,7.3878e-05,0.08,-0.8
22340,7.388e-05,0.08,-0.8
22341,7.388200000000001e-05,0.088,-0.8
22342,7.3884e-05,0.08,-0.8
22343,7.3886e-05,0.08,-0.8
22344,7.388800000000001e-05,0.08,-0.8
22345,7.389e-05,0.088,-0.8
22346,7.3892e-05,0.08,-0.8
22347,7.389400000000001e-05,0.08,-0.8
22348,7.3896e-05,0.08,-0.8
22349,7.3898e-05,0.088,-0.8
22350,7.390000000000001e-05,0.08,-0.8
22351,7.3902e-05,0.08,-0.8
22352,7.3904e-05,0.08,-0.8
22353,7.390600000000001e-05,0.088,-0.8
22354,7.3908e-05,0.08,-0.8
22355,7.391e-05,0.08,-0.8
22356,7.3912e-05,0.08,-0.8
22357,7.391400000000001e-05,0.088,-0.8
22358,7.3916e-05,0.08,-0.8
22359,7.3918e-05,0.08,-0.8
22360,7.392000000000001e-05,0.08,-0.8
22361,7.3922e-05,0.088,-0.8
22362,7.3924e-05,0.08,-0.8
22363,7.392600000000001e-05,0.08,-0.8
22364,7.3928e-05,0.08,-0.8
22365,7.393e-05,0.088,-0.8
22366,7.393200000000001e-05,0.08,-0.8
22367,7.3934e-05,0.088,-0.8
22368,7.3936e-05,0.08,-0.8
22369,7.393800000000001e-05,0.088,-0.8
22370,7.394e-05,0.08,-0.8
22371,7.3942e-05,0.088,-0.8
22372,7.394400000000001e-05,0.08,-0.8
22373,7.3946e-05,0.088,-0.8
22374,7.3948e-05,0.08,-0.8
22375,7.395000000000001e-05,0.088,-0.8
22376,7.3952e-05,0.08,-0.8
22377,7.3954e-05,0.088,-0.8
22378,7.395600000000001e-05,0.08,-0.8
22379,7.3958e-05,0.08,-0.8
22380,7.396e-05,0.08,-0.8
22381,7.396200000000001e-05,0.088,-0.8
22382,7.3964e-05,0.08,-0.8
22383,7.3966e-05,0.08,-0.8
22384,7.396800000000001e-05,0.08,-0.8
22385,7.397e-05,0.088,-0.8
22386,7.3972e-05,0.088,-0.8
22387,7.397400000000001e-05,0.08,-0.8
22388,7.3976e-05,0.08,-0.8
22389,7.3978e-05,0.088,-0.8
22390,7.398e-05,0.08,-0.8
22391,7.398200000000001e-05,0.088,-0.8
22392,7.3984e-05,0.08,-0.8
22393,7.3986e-05,0.088,-0.8
22394,7.398800000000001e-05,0.088,-0.8
22395,7.399e-05,0.08,-0.8
22396,7.3992e-05,0.08,-0.8
22397,7.399400000000001e-05,0.088,-0.8
22398,7.3996e-05,0.08,-0.8
22399,7.3998e-05,0.088,-0.8
22400,7.400000000000001e-05,0.08,-0.8
22401,7.4002e-05,0.096,-0.8
22402,7.4004e-05,0.088,-0.8
22403,7.400600000000001e-05,0.088,-0.8
22404,7.4008e-05,0.08,-0.8
22405,7.401e-05,0.088,-0.8
22406,7.401200000000001e-05,0.08,-0.8
22407,7.4014e-05,0.088,-0.8
22408,7.4016e-05,0.08,-0.8
22409,7.401800000000001e-05,0.096,-0.8
22410,7.402e-05,0.088,-0.8
22411,7.4022e-05,0.088,-0.8
22412,7.402400000000001e-05,0.08,-0.8
22413,7.4026e-05,0.088,-0.8
22414,7.4028e-05,0.088,-0.8
22415,7.403000000000001e-05,0.088,-0.8
22416,7.4032e-05,0.088,-0.8
22417,7.4034e-05,0.096,-0.8
22418,7.403600000000001e-05,0.088,-0.8
22419,7.4038e-05,0.088,-0.8
22420,7.404e-05,0.088,-0.8
22421,7.404200000000001e-05,0.096,-0.8
22422,7.4044e-05,0.088,-0.8
22423,7.4046e-05,0.088,-0.8
22424,7.4048e-05,0.088,-0.8
22425,7.405000000000001e-05,0.096,-0.8
22426,7.4052e-05,0.088,-0.8
22427,7.4054e-05,0.088,-0.8
22428,7.405600000000001e-05,0.088,-0.8
22429,7.4058e-05,0.088,-0.8
22430,7.406e-05,0.088,-0.8
22431,7.406200000000001e-05,0.088,-0.8
22432,7.4064e-05,0.088,-0.8
22433,7.4066e-05,0.096,-0.8
22434,7.406800000000001e-05,0.088,-0.8
22435,7.407e-05,0.088,-0.8
22436,7.4072e-05,0.088,-0.8
22437,7.407400000000001e-05,0.096,-0.8
22438,7.4076e-05,0.088,-0.8
22439,7.4078e-05,0.088,-0.8
22440,7.408000000000001e-05,0.088,-0.8
22441,7.4082e-05,0.096,-0.8
22442,7.4084e-05,0.088,-0.8
22443,7.408600000000001e-05,0.088,-0.8
22444,7.4088e-05,0.088,-0.8
22445,7.409e-05,0.096,-0.8
22446,7.409200000000001e-05,0.088,-0.8
22447,7.4094e-05,0.088,-0.8
22448,7.4096e-05,0.088,-0.8
22449,7.409800000000001e-05,0.096,-0.8
22450,7.41e-05,0.088,-0.8
22451,7.4102e-05,0.088,-0.8
22452,7.410400000000001e-05,0.088,-0.8
22453,7.4106e-05,0.096,-0.8
22454,7.4108e-05,0.088,-0.8
22455,7.411000000000001e-05,0.096,-0.8
22456,7.4112e-05,0.088,-0.8
22457,7.4114e-05,0.096,-0.8
22458,7.4116e-05,0.088,-0.8
22459,7.411800000000001e-05,0.088,-0.8
22460,7.412e-05,0.088,-0.8
22461,7.4122e-05,0.096,-0.8
22462,7.412400000000001e-05,0.088,-0.8
22463,7.4126e-05,0.096,-0.8
22464,7.4128e-05,0.088,-0.8
22465,7.413000000000001e-05,0.096,-0.8
22466,7.4132e-05,0.088,-0.8
22467,7.4134e-05,0.088,-0.8
22468,7.413600000000001e-05,0.088,-0.8
22469,7.4138e-05,0.096,-0.8
22470,7.414e-05,0.088,-0.8
22471,7.414200000000001e-05,0.096,-0.8
22472,7.4144e-05,0.088,-0.8
22473,7.4146e-05,0.096,-0.8
22474,7.414800000000001e-05,0.088,-0.8
22475,7.415e-05,0.096,-0.8
22476,7.4152e-05,0.088,-0.8
22477,7.415400000000001e-05,0.096,-0.8
22478,7.4156e-05,0.088,-0.8
22479,7.4158e-05,0.096,-0.8
22480,7.416000000000001e-05,0.088,-0.8
22481,7.4162e-05,0.104,-0.8
22482,7.4164e-05,0.088,-0.8
22483,7.416600000000001e-05,0.096,-0.8
22484,7.4168e-05,0.088,-0.8
22485,7.417e-05,0.096,-0.8
22486,7.417200000000001e-05,0.088,-0.8
22487,7.4174e-05,0.096,-0.8
22488,7.4176e-05,0.088,-0.8
22489,7.417800000000001e-05,0.096,-0.8
22490,7.418e-05,0.088,-0.8
22491,7.4182e-05,0.096,-0.8
22492,7.4184e-05,0.088,-0.8
22493,7.418600000000001e-05,0.096,-0.8
22494,7.4188e-05,0.088,-0.8
22495,7.419e-05,0.096,-0.8
22496,7.419200000000001e-05,0.096,-0.8
22497,7.4194e-05,0.096,-0.8
22498,7.4196e-05,0.096,-0.8
22499,7.419800000000001e-05,0.096,-0.8
22500,7.42e-05,0.088,-0.8
22501,7.4202e-05,0.104,-0.8
22502,7.420400000000001e-05,0.096,-0.8
22503,7.4206e-05,0.096,-0.000174
22504,7.4208e-05,0.096,-0.8
22505,7.421000000000001e-05,0.096,-0.8
22506,7.4212e-05,0.096,-0.8
22507,7.4214e-05,0.096,-0.8
22508,7.421600000000001e-05,0.088,-0.000174
22509,7.4218e-05,0.104,-0.8
22510,7.422e-05,0.096,-0.8
22511,7.422200000000001e-05,0.096,-0.8
22512,7.4224e-05,0.088,-0.8
22513,7.4226e-05,0.104,-0.8
22514,7.422800000000001e-05,0.096,-0.8
22515,7.423e-05,0.096,-0.8
22516,7.4232e-05,0.096,-0.8
22517,7.423400000000001e-05,0.104,-0.8
22518,7.4236e-05,0.096,-0.8
22519,7.4238e-05,0.096,-0.8
22520,7.424000000000001e-05,0.096,-0.8
22521,7.4242e-05,0.104,-0.8
22522,7.4244e-05,0.096,-0.8
22523,7.424600000000001e-05,0.096,-0.8
22524,7.4248e-05,0.096,-0.8
22525,7.425e-05,0.104,-0.8
22526,7.4252e-05,0.096,-0.8
22527,7.425400000000001e-05,0.096,-0.8
22528,7.4256e-05,0.096,-0.8
22529,7.4258e-05,0.104,-0.8
22530,7.426000000000001e-05,0.096,-0.8
22531,7.4262e-05,0.104,-0.8
22532,7.4264e-05,0.096,-0.8
22533,7.426600000000001e-05,0.104,-0.8
22534,7.4268e-05,0.096,-0.8
22535,7.427e-05,0.096,-0.8
22536,7.427200000000001e-05,0.096,-0.8
22537,7.4274e-05,0.104,-0.8
22538,7.4276e-05,0.096,-0.8
22539,7.427800000000001e-05,0.096,-0.8
22540,7.428e-05,0.096,-0.8
22541,7.4282e-05,0.104,-0.8
22542,7.428400000000001e-05,0.096,-0.8
22543,7.4286e-05,0.096,-0.8
22544,7.4288e-05,0.096,-0.8
22545,7.429000000000001e-05,0.104,-0.8
22546,7.4292e-05,0.096,-0.8
22547,7.4294e-05,0.096,-0.8
22548,7.429600000000001e-05,0.096,-0.8
22549,7.4298e-05,0.104,-0.8
22550,7.43e-05,0.096,-0.8
22551,7.430200000000001e-05,0.104,-0.8
22552,7.4304e-05,0.096,-0.8
22553,7.4306e-05,0.104,-0.8
22554,7.430800000000001e-05,0.096,-0.8
22555,7.431e-05,0.096,-0.8
22556,7.4312e-05,0.096,-0.8
22557,7.431400000000001e-05,0.104,-0.8
22558,7.4316e-05,0.096,-0.8
22559,7.4318e-05,0.104,-0.8
22560,7.432e-05,0.096,-0.8
22561,7.432200000000001e-05,0.112,-0.8
22562,7.4324e-05,0.096,-0.8
22563,7.4326e-05,0.104,-0.8
22564,7.432800000000001e-05,0.096,-0.8
22565,7.433e-05,0.104,-0.8
22566,7.4332e-05,0.096,-0.8
22567,7.433400000000001e-05,0.104,-0.8
22568,7.4336e-05,0.096,-0.8
22569,7.4338e-05,0.104,-0.8
22570,7.434000000000001e-05,0.096,-0.8
22571,7.4342e-05,0.104,-0.8
22572,7.4344e-05,0.096,-0.8
22573,7.434600000000001e-05,0.104,-0.8
22574,7.4348e-05,0.096,-0.8
22575,7.435e-05,0.104,-0.8
22576,7.435200000000001e-05,0.104,-0.8
22577,7.4354e-05,0.104,-0.8
22578,7.4356e-05,0.104,-0.8
22579,7.435800000000001e-05,0.104,-0.8
22580,7.436e-05,0.096,-0.8
22581,7.4362e-05,0.104,-0.8
22582,7.436400000000001e-05,0.096,-0.8
22583,7.4366e-05,0.104,-0.8
22584,7.4368e-05,0.096,-0.8
22585,7.437000000000001e-05,0.112,-0.8
22586,7.4372e-05,0.104,-0.8
22587,7.4374e-05,0.104,-0.8
22588,7.437600000000001e-05,0.104,-0.8
22589,7.4378e-05,0.112,-0.8
22590,7.438e-05,0.104,-0.8
22591,7.438200000000001e-05,0.104,-0.8
22592,7.4384e-05,0.104,-0.8
22593,7.4386e-05,0.112,-0.8
22594,7.4388e-05,0.104,-0.8
22595,7.439000000000001e-05,0.104,-0.8
22596,7.4392e-05,0.104,-0.8
22597,7.4394e-05,0.112,-0.8
22598,7.439600000000001e-05,0.104,-0.8
22599,7.4398e-05,0.104,-0.8
22600,7.44e-05,0.096,-0.8
22601,7.440200000000001e-05,0.112,-0.8
22602,7.4404e-05,0.104,-0.8
22603,7.4406e-05,0.104,-0.8
22604,7.440800000000001e-05,0.104,-0.8
22605,7.441e-05,0.112,-0.8
22606,7.4412e-05,0.104,-0.8
22607,7.441400000000001e-05,0.104,-0.8
22608,7.4416e-05,0.104,-0.8
22609,7.4418e-05,0.112,-0.8
22610,7.442000000000001e-05,0.104,-0.8
22611,7.4422e-05,0.104,-0.8
22612,7.4424e-05,0.104,-0.8
22613,7.442600000000001e-05,0.112,-0.8
22614,7.4428e-05,0.104,-0.8
22615,7.443e-05,0.104,-0.8
22616,7.443200000000001e-05,0.104,-0.8
22617,7.4434e-05,0.112,-0.8
22618,7.4436e-05,0.104,-0.8
22619,7.443800000000001e-05,0.104,-0.8
22620,7.444e-05,0.104,-0.8
22621,7.4442e-05,0.112,-0.8
22622,7.444400000000001e-05,0.104,-0.8
22623,7.4446e-05,0.104,-0.8
22624,7.4448e-05,0.104,-0.8
22625,7.445000000000001e-05,0.112,-0.8
22626,7.4452e-05,0.104,-0.8
22627,7.4454e-05,0.104,-0.8
22628,7.4456e-05,0.104,-0.8
22629,7.445800000000001e-05,0.112,-0.8
22630,7.446e-05,0.104,-0.8
22631,7.4462e-05,0.104,-0.8
22632,7.446400000000001e-05,0.104,-0.8
22633,7.4466e-05,0.112,-0.8
22634,7.4468e-05,0.104,-0.8
22635,7.447000000000001e-05,0.104,-0.8
22636,7.4472e-05,0.104,-0.8
22637,7.4474e-05,0.112,-0.8
22638,7.447600000000001e-05,0.104,-0.8
22639,7.4478e-05,0.104,-0.8
22640,7.448e-05,0.104,-0.8
22641,7.448200000000001e-05,0.112,-0.8
22642,7.4484e-05,0.104,-0.8
22643,7.4486e-05,0.112,-0.8
22644,7.448800000000001e-05,0.104,-0.8
22645,7.449e-05,0.112,-0.8
22646,7.4492e-05,0.104,-0.8
22647,7.449400000000001e-05,0.112,-0.8
22648,7.4496e-05,0.104,-0.8
22649,7.4498e-05,0.112,-0.8
22650,7.450000000000001e-05,0.104,-0.8
22651,7.4502e-05,0.112,-0.8
22652,7.4504e-05,0.104,-0.8
22653,7.450600000000001e-05,0.112,-0.8
22654,7.4508e-05,0.112,-0.8
22655,7.451e-05,0.112,-0.8
22656,7.451200000000001e-05,0.104,-0.8
22657,7.4514e-05,0.112,-0.8
22658,7.4516e-05,0.112,-0.8
22659,7.451800000000001e-05,0.112,-0.8
22660,7.452e-05,0.104,-0.8
22661,7.4522e-05,0.12,-0.8
22662,7.452400000000001e-05,0.104,-0.8
22663,7.452600000000001e-05,0.112,-0.8
22664,7.4528e-05,0.104,-0.8
22665,7.453e-05,0.112,-0.8
22666,7.453200000000001e-05,0.112,-0.8
22667,7.4534e-05,0.112,-0.8
22668,7.4536e-05,0.112,-0.8
22669,7.453800000000001e-05,0.12,-0.8
22670,7.454e-05,0.112,-0.8
22671,7.4542e-05,0.112,-0.8
22672,7.454400000000001e-05,0.104,-0.8
22673,7.4546e-05,0.12,-0.8
22674,7.4548e-05,0.112,-0.8
22675,7.455000000000001e-05,0.112,-0.8
22676,7.4552e-05,0.112,-0.8
22677,7.4554e-05,0.112,-0.8
22678,7.455600000000001e-05,0.112,-0.8
22679,7.4558e-05,0.112,-0.8
22680,7.456e-05,0.104,-0.8
22681,7.456200000000001e-05,0.12,-0.8
22682,7.4564e-05,0.112,-0.8
22683,7.4566e-05,0.112,-0.8
22684,7.456800000000001e-05,0.104,-0.8
22685,7.457e-05,0.112,-0.8
22686,7.4572e-05,0.112,-0.8
22687,7.457400000000001e-05,0.112,-0.8
22688,7.4576e-05,0.104,-0.8
22689,7.4578e-05,0.12,-0.8
22690,7.458000000000001e-05,0.112,-0.8
22691,7.4582e-05,0.112,-0.8
22692,7.4584e-05,0.112,-0.8
22693,7.458600000000001e-05,0.12,-0.8
22694,7.4588e-05,0.112,-0.8
22695,7.459e-05,0.112,-0.8
22696,7.459200000000001e-05,0.112,-0.8
22697,7.459400000000001e-05,0.12,-0.8
22698,7.4596e-05,0.112,-0.8
22699,7.4598e-05,0.112,-0.8
22700,7.460000000000001e-05,0.104,-0.8
22701,7.4602e-05,0.12,-0.8
22702,7.4604e-05,0.112,-0.8
22703,7.460600000000001e-05,0.112,-0.000174
22704,7.4608e-05,0.112,-0.8
22705,7.461e-05,0.12,-0.8
22706,7.461200000000001e-05,0.112,-0.8
22707,7.4614e-05,0.12,-0.8
22708,7.4616e-05,0.104,-0.000174
22709,7.461800000000001e-05,0.12,-0.8
22710,7.462e-05,0.112,-0.8
22711,7.4622e-05,0.112,-0.8
22712,7.462400000000001e-05,0.112,-0.8
22713,7.4626e-05,0.12,-0.8
22714,7.4628e-05,0.112,-0.8
22715,7.463000000000001e-05,0.112,-0.8
22716,7.4632e-05,0.112,-0.8
22717,7.4634e-05,0.12,-0.8
22718,7.463600000000001e-05,0.112,-0.8
22719,7.4638e-05,0.112,-0.8
22720,7.464e-05,0.112,-0.8
22721,7.464200000000001e-05,0.12,-0.8
22722,7.4644e-05,0.112,-0.8
22723,7.4646e-05,0.112,-0.8
22724,7.464800000000001e-05,0.112,-0.8
22725,7.465e-05,0.12,-0.8
22726,7.4652e-05,0.112,-0.8
22727,7.465400000000001e-05,0.12,-0.8
22728,7.4656e-05,0.112,-0.8
22729,7.4658e-05,0.12,-0.8
22730,7.466000000000001e-05,0.112,-0.8
22731,7.466200000000001e-05,0.12,-0.8
22732,7.4664e-05,0.112,-0.8
22733,7.4666e-05,0.12,-0.8
22734,7.466800000000001e-05,0.112,-0.8
22735,7.467e-05,0.12,-0.8
22736,7.4672e-05,0.112,-0.8
22737,7.467400000000001e-05,0.12,-0.8
22738,7.4676e-05,0.112,-0.8
22739,7.4678e-05,0.112,-0.8
22740,7.468000000000001e-05,0.112,-0.8
22741,7.4682e-05,0.12,-0.8
22742,7.4684e-05,0.112,-0.8
22743,7.468600000000001e-05,0.12,-0.8
22744,7.4688e-05,0.112,-0.8
22745,7.469e-05,0.12,-0.8
22746,7.469200000000001e-05,0.112,-0.8
22747,7.4694e-05,0.12,-0.8
22748,7.4696e-05,0.112,-0.8
22749,7.469800000000001e-05,0.12,-0.8
22750,7.47e-05,0.112,-0.8
22751,7.4702e-05,0.12,-0.8
22752,7.470400000000001e-05,0.112,-0.8
22753,7.4706e-05,0.128,-0.8
22754,7.4708e-05,0.12,-0.8
22755,7.471000000000001e-05,0.12,-0.8
22756,7.4712e-05,0.112,-0.8
22757,7.4714e-05,0.128,-0.8
22758,7.471600000000001e-05,0.112,-0.8
22759,7.4718e-05,0.12,-0.8
22760,7.472e-05,0.112,-0.8
22761,7.472200000000001e-05,0.128,-0.8
22762,7.4724e-05,0.12,-0.8
22763,7.4726e-05,0.12,-0.8
22764,7.472800000000001e-05,0.12,-0.8
22765,7.473e-05,0.12,-0.8
22766,7.4732e-05,0.12,-0.8
22767,7.4734e-05,0.12,-0.8
22768,7.473600000000001e-05,0.112,-0.8
22769,7.4738e-05,0.128,-0.8
22770,7.474e-05,0.12,-0.8
22771,7.474200000000001e-05,0.12,-0.8
22772,7.4744e-05,0.112,-0.8
22773,7.4746e-05,0.128,-0.8
22774,7.474800000000001e-05,0.12,-0.8
22775,7.475e-05,0.12,-0.8
22776,7.4752e-05,0.12,-0.8
22777,7.475400000000001e-05,0.128,-0.8
22778,7.4756e-05,0.12,-0.8
22779,7.4758e-05,0.12,-0.8
22780,7.476000000000001e-05,0.12,-0.8
22781,7.4762e-05,0.128,-0.8
22782,7.4764e-05,0.12,-0.8
22783,7.476600000000001e-05,0.12,-0.8
22784,7.4768e-05,0.112,-0.8
22785,7.477e-05,0.128,-0.8
22786,7.477200000000001e-05,0.12,-0.8
22787,7.4774e-05,0.12,-0.8
22788,7.4776e-05,0.12,-0.8
22789,7.477800000000001e-05,0.128,-0.8
22790,7.478e-05,0.12,-0.8
22791,7.4782e-05,0.12,-0.8
22792,7.478400000000001e-05,0.12,-0.8
22793,7.4786e-05,0.128,-0.8
22794,7.4788e-05,0.12,-0.8
22795,7.479000000000001e-05,0.12,-0.8
22796,7.4792e-05,0.12,-0.8
22797,7.4794e-05,0.128,-0.8
22798,7.479600000000001e-05,0.12,-0.8
22799,7.4798e-05,0.12,-0.8
22800,7.48e-05,0.12,-0.8
22801,7.4802e-05,0.128,-0.8
22802,7.480400000000001e-05,0.12,-0.8
22803,7.4806e-05,0.12,-0.8
22804,7.4808e-05,0.12,-0.8
22805,7.481000000000001e-05,0.128,-0.8
22806,7.4812e-05,0.12,-0.8
22807,7.4814e-05,0.12,-0.8
22808,7.481600000000001e-05,0.12,-0.8
22809,7.4818e-05,0.128,-0.8
22810,7.482e-05,0.12,-0.8
22811,7.482200000000001e-05,0.12,-0.8
22812,7.4824e-05,0.12,-0.8
22813,7.4826e-05,0.128,-0.8
22814,7.482800000000001e-05,0.12,-0.8
22815,7.483e-05,0.128,-0.8
22816,7.4832e-05,0.12,-0.8
22817,7.483400000000001e-05,0.128,-0.8
22818,7.4836e-05,0.12,-0.8
22819,7.4838e-05,0.12,-0.8
22820,7.484000000000001e-05,0.12,-0.8
22821,7.4842e-05,0.128,-0.8
22822,7.4844e-05,0.12,-0.8
22823,7.484600000000001e-05,0.128,-0.8
22824,7.4848e-05,0.12,-0.8
22825,7.485e-05,0.128,-0.8
22826,7.485200000000001e-05,0.12,-0.8
22827,7.4854e-05,0.12,-0.8
22828,7.4856e-05,0.12,-0.8
22829,7.485800000000001e-05,0.128,-0.8
22830,7.486e-05,0.12,-0.8
22831,7.4862e-05,0.128,-0.8
22832,7.486400000000001e-05,0.12,-0.8
22833,7.4866e-05,0.128,-0.8
22834,7.4868e-05,0.128,-0.8
22835,7.487e-05,0.12,-0.8
22836,7.487200000000001e-05,0.12,-0.8
22837,7.4874e-05,0.128,-0.8
22838,7.4876e-05,0.12,-0.8
22839,7.487800000000001e-05,0.128,-0.8
22840,7.488e-05,0.12,-0.8
22841,7.4882e-05,0.136,-0.8
22842,7.488400000000001e-05,0.128,-0.8
22843,7.4886e-05,0.128,-0.8
22844,7.4888e-05,0.12,-0.8
22845,7.489000000000001e-05,0.128,-0.8
22846,7.4892e-05,0.128,-0.8
22847,7.4894e-05,0.128,-0.8
22848,7.489600000000001e-05,0.12,-0.8
22849,7.4898e-05,0.136,-0.8
22850,7.49e-05,0.128,-0.8
22851,7.490200000000001e-05,0.128,-0.8
22852,7.4904e-05,0.12,-0.8
22853,7.4906e-05,0.128,-0.8
22854,7.490800000000001e-05,0.128,-0.8
22855,7.491e-05,0.128,-0.8
22856,7.4912e-05,0.12,-0.8
22857,7.491400000000001e-05,0.136,-0.8
22858,7.4916e-05,0.128,-0.8
22859,7.4918e-05,0.128,-0.8
22860,7.492000000000001e-05,0.12,-0.8
22861,7.4922e-05,0.136,-0.8
22862,7.4924e-05,0.128,-0.8
22863,7.492600000000001e-05,0.128,-0.8
22864,7.4928e-05,0.128,-0.8
22865,7.493e-05,0.136,-0.8
22866,7.493200000000001e-05,0.128,-0.8
22867,7.4934e-05,0.128,-0.8
22868,7.4936e-05,0.128,-0.8
22869,7.4938e-05,0.136,-0.8
22870,7.494000000000001e-05,0.128,-0.8
22871,7.4942e-05,0.128,-0.8
22872,7.4944e-05,0.128,-0.8
22873,7.494600000000001e-05,0.136,-0.8
22874,7.4948e-05,0.128,-0.8
22875,7.495e-05,0.128,-0.8
22876,7.495200000000001e-05,0.128,-0.8
22877,7.4954e-05,0.136,-0.8
22878,7.4956e-05,0.128,-0.8
22879,7.495800000000001e-05,0.128,-0.8
22880,7.496e-05,0.128,-0.8
22881,7.4962e-05,0.136,-0.8
22882,7.496400000000001e-05,0.128,-0.8
22883,7.4966e-05,0.128,-0.8
22884,7.4968e-05,0.128,-0.8
22885,7.497000000000001e-05,0.136,-0.8
22886,7.4972e-05,0.128,-0.8
22887,7.4974e-05,0.128,-0.8
22888,7.497600000000001e-05,0.128,-0.8
22889,7.4978e-05,0.136,-0.8
22890,7.498e-05,0.128,-0.8
22891,7.498200000000001e-05,0.128,-0.8
22892,7.4984e-05,0.128,-0.8
22893,7.4986e-05,0.136,-0.8
22894,7.498800000000001e-05,0.128,-0.8
22895,7.499e-05,0.128,-0.8
22896,7.4992e-05,0.128,-0.8
22897,7.499400000000001e-05,0.136,-0.8
22898,7.4996e-05,0.128,-0.8
22899,7.4998e-05,0.128,-0.8
22900,7.500000000000001e-05,0.128,-0.8
22901,7.5002e-05,0.136,-0.8
22902,7.5004e-05,0.128,-0.8
22903,7.5006e-05,0.128,-0.000174
22904,7.500800000000001e-05,0.128,-0.8
22905,7.501e-05,0.136,-0.8
22906,7.5012e-05,0.128,-0.8
22907,7.501400000000001e-05,0.136,-0.8
22908,7.5016e-05,0.128,-0.000174
22909,7.5018e-05,0.136,-0.8
22910,7.502000000000001e-05,0.128,-0.8
22911,7.5022e-05,0.136,-0.8
22912,7.5024e-05,0.128,-0.8
22913,7.502600000000001e-05,0.136,-0.8
22914,7.5028e-05,0.128,-0.8
22915,7.503e-05,0.136,-0.8
22916,7.503200000000001e-05,0.128,-0.8
22917,7.5034e-05,0.136,-0.8
22918,7.5036e-05,0.128,-0.8
22919,7.503800000000001e-05,0.136,-0.8
22920,7.504e-05,0.128,-0.8
22921,7.5042e-05,0.136,-0.8
22922,7.504400000000001e-05,0.128,-0.8
22923,7.5046e-05,0.136,-0.8
22924,7.5048e-05,0.128,-0.8
22925,7.505000000000001e-05,0.136,-0.8
22926,7.5052e-05,0.128,-0.8
22927,7.5054e-05,0.136,-0.8
22928,7.505600000000001e-05,0.128,-0.8
22929,7.5058e-05,0.136,-0.8
22930,7.506e-05,0.128,-0.8
22931,7.506200000000001e-05,0.136,-0.8
22932,7.5064e-05,0.128,-0.8
22933,7.5066e-05,0.136,-0.8
22934,7.506800000000001e-05,0.128,-0.8
22935,7.507e-05,0.136,-0.8
22936,7.5072e-05,0.136,-0.8
22937,7.5074e-05,0.144,-0.8
22938,7.507600000000001e-05,0.136,-0.8
22939,7.5078e-05,0.136,-0.8
22940,7.508e-05,0.128,-0.8
22941,7.508200000000001e-05,0.136,-0.8
22942,7.5084e-05,0.136,-0.8
22943,7.5086e-05,0.136,-0.8
22944,7.508800000000001e-05,0.128,-0.8
22945,7.509e-05,0.144,-0.8
22946,7.5092e-05,0.136,-0.8
22947,7.509400000000001e-05,0.136,-0.8
22948,7.5096e-05,0.128,-0.8
22949,7.5098e-05,0.144,-0.8
22950,7.510000000000001e-05,0.128,-0.8
22951,7.5102e-05,0.136,-0.8
22952,7.5104e-05,0.136,-0.8
22953,7.510600000000001e-05,0.144,-0.8
22954,7.5108e-05,0.136,-0.8
22955,7.511e-05,0.136,-0.8
22956,7.511200000000001e-05,0.136,-0.8
22957,7.5114e-05,0.144,-0.8
22958,7.5116e-05,0.136,-0.8
22959,7.511800000000001e-05,0.136,-0.8
22960,7.512e-05,0.128,-0.8
22961,7.5122e-05,0.144,-0.8
22962,7.512400000000001e-05,0.136,-0.8
22963,7.5126e-05,0.136,-0.8
22964,7.5128e-05,0.136,-0.8
22965,7.513000000000001e-05,0.144,-0.8
22966,7.5132e-05,0.136,-0.8
22967,7.5134e-05,0.136,-0.8
22968,7.513600000000001e-05,0.136,-0.8
22969,7.5138e-05,0.144,-0.8
22970,7.514e-05,0.136,-0.8
22971,7.5142e-05,0.136,-0.8
22972,7.514400000000001e-05,0.136,-0.8
22973,7.5146e-05,0.144,-0.8
22974,7.5148e-05,0.136,-0.8
22975,7.515000000000001e-05,0.136,-0.8
22976,7.5152e-05,0.136,-0.8
22977,7.5154e-05,0.144,-0.8
22978,7.515600000000001e-05,0.136,-0.8
22979,7.5158e-05,0.136,-0.8
22980,7.516e-05,0.136,-0.8
22981,7.516200000000001e-05,0.144,-0.8
22982,7.5164e-05,0.136,-0.8
22983,7.5166e-05,0.136,-0.8
22984,7.516800000000001e-05,0.136,-0.8
22985,7.517e-05,0.144,-0.8
22986,7.5172e-05,0.136,-0.8
22987,7.517400000000001e-05,0.136,-0.8
22988,7.5176e-05,0.136,-0.8
22989,7.5178e-05,0.144,-0.8
22990,7.518000000000001e-05,0.136,-0.8
22991,7.5182e-05,0.136,-0.8
22992,7.5184e-05,0.136,-0.8
22993,7.518600000000001e-05,0.144,-0.8
22994,7.5188e-05,0.136,-0.8
22995,7.519e-05,0.136,-0.8
22996,7.519200000000001e-05,0.136,-0.8
22997,7.5194e-05,0.144,-0.8
22998,7.5196e-05,0.136,-0.8
22999,7.519800000000001e-05,0.144,-0.8
23000,7.52e-05,0.136,-0.8
23001,7.5202e-05,0.144,-0.8
23002,7.520400000000001e-05,0.136,-0.8
23003,7.5206e-05,0.144,-0.8
23004,7.5208e-05,0.136,-0.8
23005,7.521e-05,0.144,-0.8
23006,7.521200000000001e-05,0.136,-0.8
23007,7.5214e-05,0.136,-0.8
23008,7.5216e-05,0.136,-0.8
23009,7.521800000000001e-05,0.152,-0.8
23010,7.522e-05,0.144,-0.8
23011,7.5222e-05,0.144,-0.8
23012,7.522400000000001e-05,0.136,-0.8
23013,7.5226e-05,0.144,-0.8
23014,7.5228e-05,0.136,-0.8
23015,7.523000000000001e-05,0.144,-0.8
23016,7.5232e-05,0.144,-0.8
23017,7.5234e-05,0.144,-0.8
23018,7.523600000000001e-05,0.144,-0.8
23019,7.5238e-05,0.144,-0.8
23020,7.524e-05,0.136,-0.8
23021,7.524200000000001e-05,0.152,-0.8
23022,7.5244e-05,0.136,-0.8
23023,7.5246e-05,0.144,-0.8
23024,7.524800000000001e-05,0.136,-0.8
23025,7.525e-05,0.144,-0.8
23026,7.5252e-05,0.144,-0.8
23027,7.525400000000001e-05,0.144,-0.8
23028,7.5256e-05,0.136,-0.8
23029,7.5258e-05,0.144,-0.8
23030,7.526000000000001e-05,0.136,-0.8
23031,7.5262e-05,0.144,-0.8
23032,7.5264e-05,0.144,-0.8
23033,7.526600000000001e-05,0.144,-0.8
23034,7.5268e-05,0.144,-0.8
23035,7.527e-05,0.144,-0.8
23036,7.527200000000001e-05,0.136,-0.8
23037,7.5274e-05,0.152,-0.8
23038,7.5276e-05,0.144,-0.8
23039,7.5278e-05,0.144,-0.8
23040,7.528000000000001e-05,0.136,-0.8
23041,7.5282e-05,0.152,-0.8
23042,7.5284e-05,0.144,-0.8
23043,7.528600000000001e-05,0.144,-0.8
23044,7.5288e-05,0.136,-0.8
23045,7.529e-05,0.152,-0.8
23046,7.529200000000001e-05,0.144,-0.8
23047,7.5294e-05,0.144,-0.8
23048,7.5296e-05,0.144,-0.8
23049,7.529800000000001e-05,0.152,-0.8
23050,7.53e-05,0.144,-0.8
23051,7.5302e-05,0.144,-0.8
23052,7.530400000000001e-05,0.136,-0.8
23053,7.5306e-05,0.152,-0.8
23054,7.5308e-05,0.144,-0.8
23055,7.531000000000001e-05,0.144,-0.8
23056,7.5312e-05,0.144,-0.8
23057,7.5314e-05,0.152,-0.8
23058,7.531600000000001e-05,0.144,-0.8
23059,7.5318e-05,0.144,-0.8
23060,7.532e-05,0.144,-0.8
23061,7.532200000000001e-05,0.152,-0.8
23062,7.5324e-05,0.144,-0.8
23063,7.5326e-05,0.144,-0.8
23064,7.532800000000001e-05,0.144,-0.8
23065,7.533e-05,0.152,-0.8
23066,7.5332e-05,0.144,-0.8
23067,7.533400000000001e-05,0.144,-0.8
23068,7.5336e-05,0.144,-0.8
23069,7.5338e-05,0.152,-0.8
23070,7.534000000000001e-05,0.144,-0.8
23071,7.5342e-05,0.144,-0.8
23072,7.5344e-05,0.144,-0.8
23073,7.5346e-05,0.152,-0.8
23074,7.534800000000001e-05,0.152,-0.8
23075,7.535e-05,0.144,-0.8
23076,7.5352e-05,0.144,-0.8
23077,7.535400000000001e-05,0.152,-0.8
23078,7.5356e-05,0.144,-0.8
23079,7.5358e-05,0.144,-0.8
23080,7.536000000000001e-05,0.144,-0.8
23081,7.5362e-05,0.152,-0.8
23082,7.5364e-05,0.144,-0.8
23083,7.536600000000001e-05,0.144,-0.8
23084,7.5368e-05,0.144,-0.8
23085,7.537e-05,0.152,-0.8
23086,7.537200000000001e-05,0.144,-0.8
23087,7.5374e-05,0.144,-0.8
23088,7.5376e-05,0.144,-0.8
23089,7.537800000000001e-05,0.152,-0.8
23090,7.538e-05,0.144,-0.8
23091,7.5382e-05,0.152,-0.8
23092,7.538400000000001e-05,0.144,-0.8
23093,7.5386e-05,0.152,-0.8
23094,7.5388e-05,0.144,-0.8
23095,7.539000000000001e-05,0.144,-0.8
23096,7.5392e-05,0.144,-0.8
23097,7.5394e-05,0.152,-0.8
23098,7.539600000000001e-05,0.144,-0.8
23099,7.5398e-05,0.152,-0.8
23100,7.54e-05,0.144,-0.000174
23101,7.540200000000001e-05,0.152,-0.8
23102,7.5404e-05,0.144,-0.8
23103,7.5406e-05,0.144,-0.000174
23104,7.540800000000001e-05,0.152,-0.8
23105,7.541e-05,0.152,-0.8
23106,7.5412e-05,0.144,-0.8
23107,7.5414e-05,0.152,-0.8
23108,7.541600000000001e-05,0.144,-0.8
23109,7.5418e-05,0.16,-0.8
23110,7.542e-05,0.144,-0.8
23111,7.542200000000001e-05,0.152,-0.8
23112,7.5424e-05,0.144,-0.8
23113,7.5426e-05,0.152,-0.8
23114,7.542800000000001e-05,0.152,-0.8
23115,7.543e-05,0.152,-0.8
23116,7.5432e-05,0.152,-0.8
23117,7.543400000000001e-05,0.152,-0.8
23118,7.5436e-05,0.144,-0.8
23119,7.5438e-05,0.152,-0.8
23120,7.544000000000001e-05,0.144,-0.8
23121,7.5442e-05,0.16,-0.8
23122,7.5444e-05,0.152,-0.8
23123,7.544600000000001e-05,0.152,-0.8
23124,7.5448e-05,0.144,-0.8
23125,7.545e-05,0.16,-0.8
23126,7.545200000000001e-05,0.152,-0.8
23127,7.5454e-05,0.152,-0.8
23128,7.5456e-05,0.152,-0.8
23129,7.545800000000001e-05,0.16,-0.8
23130,7.546e-05,0.152,-0.8
23131,7.5462e-05,0.152,-0.8
23132,7.546400000000001e-05,0.144,-0.8
23133,7.5466e-05,0.16,-0.8
23134,7.5468e-05,0.152,-0.8
23135,7.547000000000001e-05,0.152,-0.8
23136,7.5472e-05,0.144,-0.8
23137,7.5474e-05,0.16,-0.8
23138,7.547600000000001e-05,0.152,-0.8
23139,7.5478e-05,0.152,-0.8
23140,7.548e-05,0.152,-0.8
23141,7.5482e-05,0.16,-0.8
23142,7.548400000000001e-05,0.152,-0.8
23143,7.5486e-05,0.152,-0.8
23144,7.5488e-05,0.144,-0.8
23145,7.549000000000001e-05,0.16,-0.8
23146,7.5492e-05,0.152,-0.8
23147,7.5494e-05,0.152,-0.8
23148,7.549600000000001e-05,0.152,-0.8
23149,7.5498e-05,0.16,-0.8
23150,7.55e-05,0.152,-0.8
23151,7.550200000000001e-05,0.152,-0.8
23152,7.5504e-05,0.152,-0.8
23153,7.5506e-05,0.16,-0.8
23154,7.550800000000001e-05,0.152,-0.8
23155,7.551e-05,0.152,-0.8
23156,7.5512e-05,0.152,-0.8
23157,7.551400000000001e-05,0.16,-0.8
23158,7.5516e-05,0.152,-0.8
23159,7.5518e-05,0.152,-0.8
23160,7.552000000000001e-05,0.152,-0.8
23161,7.5522e-05,0.16,-0.8
23162,7.5524e-05,0.152,-0.8
23163,7.552600000000001e-05,0.152,-0.8
23164,7.5528e-05,0.152,-0.8
23165,7.553e-05,0.16,-0.8
23166,7.553200000000001e-05,0.152,-0.8
23167,7.5534e-05,0.152,-0.8
23168,7.5536e-05,0.152,-0.8
23169,7.553800000000001e-05,0.16,-0.8
23170,7.554e-05,0.152,-0.8
23171,7.5542e-05,0.152,-0.8
23172,7.554400000000001e-05,0.152,-0.8
23173,7.5546e-05,0.16,-0.8
23174,7.5548e-05,0.152,-0.8
23175,7.555000000000001e-05,0.152,-0.8
23176,7.555200000000001e-05,0.152,-0.8
23177,7.5554e-05,0.16,-0.8
23178,7.5556e-05,0.152,-0.8
23179,7.555800000000001e-05,0.152,-0.8
23180,7.556e-05,0.152,-0.8
23181,7.5562e-05,0.16,-0.8
23182,7.556400000000001e-05,0.152,-0.8
23183,7.5566e-05,0.16,-0.8
23184,7.5568e-05,0.152,-0.8
23185,7.557000000000001e-05,0.16,-0.8
23186,7.5572e-05,0.16,-0.8
23187,7.5574e-05,0.16,-0.8
23188,7.557600000000001e-05,0.152,-0.8
23189,7.5578e-05,0.16,-0.8
23190,7.558e-05,0.152,-0.8
23191,7.558200000000001e-05,0.16,-0.8
23192,7.5584e-05,0.152,-0.8
23193,7.5586e-05,0.16,-0.8
23194,7.558800000000001e-05,0.16,-0.8
23195,7.559e-05,0.16,-0.8
23196,7.5592e-05,0.152,-0.8
23197,7.559400000000001e-05,0.16,-0.8
23198,7.5596e-05,0.152,-0.8
23199,7.5598e-05,0.16,-0.8
23200,7.560000000000001e-05,0.152,-0.8
23201,7.5602e-05,0.168,-0.8
23202,7.5604e-05,0.16,-0.8
23203,7.560600000000001e-05,0.16,-0.8
23204,7.5608e-05,0.152,-0.8
23205,7.561e-05,0.16,-0.8
23206,7.561200000000001e-05,0.152,-0.8
23207,7.5614e-05,0.16,-0.8
23208,7.5616e-05,0.16,-0.8
23209,7.561800000000001e-05,0.168,-0.8
23210,7.562000000000001e-05,0.16,-0.8
23211,7.5622e-05,0.16,-0.8
23212,7.5624e-05,0.152,-0.8
23213,7.562600000000001e-05,0.16,-0.8
23214,7.5628e-05,0.152,-0.8
23215,7.563e-05,0.16,-0.8
23216,7.563200000000001e-05,0.152,-0.8
23217,7.5634e-05,0.168,-0.8
23218,7.5636e-05,0.16,-0.8
23219,7.563800000000001e-05,0.16,-0.8
23220,7.564e-05,0.152,-0.8
23221,7.5642e-05,0.168,-0.8
23222,7.564400000000001e-05,0.16,-0.8
23223,7.5646e-05,0.16,-0.8
23224,7.5648e-05,0.16,-0.8
23225,7.565000000000001e-05,0.168,-0.8
23226,7.5652e-05,0.16,-0.8
23227,7.5654e-05,0.16,-0.8
23228,7.565600000000001e-05,0.16,-0.8
23229,7.5658e-05,0.168,-0.8
23230,7.566e-05,0.152,-0.8
23231,7.566200000000001e-05,0.16,-0.8
23232,7.5664e-05,0.16,-0.8
23233,7.5666e-05,0.168,-0.8
23234,7.566800000000001e-05,0.16,-0.8
23235,7.567e-05,0.16,-0.8
23236,7.5672e-05,0.16,-0.8
23237,7.567400000000001e-05,0.168,-0.8
23238,7.5676e-05,0.16,-0.8
23239,7.5678e-05,0.16,-0.8
23240,7.568000000000001e-05,0.16,-0.8
23241,7.5682e-05,0.168,-0.8
23242,7.5684e-05,0.16,-0.8
23243,7.568600000000001e-05,0.16,-0.8
23244,7.568800000000001e-05,0.16,-0.8
23245,7.569e-05,0.168,-0.8
23246,7.5692e-05,0.16,-0.8
23247,7.569400000000001e-05,0.16,-0.8
23248,7.5696e-05,0.16,-0.8
23249,7.5698e-05,0.168,-0.8
23250,7.570000000000001e-05,0.16,-0.8
23251,7.5702e-05,0.16,-0.8
23252,7.5704e-05,0.16,-0.8
23253,7.570600000000001e-05,0.168,-0.8
23254,7.5708e-05,0.16,-0.8
23255,7.571e-05,0.16,-0.8
23256,7.571200000000001e-05,0.16,-0.8
23257,7.5714e-05,0.168,-0.8
23258,7.5716e-05,0.16,-0.8
23259,7.571800000000001e-05,0.168,-0.8
23260,7.572e-05,0.16,-0.8
23261,7.5722e-05,0.168,-0.8
23262,7.572400000000001e-05,0.16,-0.8
23263,7.5726e-05,0.16,-0.8
23264,7.5728e-05,0.16,-0.8
23265,7.573000000000001e-05,0.168,-0.8
23266,7.5732e-05,0.16,-0.8
23267,7.5734e-05,0.16,-0.8
23268,7.573600000000001e-05,0.16,-0.8
23269,7.5738e-05,0.168,-0.8
23270,7.574e-05,0.16,-0.8
23271,7.574200000000001e-05,0.168,-0.8
23272,7.5744e-05,0.16,-0.8
23273,7.5746e-05,0.168,-0.8
23274,7.574800000000001e-05,0.16,-0.8
23275,7.575e-05,0.168,-0.8
23276,7.5752e-05,0.16,-0.8
23277,7.575400000000001e-05,0.168,-0.8
23278,7.575600000000001e-05,0.16,-0.8
23279,7.5758e-05,0.16,-0.8
23280,7.576e-05,0.16,-0.8
23281,7.576200000000001e-05,0.176,-0.8
23282,7.5764e-05,0.16,-0.8
23283,7.5766e-05,0.168,-0.8
23284,7.576800000000001e-05,0.16,-0.8
23285,7.577e-05,0.168,-0.8
23286,7.5772e-05,0.16,-0.8
23287,7.577400000000001e-05,0.168,-0.8
23288,7.5776e-05,0.16,-0.8
23289,7.5778e-05,0.168,-0.8
23290,7.578000000000001e-05,0.168,-0.8
23291,7.5782e-05,0.168,-0.8
23292,7.5784e-05,0.16,-0.8
23293,7.578600000000001e-05,0.176,-0.8
23294,7.5788e-05,0.16,-0.8
23295,7.579e-05,0.168,-0.8
23296,7.579200000000001e-05,0.16,-0.8
23297,7.5794e-05,0.168,-0.8
23298,7.5796e-05,0.168,-0.8
23299,7.579800000000001e-05,0.168,-0.8
23300,7.58e-05,0.16,-0.8
23301,7.5802e-05,0.176,-0.8
23302,7.580400000000001e-05,0.168,-0.8
23303,7.5806e-05,0.16,-0.000174
23304,7.5808e-05,0.168,-0.8
23305,7.581000000000001e-05,0.176,-0.8
23306,7.5812e-05,0.168,-0.8
23307,7.5814e-05,0.168,-0.8
23308,7.581600000000001e-05,0.16,-0.000174
23309,7.5818e-05,0.176,-0.8
23310,7.582e-05,0.168,-0.8
23311,7.582200000000001e-05,0.168,-0.8
23312,7.582400000000001e-05,0.168,-0.8
23313,7.5826e-05,0.176,-0.8
23314,7.5828e-05,0.168,-0.8
23315,7.583000000000001e-05,0.168,-0.8
23316,7.5832e-05,0.168,-0.8
23317,7.5834e-05,0.176,-0.8
23318,7.583600000000001e-05,0.168,-0.8
23319,7.5838e-05,0.168,-0.8
23320,7.584e-05,0.16,-0.8
23321,7.584200000000001e-05,0.176,-0.8
23322,7.5844e-05,0.168,-0.8
23323,7.5846e-05,0.168,-0.8
23324,7.584800000000001e-05,0.168,-0.8
23325,7.585e-05,0.176,-0.8
23326,7.5852e-05,0.168,-0.8
23327,7.585400000000001e-05,0.168,-0.8
23328,7.5856e-05,0.168,-0.8
23329,7.5858e-05,0.176,-0.8
23330,7.586000000000001e-05,0.168,-0.8
23331,7.5862e-05,0.168,-0.8
23332,7.5864e-05,0.168,-0.8
23333,7.586600000000001e-05,0.176,-0.8
23334,7.5868e-05,0.168,-0.8
23335,7.587e-05,0.168,-0.8
23336,7.587200000000001e-05,0.168,-0.8
23337,7.5874e-05,0.176,-0.8
23338,7.5876e-05,0.168,-0.8
23339,7.587800000000001e-05,0.176,-0.8
23340,7.588e-05,0.168,-0.8
23341,7.5882e-05,0.176,-0.8
23342,7.588400000000001e-05,0.168,-0.8
23343,7.5886e-05,0.168,-0.8
23344,7.5888e-05,0.168,-0.8
23345,7.589000000000001e-05,0.176,-0.8
23346,7.589200000000001e-05,0.168,-0.8
23347,7.5894e-05,0.168,-0.8
23348,7.5896e-05,0.168,-0.8
23349,7.589800000000001e-05,0.176,-0.8
23350,7.59e-05,0.168,-0.8
23351,7.5902e-05,0.168,-0.8
23352,7.590400000000001e-05,0.168,-0.8
23353,7.5906e-05,0.176,-0.8
23354,7.5908e-05,0.168,-0.8
23355,7.591000000000001e-05,0.168,-0.8
23356,7.5912e-05,0.168,-0.8
23357,7.5914e-05,0.176,-0.8
23358,7.591600000000001e-05,0.168,-0.8
23359,7.5918e-05,0.176,-0.8
23360,7.592e-05,0.168,-0.8
23361,7.592200000000001e-05,0.176,-0.8
23362,7.5924e-05,0.168,-0.8
23363,7.5926e-05,0.176,-0.8
23364,7.592800000000001e-05,0.168,-0.8
23365,7.593e-05,0.176,-0.8
23366,7.5932e-05,0.168,-0.8
23367,7.593400000000001e-05,0.176,-0.8
23368,7.5936e-05,0.168,-0.8
23369,7.5938e-05,0.184,-0.8
23370,7.594000000000001e-05,0.168,-0.8
23371,7.5942e-05,0.176,-0.8
23372,7.5944e-05,0.168,-0.8
23373,7.594600000000001e-05,0.176,-0.8
23374,7.5948e-05,0.168,-0.8
23375,7.595e-05,0.176,-0.8
23376,7.595200000000001e-05,0.168,-0.8
23377,7.5954e-05,0.176,-0.8
23378,7.5956e-05,0.168,-0.8
23379,7.595800000000001e-05,0.176,-0.8
23380,7.596e-05,0.168,-0.8
23381,7.5962e-05,0.184,-0.8
23382,7.5964e-05,0.168,-0.8
23383,7.596600000000001e-05,0.176,-0.8
23384,7.5968e-05,0.168,-0.8
23385,7.597e-05,0.176,-0.8
23386,7.597200000000001e-05,0.176,-0.8
23387,7.5974e-05,0.176,-0.8
23388,7.5976e-05,0.168,-0.8
23389,7.597800000000001e-05,0.184,-0.8
23390,7.598e-05,0.176,-0.8
23391,7.5982e-05,0.176,-0.8
23392,7.598400000000001e-05,0.168,-0.8
23393,7.5986e-05,0.184,-0.8
23394,7.5988e-05,0.176,-0.8
23395,7.599000000000001e-05,0.176,-0.8
23396,7.5992e-05,0.176,-0.8
23397,7.5994e-05,0.184,-0.8
23398,7.599600000000001e-05,0.176,-0.8
23399,7.5998e-05,0.176,-0.8
23400,7.6e-05,0.168,-0.8
23401,7.600200000000001e-05,0.184,-0.8
23402,7.6004e-05,0.176,-0.8
23403,7.6006e-05,0.176,-0.8
23404,7.600800000000001e-05,0.168,-0.8
23405,7.601e-05,0.184,-0.8
23406,7.6012e-05,0.176,-0.8
23407,7.601400000000001e-05,0.176,-0.8
23408,7.6016e-05,0.168,-0.8
23409,7.6018e-05,0.184,-0.8
23410,7.602000000000001e-05,0.176,-0.8
23411,7.6022e-05,0.176,-0.8
23412,7.6024e-05,0.176,-0.8
23413,7.602600000000001e-05,0.184,-0.8
23414,7.6028e-05,0.176,-0.8
23415,7.603e-05,0.176,-0.8
23416,7.6032e-05,0.176,-0.8
23417,7.603400000000001e-05,0.184,-0.8
23418,7.6036e-05,0.176,-0.8
23419,7.6038e-05,0.176,-0.8
23420,7.604000000000001e-05,0.168,-0.000174
23421,7.6042e-05,0.184,-0.8
23422,7.6044e-05,0.176,-0.8
23423,7.604600000000001e-05,0.176,-0.8
23424,7.6048e-05,0.176,-0.8
23425,7.605e-05,0.184,-0.8
23426,7.605200000000001e-05,0.176,-0.8
23427,7.6054e-05,0.176,-0.8
23428,7.6056e-05,0.176,-0.8
23429,7.605800000000001e-05,0.184,-0.8
23430,7.606e-05,0.176,-0.8
23431,7.6062e-05,0.176,-0.8
23432,7.606400000000001e-05,0.176,-0.8
23433,7.6066e-05,0.184,-0.8
23434,7.6068e-05,0.176,-0.8
23435,7.607000000000001e-05,0.176,-0.8
23436,7.6072e-05,0.176,-0.8
23437,7.6074e-05,0.184,-0.8
23438,7.607600000000001e-05,0.176,-0.8
23439,7.6078e-05,0.176,-0.8
23440,7.608e-05,0.176,-0.8
23441,7.608200000000001e-05,0.184,-0.8
23442,7.6084e-05,0.176,-0.8
23443,7.6086e-05,0.176,-0.8
23444,7.608800000000001e-05,0.176,-0.8
23445,7.609e-05,0.184,-0.8
23446,7.6092e-05,0.176,-0.8
23447,7.609400000000001e-05,0.184,-0.8
23448,7.6096e-05,0.176,-0.8
23449,7.6098e-05,0.184,-0.8
23450,7.61e-05,0.176,-0.8
23451,7.610200000000001e-05,0.184,-0.8
23452,7.6104e-05,0.176,-0.8
23453,7.6106e-05,0.184,-0.8
23454,7.610800000000001e-05,0.176,-0.8
23455,7.611e-05,0.184,-0.8
23456,7.6112e-05,0.176,-0.8
23457,7.611400000000001e-05,0.184,-0.8
23458,7.6116e-05,0.176,-0.8
23459,7.6118e-05,0.176,-0.8
23460,7.612000000000001e-05,0.176,-0.8
23461,7.6122e-05,0.192,-0.8
23462,7.6124e-05,0.176,-0.8
23463,7.612600000000001e-05,0.184,-0.8
23464,7.6128e-05,0.176,-0.8
23465,7.613e-05,0.184,-0.8
23466,7.613200000000001e-05,0.176,-0.8
23467,7.6134e-05,0.184,-0.8
23468,7.6136e-05,0.176,-0.8
23469,7.613800000000001e-05,0.192,-0.8
23470,7.614e-05,0.176,-0.8
23471,7.6142e-05,0.184,-0.8
23472,7.614400000000001e-05,0.176,-0.8
23473,7.6146e-05,0.192,-0.8
23474,7.6148e-05,0.184,-0.8
23475,7.615000000000001e-05,0.184,-0.8
23476,7.6152e-05,0.176,-0.8
23477,7.6154e-05,0.192,-0.8
23478,7.615600000000001e-05,0.176,-0.8
23479,7.6158e-05,0.184,-0.8
23480,7.616e-05,0.176,-0.8
23481,7.616200000000001e-05,0.192,-0.8
23482,7.6164e-05,0.184,-0.8
23483,7.6166e-05,0.184,-0.8
23484,7.6168e-05,0.176,-0.8
23485,7.617000000000001e-05,0.184,-0.8
23486,7.6172e-05,0.184,-0.8
23487,7.6174e-05,0.184,-0.8
23488,7.617600000000001e-05,0.184,-0.8
23489,7.6178e-05,0.192,-0.8
23490,7.618e-05,0.184,-0.8
23491,7.618200000000001e-05,0.184,-0.8
23492,7.6184e-05,0.184,-0.8
23493,7.6186e-05,0.192,-0.8
23494,7.618800000000001e-05,0.184,-0.8
23495,7.619e-05,0.184,-0.8
23496,7.6192e-05,0.184,-0.8
23497,7.619400000000001e-05,0.192,-0.8
23498,7.6196e-05,0.184,-0.8
23499,7.6198e-05,0.184,-0.8
23500,7.620000000000001e-05,0.176,-0.000174
23501,7.6202e-05,0.192,-0.8
23502,7.6204e-05,0.184,-0.8
23503,7.620600000000001e-05,0.184,-0.000174
23504,7.6208e-05,0.184,-0.8
23505,7.621e-05,0.192,-0.8
23506,7.621200000000001e-05,0.184,-0.8
23507,7.6214e-05,0.192,-0.8
23508,7.6216e-05,0.176,-0.000174
23509,7.621800000000001e-05,0.192,-0.8
23510,7.622e-05,0.184,-0.8
23511,7.6222e-05,0.184,-0.8
23512,7.622400000000001e-05,0.184,-0.8
23513,7.6226e-05,0.192,-0.8
23514,7.6228e-05,0.184,-0.8
23515,7.623000000000001e-05,0.184,-0.8
23516,7.6232e-05,0.184,-0.8
23517,7.6234e-05,0.192,-0.8
23518,7.6236e-05,0.184,-0.8
23519,7.623800000000001e-05,0.184,-0.8
23520,7.624e-05,0.184,-0.8
23521,7.6242e-05,0.192,-0.8
23522,7.624400000000001e-05,0.184,-0.8
23523,7.6246e-05,0.184,-0.8
23524,7.6248e-05,0.184,-0.8
23525,7.625000000000001e-05,0.192,-0.8
23526,7.6252e-05,0.184,-0.8
23527,7.6254e-05,0.184,-0.8
23528,7.625600000000001e-05,0.184,-0.8
23529,7.6258e-05,0.192,-0.8
23530,7.626e-05,0.184,-0.8
23531,7.626200000000001e-05,0.184,-0.8
23532,7.6264e-05,0.184,-0.000174
23533,7.6266e-05,0.192,-0.8
23534,7.626800000000001e-05,0.184,-0.8
23535,7.627e-05,0.184,-0.8
23536,7.6272e-05,0.184,-0.8
23537,7.627400000000001e-05,0.192,-0.8
23538,7.6276e-05,0.184,-0.8
23539,7.6278e-05,0.184,-0.8
23540,7.628000000000001e-05,0.184,-0.8
23541,7.6282e-05,0.192,-0.8
23542,7.6284e-05,0.184,-0.8
23543,7.628600000000001e-05,0.192,-0.8
23544,7.6288e-05,0.184,-0.8
23545,7.629e-05,0.192,-0.8
23546,7.629200000000001e-05,0.184,-0.8
23547,7.6294e-05,0.184,-0.8
23548,7.6296e-05,0.184,-0.8
23549,7.629800000000001e-05,0.192,-0.8
23550,7.63e-05,0.184,-0.8
23551,7.6302e-05,0.192,-0.8
23552,7.6304e-05,0.184,-0.8
23553,7.630600000000001e-05,0.192,-0.8
23554,7.6308e-05,0.192,-0.8
23555,7.631e-05,0.192,-0.8
23556,7.631200000000001e-05,0.184,-0.8
23557,7.6314e-05,0.192,-0.8
23558,7.6316e-05,0.184,-0.8
23559,7.631800000000001e-05,0.192,-0.8
23560,7.632e-05,0.184,-0.8
23561,7.6322e-05,0.2,-0.8
23562,7.632400000000001e-05,0.192,-0.8
23563,7.6326e-05,0.192,-0.8
23564,7.6328e-05,0.184,-0.8
23565,7.633000000000001e-05,0.2,-0.8
23566,7.6332e-05,0.192,-0.8
23567,7.6334e-05,0.192,-0.8
23568,7.633600000000001e-05,0.184,-0.8
23569,7.6338e-05,0.2,-0.8
23570,7.634e-05,0.184,-0.8
23571,7.634200000000001e-05,0.192,-0.8
23572,7.6344e-05,0.184,-0.8
23573,7.6346e-05,0.2,-0.8
23574,7.634800000000001e-05,0.192,-0.8
23575,7.635e-05,0.192,-0.8
23576,7.6352e-05,0.184,-0.8
23577,7.635400000000001e-05,0.2,-0.8
23578,7.6356e-05,0.192,-0.8
23579,7.6358e-05,0.192,-0.8
23580,7.636000000000001e-05,0.184,-0.8
23581,7.6362e-05,0.2,-0.8
23582,7.6364e-05,0.192,-0.8
23583,7.636600000000001e-05,0.192,-0.8
23584,7.6368e-05,0.184,-0.8
23585,7.637e-05,0.2,-0.8
23586,7.6372e-05,0.192,-0.8
23587,7.637400000000001e-05,0.192,-0.8
23588,7.6376e-05,0.192,-0.8
23589,7.6378e-05,0.2,-0.8
23590,7.638000000000001e-05,0.192,-0.8
23591,7.6382e-05,0.192,-0.8
23592,7.6384e-05,0.192,-0.8
23593,7.638600000000001e-05,0.2,-0.8
23594,7.6388e-05,0.192,-0.8
23595,7.639e-05,0.192,-0.8
23596,7.639200000000001e-05,0.192,-0.8
23597,7.6394e-05,0.2,-0.8
23598,7.6396e-05,0.192,-0.8
23599,7.639800000000001e-05,0.192,-0.8
23600,7.64e-05,0.192,-0.000174
23601,7.6402e-05,0.2,-0.8
23602,7.640400000000001e-05,0.192,-0.8
23603,7.6406e-05,0.192,-0.8
23604,7.6408e-05,0.192,-0.8
23605,7.641000000000001e-05,0.2,-0.8
23606,7.6412e-05,0.192,-0.8
23607,7.6414e-05,0.192,-0.8
23608,7.641600000000001e-05,0.192,-0.8
23609,7.6418e-05,0.2,-0.8
23610,7.642e-05,0.192,-0.8
23611,7.642200000000001e-05,0.192,-0.8
23612,7.6424e-05,0.192,-0.8
23613,7.6426e-05,0.2,-0.8
23614,7.642800000000001e-05,0.192,-0.8
23615,7.643e-05,0.192,-0.8
23616,7.6432e-05,0.192,-0.8
23617,7.643400000000001e-05,0.2,-0.8
23618,7.6436e-05,0.192,-0.8
23619,7.6438e-05,0.192,-0.8
23620,7.644e-05,0.192,-0.8
23621,7.644200000000001e-05,0.2,-0.8
23622,7.6444e-05,0.192,-0.8
23623,7.6446e-05,0.2,-0.8
23624,7.644800000000001e-05,0.192,-0.8
23625,7.645e-05,0.2,-0.8
23626,7.6452e-05,0.192,-0.8
23627,7.645400000000001e-05,0.192,-0.8
23628,7.6456e-05,0.192,-0.8
23629,7.6458e-05,0.2,-0.8
23630,7.646000000000001e-05,0.192,-0.8
23631,7.6462e-05,0.2,-0.8
23632,7.6464e-05,0.192,-0.8
23633,7.646600000000001e-05,0.2,-0.8
23634,7.6468e-05,0.192,-0.8
23635,7.647e-05,0.2,-0.8
23636,7.647200000000001e-05,0.192,-0.8
23637,7.6474e-05,0.2,-0.8
23638,7.6476e-05,0.192,-0.8
23639,7.647800000000001e-05,0.2,-0.8
23640,7.648e-05,0.192,-0.8
23641,7.6482e-05,0.208,-0.8
23642,7.648400000000001e-05,0.2,-0.8
23643,7.6486e-05,0.2,-0.8
23644,7.6488e-05,0.192,-0.8
23645,7.649000000000001e-05,0.2,-0.8
23646,7.6492e-05,0.192,-0.8
23647,7.6494e-05,0.2,-0.8
23648,7.649600000000001e-05,0.192,-0.8
23649,7.6498e-05,0.208,-0.8
23650,7.65e-05,0.192,-0.8
23651,7.650200000000001e-05,0.2,-0.8
23652,7.6504e-05,0.192,-0.8
23653,7.6506e-05,0.208,-0.8
23654,7.6508e-05,0.2,-0.8
23655,7.651000000000001e-05,0.2,-0.8
23656,7.6512e-05,0.192,-0.8
23657,7.6514e-05,0.208,-0.8
23658,7.651600000000001e-05,0.2,-0.8
23659,7.6518e-05,0.2,-0.8
23660,7.652e-05,0.192,-0.8
23661,7.652200000000001e-05,0.208,-0.8
23662,7.6524e-05,0.2,-0.8
23663,7.6526e-05,0.2,-0.8
23664,7.652800000000001e-05,0.192,-0.8
23665,7.653e-05,0.208,-0.8
23666,7.6532e-05,0.2,-0.8
23667,7.653400000000001e-05,0.2,-0.8
23668,7.6536e-05,0.192,-0.8
23669,7.6538e-05,0.208,-0.8
23670,7.654000000000001e-05,0.192,-0.8
23671,7.6542e-05,0.2,-0.8
23672,7.6544e-05,0.2,-0.8
23673,7.654600000000001e-05,0.208,-0.8
23674,7.6548e-05,0.2,-0.8
23675,7.655e-05,0.2,-0.8
23676,7.655200000000001e-05,0.2,-0.8
23677,7.6554e-05,0.208,-0.8
23678,7.6556e-05,0.2,-0.8
23679,7.655800000000001e-05,0.2,-0.8
23680,7.656e-05,0.192,-0.000174
23681,7.6562e-05,0.208,-0.8
23682,7.656400000000001e-05,0.2,-0.8
23683,7.6566e-05,0.2,-0.8
23684,7.6568e-05,0.2,-0.8
23685,7.657000000000001e-05,0.208,-0.8
23686,7.6572e-05,0.2,-0.8
23687,7.6574e-05,0.2,-0.8
23688,7.657600000000001e-05,0.2,-0.8
23689,7.657800000000001e-05,0.208,-0.8
23690,7.658e-05,0.2,-0.8
23691,7.6582e-05,0.2,-0.8
23692,7.658400000000001e-05,0.192,-0.000174
23693,7.6586e-05,0.208,-0.8
23694,7.6588e-05,0.2,-0.8
23695,7.659000000000001e-05,0.2,-0.000174
23696,7.6592e-05,0.2,-0.8
23697,7.6594e-05,0.208,-0.000174
23698,7.659600000000001e-05,0.2,-0.8
23699,7.6598e-05,0.2,-0.8
23700,7.66e-05,0.2,-0.000174
23701,7.660200000000001e-05,0.208,-0.8
23702,7.6604e-05,0.2,-0.8
23703,7.6606e-05,0.2,-0.000174
23704,7.660800000000001e-05,0.2,-0.8
23705,7.661e-05,0.208,-0.000174
23706,7.6612e-05,0.2,-0.8
23707,7.661400000000001e-05,0.208,-0.8
23708,7.6616e-05,0.2,-0.000174
23709,7.6618e-05,0.208,-0.8
23710,7.662000000000001e-05,0.2,-0.8
23711,7.6622e-05,0.2,-0.8
23712,7.6624e-05,0.2,-0.8
23713,7.662600000000001e-05,0.208,-0.000174
23714,7.6628e-05,0.2,-0.8
23715,7.663e-05,0.2,-0.8
23716,7.663200000000001e-05,0.2,-0.8
23717,7.6634e-05,0.208,-0.8
23718,7.6636e-05,0.2,-0.8
23719,7.663800000000001e-05,0.208,-0.8
23720,7.664e-05,0.2,-0.8
23721,7.6642e-05,0.216,-0.8
23722,7.664400000000001e-05,0.2,-0.8
23723,7.664600000000001e-05,0.208,-0.8
23724,7.6648e-05,0.2,-0.8
23725,7.665e-05,0.208,-0.8
23726,7.665200000000001e-05,0.2,-0.8
23727,7.6654e-05,0.208,-0.8
23728,7.6656e-05,0.2,-0.8
23729,7.665800000000001e-05,0.216,-0.8
23730,7.666e-05,0.2,-0.8
23731,7.6662e-05,0.208,-0.8
23732,7.666400000000001e-05,0.2,-0.8
23733,7.6666e-05,0.208,-0.8
23734,7.6668e-05,0.2,-0.8
23735,7.667000000000001e-05,0.208,-0.8
23736,7.6672e-05,0.2,-0.8
23737,7.6674e-05,0.216,-0.8
23738,7.667600000000001e-05,0.208,-0.8
23739,7.6678e-05,0.208,-0.8
23740,7.668e-05,0.2,-0.000174
23741,7.668200000000001e-05,0.216,-0.8
23742,7.6684e-05,0.2,-0.8
23743,7.6686e-05,0.208,-0.8
23744,7.668800000000001e-05,0.2,-0.8
23745,7.669e-05,0.216,-0.8
23746,7.6692e-05,0.208,-0.8
23747,7.669400000000001e-05,0.208,-0.8
23748,7.6696e-05,0.2,-0.8
23749,7.6698e-05,0.216,-0.8
23750,7.670000000000001e-05,0.208,-0.8
23751,7.6702e-05,0.208,-0.8
23752,7.6704e-05,0.2,-0.8
23753,7.670600000000001e-05,0.216,-0.8
23754,7.6708e-05,0.208,-0.8
23755,7.671e-05,0.208,-0.8
23756,7.671200000000001e-05,0.2,-0.8
23757,7.671400000000001e-05,0.216,-0.8
23758,7.6716e-05,0.2,-0.8
23759,7.6718e-05,0.208,-0.8
23760,7.672000000000001e-05,0.2,-0.8
23761,7.6722e-05,0.216,-0.8
23762,7.6724e-05,0.208,-0.8
23763,7.672600000000001e-05,0.208,-0.8
23764,7.6728e-05,0.208,-0.8
23765,7.673e-05,0.216,-0.8
23766,7.673200000000001e-05,0.208,-0.8
23767,7.6734e-05,0.208,-0.8
23768,7.6736e-05,0.208,-0.8
23769,7.673800000000001e-05,0.216,-0.8
23770,7.674e-05,0.208,-0.8
23771,7.6742e-05,0.208,-0.8
23772,7.674400000000001e-05,0.208,-0.000174
23773,7.6746e-05,0.216,-0.8
23774,7.6748e-05,0.208,-0.8
23775,7.675000000000001e-05,0.208,-0.8
23776,7.6752e-05,0.208,-0.8
23777,7.6754e-05,0.216,-0.8
23778,7.675600000000001e-05,0.208,-0.8
23779,7.6758e-05,0.208,-0.8
23780,7.676e-05,0.208,-0.000174
23781,7.676200000000001e-05,0.216,-0.8
23782,7.6764e-05,0.208,-0.8
23783,7.6766e-05,0.208,-0.8
23784,7.676800000000001e-05,0.208,-0.8
23785,7.677e-05,0.216,-0.8
23786,7.6772e-05,0.208,-0.8
23787,7.677400000000001e-05,0.208,-0.8
23788,7.6776e-05,0.208,-0.8
23789,7.6778e-05,0.216,-0.8
23790,7.678000000000001e-05,0.208,-0.8
23791,7.678200000000001e-05,0.216,-0.8
23792,7.6784e-05,0.208,-0.8
23793,7.6786e-05,0.216,-0.8
23794,7.678800000000001e-05,0.208,-0.8
23795,7.679e-05,0.208,-0.8
23796,7.6792e-05,0.208,-0.8
23797,7.679400000000001e-05,0.216,-0.8
23798,7.6796e-05,0.208,-0.8
23799,7.6798e-05,0.216,-0.8
23800,7.680000000000001e-05,0.208,-0.8
23801,7.6802e-05,0.216,-0.8
23802,7.6804e-05,0.208,-0.8
23803,7.680600000000001e-05,0.208,-0.8
23804,7.6808e-05,0.208,-0.8
23805,7.681e-05,0.216,-0.8
23806,7.681200000000001e-05,0.208,-0.8
23807,7.6814e-05,0.208,-0.8
23808,7.6816e-05,0.208,-0.8
23809,7.681800000000001e-05,0.216,-0.8
23810,7.682e-05,0.208,-0.8
23811,7.6822e-05,0.216,-0.8
23812,7.682400000000001e-05,0.208,-0.000174
23813,7.6826e-05,0.216,-0.8
23814,7.6828e-05,0.208,-0.8
23815,7.683000000000001e-05,0.216,-0.8
23816,7.6832e-05,0.208,-0.8
23817,7.6834e-05,0.224,-0.8
23818,7.683600000000001e-05,0.216,-0.8
23819,7.6838e-05,0.216,-0.8
23820,7.684e-05,0.208,-0.8
23821,7.684200000000001e-05,0.224,-0.8
23822,7.6844e-05,0.208,-0.8
23823,7.6846e-05,0.216,-0.8
23824,7.684800000000001e-05,0.208,-0.8
23825,7.685000000000001e-05,0.224,-0.000174
23826,7.6852e-05,0.216,-0.8
23827,7.6854e-05,0.216,-0.8
23828,7.685600000000001e-05,0.208,-0.8
23829,7.6858e-05,0.224,-0.8
23830,7.686e-05,0.208,-0.8
23831,7.686200000000001e-05,0.216,-0.8
23832,7.6864e-05,0.208,-0.8
23833,7.6866e-05,0.224,-0.8
23834,7.686800000000001e-05,0.216,-0.8
23835,7.687e-05,0.216,-0.8
23836,7.6872e-05,0.208,-0.8
23837,7.687400000000001e-05,0.224,-0.8
23838,7.6876e-05,0.216,-0.8
23839,7.6878e-05,0.216,-0.8
23840,7.688000000000001e-05,0.208,-0.8
23841,7.6882e-05,0.224,-0.8
23842,7.6884e-05,0.216,-0.8
23843,7.688600000000001e-05,0.216,-0.8
23844,7.6888e-05,0.208,-0.8
23845,7.689e-05,0.224,-0.8
23846,7.689200000000001e-05,0.216,-0.8
23847,7.6894e-05,0.216,-0.8
23848,7.6896e-05,0.208,-0.8
23849,7.689800000000001e-05,0.224,-0.8
23850,7.69e-05,0.216,-0.8
23851,7.6902e-05,0.216,-0.8
23852,7.690400000000001e-05,0.216,-0.8
23853,7.6906e-05,0.224,-0.8
23854,7.6908e-05,0.216,-0.8
23855,7.691000000000001e-05,0.216,-0.8
23856,7.6912e-05,0.216,-0.8
23857,7.6914e-05,0.224,-0.8
23858,7.691600000000001e-05,0.216,-0.8
23859,7.691800000000001e-05,0.216,-0.8
23860,7.692e-05,0.216,-0.000174
23861,7.6922e-05,0.224,-0.8
23862,7.692400000000001e-05,0.216,-0.8
23863,7.6926e-05,0.216,-0.8
23864,7.6928e-05,0.216,-0.000174
23865,7.693000000000001e-05,0.224,-0.8
23866,7.6932e-05,0.216,-0.8
23867,7.6934e-05,0.216,-0.8
23868,7.693600000000001e-05,0.216,-0.8
23869,7.6938e-05,0.224,-0.8
23870,7.694e-05,0.216,-0.8
23871,7.694200000000001e-05,0.216,-0.8
23872,7.6944e-05,0.216,-0.8
23873,7.6946e-05,0.224,-0.000174
23874,7.694800000000001e-05,0.216,-0.8
23875,7.695e-05,0.216,-0.8
23876,7.6952e-05,0.216,-0.8
23877,7.695400000000001e-05,0.224,-0.8
23878,7.6956e-05,0.216,-0.8
23879,7.6958e-05,0.216,-0.8
23880,7.696000000000001e-05,0.216,-0.000174
23881,7.6962e-05,0.224,-0.8
23882,7.6964e-05,0.216,-0.8
23883,7.696600000000001e-05,0.216,-0.8
23884,7.6968e-05,0.216,-0.8
23885,7.697e-05,0.224,-0.8
23886,7.697200000000001e-05,0.216,-0.8
23887,7.6974e-05,0.216,-0.8
23888,7.6976e-05,0.216,-0.8
23889,7.697800000000001e-05,0.224,-0.8
23890,7.698e-05,0.216,-0.8
23891,7.6982e-05,0.224,-0.8
23892,7.698400000000001e-05,0.216,-0.8
23893,7.698600000000001e-05,0.224,-0.8
23894,7.6988e-05,0.216,-0.8
23895,7.699e-05,0.216,-0.000174
23896,7.699200000000001e-05,0.216,-0.8
23897,7.6994e-05,0.224,-0.000174
23898,7.6996e-05,0.216,-0.8
23899,7.699800000000001e-05,0.224,-0.8
23900,7.7e-05,0.216,-0.000174
23901,7.7002e-05,0.232,-0.8
23902,7.700400000000001e-05,0.224,-0.8
23903,7.7006e-05,0.216,-0.000174
23904,7.7008e-05,0.224,-0.8
23905,7.701000000000001e-05,0.224,-0.000174
23906,7.7012e-05,0.216,-0.8
23907,7.7014e-05,0.224,-0.8
23908,7.701600000000001e-05,0.216,-0.000174
23909,7.7018e-05,0.232,-0.8
23910,7.702e-05,0.216,-0.8
23911,7.702200000000001e-05,0.224,-0.8
23912,7.7024e-05,0.216,-0.8
23913,7.7026e-05,0.224,-0.8
23914,7.702800000000001e-05,0.224,-0.8
23915,7.703e-05,0.224,-0.8
23916,7.7032e-05,0.216,-0.8
23917,7.703400000000001e-05,0.232,-0.8
23918,7.7036e-05,0.224,-0.8
23919,7.7038e-05,0.224,-0.8
23920,7.704000000000001e-05,0.216,-0.000174
23921,7.7042e-05,0.232,-0.8
23922,7.7044e-05,0.216,-0.8
23923,7.704600000000001e-05,0.224,-0.000174
23924,7.7048e-05,0.224,-0.8
23925,7.705e-05,0.232,-0.000174
23926,7.705200000000001e-05,0.216,-0.8
23927,7.705400000000001e-05,0.224,-0.8
23928,7.7056e-05,0.216,-0.8
23929,7.7058e-05,0.232,-0.8
23930,7.706000000000001e-05,0.224,-0.8
23931,7.7062e-05,0.224,-0.8
23932,7.7064e-05,0.216,-0.000174
23933,7.706600000000001e-05,0.232,-0.8
23934,7.7068e-05,0.224,-0.8
23935,7.707e-05,0.224,-0.8
23936,7.707200000000001e-05,0.216,-0.8
23937,7.7074e-05,0.232,-0.8
23938,7.7076e-05,0.224,-0.8
23939,7.707800000000001e-05,0.224,-0.8
23940,7.708e-05,0.216,-0.000174
23941,7.7082e-05,0.232,-0.8
23942,7.708400000000001e-05,0.224,-0.8
23943,7.7086e-05,0.224,-0.8
23944,7.7088e-05,0.216,-0.8
23945,7.709000000000001e-05,0.232,-0.8
23946,7.7092e-05,0.224,-0.8
23947,7.7094e-05,0.224,-0.8
23948,7.709600000000001e-05,0.224,-0.000174
23949,7.7098e-05,0.232,-0.8
23950,7.71e-05,0.224,-0.8
23951,7.710200000000001e-05,0.232,-0.8
23952,7.7104e-05,0.224,-0.000174
23953,7.7106e-05,0.232,-0.8
23954,7.710800000000001e-05,0.224,-0.8
23955,7.711e-05,0.224,-0.8
23956,7.7112e-05,0.224,-0.8
23957,7.711400000000001e-05,0.232,-0.8
23958,7.7116e-05,0.224,-0.8
23959,7.7118e-05,0.224,-0.8
23960,7.712000000000001e-05,0.224,-0.000174
23961,7.712200000000001e-05,0.232,-0.8
23962,7.7124e-05,0.224,-0.8
23963,7.7126e-05,0.224,-0.8
23964,7.712800000000001e-05,0.224,-0.8
23965,7.713e-05,0.232,-0.8
23966,7.7132e-05,0.224,-0.8
23967,7.713400000000001e-05,0.224,-0.8
23968,7.7136e-05,0.224,-0.8
23969,7.7138e-05,0.232,-0.8
23970,7.714000000000001e-05,0.224,-0.8
23971,7.7142e-05,0.224,-0.8
23972,7.7144e-05,0.224,-0.000174
23973,7.714600000000001e-05,0.232,-0.8
23974,7.7148e-05,0.224,-0.8
23975,7.715e-05,0.232,-0.8
23976,7.715200000000001e-05,0.224,-0.8
23977,7.7154e-05,0.232,-0.8
23978,7.7156e-05,0.224,-0.8
23979,7.715800000000001e-05,0.232,-0.8
23980,7.716e-05,0.224,-0.000174
23981,7.7162e-05,0.232,-0.8
23982,7.716400000000001e-05,0.224,-0.8
23983,7.7166e-05,0.224,-0.8
23984,7.7168e-05,0.224,-0.8
23985,7.717000000000001e-05,0.232,-0.8
23986,7.7172e-05,0.224,-0.8
23987,7.7174e-05,0.224,-0.8
23988,7.717600000000001e-05,0.224,-0.8
23989,7.7178e-05,0.232,-0.8
23990,7.718e-05,0.224,-0.8
23991,7.718200000000001e-05,0.232,-0.8
23992,7.7184e-05,0.224,-0.8
23993,7.7186e-05,0.24,-0.8
23994,7.718800000000001e-05,0.224,-0.8
23995,7.719e-05,0.232,-0.8
23996,7.7192e-05,0.224,-0.8
23997,7.7194e-05,0.232,-0.8
23998,7.719600000000001e-05,0.224,-0.8
23999,7.7198e-05,0.232,-0.8
24000,7.72e-05,0.224,-0.8
24001,7.720200000000001e-05,0.24,-0.8
24002,7.7204e-05,0.232,-0.8
24003,7.7206e-05,0.232,-0.8
24004,7.720800000000001e-05,0.224,-0.000174
24005,7.721e-05,0.232,-0.8
24006,7.7212e-05,0.224,-0.8
24007,7.721400000000001e-05,0.232,-0.8
24008,7.7216e-05,0.224,-0.8
24009,7.7218e-05,0.24,-0.8
24010,7.722000000000001e-05,0.232,-0.8
24011,7.7222e-05,0.232,-0.8
24012,7.7224e-05,0.224,-0.8
24013,7.722600000000001e-05,0.24,-0.8
24014,7.7228e-05,0.232,-0.8
24015,7.723e-05,0.232,-0.000174
24016,7.723200000000001e-05,0.224,-0.8
24017,7.7234e-05,0.24,-0.000174
24018,7.7236e-05,0.232,-0.8
24019,7.723800000000001e-05,0.232,-0.8
24020,7.724e-05,0.224,-0.8
24021,7.7242e-05,0.24,-0.8
24022,7.724400000000001e-05,0.224,-0.8
24023,7.7246e-05,0.232,-0.8
24024,7.7248e-05,0.224,-0.8
24025,7.725000000000001e-05,0.24,-0.8
24026,7.7252e-05,0.232,-0.8
24027,7.7254e-05,0.232,-0.8
24028,7.725600000000001e-05,0.224,-0.8
24029,7.7258e-05,0.24,-0.8
24030,7.726e-05,0.232,-0.8
24031,7.7262e-05,0.232,-0.8
24032,7.726400000000001e-05,0.224,-0.000174
24033,7.7266e-05,0.24,-0.8
24034,7.7268e-05,0.232,-0.8
24035,7.727000000000001e-05,0.232,-0.8
24036,7.7272e-05,0.232,-0.8
24037,7.7274e-05,0.24,-0.8
24038,7.727600000000001e-05,0.232,-0.8
24039,7.7278e-05,0.232,-0.8
24040,7.728e-05,0.224,-0.8
24041,7.728200000000001e-05,0.24,-0.8
24042,7.7284e-05,0.232,-0.8
24043,7.7286e-05,0.232,-0.8
24044,7.728800000000001e-05,0.232,-0.000174
24045,7.729e-05,0.24,-0.8
24046,7.7292e-05,0.232,-0.8
24047,7.729400000000001e-05,0.232,-0.000174
24048,7.7296e-05,0.232,-0.8
24049,7.7298e-05,0.24,-0.8
24050,7.730000000000001e-05,0.232,-0.8
24051,7.7302e-05,0.232,-0.8
24052,7.7304e-05,0.232,-0.000174
24053,7.730600000000001e-05,0.24,-0.8
24054,7.7308e-05,0.232,-0.8
24055,7.731e-05,0.232,-0.000174
24056,7.731200000000001e-05,0.232,-0.8
24057,7.7314e-05,0.24,-0.8
24058,7.7316e-05,0.232,-0.8
24059,7.731800000000001e-05,0.232,-0.8
24060,7.732e-05,0.232,-0.8
24061,7.7322e-05,0.24,-0.8
24062,7.732400000000001e-05,0.232,-0.8
24063,7.7326e-05,0.232,-0.8
24064,7.7328e-05,0.232,-0.000174
24065,7.733e-05,0.24,-0.8
24066,7.733200000000001e-05,0.232,-0.8
24067,7.7334e-05,0.232,-0.8
24068,7.7336e-05,0.232,-0.000174
24069,7.733800000000001e-05,0.24,-0.8
24070,7.734e-05,0.232,-0.8
24071,7.7342e-05,0.24,-0.8
24072,7.734400000000001e-05,0.232,-0.000174
24073,7.7346e-05,0.256,-0.8
24074,7.7348e-05,0.232,-0.8
24075,7.735000000000001e-05,0.24,-0.8
24076,7.7352e-05,0.232,-0.8
24077,7.7354e-05,0.24,-0.8
24078,7.735600000000001e-05,0.232,-0.8
24079,7.7358e-05,0.24,-0.8
24080,7.736e-05,0.232,-0.000174
24081,7.736200000000001e-05,0.256,-0.8
24082,7.7364e-05,0.232,-0.8
24083,7.7366e-05,0.24,-0.8
24084,7.736800000000001e-05,0.232,-0.8
24085,7.737e-05,0.24,-0.8
24086,7.7372e-05,0.232,-0.8
24087,7.737400000000001e-05,0.24,-0.8
24088,7.7376e-05,0.232,-0.8
24089,7.7378e-05,0.256,-0.000174
24090,7.738000000000001e-05,0.232,-0.8
24091,7.7382e-05,0.24,-0.8
24092,7.7384e-05,0.232,-0.000174
24093,7.738600000000001e-05,0.256,-0.8
24094,7.7388e-05,0.24,-0.8
24095,7.739e-05,0.24,-0.000174
24096,7.739200000000001e-05,0.232,-0.8
24097,7.7394e-05,0.256,-0.8
24098,7.7396e-05,0.24,-0.8
24099,7.7398e-05,0.24,-0.8
24100,7.740000000000001e-05,0.232,-0.000174
24101,7.7402e-05,0.256,-0.8
24102,7.7404e-05,0.24,-0.8
24103,7.740600000000001e-05,0.232,-0.000174
24104,7.7408e-05,0.24,-0.8
24105,7.741e-05,0.256,-0.000174
24106,7.741200000000001e-05,0.232,-0.8
24107,7.7414e-05,0.24,-0.8
24108,7.7416e-05,0.232,-0.000174
24109,7.741800000000001e-05,0.256,-0.8
24110,7.742e-05,0.232,-0.8
24111,7.7422e-05,0.24,-0.8
24112,7.742400000000001e-05,0.24,-0.8
24113,7.7426e-05,0.256,-0.000174
24114,7.7428e-05,0.24,-0.8
24115,7.743000000000001e-05,0.24,-0.000174
24116,7.7432e-05,0.232,-0.000174
24117,7.7434e-05,0.256,-0.8
24118,7.743600000000001e-05,0.24,-0.8
24119,7.7438e-05,0.24,-0.8
24120,7.744e-05,0.232,-0.000174
24121,7.744200000000001e-05,0.256,-0.8
24122,7.7444e-05,0.24,-0.8
24123,7.7446e-05,0.24,-0.8
24124,7.744800000000001e-05,0.24,-0.8
24125,7.745e-05,0.256,-0.8
24126,7.7452e-05,0.24,-0.8
24127,7.745400000000001e-05,0.24,-0.8
24128,7.7456e-05,0.232,-0.8
24129,7.7458e-05,0.256,-0.8
24130,7.746000000000001e-05,0.24,-0.8
24131,7.7462e-05,0.24,-0.8
24132,7.7464e-05,0.24,-0.000174
24133,7.7466e-05,0.256,-0.8
24134,7.746800000000001e-05,0.24,-0.8
24135,7.747e-05,0.24,-0.8
24136,7.7472e-05,0.24,-0.8
24137,7.747400000000001e-05,0.256,-0.8
24138,7.7476e-05,0.24,-0.8
24139,7.7478e-05,0.24,-0.8
24140,7.748000000000001e-05,0.24,-0.000174
24141,7.7482e-05,0.256,-0.8
24142,7.7484e-05,0.24,-0.8
24143,7.748600000000001e-05,0.24,-0.8
24144,7.7488e-05,0.24,-0.000174
24145,7.749e-05,0.256,-0.000174
24146,7.749200000000001e-05,0.24,-0.8
24147,7.7494e-05,0.24,-0.8
24148,7.7496e-05,0.24,-0.000174
24149,7.749800000000001e-05,0.256,-0.8
24150,7.75e-05,0.24,-0.8
24151,7.7502e-05,0.256,-0.8
24152,7.750400000000001e-05,0.24,-0.8
24153,7.7506e-05,0.256,-0.8
24154,7.7508e-05,0.24,-0.8
24155,7.751000000000001e-05,0.256,-0.8
24156,7.7512e-05,0.24,-0.8
24157,7.7514e-05,0.256,-0.8
24158,7.751600000000001e-05,0.24,-0.8
24159,7.7518e-05,0.256,-0.8
24160,7.752e-05,0.24,-0.000174
24161,7.752200000000001e-05,0.264,-0.8
24162,7.7524e-05,0.24,-0.8
24163,7.7526e-05,0.256,-0.8
24164,7.752800000000001e-05,0.24,-0.8
24165,7.753e-05,0.256,-0.8
24166,7.7532e-05,0.24,-0.8
24167,7.753400000000001e-05,0.256,-0.8
24168,7.753600000000001e-05,0.24,-0.000174
24169,7.7538e-05,0.264,-0.8
24170,7.754e-05,0.24,-0.8
24171,7.754200000000001e-05,0.256,-0.8
24172,7.7544e-05,0.24,-0.000174
24173,7.7546e-05,0.264,-0.8
24174,7.754800000000001e-05,0.24,-0.8
24175,7.755e-05,0.256,-0.000174
24176,7.7552e-05,0.24,-0.8
24177,7.755400000000001e-05,0.256,-0.000174
24178,7.7556e-05,0.24,-0.8
24179,7.7558e-05,0.256,-0.8
24180,7.756000000000001e-05,0.24,-0.000174
24181,7.7562e-05,0.264,-0.8
24182,7.7564e-05,0.24,-0.8
24183,7.756600000000001e-05,0.256,-0.8
24184,7.7568e-05,0.24,-0.8
24185,7.757e-05,0.264,-0.8
24186,7.757200000000001e-05,0.256,-0.8
24187,7.7574e-05,0.256,-0.8
24188,7.7576e-05,0.24,-0.8
24189,7.757800000000001e-05,0.264,-0.8
24190,7.758e-05,0.24,-0.8
24191,7.7582e-05,0.256,-0.8
24192,7.758400000000001e-05,0.24,-0.000174
24193,7.7586e-05,0.264,-0.000174
24194,7.7588e-05,0.256,-0.8
24195,7.759000000000001e-05,0.256,-0.8
24196,7.7592e-05,0.24,-0.8
24197,7.7594e-05,0.264,-0.000174
24198,7.759600000000001e-05,0.24,-0.8
24199,7.7598e-05,0.256,-0.8
24200,7.76e-05,0.24,-0.000174
24201,7.760200000000001e-05,0.264,-0.8
24202,7.760400000000001e-05,0.256,-0.8
24203,7.7606e-05,0.256,-0.8
24204,7.7608e-05,0.24,-0.8
24205,7.761000000000001e-05,0.264,-0.000174
24206,7.7612e-05,0.256,-0.8
24207,7.7614e-05,0.256,-0.8
24208,7.761600000000001e-05,0.256,-0.8
24209,7.7618e-05,0.264,-0.8
24210,7.762e-05,0.256,-0.8
24211,7.762200000000001e-05,0.256,-0.8
24212,7.7624e-05,0.24,-0.000174
24213,7.7626e-05,0.264,-0.8
24214,7.762800000000001e-05,0.256,-0.8
24215,7.763e-05,0.256,-0.000174
24216,7.7632e-05,0.256,-0.8
24217,7.763400000000001e-05,0.264,-0.8
24218,7.7636e-05,0.256,-0.8
24219,7.7638e-05,0.256,-0.8
24220,7.764000000000001e-05,0.256,-0.000174
24221,7.7642e-05,0.264,-0.8
24222,7.7644e-05,0.256,-0.8
24223,7.764600000000001e-05,0.256,-0.000174
24224,7.7648e-05,0.24,-0.8
24225,7.765e-05,0.264,-0.000174
24226,7.765200000000001e-05,0.256,-0.8
24227,7.7654e-05,0.256,-0.8
24228,7.7656e-05,0.256,-0.8
24229,7.765800000000001e-05,0.264,-0.8
24230,7.766e-05,0.256,-0.8
24231,7.7662e-05,0.256,-0.8
24232,7.766400000000001e-05,0.256,-0.8
24233,7.7666e-05,0.272,-0.000174
24234,7.7668e-05,0.256,-0.8
24235,7.767000000000001e-05,0.256,-0.8
24236,7.767200000000001e-05,0.256,-0.000174
24237,7.7674e-05,0.264,-0.000174
24238,7.7676e-05,0.256,-0.8
24239,7.767800000000001e-05,0.256,-0.000174
24240,7.768e-05,0.256,-0.000174
24241,7.7682e-05,0.272,-0.8
24242,7.768400000000001e-05,0.256,-0.8
24243,7.7686e-05,0.256,-0.8
24244,7.7688e-05,0.256,-0.000174
24245,7.769000000000001e-05,0.264,-0.8
24246,7.7692e-05,0.256,-0.8
24247,7.7694e-05,0.256,-0.000174
24248,7.769600000000001e-05,0.256,-0.8
24249,7.7698e-05,0.264,-0.8
24250,7.77e-05,0.256,-0.8
24251,7.770200000000001e-05,0.264,-0.8
24252,7.7704e-05,0.256,-0.000174
24253,7.7706e-05,0.264,-0.8
24254,7.770800000000001e-05,0.256,-0.8
24255,7.771e-05,0.264,-0.000174
24256,7.7712e-05,0.256,-0.8
24257,7.771400000000001e-05,0.272,-0.000174
24258,7.7716e-05,0.256,-0.8
24259,7.7718e-05,0.264,-0.8
24260,7.772000000000001e-05,0.256,-0.000174
24261,7.7722e-05,0.272,-0.8
24262,7.7724e-05,0.256,-0.8
24263,7.772600000000001e-05,0.264,-0.8
24264,7.7728e-05,0.256,-0.8
24265,7.773e-05,0.272,-0.8
24266,7.773200000000001e-05,0.264,-0.8
24267,7.7734e-05,0.264,-0.8
24268,7.7736e-05,0.256,-0.000174
24269,7.773800000000001e-05,0.272,-0.8
24270,7.774000000000001e-05,0.256,-0.8
24271,7.7742e-05,0.264,-0.8
24272,7.7744e-05,0.256,-0.000174
24273,7.774600000000001e-05,0.272,-0.000174
24274,7.7748e-05,0.264,-0.8
24275,7.775e-05,0.264,-0.000174
24276,7.775200000000001e-05,0.256,-0.8
24277,7.7754e-05,0.272,-0.8
24278,7.7756e-05,0.264,-0.8
24279,7.775800000000001e-05,0.264,-0.8
24280,7.776e-05,0.256,-0.000174
24281,7.7762e-05,0.272,-0.8
24282,7.776400000000001e-05,0.264,-0.8
24283,7.7766e-05,0.264,-0.000174
24284,7.7768e-05,0.256,-0.8
24285,7.777000000000001e-05,0.272,-0.000174
24286,7.7772e-05,0.264,-0.8
24287,7.7774e-05,0.264,-0.000174
24288,7.777600000000001e-05,0.264,-0.8
24289,7.7778e-05,0.272,-0.000174
24290,7.778e-05,0.256,-0.8
24291,7.778200000000001e-05,0.264,-0.8
24292,7.7784e-05,0.256,-0.000174
24293,7.7786e-05,0.272,-0.8
24294,7.778800000000001e-05,0.264,-0.8
24295,7.779e-05,0.264,-0.000174
24296,7.7792e-05,0.256,-0.8
24297,7.779400000000001e-05,0.272,-0.000174
24298,7.7796e-05,0.264,-0.8
24299,7.7798e-05,0.264,-0.8
24300,7.780000000000001e-05,0.256,-0.000174
24301,7.7802e-05,0.272,-0.8
24302,7.7804e-05,0.264,-0.8
24303,7.780600000000001e-05,0.264,-0.000174
24304,7.780800000000001e-05,0.264,-0.8
24305,7.781e-05,0.272,-0.000174
24306,7.7812e-05,0.264,-0.8
24307,7.781400000000001e-05,0.264,-0.8
24308,7.7816e-05,0.256,-0.000174
24309,7.7818e-05,0.272,-0.8
24310,7.782000000000001e-05,0.256,-0.8
24311,7.7822e-05,0.264,-0.8
24312,7.7824e-05,0.264,-0.000174
24313,7.782600000000001e-05,0.272,-0.000174
24314,7.7828e-05,0.264,-0.8
24315,7.783e-05,0.264,-0.8
24316,7.783200000000001e-05,0.264,-0.000174
24317,7.7834e-05,0.272,-0.8
24318,7.7836e-05,0.264,-0.8
24319,7.783800000000001e-05,0.264,-0.8
24320,7.784e-05,0.264,-0.000174
24321,7.7842e-05,0.272,-0.8
24322,7.784400000000001e-05,0.264,-0.8
24323,7.7846e-05,0.264,-0.8
24324,7.7848e-05,0.264,-0.8
24325,7.785000000000001e-05,0.272,-0.000174
24326,7.7852e-05,0.264,-0.8
24327,7.7854e-05,0.272,-0.8
24328,7.785600000000001e-05,0.264,-0.8
24329,7.7858e-05,0.272,-0.8
24330,7.786e-05,0.264,-0.8
24331,7.786200000000001e-05,0.272,-0.8
24332,7.7864e-05,0.264,-0.000174
24333,7.7866e-05,0.272,-0.000174
24334,7.786800000000001e-05,0.264,-0.8
24335,7.787e-05,0.264,-0.000174
24336,7.7872e-05,0.264,-0.8
24337,7.787400000000001e-05,0.272,-0.000174
24338,7.787600000000001e-05,0.264,-0.8
24339,7.7878e-05,0.272,-0.8
24340,7.788e-05,0.264,-0.000174
24341,7.788200000000001e-05,0.28,-0.8
24342,7.7884e-05,0.264,-0.8
24343,7.7886e-05,0.272,-0.8
24344,7.788800000000001e-05,0.264,-0.8
24345,7.789e-05,0.28,-0.000174
24346,7.7892e-05,0.264,-0.8
24347,7.789400000000001e-05,0.264,-0.8
24348,7.7896e-05,0.264,-0.8
24349,7.7898e-05,0.272,-0.8
24350,7.790000000000001e-05,0.264,-0.8
24351,7.7902e-05,0.272,-0.000174
24352,7.7904e-05,0.264,-0.000174
24353,7.790600000000001e-05,0.28,-0.8
24354,7.7908e-05,0.272,-0.8
24355,7.791e-05,0.272,-0.8
24356,7.791200000000001e-05,0.264,-0.000174
24357,7.7914e-05,0.28,-0.000174
24358,7.7916e-05,0.264,-0.8
24359,7.791800000000001e-05,0.272,-0.8
24360,7.792e-05,0.264,-0.000174
24361,7.7922e-05,0.28,-0.8
24362,7.792400000000001e-05,0.264,-0.8
24363,7.7926e-05,0.272,-0.8
24364,7.7928e-05,0.264,-0.000174
24365,7.793000000000001e-05,0.28,-0.8
24366,7.7932e-05,0.264,-0.8
24367,7.7934e-05,0.272,-0.8
24368,7.793600000000001e-05,0.264,-0.8
24369,7.7938e-05,0.28,-0.000174
24370,7.794e-05,0.272,-0.8
24371,7.794200000000001e-05,0.272,-0.8
24372,7.794400000000001e-05,0.264,-0.000174
24373,7.7946e-05,0.28,-0.8
24374,7.7948e-05,0.272,-0.8
24375,7.795000000000001e-05,0.272,-0.000174
24376,7.7952e-05,0.272,-0.8
24377,7.7954e-05,0.28,-0.000174
24378,7.795600000000001e-05,0.272,-0.8
24379,7.7958e-05,0.272,-0.8
24380,7.796e-05,0.264,-0.000174
24381,7.796200000000001e-05,0.28,-0.8
24382,7.7964e-05,0.272,-0.8
24383,7.7966e-05,0.272,-0.8
24384,7.796800000000001e-05,0.264,-0.8
24385,7.797e-05,0.28,-0.000174
24386,7.7972e-05,0.272,-0.8
24387,7.797400000000001e-05,0.272,-0.8
24388,7.7976e-05,0.264,-0.000174
24389,7.7978e-05,0.28,-0.000174
24390,7.798000000000001e-05,0.272,-0.8
24391,7.7982e-05,0.272,-0.8
24392,7.7984e-05,0.264,-0.000174
24393,7.798600000000001e-05,0.28,-0.000174
24394,7.7988e-05,0.272,-0.8
24395,7.799e-05,0.272,-0.000174
24396,7.799200000000001e-05,0.272,-0.000174
24397,7.7994e-05,0.28,-0.8
24398,7.7996e-05,0.272,-0.8
24399,7.799800000000001e-05,0.28,-0.000174
24400,7.8e-05,0.272,-0.000174
24401,7.8002e-05,0.28,-0.8
24402,7.800400000000001e-05,0.272,-0.8
24403,7.8006e-05,0.272,-0.000174
24404,7.8008e-05,0.272,-0.000174
24405,7.801000000000001e-05,0.28,-0.000174
24406,7.801200000000001e-05,0.272,-0.8
24407,7.8014e-05,0.272,-0.000174
24408,7.8016e-05,0.272,-0.8
24409,7.801800000000001e-05,0.28,-0.000174
24410,7.802e-05,0.272,-0.8
24411,7.8022e-05,0.272,-0.8
24412,7.802400000000001e-05,0.272,-0.000174
24413,7.8026e-05,0.28,-0.8
24414,7.8028e-05,0.272,-0.8
24415,7.803000000000001e-05,0.272,-0.8
24416,7.8032e-05,0.272,-0.8
24417,7.8034e-05,0.28,-0.8
24418,7.803600000000001e-05,0.272,-0.8
24419,7.8038e-05,0.28,-0.8
24420,7.804e-05,0.272,-0.000174
24421,7.804200000000001e-05,0.288,-0.8
24422,7.8044e-05,0.272,-0.8
24423,7.8046e-05,0.28,-0.000174
24424,7.804800000000001e-05,0.272,-0.000174
24425,7.805e-05,0.28,-0.000174
24426,7.8052e-05,0.272,-0.8
24427,7.805400000000001e-05,0.272,-0.000174
24428,7.8056e-05,0.272,-0.8
24429,7.8058e-05,0.288,-0.8
24430,7.806000000000001e-05,0.272,-0.8
24431,7.8062e-05,0.28,-0.8
24432,7.8064e-05,0.272,-0.000174
24433,7.806600000000001e-05,0.28,-0.000174
24434,7.8068e-05,0.272,-0.8
24435,7.807e-05,0.28,-0.8
24436,7.807200000000001e-05,0.272,-0.000174
24437,7.8074e-05,0.288,-0.8
24438,7.8076e-05,0.272,-0.8
24439,7.807800000000001e-05,0.28,-0.8
24440,7.808000000000001e-05,0.272,-0.000174
24441,7.8082e-05,0.288,-0.000174
24442,7.8084e-05,0.272,-0.8
24443,7.808600000000001e-05,0.28,-0.000174
24444,7.8088e-05,0.272,-0.000174
24445,7.809e-05,0.288,-0.000174
24446,7.809200000000001e-05,0.28,-0.8
24447,7.8094e-05,0.28,-0.000174
24448,7.8096e-05,0.272,-0.8
24449,7.809800000000001e-05,0.288,-0.000174
24450,7.81e-05,0.28,-0.8
24451,7.8102e-05,0.28,-0.8
24452,7.810400000000001e-05,0.272,-0.000174
24453,7.8106e-05,0.288,-0.8
24454,7.8108e-05,0.272,-0.8
24455,7.811000000000001e-05,0.28,-0.000174
24456,7.8112e-05,0.272,-0.000174
24457,7.8114e-05,0.288,-0.000174
24458,7.811600000000001e-05,0.28,-0.8
24459,7.8118e-05,0.28,-0.8
24460,7.812e-05,0.272,-0.000174
24461,7.812200000000001e-05,0.288,-0.8
24462,7.8124e-05,0.272,-0.8
24463,7.8126e-05,0.28,-0.000174
24464,7.812800000000001e-05,0.272,-0.000174
24465,7.813e-05,0.288,-0.8
24466,7.8132e-05,0.28,-0.8
24467,7.813400000000001e-05,0.28,-0.000174
24468,7.8136e-05,0.272,-0.000174
24469,7.8138e-05,0.288,-0.8
24470,7.814000000000001e-05,0.28,-0.8
24471,7.8142e-05,0.28,-0.8
24472,7.8144e-05,0.272,-0.000174
24473,7.814600000000001e-05,0.288,-0.000174
24474,7.814800000000001e-05,0.28,-0.8
24475,7.815e-05,0.28,-0.8
24476,7.8152e-05,0.272,-0.000174
24477,7.815400000000001e-05,0.288,-0.000174
24478,7.8156e-05,0.28,-0.8
24479,7.8158e-05,0.28,-0.000174
24480,7.816000000000001e-05,0.272,-0.000174
24481,7.8162e-05,0.288,-0.8
24482,7.8164e-05,0.28,-0.8
24483,7.816600000000001e-05,0.28,-0.000174
24484,7.8168e-05,0.28,-0.000174
24485,7.817e-05,0.288,-0.8
24486,7.817200000000001e-05,0.28,-0.8
24487,7.8174e-05,0.28,-0.000174
24488,7.8176e-05,0.28,-0.000174
24489,7.817800000000001e-05,0.288,-0.8
24490,7.818e-05,0.28,-0.8
24491,7.8182e-05,0.28,-0.8
24492,7.818400000000001e-05,0.272,-0.000174
24493,7.8186e-05,0.288,-0.8
24494,7.8188e-05,0.28,-0.8
24495,7.819000000000001e-05,0.28,-0.000174
24496,7.8192e-05,0.28,-0.8
24497,7.8194e-05,0.288,-0.000174
24498,7.819600000000001e-05,0.28,-0.8
24499,7.8198e-05,0.28,-0.8
24500,7.82e-05,0.28,-0.000174
24501,7.820200000000001e-05,0.288,-0.8
24502,7.8204e-05,0.28,-0.8
24503,7.8206e-05,0.28,-0.000174
24504,7.820800000000001e-05,0.28,-0.8
24505,7.821e-05,0.288,-0.000174
24506,7.8212e-05,0.28,-0.8
24507,7.821400000000001e-05,0.288,-0.8
24508,7.821600000000001e-05,0.272,-0.000174
24509,7.8218e-05,0.296,-0.8
24510,7.822e-05,0.28,-0.8
24511,7.822200000000001e-05,0.288,-0.000174
24512,7.8224e-05,0.28,-0.8
24513,7.8226e-05,0.288,-0.000174
24514,7.822800000000001e-05,0.28,-0.8
24515,7.823e-05,0.28,-0.000174
24516,7.8232e-05,0.28,-0.000174
24517,7.823400000000001e-05,0.296,-0.8
24518,7.8236e-05,0.28,-0.8
24519,7.8238e-05,0.288,-0.8
24520,7.824000000000001e-05,0.28,-0.000174
24521,7.8242e-05,0.296,-0.8
24522,7.8244e-05,0.28,-0.8
24523,7.824600000000001e-05,0.288,-0.000174
24524,7.8248e-05,0.28,-0.000174
24525,7.825e-05,0.288,-0.8
24526,7.825200000000001e-05,0.28,-0.8
24527,7.8254e-05,0.288,-0.000174
24528,7.8256e-05,0.28,-0.8
24529,7.825800000000001e-05,0.288,-0.8
24530,7.826e-05,0.28,-0.8
24531,7.8262e-05,0.288,-0.8
24532,7.826400000000001e-05,0.28,-0.000174
24533,7.8266e-05,0.296,-0.8
24534,7.8268e-05,0.28,-0.8
24535,7.827000000000001e-05,0.288,-0.000174
24536,7.8272e-05,0.28,-0.8
24537,7.8274e-05,0.296,-0.000174
24538,7.827600000000001e-05,0.288,-0.8
24539,7.8278e-05,0.288,-0.8
24540,7.828e-05,0.28,-0.000174
24541,7.828200000000001e-05,0.296,-0.8
24542,7.828400000000001e-05,0.28,-0.8
24543,7.8286e-05,0.288,-0.000174
24544,7.8288e-05,0.28,-0.8
24545,7.829000000000001e-05,0.288,-0.000174
24546,7.8292e-05,0.288,-0.8
24547,7.8294e-05,0.288,-0.000174
24548,7.829600000000001e-05,0.28,-0.000174
24549,7.8298e-05,0.296,-0.8
24550,7.83e-05,0.28,-0.8
24551,7.830200000000001e-05,0.288,-0.000174
24552,7.8304e-05,0.28,-0.000174
24553,7.8306e-05,0.296,-0.000174
24554,7.830800000000001e-05,0.288,-0.8
24555,7.831e-05,0.288,-0.000174
24556,7.8312e-05,0.28,-0.8
24557,7.831400000000001e-05,0.296,-0.000174
24558,7.8316e-05,0.288,-0.8
24559,7.8318e-05,0.288,-0.000174
24560,7.832000000000001e-05,0.28,-0.000174
24561,7.8322e-05,0.296,-0.8
24562,7.8324e-05,0.288,-0.8
24563,7.832600000000001e-05,0.288,-0.8
24564,7.8328e-05,0.28,-0.000174
24565,7.833e-05,0.296,-0.000174
24566,7.833200000000001e-05,0.288,-0.8
24567,7.8334e-05,0.288,-0.000174
24568,7.8336e-05,0.288,-0.8
24569,7.833800000000001e-05,0.296,-0.000174
24570,7.834e-05,0.288,-0.8
24571,7.8342e-05,0.288,-0.8
24572,7.834400000000001e-05,0.28,-0.000174
24573,7.8346e-05,0.296,-0.8
24574,7.8348e-05,0.288,-0.8
24575,7.835000000000001e-05,0.288,-0.000174
24576,7.835200000000001e-05,0.288,-0.000174
24577,7.8354e-05,0.296,-0.000174
24578,7.8356e-05,0.288,-0.8
24579,7.835800000000001e-05,0.288,-0.8
24580,7.836e-05,0.28,-0.000174
24581,7.8362e-05,0.296,-0.8
24582,7.836400000000001e-05,0.288,-0.8
24583,7.8366e-05,0.288,-0.000174
24584,7.8368e-05,0.288,-0.8
24585,7.837000000000001e-05,0.296,-0.000174
24586,7.8372e-05,0.288,-0.8
24587,7.8374e-05,0.288,-0.8
24588,7.837600000000001e-05,0.288,-0.000174
24589,7.8378e-05,0.296,-0.8
24590,7.838e-05,0.288,-0.8
24591,7.838200000000001e-05,0.296,-0.000174
24592,7.8384e-05,0.288,-0.000174
24593,7.8386e-05,0.296,-0.000174
24594,7.838800000000001e-05,0.288,-0.8
24595,7.839e-05,0.288,-0.8
24596,7.8392e-05,0.288,-0.000174
24597,7.839400000000001e-05,0.296,-0.8
24598,7.8396e-05,0.288,-0.8
24599,7.8398e-05,0.296,-0.000174
24600,7.840000000000001e-05,0.288,-0.000174
24601,7.8402e-05,0.296,-0.8
24602,7.8404e-05,0.288,-0.8
24603,7.840600000000001e-05,0.288,-0.8
24604,7.8408e-05,0.288,-0.000174
24605,7.841e-05,0.296,-0.000174
24606,7.841200000000001e-05,0.288,-0.8
24607,7.8414e-05,0.288,-0.000174
24608,7.8416e-05,0.288,-0.000174
24609,7.841800000000001e-05,0.296,-0.000174
24610,7.842e-05,0.288,-0.8
24611,7.8422e-05,0.296,-0.8
24612,7.8424e-05,0.288,-0.000174
24613,7.842600000000001e-05,0.304,-0.000174
24614,7.8428e-05,0.288,-0.8
24615,7.843e-05,0.288,-0.000174
24616,7.843200000000001e-05,0.288,-0.8
24617,7.8434e-05,0.304,-0.000174
24618,7.8436e-05,0.296,-0.8
24619,7.843800000000001e-05,0.296,-0.000174
24620,7.844e-05,0.288,-0.000174
24621,7.8442e-05,0.304,-0.8
24622,7.844400000000001e-05,0.288,-0.8
24623,7.8446e-05,0.296,-0.000174
24624,7.8448e-05,0.288,-0.000174
24625,7.845000000000001e-05,0.304,-0.000174
24626,7.8452e-05,0.296,-0.8
24627,7.8454e-05,0.296,-0.8
24628,7.845600000000001e-05,0.288,-0.000174
24629,7.8458e-05,0.304,-0.000174
24630,7.846e-05,0.288,-0.8
24631,7.846200000000001e-05,0.296,-0.8
24632,7.8464e-05,0.288,-0.000174
24633,7.8466e-05,0.304,-0.000174
24634,7.846800000000001e-05,0.296,-0.8
24635,7.847e-05,0.296,-0.000174
24636,7.8472e-05,0.288,-0.000174
24637,7.847400000000001e-05,0.304,-0.000174
24638,7.8476e-05,0.296,-0.8
24639,7.8478e-05,0.296,-0.000174
24640,7.848000000000001e-05,0.288,-0.000174
24641,7.8482e-05,0.304,-0.8
24642,7.8484e-05,0.296,-0.8
24643,7.848600000000001e-05,0.296,-0.8
24644,7.8488e-05,0.288,-0.000174
24645,7.849e-05,0.304,-0.000174
24646,7.8492e-05,0.288,-0.8
24647,7.849400000000001e-05,0.296,-0.000174
24648,7.8496e-05,0.288,-0.000174
24649,7.8498e-05,0.304,-0.000174
24650,7.850000000000001e-05,0.296,-0.8
24651,7.8502e-05,0.296,-0.8
24652,7.8504e-05,0.288,-0.000174
24653,7.850600000000001e-05,0.304,-0.000174
24654,7.8508e-05,0.296,-0.8
24655,7.851e-05,0.296,-0.000174
24656,7.851200000000001e-05,0.296,-0.000174
24657,7.8514e-05,0.304,-0.000174
24658,7.8516e-05,0.296,-0.8
24659,7.851800000000001e-05,0.296,-0.000174
24660,7.852e-05,0.296,-0.000174
24661,7.8522e-05,0.304,-0.8
24662,7.852400000000001e-05,0.296,-0.8
24663,7.8526e-05,0.296,-0.000174
24664,7.8528e-05,0.296,-0.000174
24665,7.853000000000001e-05,0.304,-0.000174
24666,7.8532e-05,0.296,-0.8
24667,7.8534e-05,0.296,-0.000174
24668,7.853600000000001e-05,0.296,-0.000174
24669,7.8538e-05,0.304,-0.000174
24670,7.854e-05,0.296,-0.8
24671,7.854200000000001e-05,0.296,-0.8
24672,7.8544e-05,0.296,-0.000174
24673,7.8546e-05,0.304,-0.000174
24674,7.854800000000001e-05,0.296,-0.8
24675,7.855e-05,0.296,-0.000174
24676,7.8552e-05,0.296,-0.000174
24677,7.855400000000001e-05,0.304,-0.8
24678,7.8556e-05,0.296,-0.8
24679,7.8558e-05,0.296,-0.8
24680,7.856000000000001e-05,0.296,-0.000174
24681,7.856200000000001e-05,0.312,-0.8
24682,7.8564e-05,0.296,-0.8
24683,7.8566e-05,0.304,-0.000174
24684,7.856800000000001e-05,0.296,-0.000174
24685,7.857e-05,0.304,-0.000174
24686,7.8572e-05,0.296,-0.8
24687,7.857400000000001e-05,0.296,-0.000174
24688,7.8576e-05,0.296,-0.8
24689,7.8578e-05,0.304,-0.000174
24690,7.858000000000001e-05,0.296,-0.8
24691,7.8582e-05,0.304,-0.8
24692,7.8584e-05,0.296,-0.000174
24693,7.858600000000001e-05,0.304,-0.000174
24694,7.8588e-05,0.296,-0.8
24695,7.859e-05,0.296,-0.000174
24696,7.859200000000001e-05,0.296,-0.000174
24697,7.8594e-05,0.304,-0.000174
24698,7.8596e-05,0.296,-0.8
24699,7.859800000000001e-05,0.304,-0.8
24700,7.86e-05,0.296,-0.000174
24701,7.8602e-05,0.312,-0.8
24702,7.860400000000001e-05,0.296,-0.8
24703,7.8606e-05,0.296,-0.000174
24704,7.8608e-05,0.304,-0.8
24705,7.861000000000001e-05,0.304,-0.000174
24706,7.8612e-05,0.296,-0.8
24707,7.8614e-05,0.304,-0.8
24708,7.861600000000001e-05,0.288,-0.000174
24709,7.8618e-05,0.312,-0.8
24710,7.862e-05,0.296,-0.8
24711,7.862200000000001e-05,0.304,-0.000174
24712,7.8624e-05,0.296,-0.000174
24713,7.8626e-05,0.312,-0.000174
24714,7.862800000000001e-05,0.304,-0.8
24715,7.863000000000001e-05,0.304,-0.000174
24716,7.8632e-05,0.296,-0.000174
24717,7.8634e-05,0.312,-0.000174
24718,7.863600000000001e-05,0.296,-0.8
24719,7.8638e-05,0.304,-0.8
24720,7.864e-05,0.296,-0.000174
24721,7.864200000000001e-05,0.312,-0.8
24722,7.8644e-05,0.296,-0.8
24723,7.8646e-05,0.304,-0.8
24724,7.864800000000001e-05,0.296,-0.000174
24725,7.865e-05,0.312,-0.000174
24726,7.8652e-05,0.304,-0.8
24727,7.865400000000001e-05,0.304,-0.000174
24728,7.8656e-05,0.296,-0.000174
24729,7.8658e-05,0.312,-0.000174
24730,7.866000000000001e-05,0.296,-0.8
24731,7.8662e-05,0.304,-0.8
24732,7.8664e-05,0.296,-0.000174
24733,7.866600000000001e-05,0.312,-0.000174
24734,7.8668e-05,0.304,-0.8
24735,7.867e-05,0.304,-0.000174
24736,7.867200000000001e-05,0.296,-0.000174
24737,7.8674e-05,0.312,-0.000174
24738,7.8676e-05,0.304,-0.8
24739,7.867800000000001e-05,0.304,-0.000174
24740,7.868e-05,0.296,-0.000174
24741,7.8682e-05,0.312,-0.8
24742,7.868400000000001e-05,0.296,-0.8
24743,7.8686e-05,0.304,-0.000174
24744,7.8688e-05,0.296,-0.000174
24745,7.869000000000001e-05,0.312,-0.000174
24746,7.8692e-05,0.304,-0.8
24747,7.8694e-05,0.304,-0.000174
24748,7.869600000000001e-05,0.304,-0.000174
24749,7.869800000000001e-05,0.312,-0.8
24750,7.87e-05,0.304,-0.8
24751,7.8702e-05,0.304,-0.000174
24752,7.870400000000001e-05,0.296,-0.000174
24753,7.8706e-05,0.312,-0.000174
24754,7.8708e-05,0.304,-0.8
24755,7.871000000000001e-05,0.304,-0.000174
24756,7.8712e-05,0.304,-0.000174
24757,7.8714e-05,0.312,-0.000174
24758,7.871600000000001e-05,0.304,-0.8
24759,7.8718e-05,0.304,-0.000174
24760,7.872e-05,0.296,-0.000174
24761,7.872200000000001e-05,0.312,-0.000174
24762,7.8724e-05,0.304,-0.8
24763,7.8726e-05,0.304,-0.8
24764,7.872800000000001e-05,0.304,-0.000174
24765,7.873e-05,0.312,-0.000174
24766,7.8732e-05,0.304,-0.8
24767,7.873400000000001e-05,0.304,-0.000174
24768,7.8736e-05,0.304,-0.000174
24769,7.8738e-05,0.32,-0.000174
24770,7.874000000000001e-05,0.304,-0.8
24771,7.8742e-05,0.312,-0.8
24772,7.8744e-05,0.304,-0.000174
24773,7.874600000000001e-05,0.312,-0.000174
24774,7.8748e-05,0.304,-0.8
24775,7.875e-05,0.304,-0.000174
24776,7.875200000000001e-05,0.304,-0.000174
24777,7.8754e-05,0.312,-0.000174
24778,7.8756e-05,0.304,-0.8
24779,7.875800000000001e-05,0.304,-0.000174
24780,7.876e-05,0.304,-0.000174
24781,7.8762e-05,0.312,-0.8
24782,7.876400000000001e-05,0.304,-0.8
24783,7.876600000000001e-05,0.312,-0.000174
24784,7.8768e-05,0.304,-0.000174
24785,7.877e-05,0.312,-0.000174
24786,7.877200000000001e-05,0.304,-0.8
24787,7.8774e-05,0.312,-0.8
24788,7.8776e-05,0.304,-0.000174
24789,7.877800000000001e-05,0.32,-0.000174
24790,7.878e-05,0.304,-0.8
24791,7.8782e-05,0.312,-0.8
24792,7.878400000000001e-05,0.304,-0.000174
24793,7.8786e-05,0.32,-0.000174
24794,7.8788e-05,0.304,-0.8
24795,7.879000000000001e-05,0.312,-0.000174
24796,7.8792e-05,0.304,-0.000174
24797,7.8794e-05,0.32,-0.000174
24798,7.879600000000001e-05,0.304,-0.8
24799,7.8798e-05,0.312,-0.000174
24800,7.88e-05,0.304,-0.000174
24801,7.880200000000001e-05,0.32,-0.8
24802,7.8804e-05,0.304,-0.8
24803,7.8806e-05,0.312,-0.000174
24804,7.880800000000001e-05,0.304,-0.000174
24805,7.881e-05,0.32,-0.000174
24806,7.8812e-05,0.304,-0.8
24807,7.881400000000001e-05,0.312,-0.000174
24808,7.8816e-05,0.304,-0.000174
24809,7.8818e-05,0.32,-0.000174
24810,7.882000000000001e-05,0.304,-0.8
24811,7.8822e-05,0.312,-0.8
24812,7.8824e-05,0.304,-0.000174
24813,7.882600000000001e-05,0.32,-0.000174
24814,7.8828e-05,0.304,-0.8
24815,7.883e-05,0.312,-0.000174
24816,7.883200000000001e-05,0.304,-0.8
24817,7.883400000000001e-05,0.32,-0.000174
24818,7.8836e-05,0.312,-0.8
24819,7.8838e-05,0.312,-0.000174
24820,7.884000000000001e-05,0.304,-0.000174
24821,7.8842e-05,0.32,-0.8
24822,7.8844e-05,0.304,-0.8
24823,7.884600000000001e-05,0.312,-0.000174
24824,7.8848e-05,0.304,-0.000174
24825,7.885e-05,0.32,-0.000174
24826,7.885200000000001e-05,0.312,-0.8
24827,7.8854e-05,0.312,-0.000174
24828,7.8856e-05,0.304,-0.000174
24829,7.885800000000001e-05,0.32,-0.000174
24830,7.886e-05,0.312,-0.8
24831,7.8862e-05,0.312,-0.8
24832,7.886400000000001e-05,0.304,-0.000174
24833,7.8866e-05,0.32,-0.000174
24834,7.8868e-05,0.312,-0.8
24835,7.887000000000001e-05,0.312,-0.000174
24836,7.8872e-05,0.312,-0.000174
24837,7.8874e-05,0.32,-0.000174
24838,7.887600000000001e-05,0.312,-0.8
24839,7.8878e-05,0.312,-0.000174
24840,7.888e-05,0.304,-0.000174
24841,7.888200000000001e-05,0.32,-0.8
24842,7.8884e-05,0.304,-0.8
24843,7.8886e-05,0.312,-0.8
24844,7.888800000000001e-05,0.304,-0.000174
24845,7.889e-05,0.32,-0.000174
24846,7.8892e-05,0.312,-0.8
24847,7.889400000000001e-05,0.312,-0.000174
24848,7.8896e-05,0.312,-0.000174
24849,7.8898e-05,0.32,-0.000174
24850,7.890000000000001e-05,0.312,-0.8
24851,7.890200000000001e-05,0.312,-0.8
24852,7.8904e-05,0.312,-0.000174
24853,7.8906e-05,0.32,-0.000174
24854,7.890800000000001e-05,0.312,-0.8
24855,7.891e-05,0.312,-0.000174
24856,7.8912e-05,0.312,-0.000174
24857,7.891400000000001e-05,0.32,-0.000174
24858,7.8916e-05,0.312,-0.8
24859,7.8918e-05,0.312,-0.000174
24860,7.892000000000001e-05,0.312,-0.000174
24861,7.8922e-05,0.328,-0.8
24862,7.8924e-05,0.312,-0.8
24863,7.892600000000001e-05,0.32,-0.000174
24864,7.8928e-05,0.312,-0.000174
24865,7.893e-05,0.32,-0.000174
24866,7.893200000000001e-05,0.312,-0.8
24867,7.8934e-05,0.32,-0.000174
24868,7.8936e-05,0.312,-0.000174
24869,7.893800000000001e-05,0.32,-0.8
24870,7.894e-05,0.312,-0.8
24871,7.8942e-05,0.32,-0.000174
24872,7.894400000000001e-05,0.312,-0.000174
24873,7.8946e-05,0.32,-0.000174
24874,7.8948e-05,0.312,-0.8
24875,7.895000000000001e-05,0.312,-0.000174
24876,7.8952e-05,0.312,-0.000174
24877,7.8954e-05,0.328,-0.000174
24878,7.895600000000001e-05,0.312,-0.8
24879,7.8958e-05,0.32,-0.000174
24880,7.896e-05,0.312,-0.000174
24881,7.896200000000001e-05,0.328,-0.8
24882,7.8964e-05,0.312,-0.8
24883,7.8966e-05,0.312,-0.000174
24884,7.896800000000001e-05,0.312,-0.000174
24885,7.897000000000001e-05,0.328,-0.000174
24886,7.8972e-05,0.312,-0.8
24887,7.8974e-05,0.32,-0.000174
24888,7.897600000000001e-05,0.312,-0.000174
24889,7.8978e-05,0.328,-0.000174
24890,7.898e-05,0.32,-0.8
24891,7.898200000000001e-05,0.32,-0.000174
24892,7.8984e-05,0.312,-0.000174
24893,7.8986e-05,0.328,-0.000174
24894,7.898800000000001e-05,0.32,-0.8
24895,7.899e-05,0.312,-0.000174
24896,7.8992e-05,0.312,-0.8
24897,7.899400000000001e-05,0.328,-0.000174
24898,7.8996e-05,0.32,-0.8
24899,7.8998e-05,0.32,-0.000174
24900,7.900000000000001e-05,0.312,-0.000174
24901,7.9002e-05,0.328,-0.8
24902,7.9004e-05,0.32,-0.8
24903,7.900600000000001e-05,0.312,-0.000174
24904,7.9008e-05,0.32,-0.8
24905,7.901e-05,0.328,-0.000174
24906,7.901200000000001e-05,0.32,-0.8
24907,7.9014e-05,0.32,-0.8
24908,7.9016e-05,0.312,-0.000174
24909,7.901800000000001e-05,0.328,-0.8
24910,7.902e-05,0.312,-0.8
24911,7.9022e-05,0.32,-0.000174
24912,7.902400000000001e-05,0.312,-0.000174
24913,7.9026e-05,0.328,-0.000174
24914,7.9028e-05,0.32,-0.8
24915,7.903000000000001e-05,0.32,-0.000174
24916,7.9032e-05,0.312,-0.000174
24917,7.9034e-05,0.328,-0.000174
24918,7.903600000000001e-05,0.32,-0.8
24919,7.903800000000001e-05,0.32,-0.000174
24920,7.904e-05,0.312,-0.000174
24921,7.9042e-05,0.328,-0.8
24922,7.904400000000001e-05,0.32,-0.8
24923,7.9046e-05,0.32,-0.000174
24924,7.9048e-05,0.32,-0.000174
24925,7.905000000000001e-05,0.328,-0.000174
24926,7.9052e-05,0.32,-0.8
24927,7.9054e-05,0.32,-0.000174
24928,7.905600000000001e-05,0.312,-0.000174
24929,7.9058e-05,0.328,-0.000174
24930,7.906e-05,0.32,-0.8
24931,7.906200000000001e-05,0.32,-0.8
24932,7.9064e-05,0.312,-0.000174
24933,7.9066e-05,0.328,-0.000174
24934,7.906800000000001e-05,0.32,-0.8
24935,7.907e-05,0.32,-0.000174
24936,7.9072e-05,0.32,-0.8
24937,7.907400000000001e-05,0.328,-0.000174
24938,7.9076e-05,0.32,-0.8
24939,7.9078e-05,0.32,-0.000174
24940,7.908000000000001e-05,0.32,-0.000174
24941,7.9082e-05,0.328,-0.000174
24942,7.9084e-05,0.32,-0.8
24943,7.908600000000001e-05,0.32,-0.000174
24944,7.9088e-05,0.312,-0.000174
24945,7.909e-05,0.328,-0.000174
24946,7.909200000000001e-05,0.32,-0.8
24947,7.9094e-05,0.32,-0.000174
24948,7.9096e-05,0.32,-0.000174
24949,7.909800000000001e-05,0.328,-0.000174
24950,7.91e-05,0.32,-0.8
24951,7.9102e-05,0.328,-0.000174
24952,7.910400000000001e-05,0.32,-0.000174
24953,7.910600000000001e-05,0.336,-0.000174
24954,7.9108e-05,0.32,-0.8
24955,7.911e-05,0.32,-0.000174
24956,7.911200000000001e-05,0.32,-0.000174
24957,7.9114e-05,0.336,-0.000174
24958,7.9116e-05,0.32,-0.8
24959,7.911800000000001e-05,0.32,-0.000174
24960,7.912e-05,0.32,-0.000174
24961,7.9122e-05,0.336,-0.000174
24962,7.912400000000001e-05,0.32,-0.8
24963,7.9126e-05,0.328,-0.000174
24964,7.9128e-05,0.32,-0.000174
24965,7.913000000000001e-05,0.336,-0.000174
24966,7.9132e-05,0.32,-0.8
24967,7.9134e-05,0.328,-0.000174
24968,7.913600000000001e-05,0.32,-0.000174
24969,7.9138e-05,0.336,-0.000174
24970,7.914e-05,0.32,-0.8
24971,7.914200000000001e-05,0.328,-0.8
24972,7.9144e-05,0.32,-0.000174
24973,7.9146e-05,0.336,-0.000174
24974,7.914800000000001e-05,0.32,-0.8
24975,7.915e-05,0.328,-0.000174
24976,7.9152e-05,0.32,-0.000174
24977,7.915400000000001e-05,0.336,-0.000174
24978,7.9156e-05,0.32,-0.8
24979,7.9158e-05,0.328,-0.8
24980,7.916000000000001e-05,0.32,-0.000174
24981,7.9162e-05,0.336,-0.8
24982,7.9164e-05,0.32,-0.8
24983,7.916600000000001e-05,0.328,-0.000174
24984,7.9168e-05,0.32,-0.000174
24985,7.917e-05,0.336,-0.000174
24986,7.917200000000001e-05,0.328,-0.8
24987,7.917400000000001e-05,0.328,-0.000174
24988,7.9176e-05,0.32,-0.000174
24989,7.9178e-05,0.336,-0.000174
24990,7.918000000000001e-05,0.32,-0.8
24991,7.9182e-05,0.328,-0.8
24992,7.9184e-05,0.32,-0.000174
24993,7.918600000000001e-05,0.336,-0.000174
24994,7.9188e-05,0.328,-0.8
24995,7.919e-05,0.328,-0.000174
24996,7.919200000000001e-05,0.32,-0.000174
24997,7.9194e-05,0.336,-0.000174
24998,7.9196e-05,0.328,-0.8
24999,7.919800000000001e-05,0.328,-0.000174
25000,7.92e-05,0.32,-0.000174
25001,7.9202e-05,0.336,-0.8
25002,7.920400000000001e-05,0.328,-0.8
25003,7.9206e-05,0.328,-0.000174
25004,7.9208e-05,0.328,-0.000174
25005,7.921000000000001e-05,0.336,-0.000174
25006,7.9212e-05,0.328,-0.8
25007,7.9214e-05,0.328,-0.000174
25008,7.921600000000001e-05,0.32,-0.000174
25009,7.9218e-05,0.336,-0.000174
25010,7.922e-05,0.328,-0.000174
25011,7.922200000000001e-05,0.328,-0.8
25012,7.9224e-05,0.32,-0.000174
25013,7.9226e-05,0.336,-0.000174
25014,7.922800000000001e-05,0.328,-0.8
25015,7.923e-05,0.328,-0.000174
25016,7.9232e-05,0.32,-0.000174
25017,7.923400000000001e-05,0.336,-0.000174
25018,7.9236e-05,0.328,-0.8
25019,7.9238e-05,0.328,-0.000174
25020,7.924000000000001e-05,0.328,-0.000174
25021,7.924200000000001e-05,0.336,-0.000174
25022,7.9244e-05,0.328,-0.8
25023,7.9246e-05,0.328,-0.000174
25024,7.924800000000001e-05,0.328,-0.000174
25025,7.925e-05,0.336,-0.000174
25026,7.9252e-05,0.328,-0.8
25027,7.925400000000001e-05,0.328,-0.000174
25028,7.9256e-05,0.328,-0.000174
25029,7.9258e-05,0.336,-0.000174
25030,7.926000000000001e-05,0.328,-0.8
25031,7.9262e-05,0.328,-0.000174
25032,7.9264e-05,0.32,-0.000174
25033,7.926600000000001e-05,0.336,-0.000174
25034,7.9268e-05,0.328,-0.8
25035,7.927e-05,0.328,-0.000174
25036,7.927200000000001e-05,0.328,-0.000174
25037,7.9274e-05,0.336,-0.000174
25038,7.9276e-05,0.328,-0.8
25039,7.927800000000001e-05,0.328,-0.000174
25040,7.928e-05,0.328,-0.000174
25041,7.9282e-05,0.344,-0.000174
25042,7.928400000000001e-05,0.328,-0.8
25043,7.9286e-05,0.328,-0.000174
25044,7.9288e-05,0.328,-0.000174
25045,7.929000000000001e-05,0.336,-0.000174
25046,7.9292e-05,0.328,-0.8
25047,7.9294e-05,0.328,-0.000174
25048,7.929600000000001e-05,0.328,-0.000174
25049,7.9298e-05,0.344,-0.000174
25050,7.93e-05,0.328,-0.8
25051,7.930200000000001e-05,0.336,-0.8
25052,7.9304e-05,0.328,-0.000174
25053,7.9306e-05,0.344,-0.000174
25054,7.930800000000001e-05,0.328,-0.8
25055,7.931000000000001e-05,0.336,-0.000174
25056,7.9312e-05,0.328,-0.000174
25057,7.9314e-05,0.344,-0.000174
25058,7.931600000000001e-05,0.336,-0.8
25059,7.9318e-05,0.336,-0.000174
25060,7.932e-05,0.328,-0.000174
25061,7.932200000000001e-05,0.344,-0.000174
25062,7.9324e-05,0.328,-0.8
25063,7.9326e-05,0.336,-0.000174
25064,7.932800000000001e-05,0.328,-0.000174
25065,7.933e-05,0.344,-0.000174
25066,7.9332e-05,0.336,-0.8
25067,7.933400000000001e-05,0.336,-0.000174
25068,7.9336e-05,0.328,-0.000174
25069,7.9338e-05,0.344,-0.000174
25070,7.934000000000001e-05,0.328,-0.8
25071,7.9342e-05,0.336,-0.000174
25072,7.9344e-05,0.328,-0.000174
25073,7.934600000000001e-05,0.344,-0.000174
25074,7.9348e-05,0.336,-0.8
25075,7.935e-05,0.336,-0.000174
25076,7.935200000000001e-05,0.328,-0.000174
25077,7.9354e-05,0.344,-0.000174
25078,7.9356e-05,0.328,-0.8
25079,7.935800000000001e-05,0.336,-0.000174
25080,7.936e-05,0.328,-0.000174
25081,7.9362e-05,0.344,-0.8
25082,7.936400000000001e-05,0.328,-0.8
25083,7.9366e-05,0.336,-0.000174
25084,7.9368e-05,0.328,-0.000174
25085,7.937000000000001e-05,0.344,-0.000174
25086,7.9372e-05,0.336,-0.8
25087,7.9374e-05,0.336,-0.000174
25088,7.937600000000001e-05,0.328,-0.000174
25089,7.937800000000001e-05,0.344,-0.000174
25090,7.938e-05,0.328,-0.8
25091,7.9382e-05,0.336,-0.000174
25092,7.938400000000001e-05,0.328,-0.000174
25093,7.9386e-05,0.344,-0.000174
25094,7.9388e-05,0.336,-0.8
25095,7.939000000000001e-05,0.336,-0.000174
25096,7.9392e-05,0.336,-0.000174
25097,7.9394e-05,0.344,-0.000174
25098,7.939600000000001e-05,0.336,-0.8
25099,7.9398e-05,0.336,-0.000174
25100,7.94e-05,0.328,-0.000174
25101,7.940200000000001e-05,0.344,-0.000174
25102,7.9404e-05,0.336,-0.8
25103,7.9406e-05,0.328,-0.000174
25104,7.940800000000001e-05,0.336,-0.8
25105,7.941e-05,0.344,-0.000174
25106,7.9412e-05,0.336,-0.000174
25107,7.941400000000001e-05,0.336,-0.8
25108,7.9416e-05,0.328,-0.000174
25109,7.9418e-05,0.344,-0.8
25110,7.942000000000001e-05,0.328,-0.8
25111,7.9422e-05,0.336,-0.000174
25112,7.9424e-05,0.336,-0.000174
25113,7.942600000000001e-05,0.344,-0.000174
25114,7.9428e-05,0.336,-0.8
25115,7.943e-05,0.336,-0.000174
25116,7.943200000000001e-05,0.336,-0.000174
25117,7.9434e-05,0.344,-0.000174
25118,7.9436e-05,0.336,-0.8
25119,7.943800000000001e-05,0.336,-0.000174
25120,7.944e-05,0.336,-0.000174
25121,7.9442e-05,0.352,-0.000174
25122,7.944400000000001e-05,0.336,-0.8
25123,7.944600000000001e-05,0.336,-0.000174
25124,7.9448e-05,0.336,-0.000174
25125,7.945e-05,0.344,-0.000174
25126,7.945200000000001e-05,0.336,-0.8
25127,7.9454e-05,0.336,-0.000174
25128,7.9456e-05,0.336,-0.000174
25129,7.945800000000001e-05,0.344,-0.000174
25130,7.946e-05,0.336,-0.8
25131,7.9462e-05,0.344,-0.000174
25132,7.946400000000001e-05,0.336,-0.000174
25133,7.9466e-05,0.344,-0.000174
25134,7.9468e-05,0.336,-0.8
25135,7.947000000000001e-05,0.336,-0.000174
25136,7.9472e-05,0.336,-0.000174
25137,7.9474e-05,0.352,-0.000174
25138,7.947600000000001e-05,0.336,-0.8
25139,7.9478e-05,0.336,-0.000174
25140,7.948e-05,0.336,-0.000174
25141,7.948200000000001e-05,0.352,-0.000174
25142,7.9484e-05,0.336,-0.8
25143,7.9486e-05,0.344,-0.000174
25144,7.948800000000001e-05,0.336,-0.000174
25145,7.949e-05,0.352,-0.000174
25146,7.9492e-05,0.336,-0.8
25147,7.949400000000001e-05,0.344,-0.000174
25148,7.9496e-05,0.328,-0.000174
25149,7.9498e-05,0.328,-0.8
25150,7.950000000000001e-05,0.296,-0.8
25151,7.9502e-05,0.288,-0.8
25152,7.9504e-05,0.264,-0.000174
25153,7.950600000000001e-05,0.272,-0.8
25154,7.9508e-05,0.256,-0.8
25155,7.951e-05,0.264,-0.000174
25156,7.951200000000001e-05,0.272,-0.000174
25157,7.951400000000001e-05,0.296,-0.000174
25158,7.9516e-05,0.296,-0.8
25159,7.9518e-05,0.304,-0.000174
25160,7.952000000000001e-05,0.304,-0.000174
25161,7.9522e-05,0.328,-0.000174
25162,7.9524e-05,0.32,-0.8
25163,7.952600000000001e-05,0.32,-0.000174
25164,7.9528e-05,0.312,-0.000174
25165,7.953e-05,0.328,-0.000174
25166,7.953200000000001e-05,0.312,-0.8
25167,7.9534e-05,0.32,-0.000174
25168,7.9536e-05,0.312,-0.000174
25169,7.953800000000001e-05,0.336,-0.000174
25170,7.954e-05,0.32,-0.000174
25171,7.9542e-05,0.328,-0.000174
25172,7.954400000000001e-05,0.32,-0.000174
25173,7.9546e-05,0.336,-0.000174
25174,7.9548e-05,0.32,-0.8
25175,7.955000000000001e-05,0.328,-0.000174
25176,7.9552e-05,0.32,-0.000174
25177,7.9554e-05,0.336,-0.000174
25178,7.955600000000001e-05,0.328,-0.8
25179,7.9558e-05,0.328,-0.000174
25180,7.956e-05,0.32,-0.000174
25181,7.956200000000001e-05,0.336,-0.000174
25182,7.9564e-05,0.328,-0.8
25183,7.9566e-05,0.328,-0.000174
25184,7.956800000000001e-05,0.328,-0.000174
25185,7.957e-05,0.336,-0.000174
25186,7.9572e-05,0.328,-0.8
25187,7.957400000000001e-05,0.328,-0.000174
25188,7.9576e-05,0.32,-0.000174
25189,7.9578e-05,0.336,-0.000174
25190,7.958000000000001e-05,0.328,-0.000174
25191,7.9582e-05,0.336,-0.000174
25192,7.9584e-05,0.328,-0.000174
25193,7.958600000000001e-05,0.344,-0.000174
25194,7.958800000000001e-05,0.336,-0.8
25195,7.959e-05,0.336,-0.000174
25196,7.9592e-05,0.328,-0.000174
25197,7.959400000000001e-05,0.344,-0.000174
25198,7.9596e-05,0.328,-0.8
25199,7.9598e-05,0.336,-0.000174
25200,7.960000000000001e-05,0.328,-0.000174
25201,7.9602e-05,0.344,-0.000174
25202,7.9604e-05,0.336,-0.8
25203,7.960600000000001e-05,0.336,-0.000174
25204,7.9608e-05,0.328,-0.000174
25205,7.961e-05,0.344,-0.000174
25206,7.961200000000001e-05,0.336,-0.8
25207,7.9614e-05,0.336,-0.000174
25208,7.9616e-05,0.328,-0.000174
25209,7.961800000000001e-05,0.344,-0.000174
25210,7.962e-05,0.336,-0.8
25211,7.9622e-05,0.336,-0.000174
25212,7.962400000000001e-05,0.328,-0.000174
25213,7.9626e-05,0.344,-0.000174
25214,7.9628e-05,0.336,-0.8
25215,7.963000000000001e-05,0.336,-0.000174
25216,7.9632e-05,0.336,-0.000174
25217,7.9634e-05,0.352,-0.000174
25218,7.963600000000001e-05,0.336,-0.8
25219,7.9638e-05,0.336,-0.000174
25220,7.964e-05,0.336,-0.000174
25221,7.964200000000001e-05,0.352,-0.000174
25222,7.9644e-05,0.336,-0.8
25223,7.9646e-05,0.344,-0.000174
25224,7.964800000000001e-05,0.336,-0.000174
25225,7.965e-05,0.352,-0.000174
25226,7.9652e-05,0.336,-0.8
25227,7.965400000000001e-05,0.344,-0.000174
25228,7.965600000000001e-05,0.336,-0.000174
25229,7.9658e-05,0.344,-0.000174
25230,7.966e-05,0.336,-0.8
25231,7.966200000000001e-05,0.344,-0.8
25232,7.9664e-05,0.336,-0.000174
25233,7.9666e-05,0.352,-0.000174
25234,7.966800000000001e-05,0.336,-0.8
25235,7.967e-05,0.336,-0.000174
25236,7.9672e-05,0.336,-0.000174
25237,7.967400000000001e-05,0.352,-0.000174
25238,7.9676e-05,0.336,-0.8
25239,7.9678e-05,0.344,-0.000174
25240,7.968000000000001e-05,0.336,-0.000174
25241,7.9682e-05,0.352,-0.000174
25242,7.9684e-05,0.336,-0.000174
25243,7.968600000000001e-05,0.344,-0.000174
25244,7.9688e-05,0.336,-0.000174
25245,7.969e-05,0.352,-0.000174
25246,7.969200000000001e-05,0.344,-0.8
25247,7.9694e-05,0.344,-0.000174
25248,7.9696e-05,0.336,-0.000174
25249,7.969800000000001e-05,0.352,-0.000174
25250,7.97e-05,0.344,-0.000174
25251,7.9702e-05,0.344,-0.000174
25252,7.970400000000001e-05,0.336,-0.000174
25253,7.9706e-05,0.352,-0.000174
25254,7.9708e-05,0.344,-0.8
25255,7.971000000000001e-05,0.344,-0.000174
25256,7.9712e-05,0.336,-0.000174
25257,7.9714e-05,0.352,-0.000174
25258,7.971600000000001e-05,0.344,-0.000174
25259,7.9718e-05,0.344,-0.000174
25260,7.972e-05,0.336,-0.000174
25261,7.972200000000001e-05,0.352,-0.000174
25262,7.972400000000001e-05,0.344,-0.000174
25263,7.9726e-05,0.344,-0.000174
25264,7.9728e-05,0.336,-0.000174
25265,7.973000000000001e-05,0.352,-0.000174
25266,7.9732e-05,0.344,-0.000174
25267,7.9734e-05,0.344,-0.000174
25268,7.973600000000001e-05,0.336,1.6
25269,7.9738e-05,0.352,1.6
25270,7.974e-05,0.336,1.6
25271,7.974200000000001e-05,0.344,1.6
25272,7.9744e-05,0.336,1.6
25273,7.9746e-05,0.352,1.6
25274,7.974800000000001e-05,0.344,1.6
25275,7.975e-05,0.344,2.4
25276,7.9752e-05,0.336,2.4
25277,7.975400000000001e-05,0.352,2.4
25278,7.9756e-05,0.344,1.6
25279,7.9758e-05,0.344,2.4
25280,7.976000000000001e-05,0.336,2.4
25281,7.9762e-05,0.352,2.4
25282,7.9764e-05,0.344,2.4
25283,7.976600000000001e-05,0.344,2.4
25284,7.9768e-05,0.344,3.2
25285,7.977e-05,0.352,3.2
25286,7.977200000000001e-05,0.344,3.2
25287,7.9774e-05,0.344,3.2
25288,7.9776e-05,0.336,3.2
25289,7.977800000000001e-05,0.352,3.2
25290,7.978e-05,0.344,3.2
25291,7.9782e-05,0.344,4.0
25292,7.978400000000001e-05,0.336,4.0
25293,7.9786e-05,0.352,4.0
25294,7.9788e-05,0.344,4.0
25295,7.979000000000001e-05,0.344,4.8
25296,7.979200000000001e-05,0.344,4.0
25297,7.9794e-05,0.352,4.8
25298,7.9796e-05,0.344,4.8
25299,7.979800000000001e-05,0.344,4.8
25300,7.98e-05,0.336,4.8
25301,7.9802e-05,0.352,4.8
25302,7.980400000000001e-05,0.344,4.8
25303,7.9806e-05,0.336,5.6
25304,7.9808e-05,0.344,5.6
25305,7.981000000000001e-05,0.352,5.6
25306,7.9812e-05,0.344,5.6
25307,7.9814e-05,0.344,6.4
25308,7.981600000000001e-05,0.336,6.4
25309,7.9818e-05,0.352,6.4
25310,7.982e-05,0.336,7.2
25311,7.982200000000001e-05,0.344,7.2
25312,7.9824e-05,0.336,8.0
25313,7.9826e-05,0.344,8.8
25314,7.982800000000001e-05,0.336,8.8
25315,7.983e-05,0.336,9.6
25316,7.9832e-05,0.328,11.2
25317,7.983400000000001e-05,0.336,12.0
25318,7.9836e-05,0.328,13.6
25319,7.9838e-05,0.328,15.2
25320,7.984000000000001e-05,0.32,16.8
25321,7.9842e-05,0.328,18.4
25322,7.9844e-05,0.312,20.8
25323,7.984600000000001e-05,0.304,23.2
25324,7.9848e-05,0.296,27.2
25325,7.985e-05,0.296,30.4
25326,7.985200000000001e-05,0.28,33.6
25327,7.9854e-05,0.272,38.4
25328,7.9856e-05,0.256,41.6
25329,7.985800000000001e-05,0.24,45.6
25330,7.986000000000001e-05,0.192,50.4
25331,7.9862e-05,0.128,54.4
25332,7.9864e-05,0.048,57.6
25333,7.986600000000001e-05,0.0,61.6
25334,7.9868e-05,-0.056,65.6
25335,7.987e-05,-0.128,68.0
25336,7.987200000000001e-05,-0.2,71.2
25337,7.9874e-05,-0.256,74.4
25338,7.9876e-05,-0.32,76.8
25339,7.987800000000001e-05,-0.376,79.2
25340,7.988e-05,-0.432,80.0
25341,7.9882e-05,-0.496,82.4
25342,7.988400000000001e-05,-0.536,83.2
25343,7.9886e-05,-0.584,84.0
25344,7.9888e-05,-0.616,84.0
25345,7.989000000000001e-05,-0.656,83.2
25346,7.9892e-05,-0.688,82.4
25347,7.9894e-05,-0.704,80.8
25348,7.989600000000001e-05,-0.704,77.6
25349,7.9898e-05,-0.712,74.4
25350,7.99e-05,-0.688,69.6
25351,7.990200000000001e-05,-0.656,63.2
25352,7.9904e-05,-0.6,56.0
25353,7.9906e-05,-0.552,49.6
25354,7.990800000000001e-05,-0.488,42.4
25355,7.991e-05,-0.408,35.2
25356,7.9912e-05,-0.336,29.6
25357,7.991400000000001e-05,-0.24,24.0
25358,7.9916e-05,-0.168,19.2
25359,7.9918e-05,-0.08,16.8
25360,7.992000000000001e-05,-0.016,14.4
25361,7.9922e-05,0.056,11.2
25362,7.9924e-05,0.112,10.4
25363,7.992600000000001e-05,0.16,9.6
25364,7.992800000000001e-05,0.2,8.8
25365,7.993e-05,0.24,8.0
25366,7.9932e-05,0.264,8.0
25367,7.993400000000001e-05,0.288,8.0
25368,7.9936e-05,0.304,8.8
25369,7.9938e-05,0.328,9.6
25370,7.994000000000001e-05,0.32,10.4
25371,7.9942e-05,0.32,11.2
25372,7.9944e-05,0.312,13.6
25373,7.994600000000001e-05,0.32,16.0
25374,7.9948e-05,0.296,18.4
25375,7.995e-05,0.272,21.6
25376,7.995200000000001e-05,0.232,26.4
25377,7.9954e-05,0.2,30.4
25378,7.9956e-05,0.152,35.2
25379,7.995800000000001e-05,0.096,41.6
25380,7.996e-05,0.016,47.2
25381,7.9962e-05,-0.048,53.6
25382,7.996400000000001e-05,-0.128,57.6
25383,7.9966e-05,-0.2,62.4
25384,7.9968e-05,-0.264,65.6
25385,7.997000000000001e-05,-0.344,67.2
25386,7.9972e-05,-0.392,67.2
25387,7.9974e-05,-0.432,65.6
25388,7.997600000000001e-05,-0.456,63.2
25389,7.9978e-05,-0.472,59.2
25390,7.998e-05,-0.464,54.4
25391,7.998200000000001e-05,-0.44,49.6
25392,7.9984e-05,-0.4,43.2
25393,7.9986e-05,-0.36,38.4
25394,7.998800000000001e-05,-0.296,32.8
25395,7.999e-05,-0.24,28.0
25396,7.9992e-05,-0.176,24.0
25397,7.999400000000001e-05,-0.104,20.8
25398,7.999600000000001e-05,-0.048,17.6
25399,7.9998e-05,0.008,16.0
25400,8e-05,0.056,14.4
25401,8.000200000000001e-05,0.12,12.0
25402,8.0004e-05,0.152,11.2
25403,8.0006e-05,0.184,11.2
25404,8.000800000000001e-05,0.208,11.2
25405,8.001e-05,0.24,10.4
25406,8.0012e-05,0.256,11.2
25407,8.001400000000001e-05,0.272,11.2
25408,8.0016e-05,0.272,12.0
25409,8.0018e-05,0.288,14.4
25410,8.002000000000001e-05,0.28,15.2
25411,8.0022e-05,0.272,17.6
25412,8.0024e-05,0.24,20.0
25413,8.002600000000001e-05,0.24,22.4
25414,8.0028e-05,0.2,26.4
25415,8.003e-05,0.176,30.4
25416,8.003200000000001e-05,0.128,34.4
25417,8.0034e-05,0.096,39.2
25418,8.0036e-05,0.032,43.2
25419,8.003800000000001e-05,-0.024,47.2
25420,8.004e-05,-0.088,52.0
25421,8.0042e-05,-0.152,55.2
25422,8.004400000000001e-05,-0.208,57.6
25423,8.0046e-05,-0.256,59.2
25424,8.0048e-05,-0.296,59.2
25425,8.005000000000001e-05,-0.344,58.4
25426,8.0052e-05,-0.368,56.8
25427,8.0054e-05,-0.376,54.4
25428,8.005600000000001e-05,-0.376,51.2
25429,8.0058e-05,-0.368,46.4
25430,8.006e-05,-0.344,42.4
25431,8.006200000000001e-05,-0.312,38.4
25432,8.006400000000001e-05,-0.256,33.6
25433,8.0066e-05,-0.216,30.4
25434,8.0068e-05,-0.168,26.4
25435,8.007000000000001e-05,-0.104,23.2
25436,8.0072e-05,-0.056,20.8
25437,8.0074e-05,-0.008,18.4
25438,8.007600000000001e-05,0.032,16.8
25439,8.0078e-05,0.08,16.0
25440,8.008e-05,0.112,15.2
25441,8.008200000000001e-05,0.152,14.4
25442,8.0084e-05,0.168,14.4
25443,8.0086e-05,0.2,14.4
25444,8.008800000000001e-05,0.208,14.4
25445,8.009e-05,0.232,15.2
25446,8.0092e-05,0.224,15.2
25447,8.009400000000001e-05,0.232,16.8
25448,8.0096e-05,0.224,18.4
25449,8.0098e-05,0.232,20.0
25450,8.010000000000001e-05,0.208,21.6
25451,8.0102e-05,0.192,24.0
25452,8.0104e-05,0.16,28.0
25453,8.010600000000001e-05,0.144,30.4
25454,8.0108e-05,0.104,33.6
25455,8.011e-05,0.072,38.4
25456,8.011200000000001e-05,0.016,41.6
25457,8.0114e-05,-0.024,44.8
25458,8.0116e-05,-0.072,48.0
25459,8.011800000000001e-05,-0.128,50.4
25460,8.012e-05,-0.176,52.8
25461,8.0122e-05,-0.216,53.6
25462,8.012400000000001e-05,-0.248,53.6
25463,8.0126e-05,-0.272,53.6
25464,8.0128e-05,-0.296,52.0
25465,8.013000000000001e-05,-0.312,50.4
25466,8.013200000000001e-05,-0.312,47.2
25467,8.0134e-05,-0.296,44.0
25468,8.0136e-05,-0.272,40.8
25469,8.013800000000001e-05,-0.248,37.6
25470,8.014e-05,-0.216,33.6
25471,8.0142e-05,-0.176,30.4
25472,8.014400000000001e-05,-0.144,28.0
25473,8.0146e-05,-0.088,25.6
25474,8.0148e-05,-0.048,22.4
25475,8.015000000000001e-05,-0.016,20.8
25476,8.0152e-05,0.024,19.2
25477,8.0154e-05,0.072,18.4
25478,8.015600000000001e-05,0.096,17.6
25479,8.0158e-05,0.12,16.8
25480,8.016e-05,0.136,16.8
25481,8.016200000000001e-05,0.168,16.8
25482,8.0164e-05,0.176,16.8
25483,8.0166e-05,0.184,17.6
25484,8.016800000000001e-05,0.184,18.4
25485,8.017e-05,0.2,19.2
25486,8.0172e-05,0.184,20.0
25487,8.017400000000001e-05,0.176,21.6
25488,8.0176e-05,0.168,24.0
25489,8.0178e-05,0.16,27.2
25490,8.018000000000001e-05,0.128,29.6
25491,8.0182e-05,0.104,32.0
25492,8.0184e-05,0.072,34.4
25493,8.018600000000001e-05,0.04,37.6
25494,8.0188e-05,0.0,40.8
25495,8.019e-05,-0.04,43.2
25496,8.019200000000001e-05,-0.08,44.8
25497,8.0194e-05,-0.112,47.2
25498,8.0196e-05,-0.152,48.0
25499,8.019800000000001e-05,-0.184,49.6
25500,8.020000000000001e-05,-0.208,49.6
25501,8.0202e-05,-0.232,48.0
25502,8.0204e-05,-0.248,47.2
25503,8.020600000000001e-05,-0.248,45.6
25504,8.0208e-05,-0.248,43.2
25505,8.021e-05,-0.232,40.8
25506,8.021200000000001e-05,-0.224,38.4
25507,8.0214e-05,-0.2,35.2
25508,8.0216e-05,-0.176,32.8
25509,8.021800000000001e-05,-0.144,30.4
25510,8.022e-05,-0.104,28.0
25511,8.0222e-05,-0.072,26.4
25512,8.022400000000001e-05,-0.04,24.0
25513,8.0226e-05,0.0,22.4
25514,8.0228e-05,0.024,20.8
25515,8.023000000000001e-05,0.048,20.0
25516,8.0232e-05,0.08,19.2
25517,8.0234e-05,0.112,19.2
25518,8.023600000000001e-05,0.12,18.4
25519,8.0238e-05,0.144,19.2
25520,8.024e-05,0.144,19.2
25521,8.024200000000001e-05,0.168,20.0
25522,8.0244e-05,0.16,20.0
25523,8.0246e-05,0.16,21.6
25524,8.024800000000001e-05,0.152,22.4
25525,8.025e-05,0.152,24.0
25526,8.0252e-05,0.136,26.4
25527,8.025400000000001e-05,0.12,28.8
25528,8.0256e-05,0.096,30.4
25529,8.0258e-05,0.08,32.8
25530,8.026000000000001e-05,0.04,35.2
25531,8.0262e-05,0.016,37.6
25532,8.0264e-05,-0.016,40.0
25533,8.026600000000001e-05,-0.04,41.6
25534,8.026800000000001e-05,-0.08,43.2
25535,8.027e-05,-0.104,44.0
25536,8.0272e-05,-0.136,44.8
25537,8.027400000000001e-05,-0.16,45.6
25538,8.0276e-05,-0.176,45.6
25539,8.0278e-05,-0.192,44.8
25540,8.028000000000001e-05,-0.2,44.0
25541,8.0282e-05,-0.2,42.4
25542,8.0284e-05,-0.2,40.8
25543,8.028600000000001e-05,-0.192,38.4
25544,8.0288e-05,-0.176,36.0
25545,8.029e-05,-0.152,33.6
25546,8.029200000000001e-05,-0.136,32.0
25547,8.0294e-05,-0.104,29.6
25548,8.0296e-05,-0.08,28.0
25549,8.029800000000001e-05,-0.048,26.4
25550,8.03e-05,-0.024,24.0
25551,8.0302e-05,0.0,23.2
25552,8.030400000000001e-05,0.024,22.4
25553,8.0306e-05,0.056,21.6
25554,8.0308e-05,0.08,20.8
25555,8.031000000000001e-05,0.096,20.8
25556,8.0312e-05,0.104,20.8
25557,8.0314e-05,0.128,20.8
25558,8.031600000000001e-05,0.128,20.8
25559,8.0318e-05,0.128,21.6
25560,8.032e-05,0.128,22.4
25561,8.032200000000001e-05,0.136,23.2
25562,8.0324e-05,0.12,25.6
25563,8.0326e-05,0.12,26.4
25564,8.032800000000001e-05,0.104,28.0
25565,8.033e-05,0.096,29.6
25566,8.0332e-05,0.072,31.2
25567,8.033400000000001e-05,0.04,33.6
25568,8.033600000000001e-05,0.016,35.2
25569,8.0338e-05,0.0,37.6
25570,8.034e-05,-0.032,39.2
25571,8.034200000000001e-05,-0.056,40.0
25572,8.0344e-05,-0.08,41.6
25573,8.0346e-05,-0.096,42.4
25574,8.034800000000001e-05,-0.128,42.4
25575,8.035e-05,-0.144,42.4
25576,8.0352e-05,-0.152,42.4
25577,8.035400000000001e-05,-0.16,41.6
25578,8.0356e-05,-0.168,40.8
25579,8.0358e-05,-0.168,39.2
25580,8.036000000000001e-05,-0.16,38.4
25581,8.0362e-05,-0.152,36.0
25582,8.0364e-05,-0.136,34.4
25583,8.036600000000001e-05,-0.112,32.8
25584,8.0368e-05,-0.096,31.2
25585,8.037e-05,-0.072,29.6
25586,8.037200000000001e-05,-0.056,28.0
25587,8.0374e-05,-0.032,27.2
25588,8.0376e-05,-0.016,25.6
25589,8.037800000000001e-05,0.016,24.0
25590,8.038e-05,0.024,23.2
25591,8.0382e-05,0.048,23.2
25592,8.038400000000001e-05,0.056,22.4
25593,8.0386e-05,0.088,22.4
25594,8.0388e-05,0.088,22.4
25595,8.039000000000001e-05,0.104,22.4
25596,8.0392e-05,0.104,23.2
25597,8.0394e-05,0.112,24.0
25598,8.039600000000001e-05,0.104,24.0
25599,8.0398e-05,0.104,26.4
25600,8.04e-05,0.096,27.2
25601,8.040200000000001e-05,0.096,28.0
25602,8.040400000000001e-05,0.072,29.6
25603,8.0406e-05,0.056,31.2
25604,8.0408e-05,0.04,32.8
25605,8.041000000000001e-05,0.024,33.6
25606,8.0412e-05,0.0,35.2
25607,8.0414e-05,-0.016,37.6
25608,8.041600000000001e-05,-0.04,38.4
25609,8.0418e-05,-0.056,39.2
25610,8.042e-05,-0.08,40.0
25611,8.042200000000001e-05,-0.096,40.8
25612,8.0424e-05,-0.112,40.8
25613,8.0426e-05,-0.112,40.8
25614,8.042800000000001e-05,-0.136,40.0
25615,8.043e-05,-0.136,39.2
25616,8.0432e-05,-0.144,38.4
25617,8.043400000000001e-05,-0.136,37.6
25618,8.0436e-05,-0.128,35.2
25619,8.0438e-05,-0.112,34.4
25620,8.044000000000001e-05,-0.104,32.8
25621,8.0442e-05,-0.088,32.0
25622,8.0444e-05,-0.072,30.4
25623,8.044600000000001e-05,-0.056,29.6
25624,8.0448e-05,-0.04,28.0
25625,8.045e-05,-0.016,27.2
25626,8.045200000000001e-05,0.0,26.4
25627,8.0454e-05,0.008,25.6
25628,8.0456e-05,0.024,24.0
25629,8.045800000000001e-05,0.048,24.0
25630,8.046e-05,0.048,24.0
25631,8.0462e-05,0.072,24.0
25632,8.046400000000001e-05,0.072,24.0
25633,8.0466e-05,0.088,24.0
25634,8.0468e-05,0.088,25.6
25635,8.047000000000001e-05,0.088,25.6
25636,8.047200000000001e-05,0.08,26.4
25637,8.0474e-05,0.088,27.2
25638,8.0476e-05,0.072,28.8
25639,8.047800000000001e-05,0.056,29.6
25640,8.048e-05,0.04,30.4
25641,8.0482e-05,0.04,32.0
25642,8.048400000000001e-05,0.016,32.8
25643,8.0486e-05,0.008,34.4
25644,8.0488e-05,-0.016,35.2
25645,8.049000000000001e-05,-0.024,36.0
25646,8.0492e-05,-0.048,37.6
25647,8.0494e-05,-0.056,38.4
25648,8.049600000000001e-05,-0.072,38.4
25649,8.0498e-05,-0.08,39.2
25650,8.05e-05,-0.096,39.2
25651,8.050200000000001e-05,-0.104,38.4
25652,8.0504e-05,-0.112,38.4
25653,8.0506e-05,-0.104,37.6
25654,8.050800000000001e-05,-0.112,36.0
25655,8.051e-05,-0.104,35.2
25656,8.0512e-05,-0.096,34.4
25657,8.051400000000001e-05,-0.088,32.8
25658,8.0516e-05,-0.08,32.0
25659,8.0518e-05,-0.064,31.2
25660,8.052000000000001e-05,-0.056,30.4
25661,8.0522e-05,-0.032,28.8
25662,8.0524e-05,-0.024,28.0
25663,8.052600000000001e-05,-0.008,27.2
25664,8.0528e-05,0.0,27.2
25665,8.053e-05,0.024,26.4
25666,8.053200000000001e-05,0.024,25.6
25667,8.0534e-05,0.04,25.6
25668,8.0536e-05,0.04,25.6
25669,8.053800000000001e-05,0.072,25.6
25670,8.054000000000001e-05,0.056,25.6
25671,8.0542e-05,0.072,26.4
25672,8.0544e-05,0.072,26.4
25673,8.054600000000001e-05,0.072,27.2
25674,8.0548e-05,0.056,28.0
25675,8.055e-05,0.056,28.8
25676,8.055200000000001e-05,0.048,29.6
25677,8.0554e-05,0.04,30.4
25678,8.0556e-05,0.032,31.2
25679,8.055800000000001e-05,0.016,32.0
25680,8.056e-05,0.008,33.6
25681,8.0562e-05,0.0,34.4
25682,8.056400000000001e-05,-0.024,35.2
25683,8.0566e-05,-0.032,35.2
25684,8.0568e-05,-0.048,36.0
25685,8.057000000000001e-05,-0.056,37.6
25686,8.0572e-05,-0.064,37.6
25687,8.0574e-05,-0.08,37.6
25688,8.057600000000001e-05,-0.08,37.6
25689,8.0578e-05,-0.08,37.6
25690,8.058e-05,-0.088,36.0
25691,8.058200000000001e-05,-0.088,35.2
25692,8.0584e-05,-0.088,34.4
25693,8.0586e-05,-0.08,33.6
25694,8.058800000000001e-05,-0.08,32.8
25695,8.059e-05,-0.072,32.0
25696,8.0592e-05,-0.056,31.2
25697,8.059400000000001e-05,-0.048,30.4
25698,8.0596e-05,-0.04,29.6
25699,8.0598e-05,-0.024,28.8
25700,8.060000000000001e-05,-0.016,28.8
25701,8.0602e-05,0.0,28.0
25702,8.0604e-05,0.008,27.2
25703,8.060600000000001e-05,0.016,27.2
25704,8.060800000000001e-05,0.024,26.4
25705,8.061e-05,0.04,26.4
25706,8.061200000000001e-05,0.04,26.4
25707,8.061400000000001e-05,0.048,26.4
25708,8.0616e-05,0.048,27.2
25709,8.0618e-05,0.056,27.2
25710,8.062000000000001e-05,0.048,28.0
25711,8.0622e-05,0.048,28.0
25712,8.0624e-05,0.04,28.8
25713,8.062600000000001e-05,0.048,29.6
25714,8.0628e-05,0.032,30.4
25715,8.063e-05,0.024,31.2
25716,8.063200000000001e-05,0.016,32.0
25717,8.0634e-05,0.008,32.8
25718,8.0636e-05,0.0,33.6
25719,8.063800000000001e-05,-0.016,33.6
25720,8.064e-05,-0.024,34.4
25721,8.0642e-05,-0.032,35.2
25722,8.064400000000001e-05,-0.048,35.2
25723,8.0646e-05,-0.056,35.2
25724,8.0648e-05,-0.064,36.0
25725,8.065000000000001e-05,-0.064,36.0
25726,8.0652e-05,-0.072,35.2
25727,8.0654e-05,-0.072,35.2
25728,8.065600000000001e-05,-0.072,35.2
25729,8.0658e-05,-0.072,34.4
25730,8.066e-05,-0.072,33.6
25731,8.066200000000001e-05,-0.064,32.8
25732,8.0664e-05,-0.064,32.8
25733,8.0666e-05,-0.048,32.0
25734,8.066800000000001e-05,-0.048,31.2
25735,8.067e-05,-0.032,30.4
25736,8.0672e-05,-0.032,29.6
25737,8.067400000000001e-05,-0.016,28.8
25738,8.067600000000001e-05,-0.008,28.8
25739,8.0678e-05,0.0,28.0
25740,8.068000000000001e-05,0.008,28.0
25741,8.068200000000001e-05,0.024,28.0
25742,8.0684e-05,0.024,27.2
25743,8.0686e-05,0.032,27.2
25744,8.068800000000001e-05,0.032,27.2
25745,8.069e-05,0.04,28.0
25746,8.0692e-05,0.04,28.0
25747,8.069400000000001e-05,0.04,28.0
25748,8.0696e-05,0.04,28.8
25749,8.0698e-05,0.04,28.8
25750,8.070000000000001e-05,0.032,29.6
25751,8.0702e-05,0.032,30.4
25752,8.0704e-05,0.016,31.2
25753,8.070600000000001e-05,0.016,31.2
25754,8.0708e-05,0.008,32.0
25755,8.071e-05,0.0,32.8
25756,8.071200000000001e-05,-0.008,33.6
25757,8.0714e-05,-0.016,33.6
25758,8.0716e-05,-0.032,34.4
25759,8.071800000000001e-05,-0.032,34.4
25760,8.072e-05,-0.04,34.4
25761,8.0722e-05,-0.048,35.2
25762,8.072400000000001e-05,-0.056,35.2
25763,8.0726e-05,-0.064,34.4
25764,8.0728e-05,-0.064,34.4
25765,8.073000000000001e-05,-0.064,34.4
25766,8.0732e-05,-0.064,33.6
25767,8.0734e-05,-0.064,33.6
25768,8.073600000000001e-05,-0.056,32.8
25769,8.0738e-05,-0.048,32.0
25770,8.074e-05,-0.048,32.0
25771,8.074200000000001e-05,-0.04,31.2
25772,8.074400000000001e-05,-0.04,30.4
25773,8.0746e-05,-0.024,30.4
25774,8.074800000000001e-05,-0.024,29.6
25775,8.075000000000001e-05,-0.016,29.6
25776,8.0752e-05,-0.008,28.8
25777,8.0754e-05,0.008,28.8
25778,8.075600000000001e-05,0.008,28.0
25779,8.0758e-05,0.016,28.0
25780,8.076e-05,0.016,28.0
25781,8.076200000000001e-05,0.032,28.0
25782,8.0764e-05,0.024,28.0
25783,8.0766e-05,0.024,28.8
25784,8.076800000000001e-05,0.024,28.8
25785,8.077e-05,0.032,28.8
25786,8.0772e-05,0.024,29.6
25787,8.077400000000001e-05,0.024,29.6
25788,8.0776e-05,0.016,30.4
25789,8.0778e-05,0.016,31.2
25790,8.078000000000001e-05,0.008,31.2
25791,8.0782e-05,0.008,32.0
25792,8.0784e-05,0.0,32.0
25793,8.078600000000001e-05,0.0,32.8
25794,8.0788e-05,-0.016,32.8
25795,8.079e-05,-0.024,33.6
25796,8.079200000000001e-05,-0.032,33.6
25797,8.0794e-05,-0.032,34.4
25798,8.0796e-05,-0.04,34.4
25799,8.079800000000001e-05,-0.048,34.4
25800,8.08e-05,-0.048,34.4
25801,8.0802e-05,-0.048,33.6
25802,8.080400000000001e-05,-0.056,33.6
25803,8.0806e-05,-0.056,33.6
25804,8.0808e-05,-0.056,32.8
25805,8.081000000000001e-05,-0.048,32.8
25806,8.0812e-05,-0.048,32.0
25807,8.0814e-05,-0.048,32.0
25808,8.081600000000001e-05,-0.04,31.2
25809,8.081800000000001e-05,-0.032,31.2
25810,8.082e-05,-0.024,30.4
25811,8.0822e-05,-0.024,30.4
25812,8.082400000000001e-05,-0.016,29.6
25813,8.0826e-05,-0.008,29.6
25814,8.0828e-05,0.0,28.8
25815,8.083000000000001e-05,0.0,28.8
25816,8.0832e-05,0.008,28.8
25817,8.0834e-05,0.016,28.8
25818,8.083600000000001e-05,0.016,28.8
25819,8.0838e-05,0.024,28.8
25820,8.084e-05,0.016,28.8
25821,8.084200000000001e-05,0.024,28.8
25822,8.0844e-05,0.016,29.6
25823,8.0846e-05,0.024,29.6
25824,8.084800000000001e-05,0.016,29.6
25825,8.085e-05,0.024,30.4
25826,8.0852e-05,0.016,30.4
25827,8.085400000000001e-05,0.008,31.2
25828,8.0856e-05,0.0,32.0
25829,8.0858e-05,0.0,32.0
25830,8.086000000000001e-05,-0.008,32.0
25831,8.0862e-05,-0.008,32.8
25832,8.0864e-05,-0.016,32.8
25833,8.086600000000001e-05,-0.016,33.6
25834,8.0868e-05,-0.032,33.6
25835,8.087e-05,-0.032,33.6
25836,8.087200000000001e-05,-0.04,33.6
25837,8.0874e-05,-0.04,33.6
25838,8.0876e-05,-0.048,33.6
25839,8.087800000000001e-05,-0.048,33.6
25840,8.088e-05,-0.048,32.8
25841,8.0882e-05,-0.04,32.8
25842,8.088400000000001e-05,-0.048,32.8
25843,8.088600000000001e-05,-0.04,32.0
25844,8.0888e-05,-0.04,32.0
25845,8.089e-05,-0.032,31.2
25846,8.089200000000001e-05,-0.032,31.2
25847,8.0894e-05,-0.024,30.4
25848,8.0896e-05,-0.024,30.4
25849,8.089800000000001e-05,-0.008,30.4
25850,8.09e-05,-0.008,29.6
25851,8.0902e-05,-0.008,29.6
25852,8.090400000000001e-05,0.0,29.6
25853,8.0906e-05,0.008,29.6
25854,8.0908e-05,0.008,28.8
25855,8.091000000000001e-05,0.008,28.8
25856,8.0912e-05,0.016,29.6
25857,8.0914e-05,0.016,29.6
25858,8.091600000000001e-05,0.016,29.6
25859,8.0918e-05,0.016,29.6
25860,8.092e-05,0.016,29.6
25861,8.092200000000001e-05,0.016,30.4
25862,8.0924e-05,0.008,30.4
25863,8.0926e-05,0.008,30.4
25864,8.092800000000001e-05,0.008,31.2
25865,8.093e-05,0.008,31.2
25866,8.0932e-05,0.0,32.0
25867,8.093400000000001e-05,-0.008,32.0
25868,8.0936e-05,-0.016,32.0
25869,8.0938e-05,-0.016,32.8
25870,8.094000000000001e-05,-0.024,32.8
25871,8.0942e-05,-0.024,32.8
25872,8.0944e-05,-0.032,32.8
25873,8.094600000000001e-05,-0.024,32.8
25874,8.0948e-05,-0.032,32.8
25875,8.095e-05,-0.04,32.8
25876,8.095200000000001e-05,-0.04,32.8
25877,8.095400000000001e-05,-0.04,32.8
25878,8.0956e-05,-0.04,32.8
25879,8.0958e-05,-0.04,32.8
25880,8.096000000000001e-05,-0.04,32.0
25881,8.0962e-05,-0.032,32.0
25882,8.0964e-05,-0.032,31.2
25883,8.096600000000001e-05,-0.024,31.2
25884,8.0968e-05,-0.024,31.2
25885,8.097e-05,-0.016,30.4
25886,8.097200000000001e-05,-0.016,30.4
25887,8.0974e-05,-0.016,30.4
25888,8.0976e-05,-0.008,29.6
25889,8.097800000000001e-05,0.0,29.6
25890,8.098e-05,0.0,29.6
25891,8.0982e-05,0.008,29.6
25892,8.098400000000001e-05,0.0,29.6
25893,8.0986e-05,0.016,29.6
25894,8.0988e-05,0.008,29.6
25895,8.099000000000001e-05,0.008,29.6
25896,8.0992e-05,0.008,29.6
25897,8.0994e-05,0.016,30.4
25898,8.099600000000001e-05,0.008,30.4
25899,8.0998e-05,0.008,30.4
25900,8.1e-05,0.008,30.4
25901,8.100200000000001e-05,0.008,31.2
25902,8.1004e-05,0.0,31.2
25903,8.1006e-05,-0.008,32.0
25904,8.100800000000001e-05,-0.008,32.0
25905,8.101e-05,-0.008,32.0
25906,8.1012e-05,-0.016,32.0
25907,8.101400000000001e-05,-0.016,32.8
25908,8.1016e-05,-0.024,32.8
25909,8.1018e-05,-0.016,32.8
25910,8.102000000000001e-05,-0.032,32.8
25911,8.102200000000001e-05,-0.024,32.8
25912,8.1024e-05,-0.032,32.8
25913,8.1026e-05,-0.032,32.8
25914,8.102800000000001e-05,-0.032,32.8
25915,8.103e-05,-0.032,32.8
25916,8.1032e-05,-0.032,32.0
25917,8.103400000000001e-05,-0.032,32.0
25918,8.1036e-05,-0.032,32.0
25919,8.1038e-05,-0.024,32.0
25920,8.104000000000001e-05,-0.032,31.2
25921,8.1042e-05,-0.016,31.2
25922,8.1044e-05,-0.024,31.2
25923,8.104600000000001e-05,-0.016,30.4
25924,8.1048e-05,-0.016,30.4
25925,8.105e-05,-0.008,30.4
25926,8.105200000000001e-05,-0.008,29.6
25927,8.1054e-05,0.0,29.6
25928,8.1056e-05,0.0,29.6
25929,8.105800000000001e-05,0.008,29.6
25930,8.106e-05,0.0,29.6
25931,8.1062e-05,0.008,29.6
25932,8.106400000000001e-05,0.0,30.4
25933,8.1066e-05,0.008,30.4
25934,8.1068e-05,0.008,30.4
25935,8.107000000000001e-05,0.008,30.4
25936,8.1072e-05,0.0,30.4
25937,8.1074e-05,0.008,30.4
25938,8.107600000000001e-05,0.0,31.2
25939,8.1078e-05,0.0,31.2
25940,8.108e-05,-0.008,31.2
25941,8.108200000000001e-05,0.0,32.0
25942,8.1084e-05,-0.008,32.0
25943,8.1086e-05,-0.008,32.0
25944,8.108800000000001e-05,-0.016,32.0
25945,8.109000000000001e-05,-0.016,32.0
25946,8.1092e-05,-0.024,32.0
25947,8.1094e-05,-0.024,32.8
25948,8.109600000000001e-05,-0.024,32.8
25949,8.1098e-05,-0.024,32.8
25950,8.11e-05,-0.032,32.8
25951,8.110200000000001e-05,-0.032,32.8
25952,8.1104e-05,-0.032,32.0
25953,8.1106e-05,-0.024,32.0
25954,8.110800000000001e-05,-0.032,32.0
25955,8.111e-05,-0.024,32.0
25956,8.1112e-05,-0.024,31.2
25957,8.111400000000001e-05,-0.016,31.2
25958,8.1116e-05,-0.024,31.2
25959,8.1118e-05,-0.016,31.2
25960,8.112000000000001e-05,-0.016,31.2
25961,8.1122e-05,-0.008,30.4
25962,8.1124e-05,-0.008,30.4
25963,8.112600000000001e-05,-0.008,30.4
25964,8.1128e-05,-0.008,30.4
25965,8.113e-05,0.0,30.4
25966,8.113200000000001e-05,0.0,30.4
25967,8.1134e-05,0.0,30.4
25968,8.1136e-05,0.0,30.4
25969,8.113800000000001e-05,0.008,30.4
25970,8.114e-05,0.0,30.4
25971,8.1142e-05,0.008,30.4
25972,8.114400000000001e-05,0.0,30.4
25973,8.1146e-05,0.008,30.4
25974,8.1148e-05,0.0,30.4
25975,8.115000000000001e-05,0.0,31.2
25976,8.1152e-05,0.0,31.2
25977,8.1154e-05,0.0,31.2
25978,8.115600000000001e-05,-0.008,31.2
25979,8.115800000000001e-05,-0.008,32.0
25980,8.116e-05,-0.016,32.0
25981,8.1162e-05,-0.008,32.0
25982,8.116400000000001e-05,-0.016,32.0
25983,8.1166e-05,-0.016,32.0
25984,8.1168e-05,-0.024,32.0
25985,8.117000000000001e-05,-0.016,32.0
25986,8.1172e-05,-0.024,32.0
25987,8.1174e-05,-0.024,32.0
25988,8.117600000000001e-05,-0.024,32.0
25989,8.1178e-05,-0.024,32.0
25990,8.118e-05,-0.032,32.0
25991,8.118200000000001e-05,-0.024,32.0
25992,8.1184e-05,-0.024,32.0
25993,8.1186e-05,-0.016,32.0
25994,8.118800000000001e-05,-0.024,31.2
25995,8.119e-05,-0.016,31.2
25996,8.1192e-05,-0.016,31.2
25997,8.119400000000001e-05,-0.016,31.2
25998,8.1196e-05,-0.016,31.2
25999,8.1198e-05,-0.008,30.4
26000,8.120000000000001e-05,-0.008,30.4
26001,8.1202e-05,0.0,30.4
26002,8.1204e-05,-0.008,30.4
26003,8.120600000000001e-05,0.0,30.4
26004,8.1208e-05,0.0,30.4
26005,8.121e-05,0.0,30.4
26006,8.121200000000001e-05,0.0,30.4
26007,8.1214e-05,0.0,30.4
26008,8.1216e-05,0.0,30.4
26009,8.121800000000001e-05,0.008,30.4
26010,8.122e-05,0.0,30.4
26011,8.1222e-05,0.0,31.2
26012,8.122400000000001e-05,0.0,31.2
26013,8.122600000000001e-05,0.0,31.2
26014,8.1228e-05,0.0,31.2
26015,8.123e-05,-0.008,31.2
26016,8.123200000000001e-05,-0.008,31.2
26017,8.1234e-05,-0.008,32.0
26018,8.1236e-05,-0.016,32.0
26019,8.123800000000001e-05,-0.016,32.0
26020,8.124e-05,-0.016,32.0
26021,8.1242e-05,-0.008,32.0
26022,8.124400000000001e-05,-0.024,32.0
26023,8.1246e-05,-0.016,32.0
26024,8.1248e-05,-0.024,32.0
26025,8.125000000000001e-05,-0.016,32.0
26026,8.1252e-05,-0.024,32.0
26027,8.1254e-05,-0.024,32.0
26028,8.125600000000001e-05,-0.024,32.0
26029,8.1258e-05,-0.016,32.0
26030,8.126e-05,-0.024,32.0
26031,8.126200000000001e-05,-0.016,31.2
26032,8.1264e-05,-0.024,31.2
26033,8.1266e-05,-0.016,31.2
26034,8.126800000000001e-05,-0.016,31.2
26035,8.127e-05,-0.016,31.2
26036,8.1272e-05,-0.016,31.2
26037,8.127400000000001e-05,-0.008,30.4
26038,8.1276e-05,-0.008,30.4
26039,8.1278e-05,-0.008,30.4
26040,8.128000000000001e-05,-0.008,30.4
26041,8.1282e-05,0.0,30.4
26042,8.1284e-05,0.0,30.4
26043,8.128600000000001e-05,0.0,30.4
26044,8.1288e-05,0.0,30.4
26045,8.129e-05,0.0,30.4
26046,8.129200000000001e-05,0.0,30.4
26047,8.129400000000001e-05,0.0,30.4
26048,8.1296e-05,0.0,31.2
26049,8.1298e-05,0.0,31.2
26050,8.130000000000001e-05,0.0,31.2
26051,8.1302e-05,0.0,31.2
26052,8.1304e-05,-0.008,31.2
26053,8.130600000000001e-05,0.0,31.2
26054,8.1308e-05,-0.008,31.2
26055,8.131e-05,-0.008,32.0
26056,8.131200000000001e-05,-0.016,32.0
26057,8.1314e-05,-0.008,32.0
26058,8.1316e-05,-0.016,32.0
26059,8.131800000000001e-05,-0.016,32.0
26060,8.132e-05,-0.024,32.0
26061,8.1322e-05,-0.016,32.0
26062,8.132400000000001e-05,-0.024,32.0
26063,8.1326e-05,-0.024,32.0
26064,8.1328e-05,-0.024,32.0
26065,8.133000000000001e-05,-0.016,32.0
26066,8.1332e-05,-0.024,32.0
26067,8.1334e-05,-0.016,31.2
26068,8.133600000000001e-05,-0.024,31.2
26069,8.1338e-05,-0.016,31.2
26070,8.134e-05,-0.016,31.2
26071,8.134200000000001e-05,-0.016,31.2
26072,8.1344e-05,-0.016,31.2
26073,8.1346e-05,-0.008,31.2
26074,8.134800000000001e-05,-0.008,31.2
26075,8.135e-05,-0.008,30.4
26076,8.1352e-05,-0.008,30.4
26077,8.135400000000001e-05,0.0,30.4
26078,8.1356e-05,-0.008,30.4
26079,8.1358e-05,0.0,30.4
26080,8.136000000000001e-05,-0.008,30.4
26081,8.136200000000001e-05,0.0,30.4
26082,8.1364e-05,-0.008,30.4
26083,8.1366e-05,0.0,31.2
26084,8.136800000000001e-05,0.0,31.2
26085,8.137e-05,0.0,31.2
26086,8.1372e-05,-0.008,31.2
26087,8.137400000000001e-05,0.0,31.2
26088,8.1376e-05,-0.008,31.2
26089,8.1378e-05,0.0,31.2
26090,8.138000000000001e-05,-0.008,31.2
26091,8.1382e-05,-0.008,31.2
26092,8.1384e-05,-0.008,32.0
26093,8.138600000000001e-05,-0.008,32.0
26094,8.1388e-05,-0.016,32.0
26095,8.139e-05,-0.016,32.0
26096,8.139200000000001e-05,-0.016,32.0
26097,8.1394e-05,-0.016,32.0
26098,8.1396e-05,-0.016,32.0
26099,8.139800000000001e-05,-0.016,32.0
26100,8.14e-05,-0.024,32.0
26101,8.1402e-05,-0.016,32.0
26102,8.140400000000001e-05,-0.016,32.0
26103,8.1406e-05,-0.024,32.0
26104,8.1408e-05,-0.016,31.2
26105,8.141000000000001e-05,-0.016,31.2
26106,8.1412e-05,-0.016,31.2
26107,8.1414e-05,-0.016,31.2
26108,8.141600000000001e-05,-0.016,31.2
26109,8.1418e-05,-0.008,31.2
26110,8.142e-05,-0.016,31.2
26111,8.142200000000001e-05,-0.008,31.2
26112,8.1424e-05,-0.008,30.4
26113,8.1426e-05,0.0,31.2
26114,8.142800000000001e-05,-0.008,30.4
26115,8.143000000000001e-05,-0.008,30.4
26116,8.1432e-05,-0.008,30.4
26117,8.1434e-05,0.0,30.4
26118,8.143600000000001e-05,-0.008,30.4
26119,8.1438e-05,-0.008,31.2
26120,8.144e-05,-0.008,31.2
26121,8.144200000000001e-05,0.0,31.2
26122,8.1444e-05,-0.008,31.2
26123,8.1446e-05,0.0,31.2
26124,8.144800000000001e-05,-0.008,31.2
26125,8.145e-05,0.0,31.2
26126,8.1452e-05,-0.008,31.2
26127,8.145400000000001e-05,-0.008,31.2
26128,8.1456e-05,-0.008,31.2
26129,8.1458e-05,-0.008,31.2
26130,8.146000000000001e-05,-0.008,31.2
26131,8.1462e-05,-0.008,31.2
26132,8.1464e-05,-0.016,32.0
26133,8.146600000000001e-05,-0.008,32.0
26134,8.1468e-05,-0.016,32.0
26135,8.147e-05,-0.016,32.0
26136,8.147200000000001e-05,-0.016,32.0
26137,8.1474e-05,-0.016,32.0
26138,8.1476e-05,-0.016,32.0
26139,8.147800000000001e-05,-0.016,31.2
26140,8.148e-05,-0.016,31.2
26141,8.1482e-05,-0.016,31.2
26142,8.148400000000001e-05,-0.016,31.2
26143,8.1486e-05,-0.016,31.2
26144,8.1488e-05,-0.016,31.2
26145,8.149000000000001e-05,-0.008,31.2
26146,8.1492e-05,-0.016,31.2
26147,8.1494e-05,-0.016,31.2
26148,8.149600000000001e-05,-0.016,31.2
26149,8.149800000000001e-05,-0.008,31.2
26150,8.15e-05,-0.008,31.2
26151,8.1502e-05,0.0,31.2
26152,8.150400000000001e-05,-0.008,31.2
26153,8.1506e-05,0.0,31.2
26154,8.1508e-05,-0.008,30.4
26155,8.151000000000001e-05,-0.008,31.2
26156,8.1512e-05,-0.008,31.2
26157,8.1514e-05,0.0,31.2
26158,8.151600000000001e-05,-0.008,31.2
26159,8.1518e-05,-0.008,31.2
26160,8.152e-05,-0.008,31.2
26161,8.152200000000001e-05,0.0,31.2
26162,8.1524e-05,-0.008,31.2
26163,8.1526e-05,-0.008,31.2
26164,8.152800000000001e-05,-0.008,31.2
26165,8.153e-05,0.0,31.2
26166,8.1532e-05,-0.008,31.2
26167,8.153400000000001e-05,-0.008,31.2
26168,8.1536e-05,-0.016,31.2
26169,8.1538e-05,-0.008,31.2
26170,8.154000000000001e-05,-0.016,31.2
26171,8.1542e-05,-0.016,31.2
26172,8.1544e-05,-0.016,32.0
26173,8.154600000000001e-05,-0.008,31.2
26174,8.1548e-05,-0.016,32.0
26175,8.155e-05,-0.016,32.0
26176,8.155200000000001e-05,-0.016,32.0
26177,8.1554e-05,-0.016,31.2
26178,8.1556e-05,-0.016,31.2
26179,8.155800000000001e-05,-0.016,31.2
26180,8.156e-05,-0.016,31.2
26181,8.1562e-05,-0.008,31.2
26182,8.156400000000001e-05,-0.016,31.2
26183,8.156600000000001e-05,-0.016,31.2
26184,8.1568e-05,-0.016,31.2
26185,8.157e-05,-0.008,31.2
26186,8.157200000000001e-05,-0.008,31.2
26187,8.1574e-05,-0.008,31.2
26188,8.1576e-05,-0.008,31.2
26189,8.157800000000001e-05,-0.008,31.2
26190,8.158e-05,-0.008,31.2
26191,8.1582e-05,-0.008,31.2
26192,8.158400000000001e-05,-0.008,31.2
26193,8.1586e-05,0.0,31.2
26194,8.1588e-05,-0.008,31.2
26195,8.159000000000001e-05,-0.008,31.2
26196,8.1592e-05,-0.008,31.2
26197,8.1594e-05,0.0,31.2
26198,8.159600000000001e-05,-0.008,31.2
26199,8.1598e-05,-0.008,31.2
26200,8.16e-05,-0.008,31.2
26201,8.160200000000001e-05,0.0,31.2
26202,8.1604e-05,-0.008,31.2
26203,8.1606e-05,-0.008,31.2
26204,8.160800000000001e-05,-0.008,31.2
26205,8.161e-05,-0.008,31.2
26206,8.1612e-05,-0.016,31.2
26207,8.161400000000001e-05,-0.016,31.2
26208,8.1616e-05,-0.016,32.0
26209,8.1618e-05,-0.008,32.0
26210,8.162000000000001e-05,-0.016,31.2
26211,8.1622e-05,-0.016,31.2
26212,8.1624e-05,-0.016,32.0
26213,8.162600000000001e-05,-0.008,31.2
26214,8.1628e-05,-0.016,31.2
26215,8.163e-05,-0.016,31.2
26216,8.163200000000001e-05,-0.016,31.2
26217,8.163400000000001e-05,-0.008,31.2
26218,8.1636e-05,-0.016,31.2
26219,8.163800000000001e-05,-0.008,31.2
26220,8.164000000000001e-05,-0.016,31.2
26221,8.1642e-05,-0.008,31.2
26222,8.1644e-05,-0.016,31.2
26223,8.164600000000001e-05,-0.008,31.2
26224,8.1648e-05,-0.016,31.2
26225,8.165e-05,-0.008,31.2
26226,8.165200000000001e-05,-0.008,31.2
26227,8.1654e-05,-0.008,31.2
26228,8.1656e-05,-0.008,31.2
26229,8.165800000000001e-05,-0.008,31.2
26230,8.166e-05,-0.008,31.2
26231,8.1662e-05,-0.008,31.2
26232,8.166400000000001e-05,-0.008,31.2
26233,8.1666e-05,0.0,31.2
26234,8.1668e-05,-0.008,31.2
26235,8.167000000000001e-05,-0.008,31.2
26236,8.1672e-05,-0.008,31.2
26237,8.1674e-05,0.0,31.2
26238,8.167600000000001e-05,-0.008,31.2
26239,8.1678e-05,-0.008,31.2
26240,8.168e-05,-0.008,31.2
26241,8.168200000000001e-05,0.0,31.2
26242,8.1684e-05,-0.008,31.2
26243,8.1686e-05,-0.008,31.2
26244,8.168800000000001e-05,-0.016,31.2
26245,8.169e-05,-0.008,31.2
26246,8.1692e-05,-0.016,31.2
26247,8.169400000000001e-05,-0.016,31.2
26248,8.1696e-05,-0.016,31.2
26249,8.1698e-05,-0.008,31.2
26250,8.170000000000001e-05,-0.016,31.2
26251,8.170200000000001e-05,-0.016,31.2
26252,8.1704e-05,-0.016,31.2
26253,8.170600000000001e-05,-0.008,31.2
26254,8.170800000000001e-05,-0.016,31.2
26255,8.171e-05,-0.016,31.2
26256,8.1712e-05,-0.016,31.2
26257,8.171400000000001e-05,-0.008,31.2
26258,8.1716e-05,-0.008,31.2
26259,8.1718e-05,-0.008,31.2
26260,8.172000000000001e-05,-0.016,31.2
26261,8.1722e-05,-0.008,31.2
26262,8.1724e-05,-0.008,31.2
26263,8.172600000000001e-05,-0.008,31.2
26264,8.1728e-05,-0.008,31.2
26265,8.173e-05,0.0,31.2
26266,8.173200000000001e-05,-0.008,31.2
26267,8.1734e-05,-0.008,31.2
26268,8.1736e-05,-0.008,31.2
26269,8.173800000000001e-05,0.0,31.2
26270,8.174e-05,-0.008,31.2
26271,8.1742e-05,-0.008,31.2
26272,8.174400000000001e-05,-0.008,31.2
26273,8.1746e-05,0.0,31.2
26274,8.1748e-05,-0.008,31.2
26275,8.175000000000001e-05,-0.008,31.2
26276,8.1752e-05,-0.008,31.2
26277,8.1754e-05,-0.008,31.2
26278,8.175600000000001e-05,-0.008,31.2
26279,8.1758e-05,-0.008,31.2
26280,8.176e-05,-0.008,31.2
26281,8.176200000000001e-05,-0.008,31.2
26282,8.1764e-05,-0.008,31.2
26283,8.1766e-05,-0.008,31.2
26284,8.176800000000001e-05,-0.016,31.2
26285,8.177000000000001e-05,-0.008,31.2
26286,8.1772e-05,-0.016,31.2
26287,8.177400000000001e-05,-0.008,31.2
26288,8.177600000000001e-05,-0.016,31.2
26289,8.1778e-05,-0.008,31.2
26290,8.178e-05,-0.016,31.2
26291,8.178200000000001e-05,-0.008,31.2
26292,8.1784e-05,-0.016,31.2
26293,8.1786e-05,-0.008,31.2
26294,8.178800000000001e-05,-0.016,31.2
26295,8.179e-05,-0.008,31.2
26296,8.1792e-05,-0.008,31.2
26297,8.179400000000001e-05,-0.008,31.2
26298,8.1796e-05,-0.008,31.2
26299,8.1798e-05,-0.008,31.2
26300,8.180000000000001e-05,-0.008,31.2
26301,8.1802e-05,0.0,31.2
26302,8.1804e-05,-0.008,31.2
26303,8.180600000000001e-05,-0.008,31.2
26304,8.1808e-05,-0.008,31.2
26305,8.181e-05,0.0,31.2
26306,8.181200000000001e-05,-0.008,31.2
26307,8.1814e-05,-0.008,31.2
26308,8.1816e-05,-0.008,31.2
26309,8.181800000000001e-05,0.0,31.2
26310,8.182e-05,-0.008,31.2
26311,8.1822e-05,-0.008,31.2
26312,8.182400000000001e-05,-0.008,31.2
26313,8.1826e-05,0.0,31.2
26314,8.1828e-05,-0.008,31.2
26315,8.183000000000001e-05,-0.008,31.2
26316,8.1832e-05,-0.016,31.2
26317,8.1834e-05,-0.008,31.2
26318,8.183600000000001e-05,-0.008,31.2
26319,8.183800000000001e-05,-0.008,31.2
26320,8.184e-05,-0.016,31.2
26321,8.184200000000001e-05,-0.008,31.2
26322,8.184400000000001e-05,-0.016,31.2
26323,8.1846e-05,-0.008,31.2
26324,8.1848e-05,-0.016,31.2
26325,8.185000000000001e-05,-0.008,31.2
26326,8.1852e-05,-0.016,31.2
26327,8.1854e-05,-0.016,31.2
26328,8.185600000000001e-05,-0.008,31.2
26329,8.1858e-05,-0.008,31.2
26330,8.186e-05,-0.008,31.2
26331,8.186200000000001e-05,-0.008,31.2
26332,8.1864e-05,-0.016,31.2
26333,8.1866e-05,-0.008,31.2
26334,8.186800000000001e-05,-0.008,31.2
26335,8.187e-05,-0.008,31.2
26336,8.1872e-05,-0.008,31.2
26337,8.187400000000001e-05,-0.008,31.2
26338,8.1876e-05,-0.008,31.2
26339,8.1878e-05,-0.008,31.2
26340,8.188000000000001e-05,-0.008,31.2
26341,8.1882e-05,-0.008,31.2
26342,8.1884e-05,-0.008,31.2
26343,8.188600000000001e-05,-0.008,31.2
26344,8.1888e-05,-0.008,31.2
26345,8.189e-05,0.0,31.2
26346,8.189200000000001e-05,-0.008,31.2
26347,8.1894e-05,-0.008,31.2
26348,8.1896e-05,-0.008,31.2
26349,8.189800000000001e-05,-0.008,31.2
26350,8.19e-05,-0.008,31.2
26351,8.1902e-05,-0.008,31.2
26352,8.190400000000001e-05,-0.008,31.2
26353,8.190600000000001e-05,-0.008,31.2
26354,8.1908e-05,-0.008,31.2
26355,8.191000000000001e-05,-0.008,31.2
26356,8.191200000000001e-05,-0.008,31.2
26357,8.1914e-05,-0.008,31.2
26358,8.1916e-05,-0.008,31.2
26359,8.191800000000001e-05,-0.008,31.2
26360,8.192e-05,-0.008,31.2
26361,8.1922e-05,-0.008,31.2
26362,8.192400000000001e-05,-0.016,31.2
26363,8.1926e-05,-0.016,31.2
26364,8.1928e-05,-0.016,31.2
26365,8.193000000000001e-05,-0.008,31.2
26366,8.1932e-05,-0.016,31.2
26367,8.1934e-05,-0.008,31.2
26368,8.193600000000001e-05,-0.008,31.2
26369,8.1938e-05,-0.008,31.2
26370,8.194e-05,-0.008,31.2
26371,8.194200000000001e-05,-0.008,31.2
26372,8.1944e-05,-0.016,31.2
26373,8.1946e-05,-0.008,31.2
26374,8.194800000000001e-05,-0.008,31.2
26375,8.195e-05,-0.008,31.2
26376,8.1952e-05,-0.008,31.2
26377,8.195400000000001e-05,-0.008,31.2
26378,8.1956e-05,-0.008,31.2
26379,8.1958e-05,-0.008,31.2
26380,8.196000000000001e-05,-0.008,31.2
26381,8.1962e-05,0.0,31.2
26382,8.1964e-05,-0.008,31.2
26383,8.196600000000001e-05,-0.008,31.2
26384,8.1968e-05,-0.008,31.2
26385,8.197e-05,0.0,31.2
26386,8.197200000000001e-05,-0.008,31.2
26387,8.197400000000001e-05,-0.008,31.2
26388,8.1976e-05,-0.008,31.2
26389,8.197800000000001e-05,-0.008,31.2
26390,8.198000000000001e-05,-0.008,31.2
26391,8.1982e-05,-0.008,31.2
26392,8.1984e-05,-0.016,31.2
26393,8.198600000000001e-05,-0.008,31.2
26394,8.1988e-05,-0.008,31.2
26395,8.199e-05,-0.008,31.2
26396,8.199200000000001e-05,-0.008,31.2
26397,8.1994e-05,-0.008,31.2
26398,8.1996e-05,-0.016,31.2
26399,8.199800000000001e-05,-0.008,31.2
26400,8.2e-05,-0.016,31.2
26401,8.2002e-05,-0.008,31.2
26402,8.200400000000001e-05,-0.008,31.2
26403,8.2006e-05,-0.008,31.2
26404,8.2008e-05,-0.016,31.2
26405,8.201000000000001e-05,-0.008,31.2
26406,8.2012e-05,-0.016,31.2
26407,8.2014e-05,-0.008,31.2
26408,8.201600000000001e-05,-0.008,31.2
26409,8.2018e-05,-0.008,31.2
26410,8.202e-05,-0.008,31.2
26411,8.202200000000001e-05,-0.008,31.2
26412,8.2024e-05,-0.008,31.2
26413,8.2026e-05,-0.008,31.2
26414,8.202800000000001e-05,-0.008,31.2
26415,8.203e-05,-0.008,31.2
26416,8.2032e-05,-0.008,31.2
26417,8.203400000000001e-05,-0.008,31.2
26418,8.2036e-05,-0.008,31.2
26419,8.2038e-05,-0.008,31.2
26420,8.204000000000001e-05,-0.008,31.2
26421,8.2042e-05,0.0,31.2
26422,8.2044e-05,-0.008,31.2
26423,8.204600000000001e-05,-0.008,31.2
26424,8.204800000000001e-05,-0.008,31.2
26425,8.205e-05,-0.008,31.2
26426,8.2052e-05,-0.008,31.2
26427,8.205400000000001e-05,-0.008,31.2
26428,8.2056e-05,-0.008,31.2
26429,8.2058e-05,-0.008,31.2
26430,8.206000000000001e-05,-0.008,31.2
26431,8.2062e-05,-0.008,31.2
26432,8.2064e-05,-0.016,31.2
26433,8.206600000000001e-05,-0.008,31.2
26434,8.2068e-05,-0.008,31.2
26435,8.207e-05,-0.008,31.2
26436,8.207200000000001e-05,-0.016,31.2
26437,8.2074e-05,-0.008,31.2
26438,8.2076e-05,-0.016,31.2
26439,8.207800000000001e-05,-0.008,31.2
26440,8.208e-05,-0.016,31.2
26441,8.2082e-05,-0.008,31.2
26442,8.208400000000001e-05,-0.008,31.2
26443,8.2086e-05,-0.008,31.2
26444,8.2088e-05,-0.008,31.2
26445,8.209000000000001e-05,-0.008,31.2
26446,8.2092e-05,-0.008,31.2
26447,8.2094e-05,-0.008,31.2
26448,8.209600000000001e-05,-0.008,31.2
26449,8.2098e-05,-0.008,31.2
26450,8.21e-05,-0.008,31.2
26451,8.210200000000001e-05,-0.008,31.2
26452,8.2104e-05,-0.008,31.2
26453,8.2106e-05,0.0,31.2
26454,8.210800000000001e-05,-0.008,31.2
26455,8.211e-05,-0.008,31.2
26456,8.2112e-05,-0.008,31.2
26457,8.211400000000001e-05,-0.008,31.2
26458,8.211600000000001e-05,-0.008,31.2
26459,8.2118e-05,-0.008,31.2
26460,8.212e-05,-0.008,31.2
26461,8.212200000000001e-05,0.0,31.2
26462,8.2124e-05,-0.008,31.2
26463,8.2126e-05,-0.008,31.2
26464,8.212800000000001e-05,-0.008,31.2
26465,8.213e-05,-0.008,31.2
26466,8.2132e-05,-0.008,31.2
26467,8.213400000000001e-05,-0.008,31.2
26468,8.2136e-05,-0.008,31.2
26469,8.2138e-05,-0.008,31.2
26470,8.214000000000001e-05,-0.008,31.2
26471,8.2142e-05,-0.008,31.2
26472,8.2144e-05,-0.008,31.2
26473,8.214600000000001e-05,-0.008,31.2
26474,8.2148e-05,-0.008,31.2
26475,8.215e-05,-0.008,31.2
26476,8.215200000000001e-05,-0.008,31.2
26477,8.2154e-05,-0.008,31.2
26478,8.2156e-05,-0.008,31.2
26479,8.215800000000001e-05,-0.008,31.2
26480,8.216e-05,-0.016,31.2
26481,8.2162e-05,-0.008,31.2
26482,8.216400000000001e-05,-0.008,31.2
26483,8.2166e-05,-0.008,31.2
26484,8.2168e-05,-0.008,31.2
26485,8.217000000000001e-05,-0.008,31.2
26486,8.2172e-05,-0.008,31.2
26487,8.2174e-05,-0.008,31.2
26488,8.217600000000001e-05,-0.008,31.2
26489,8.2178e-05,-0.008,31.2
26490,8.218e-05,-0.008,31.2
26491,8.218200000000001e-05,-0.008,31.2
26492,8.218400000000001e-05,-0.008,31.2
26493,8.2186e-05,0.0,31.2
26494,8.2188e-05,-0.008,31.2
26495,8.219000000000001e-05,-0.008,31.2
26496,8.2192e-05,-0.008,31.2
26497,8.2194e-05,-0.008,31.2
26498,8.219600000000001e-05,-0.008,31.2
26499,8.2198e-05,-0.008,31.2
26500,8.22e-05,-0.008,31.2
26501,8.220200000000001e-05,0.0,31.2
26502,8.2204e-05,-0.008,31.2
26503,8.2206e-05,-0.008,31.2
26504,8.220800000000001e-05,-0.008,31.2
26505,8.221e-05,-0.008,31.2
26506,8.2212e-05,-0.008,31.2
26507,8.221400000000001e-05,-0.008,31.2
26508,8.2216e-05,-0.016,31.2
26509,8.2218e-05,-0.008,31.2
26510,8.222000000000001e-05,-0.016,31.2
26511,8.2222e-05,-0.008,31.2
26512,8.2224e-05,-0.016,31.2
26513,8.222600000000001e-05,-0.008,31.2
26514,8.2228e-05,-0.008,31.2
26515,8.223e-05,-0.008,31.2
26516,8.223200000000001e-05,-0.008,31.2
26517,8.2234e-05,-0.008,31.2
26518,8.2236e-05,-0.008,31.2
26519,8.223800000000001e-05,-0.008,31.2
26520,8.224e-05,-0.008,31.2
26521,8.2242e-05,-0.008,31.2
26522,8.224400000000001e-05,-0.008,31.2
26523,8.2246e-05,-0.008,31.2
26524,8.2248e-05,-0.008,31.2
26525,8.225000000000001e-05,-0.008,31.2
26526,8.225200000000001e-05,-0.008,31.2
26527,8.2254e-05,-0.008,31.2
26528,8.2256e-05,-0.008,31.2
26529,8.225800000000001e-05,-0.008,31.2
26530,8.226e-05,-0.008,31.2
26531,8.2262e-05,-0.008,31.2
26532,8.226400000000001e-05,-0.008,31.2
26533,8.2266e-05,-0.008,31.2
26534,8.2268e-05,-0.008,31.2
26535,8.227000000000001e-05,-0.008,31.2
26536,8.2272e-05,-0.008,31.2
26537,8.2274e-05,-0.008,31.2
26538,8.227600000000001e-05,-0.008,31.2
26539,8.2278e-05,-0.008,31.2
26540,8.228e-05,-0.008,31.2
26541,8.228200000000001e-05,0.0,31.2
26542,8.2284e-05,-0.008,31.2
26543,8.2286e-05,-0.008,31.2
26544,8.228800000000001e-05,-0.008,31.2
26545,8.229e-05,-0.008,31.2
26546,8.2292e-05,-0.008,31.2
26547,8.229400000000001e-05,-0.008,31.2
26548,8.2296e-05,-0.008,31.2
26549,8.2298e-05,-0.008,31.2
26550,8.230000000000001e-05,-0.008,31.2
26551,8.2302e-05,-0.008,31.2
26552,8.2304e-05,-0.008,31.2
26553,8.230600000000001e-05,-0.008,31.2
26554,8.2308e-05,-0.008,31.2
26555,8.231e-05,-0.008,31.2
26556,8.231200000000001e-05,-0.008,31.2
26557,8.2314e-05,-0.008,31.2
26558,8.2316e-05,-0.008,31.2
26559,8.231800000000001e-05,-0.008,31.2
26560,8.232000000000001e-05,-0.008,31.2
26561,8.2322e-05,-0.008,31.2
26562,8.2324e-05,-0.008,31.2
26563,8.232600000000001e-05,-0.008,31.2
26564,8.2328e-05,-0.008,31.2
26565,8.233e-05,-0.008,31.2
26566,8.233200000000001e-05,-0.008,31.2
26567,8.2334e-05,-0.008,31.2
26568,8.2336e-05,-0.008,31.2
26569,8.233800000000001e-05,-0.008,31.2
26570,8.234e-05,-0.008,31.2
26571,8.2342e-05,-0.008,31.2
26572,8.234400000000001e-05,-0.008,31.2
26573,8.2346e-05,-0.008,31.2
26574,8.2348e-05,-0.016,31.2
26575,8.235000000000001e-05,-0.008,31.2
26576,8.2352e-05,-0.008,31.2
26577,8.2354e-05,-0.008,31.2
26578,8.235600000000001e-05,-0.008,31.2
26579,8.2358e-05,-0.008,31.2
26580,8.236e-05,-0.016,31.2
26581,8.236200000000001e-05,-0.008,31.2
26582,8.2364e-05,-0.008,31.2
26583,8.2366e-05,-0.008,31.2
26584,8.236800000000001e-05,-0.016,31.2
26585,8.237e-05,-0.008,31.2
26586,8.2372e-05,-0.008,31.2
26587,8.237400000000001e-05,-0.008,31.2
26588,8.2376e-05,-0.008,31.2
26589,8.2378e-05,-0.008,31.2
26590,8.238000000000001e-05,-0.008,31.2
26591,8.2382e-05,-0.008,31.2
26592,8.2384e-05,-0.008,31.2
26593,8.238600000000001e-05,0.0,31.2
26594,8.238800000000001e-05,-0.008,31.2
26595,8.239e-05,-0.008,31.2
26596,8.2392e-05,-0.008,31.2
26597,8.239400000000001e-05,-0.008,31.2
26598,8.2396e-05,-0.008,31.2
26599,8.2398e-05,-0.008,31.2
26600,8.240000000000001e-05,-0.008,31.2
26601,8.2402e-05,-0.008,31.2
26602,8.2404e-05,-0.008,31.2
26603,8.240600000000001e-05,-0.008,31.2
26604,8.2408e-05,-0.008,31.2
26605,8.241e-05,-0.008,31.2
26606,8.241200000000001e-05,-0.008,31.2
26607,8.2414e-05,-0.008,31.2
26608,8.2416e-05,-0.008,31.2
26609,8.241800000000001e-05,-0.008,31.2
26610,8.242e-05,-0.008,31.2
26611,8.2422e-05,-0.008,31.2
26612,8.242400000000001e-05,-0.008,31.2
26613,8.2426e-05,-0.008,31.2
26614,8.2428e-05,-0.008,31.2
26615,8.243000000000001e-05,-0.008,31.2
26616,8.2432e-05,-0.008,31.2
26617,8.2434e-05,0.0,31.2
26618,8.243600000000001e-05,-0.008,31.2
26619,8.2438e-05,-0.008,31.2
26620,8.244e-05,-0.008,31.2
26621,8.244200000000001e-05,-0.008,31.2
26622,8.2444e-05,-0.008,31.2
26623,8.2446e-05,-0.008,31.2
26624,8.244800000000001e-05,-0.008,31.2
26625,8.245e-05,-0.008,31.2
26626,8.2452e-05,-0.008,31.2
26627,8.245400000000001e-05,-0.008,31.2
26628,8.245600000000001e-05,-0.008,31.2
26629,8.2458e-05,-0.008,31.2
26630,8.246e-05,-0.008,31.2
26631,8.246200000000001e-05,-0.008,31.2
26632,8.2464e-05,-0.008,31.2
26633,8.2466e-05,0.0,31.2
26634,8.246800000000001e-05,-0.008,31.2
26635,8.247e-05,-0.008,31.2
26636,8.2472e-05,-0.008,31.2
26637,8.247400000000001e-05,-0.008,31.2
26638,8.2476e-05,-0.008,31.2
26639,8.2478e-05,-0.008,31.2
26640,8.248000000000001e-05,-0.008,31.2
26641,8.2482e-05,-0.008,31.2
26642,8.2484e-05,-0.008,31.2
26643,8.248600000000001e-05,-0.008,31.2
26644,8.2488e-05,-0.008,31.2
26645,8.249e-05,-0.008,31.2
26646,8.249200000000001e-05,-0.008,31.2
26647,8.2494e-05,-0.008,31.2
26648,8.2496e-05,-0.008,31.2
26649,8.249800000000001e-05,0.0,31.2
26650,8.25e-05,-0.008,31.2
26651,8.2502e-05,-0.008,31.2
26652,8.250400000000001e-05,-0.008,31.2
26653,8.2506e-05,0.0,31.2
26654,8.2508e-05,-0.008,31.2
26655,8.251000000000001e-05,-0.008,31.2
26656,8.2512e-05,-0.008,31.2
26657,8.2514e-05,0.0,31.2
26658,8.251600000000001e-05,-0.008,31.2
26659,8.2518e-05,-0.008,31.2
26660,8.252e-05,-0.008,31.2
26661,8.252200000000001e-05,-0.008,31.2
26662,8.252400000000001e-05,-0.008,31.2
26663,8.2526e-05,-0.008,31.2
26664,8.2528e-05,-0.008,31.2
26665,8.253000000000001e-05,-0.008,31.2
26666,8.2532e-05,-0.008,31.2
26667,8.2534e-05,-0.008,31.2
26668,8.253600000000001e-05,-0.008,31.2
26669,8.2538e-05,0.0,31.2
26670,8.254e-05,-0.008,31.2
26671,8.254200000000001e-05,-0.008,31.2
26672,8.2544e-05,-0.008,31.2
26673,8.2546e-05,-0.008,31.2
26674,8.254800000000001e-05,-0.008,31.2
26675,8.255e-05,-0.008,31.2
26676,8.2552e-05,-0.008,31.2
26677,8.255400000000001e-05,-0.008,31.2
26678,8.2556e-05,-0.008,31.2
26679,8.2558e-05,-0.008,31.2
26680,8.256000000000001e-05,-0.008,31.2
26681,8.2562e-05,-0.008,31.2
26682,8.2564e-05,-0.008,31.2
26683,8.256600000000001e-05,-0.008,31.2
26684,8.2568e-05,-0.008,31.2
26685,8.257e-05,-0.008,31.2
26686,8.257200000000001e-05,-0.008,31.2
26687,8.2574e-05,-0.008,31.2
26688,8.2576e-05,-0.008,31.2
26689,8.257800000000001e-05,0.0,31.2
26690,8.258e-05,-0.008,31.2
26691,8.2582e-05,-0.008,31.2
26692,8.258400000000001e-05,-0.008,31.2
26693,8.2586e-05,-0.008,31.2
26694,8.2588e-05,-0.008,31.2
26695,8.259000000000001e-05,-0.008,31.2
26696,8.259200000000001e-05,-0.008,31.2
26697,8.2594e-05,-0.008,31.2
26698,8.2596e-05,-0.008,31.2
26699,8.259800000000001e-05,-0.008,31.2
26700,8.26e-05,-0.008,31.2
26701,8.2602e-05,-0.008,31.2
26702,8.260400000000001e-05,-0.008,31.2
26703,8.2606e-05,-0.008,31.2
26704,8.2608e-05,-0.008,31.2
26705,8.261000000000001e-05,-0.008,31.2
26706,8.2612e-05,-0.008,31.2
26707,8.2614e-05,-0.008,31.2
26708,8.261600000000001e-05,-0.008,31.2
26709,8.2618e-05,0.0,31.2
26710,8.262e-05,-0.008,31.2
26711,8.262200000000001e-05,-0.008,31.2
26712,8.2624e-05,-0.008,31.2
26713,8.2626e-05,0.0,31.2
26714,8.262800000000001e-05,-0.008,31.2
26715,8.263e-05,-0.008,31.2
26716,8.2632e-05,-0.008,31.2
26717,8.263400000000001e-05,-0.008,31.2
26718,8.2636e-05,-0.008,31.2
26719,8.2638e-05,-0.008,31.2
26720,8.264000000000001e-05,-0.008,31.2
26721,8.2642e-05,-0.008,31.2
26722,8.2644e-05,-0.008,31.2
26723,8.264600000000001e-05,-0.008,31.2
26724,8.2648e-05,-0.008,31.2
26725,8.265e-05,-0.008,31.2
26726,8.265200000000001e-05,-0.008,31.2
26727,8.2654e-05,-0.008,31.2
26728,8.2656e-05,-0.008,31.2
26729,8.265800000000001e-05,0.0,31.2
26730,8.266000000000001e-05,-0.008,31.2
26731,8.2662e-05,-0.008,31.2
26732,8.266400000000001e-05,-0.008,31.2
26733,8.266600000000001e-05,-0.008,31.2
26734,8.2668e-05,-0.008,31.2
26735,8.267e-05,-0.008,31.2
26736,8.267200000000001e-05,-0.008,31.2
26737,8.2674e-05,-0.008,31.2
26738,8.2676e-05,-0.008,31.2
26739,8.267800000000001e-05,-0.008,31.2
26740,8.268e-05,-0.008,31.2
26741,8.2682e-05,-0.008,31.2
26742,8.268400000000001e-05,-0.008,31.2
26743,8.2686e-05,-0.008,31.2
26744,8.2688e-05,-0.008,31.2
26745,8.269000000000001e-05,-0.008,31.2
26746,8.2692e-05,-0.008,31.2
26747,8.2694e-05,-0.008,31.2
26748,8.269600000000001e-05,-0.008,31.2
26749,8.2698e-05,-0.008,31.2
26750,8.27e-05,-0.008,31.2
26751,8.270200000000001e-05,-0.008,31.2
26752,8.2704e-05,-0.008,31.2
26753,8.2706e-05,-0.008,31.2
26754,8.270800000000001e-05,-0.008,31.2
26755,8.271e-05,-0.008,31.2
26756,8.2712e-05,-0.008,31.2
26757,8.271400000000001e-05,-0.008,31.2
26758,8.2716e-05,-0.008,31.2
26759,8.2718e-05,-0.008,31.2
26760,8.272000000000001e-05,-0.016,31.2
26761,8.2722e-05,0.0,31.2
26762,8.2724e-05,-0.008,31.2
26763,8.272600000000001e-05,-0.008,31.2
26764,8.272800000000001e-05,-0.008,31.2
26765,8.273e-05,-0.008,31.2
26766,8.273200000000001e-05,-0.008,31.2
26767,8.273400000000001e-05,-0.008,31.2
26768,8.2736e-05,-0.008,31.2
26769,8.2738e-05,-0.008,31.2
26770,8.274000000000001e-05,-0.008,31.2
26771,8.2742e-05,-0.008,31.2
26772,8.2744e-05,-0.008,31.2
26773,8.274600000000001e-05,-0.008,31.2
26774,8.2748e-05,-0.008,31.2
26775,8.275e-05,-0.008,31.2
26776,8.275200000000001e-05,-0.008,31.2
26777,8.2754e-05,-0.008,31.2
26778,8.2756e-05,-0.008,31.2
26779,8.275800000000001e-05,-0.008,31.2
26780,8.276e-05,-0.008,31.2
26781,8.2762e-05,-0.008,31.2
26782,8.276400000000001e-05,-0.008,31.2
26783,8.2766e-05,-0.008,31.2
26784,8.2768e-05,-0.008,31.2
26785,8.277000000000001e-05,-0.008,31.2
26786,8.2772e-05,-0.008,31.2
26787,8.2774e-05,-0.008,31.2
26788,8.277600000000001e-05,-0.008,31.2
26789,8.2778e-05,0.0,31.2
26790,8.278e-05,-0.008,31.2
26791,8.278200000000001e-05,-0.008,31.2
26792,8.2784e-05,-0.008,31.2
26793,8.2786e-05,-0.008,31.2
26794,8.278800000000001e-05,-0.008,31.2
26795,8.279e-05,-0.008,31.2
26796,8.2792e-05,-0.008,31.2
26797,8.279400000000001e-05,-0.008,31.2
26798,8.279600000000001e-05,-0.008,31.2
26799,8.2798e-05,-0.008,31.2
26800,8.280000000000001e-05,-0.008,31.2
26801,8.280200000000001e-05,-0.008,31.2
26802,8.2804e-05,-0.008,31.2
26803,8.2806e-05,-0.008,31.2
26804,8.280800000000001e-05,-0.008,31.2
26805,8.281e-05,-0.008,31.2
26806,8.2812e-05,-0.008,31.2
26807,8.281400000000001e-05,-0.008,31.2
26808,8.2816e-05,-0.008,31.2
26809,8.2818e-05,0.0,31.2
26810,8.282000000000001e-05,-0.008,31.2
26811,8.2822e-05,-0.008,31.2
26812,8.2824e-05,-0.008,31.2
26813,8.282600000000001e-05,0.0,31.2
26814,8.2828e-05,-0.008,31.2
26815,8.283e-05,-0.008,31.2
26816,8.283200000000001e-05,-0.008,31.2
26817,8.2834e-05,-0.008,31.2
26818,8.2836e-05,-0.008,31.2
26819,8.283800000000001e-05,-0.008,31.2
26820,8.284e-05,-0.008,31.2
26821,8.2842e-05,-0.008,31.2
26822,8.284400000000001e-05,-0.008,31.2
26823,8.2846e-05,-0.008,31.2
26824,8.2848e-05,-0.008,31.2
26825,8.285000000000001e-05,0.0,31.2
26826,8.2852e-05,-0.008,31.2
26827,8.2854e-05,-0.008,31.2
26828,8.285600000000001e-05,-0.008,31.2
26829,8.2858e-05,0.0,31.2
26830,8.286e-05,-0.008,31.2
26831,8.286200000000001e-05,-0.008,31.2
26832,8.286400000000001e-05,-0.008,31.2
26833,8.2866e-05,-0.008,31.2
26834,8.286800000000001e-05,-0.008,31.2
26835,8.287000000000001e-05,-0.008,31.2
26836,8.2872e-05,-0.008,31.2
26837,8.2874e-05,0.0,31.2
26838,8.287600000000001e-05,-0.008,31.2
26839,8.2878e-05,-0.008,31.2
26840,8.288e-05,-0.016,31.2
26841,8.288200000000001e-05,-0.008,31.2
26842,8.2884e-05,-0.008,31.2
26843,8.2886e-05,-0.008,31.2
26844,8.288800000000001e-05,-0.008,31.2
26845,8.289e-05,0.0,31.2
26846,8.2892e-05,-0.008,31.2
26847,8.289400000000001e-05,-0.008,31.2
26848,8.2896e-05,-0.008,31.2
26849,8.2898e-05,0.0,31.2
26850,8.290000000000001e-05,-0.008,31.2
26851,8.2902e-05,-0.008,31.2
26852,8.2904e-05,-0.008,31.2
26853,8.290600000000001e-05,-0.008,31.2
26854,8.2908e-05,-0.008,31.2
26855,8.291e-05,-0.008,31.2
26856,8.291200000000001e-05,-0.008,31.2
26857,8.2914e-05,-0.008,31.2
26858,8.2916e-05,-0.008,31.2
26859,8.291800000000001e-05,-0.008,31.2
26860,8.292e-05,-0.008,31.2
26861,8.2922e-05,0.0,31.2
26862,8.292400000000001e-05,-0.008,31.2
26863,8.2926e-05,-0.008,31.2
26864,8.2928e-05,-0.008,31.2
26865,8.293000000000001e-05,-0.008,31.2
26866,8.293200000000001e-05,-0.008,31.2
26867,8.2934e-05,-0.008,31.2
26868,8.293600000000001e-05,-0.008,31.2
26869,8.293800000000001e-05,-0.008,31.2
26870,8.294e-05,-0.008,31.2
26871,8.2942e-05,-0.008,31.2
26872,8.294400000000001e-05,-0.008,31.2
26873,8.2946e-05,-0.008,31.2
26874,8.2948e-05,-0.008,31.2
26875,8.295000000000001e-05,-0.008,31.2
26876,8.2952e-05,-0.008,31.2
26877,8.2954e-05,-0.008,31.2
26878,8.295600000000001e-05,-0.008,31.2
26879,8.2958e-05,-0.008,31.2
26880,8.296e-05,-0.008,31.2
26881,8.296200000000001e-05,0.0,31.2
26882,8.2964e-05,-0.008,31.2
26883,8.2966e-05,-0.008,31.2
26884,8.296800000000001e-05,-0.008,31.2
26885,8.297e-05,-0.008,31.2
26886,8.2972e-05,-0.008,31.2
26887,8.297400000000001e-05,-0.008,31.2
26888,8.2976e-05,-0.008,31.2
26889,8.2978e-05,-0.008,31.2
26890,8.298000000000001e-05,-0.008,31.2
26891,8.2982e-05,-0.008,31.2
26892,8.2984e-05,-0.008,31.2
26893,8.298600000000001e-05,-0.008,31.2
26894,8.2988e-05,-0.008,31.2
26895,8.299e-05,-0.008,31.2
26896,8.299200000000001e-05,-0.008,31.2
26897,8.2994e-05,-0.008,31.2
26898,8.2996e-05,-0.008,31.2
26899,8.299800000000001e-05,-0.008,31.2
26900,8.300000000000001e-05,-0.008,31.2
26901,8.3002e-05,0.0,31.2
26902,8.300400000000001e-05,-0.008,31.2
26903,8.300600000000001e-05,-0.008,31.2
26904,8.3008e-05,-0.008,31.2
26905,8.301e-05,-0.008,31.2
26906,8.301200000000001e-05,-0.008,31.2
26907,8.3014e-05,-0.008,31.2
26908,8.3016e-05,-0.008,31.2
26909,8.301800000000001e-05,0.0,31.2
26910,8.302e-05,-0.008,31.2
26911,8.3022e-05,-0.008,31.2
26912,8.302400000000001e-05,-0.008,31.2
26913,8.3026e-05,-0.008,31.2
26914,8.3028e-05,-0.008,31.2
26915,8.303000000000001e-05,-0.008,31.2
26916,8.3032e-05,-0.008,31.2
26917,8.3034e-05,-0.008,31.2
26918,8.303600000000001e-05,-0.008,31.2
26919,8.3038e-05,-0.008,31.2
26920,8.304e-05,-0.008,31.2
26921,8.304200000000001e-05,0.0,31.2
26922,8.3044e-05,-0.008,31.2
26923,8.3046e-05,-0.008,31.2
26924,8.304800000000001e-05,-0.008,31.2
26925,8.305e-05,-0.008,31.2
26926,8.3052e-05,-0.008,31.2
26927,8.305400000000001e-05,-0.008,31.2
26928,8.3056e-05,-0.008,31.2
26929,8.3058e-05,0.0,31.2
26930,8.306000000000001e-05,-0.008,31.2
26931,8.3062e-05,-0.008,31.2
26932,8.3064e-05,-0.008,31.2
26933,8.306600000000001e-05,0.0,31.2
26934,8.306800000000001e-05,-0.008,31.2
26935,8.307e-05,-0.008,31.2
26936,8.307200000000001e-05,-0.008,31.2
26937,8.307400000000001e-05,-0.008,31.2
26938,8.3076e-05,-0.008,31.2
26939,8.3078e-05,-0.008,31.2
26940,8.308000000000001e-05,-0.008,31.2
26941,8.3082e-05,-0.008,31.2
26942,8.3084e-05,-0.008,31.2
26943,8.308600000000001e-05,-0.008,31.2
26944,8.3088e-05,-0.008,31.2
26945,8.309e-05,0.0,31.2
26946,8.309200000000001e-05,-0.008,31.2
26947,8.3094e-05,-0.008,31.2
26948,8.3096e-05,-0.008,31.2
26949,8.309800000000001e-05,-0.008,31.2
26950,8.31e-05,-0.008,31.2
26951,8.3102e-05,-0.008,31.2
26952,8.310400000000001e-05,-0.008,31.2
26953,8.3106e-05,0.0,31.2
26954,8.3108e-05,-0.008,31.2
26955,8.311000000000001e-05,-0.008,31.2
26956,8.3112e-05,-0.008,31.2
26957,8.3114e-05,0.0,31.2
26958,8.311600000000001e-05,-0.008,31.2
26959,8.3118e-05,-0.008,31.2
26960,8.312e-05,-0.008,31.2
26961,8.312200000000001e-05,0.0,31.2
26962,8.3124e-05,-0.008,31.2
26963,8.3126e-05,-0.008,31.2
26964,8.312800000000001e-05,-0.008,31.2
26965,8.313e-05,0.0,31.2
26966,8.3132e-05,-0.008,31.2
26967,8.313400000000001e-05,-0.008,31.2
26968,8.313600000000001e-05,-0.008,31.2
26969,8.3138e-05,0.0,31.2
26970,8.314000000000001e-05,-0.008,31.2
26971,8.314200000000001e-05,-0.008,31.2
26972,8.3144e-05,-0.008,31.2
26973,8.3146e-05,-0.008,31.2
26974,8.314800000000001e-05,-0.008,31.2
26975,8.315e-05,-0.008,31.2
26976,8.3152e-05,-0.008,31.2
26977,8.315400000000001e-05,0.0,31.2
26978,8.3156e-05,-0.008,31.2
26979,8.3158e-05,-0.008,31.2
26980,8.316000000000001e-05,-0.008,31.2
26981,8.3162e-05,0.0,31.2
26982,8.3164e-05,-0.008,31.2
26983,8.316600000000001e-05,-0.008,31.2
26984,8.3168e-05,-0.008,31.2
26985,8.317e-05,0.0,31.2
26986,8.317200000000001e-05,-0.008,31.2
26987,8.3174e-05,-0.008,31.2
26988,8.3176e-05,-0.008,31.2
26989,8.317800000000001e-05,-0.008,31.2
26990,8.318e-05,-0.008,31.2
26991,8.3182e-05,-0.008,31.2
26992,8.318400000000001e-05,-0.008,31.2
26993,8.3186e-05,0.0,31.2
26994,8.3188e-05,-0.008,31.2
26995,8.319000000000001e-05,-0.008,31.2
26996,8.3192e-05,-0.008,31.2
26997,8.3194e-05,-0.008,31.2
26998,8.319600000000001e-05,-0.008,31.2
26999,8.3198e-05,-0.008,31.2
27000,8.32e-05,-0.008,31.2
27001,8.320200000000001e-05,0.0,31.2
27002,8.320400000000001e-05,-0.008,31.2
27003,8.3206e-05,-0.008,31.2
27004,8.320800000000001e-05,-0.008,31.2
27005,8.321000000000001e-05,-0.008,31.2
27006,8.3212e-05,-0.008,31.2
27007,8.3214e-05,-0.008,31.2
27008,8.321600000000001e-05,-0.008,31.2
27009,8.3218e-05,0.0,31.2
27010,8.322e-05,-0.008,31.2
27011,8.322200000000001e-05,-0.008,31.2
27012,8.3224e-05,-0.008,31.2
27013,8.3226e-05,-0.008,31.2
27014,8.322800000000001e-05,-0.008,31.2
27015,8.323e-05,-0.008,31.2
27016,8.3232e-05,-0.008,31.2
27017,8.323400000000001e-05,-0.008,31.2
27018,8.3236e-05,-0.008,31.2
27019,8.3238e-05,-0.008,31.2
27020,8.324000000000001e-05,-0.008,31.2
27021,8.3242e-05,-0.008,31.2
27022,8.3244e-05,-0.008,31.2
27023,8.324600000000001e-05,-0.008,31.2
27024,8.3248e-05,-0.008,31.2
27025,8.325e-05,0.0,31.2
27026,8.325200000000001e-05,-0.008,31.2
27027,8.3254e-05,-0.008,31.2
27028,8.3256e-05,-0.008,31.2
27029,8.325800000000001e-05,-0.008,31.2
27030,8.326e-05,-0.008,31.2
27031,8.3262e-05,-0.008,31.2
27032,8.326400000000001e-05,-0.008,31.2
27033,8.3266e-05,0.0,31.2
27034,8.3268e-05,-0.008,31.2
27035,8.327000000000001e-05,-0.008,31.2
27036,8.3272e-05,-0.008,31.2
27037,8.3274e-05,-0.008,31.2
27038,8.327600000000001e-05,-0.008,31.2
27039,8.327800000000001e-05,-0.008,31.2
27040,8.328e-05,-0.008,31.2
27041,8.3282e-05,0.0,31.2
27042,8.328400000000001e-05,-0.008,31.2
27043,8.3286e-05,-0.008,31.2
27044,8.3288e-05,-0.008,31.2
27045,8.329000000000001e-05,0.0,31.2
27046,8.3292e-05,-0.008,31.2
27047,8.3294e-05,-0.008,31.2
27048,8.329600000000001e-05,-0.008,31.2
27049,8.3298e-05,0.0,31.2
27050,8.33e-05,-0.008,31.2
27051,8.330200000000001e-05,-0.008,31.2
27052,8.3304e-05,-0.008,31.2
27053,8.3306e-05,-0.008,31.2
27054,8.330800000000001e-05,-0.008,31.2
27055,8.331e-05,-0.008,31.2
27056,8.3312e-05,-0.008,31.2
27057,8.331400000000001e-05,-0.008,31.2
27058,8.3316e-05,-0.008,31.2
27059,8.3318e-05,-0.008,31.2
27060,8.332000000000001e-05,-0.008,31.2
27061,8.3322e-05,0.0,31.2
27062,8.3324e-05,-0.008,31.2
27063,8.332600000000001e-05,-0.008,31.2
27064,8.3328e-05,-0.008,31.2
27065,8.333e-05,0.0,31.2
27066,8.333200000000001e-05,-0.008,31.2
27067,8.3334e-05,-0.008,31.2
27068,8.3336e-05,-0.008,31.2
27069,8.333800000000001e-05,-0.008,31.2
27070,8.334e-05,-0.008,31.2
27071,8.3342e-05,-0.008,31.2
27072,8.334400000000001e-05,-0.008,31.2
27073,8.334600000000001e-05,0.0,31.2
27074,8.3348e-05,-0.008,31.2
27075,8.335e-05,-0.008,31.2
27076,8.335200000000001e-05,-0.008,31.2
27077,8.3354e-05,0.0,31.2
27078,8.3356e-05,-0.008,31.2
27079,8.335800000000001e-05,-0.008,31.2
27080,8.336e-05,-0.008,31.2
27081,8.3362e-05,0.0,31.2
27082,8.336400000000001e-05,-0.008,31.2
27083,8.3366e-05,-0.008,31.2
27084,8.3368e-05,-0.008,31.2
27085,8.337000000000001e-05,0.0,31.2
27086,8.3372e-05,-0.008,31.2
27087,8.3374e-05,-0.008,31.2
27088,8.337600000000001e-05,-0.008,31.2
27089,8.3378e-05,0.0,31.2
27090,8.338e-05,-0.008,31.2
27091,8.338200000000001e-05,-0.008,31.2
27092,8.3384e-05,-0.008,31.2
27093,8.3386e-05,0.0,31.2
27094,8.338800000000001e-05,-0.008,31.2
27095,8.339e-05,-0.008,31.2
27096,8.3392e-05,-0.008,31.2
27097,8.339400000000001e-05,0.0,31.2
27098,8.3396e-05,-0.008,31.2
27099,8.3398e-05,-0.008,31.2
27100,8.340000000000001e-05,-0.008,31.2
27101,8.3402e-05,-0.008,31.2
27102,8.3404e-05,-0.008,31.2
27103,8.340600000000001e-05,-0.008,31.2
27104,8.3408e-05,-0.008,31.2
27105,8.341e-05,-0.008,31.2
27106,8.341200000000001e-05,-0.008,31.2
27107,8.341400000000001e-05,-0.008,31.2
27108,8.3416e-05,-0.008,31.2
27109,8.3418e-05,-0.008,31.2
27110,8.342000000000001e-05,-0.008,31.2
27111,8.3422e-05,-0.008,31.2
27112,8.3424e-05,-0.008,31.2
27113,8.342600000000001e-05,-0.008,31.2
27114,8.3428e-05,-0.008,31.2
27115,8.343e-05,-0.008,31.2
27116,8.343200000000001e-05,-0.008,31.2
27117,8.3434e-05,-0.008,31.2
27118,8.3436e-05,-0.008,31.2
27119,8.343800000000001e-05,-0.008,31.2
27120,8.344e-05,-0.008,31.2
27121,8.3442e-05,0.0,31.2
27122,8.344400000000001e-05,-0.008,31.2
27123,8.3446e-05,-0.008,31.2
27124,8.3448e-05,-0.008,31.2
27125,8.345000000000001e-05,0.0,31.2
27126,8.3452e-05,-0.008,31.2
27127,8.3454e-05,-0.008,31.2
27128,8.345600000000001e-05,-0.008,31.2
27129,8.3458e-05,0.0,31.2
27130,8.346e-05,-0.008,31.2
27131,8.346200000000001e-05,-0.008,31.2
27132,8.3464e-05,-0.008,31.2
27133,8.3466e-05,-0.008,31.2
27134,8.346800000000001e-05,-0.008,31.2
27135,8.347e-05,-0.008,31.2
27136,8.3472e-05,-0.008,31.2
27137,8.347400000000001e-05,0.0,31.2
27138,8.3476e-05,-0.008,31.2
27139,8.3478e-05,-0.008,31.2
27140,8.348000000000001e-05,-0.008,31.2
27141,8.348200000000001e-05,0.0,31.2
27142,8.3484e-05,-0.008,31.2
27143,8.3486e-05,-0.008,31.2
27144,8.348800000000001e-05,-0.008,31.2
27145,8.349e-05,-0.008,31.2
27146,8.3492e-05,-0.008,31.2
27147,8.349400000000001e-05,-0.008,31.2
27148,8.3496e-05,-0.008,31.2
27149,8.3498e-05,-0.008,31.2
27150,8.350000000000001e-05,-0.008,31.2
27151,8.3502e-05,-0.008,31.2
27152,8.3504e-05,-0.008,31.2
27153,8.350600000000001e-05,0.0,31.2
27154,8.3508e-05,-0.008,31.2
27155,8.351e-05,-0.008,31.2
27156,8.351200000000001e-05,-0.008,31.2
27157,8.3514e-05,0.0,31.2
27158,8.3516e-05,-0.008,31.2
27159,8.351800000000001e-05,-0.008,31.2
27160,8.352e-05,-0.008,31.2
27161,8.3522e-05,0.0,31.2
27162,8.352400000000001e-05,-0.008,31.2
27163,8.3526e-05,-0.008,31.2
27164,8.3528e-05,-0.008,31.2
27165,8.353000000000001e-05,-0.008,31.2
27166,8.3532e-05,-0.008,31.2
27167,8.3534e-05,-0.008,31.2
27168,8.353600000000001e-05,-0.008,31.2
27169,8.3538e-05,0.0,31.2
27170,8.354e-05,-0.008,31.2
27171,8.354200000000001e-05,-0.008,31.2
27172,8.3544e-05,-0.008,31.2
27173,8.3546e-05,-0.008,31.2
27174,8.354800000000001e-05,-0.008,31.2
27175,8.355000000000001e-05,-0.008,31.2
27176,8.3552e-05,-0.008,31.2
27177,8.3554e-05,0.0,31.2
27178,8.355600000000001e-05,-0.008,31.2
27179,8.3558e-05,-0.008,31.2
27180,8.356e-05,-0.008,31.2
27181,8.356200000000001e-05,0.0,31.2
27182,8.3564e-05,-0.008,31.2
27183,8.3566e-05,-0.008,31.2
27184,8.356800000000001e-05,-0.008,31.2
27185,8.357e-05,0.0,31.2
27186,8.3572e-05,-0.008,31.2
27187,8.357400000000001e-05,-0.008,31.2
27188,8.3576e-05,-0.008,31.2
27189,8.3578e-05,0.0,31.2
27190,8.358000000000001e-05,-0.008,31.2
27191,8.3582e-05,-0.008,31.2
27192,8.3584e-05,-0.008,31.2
27193,8.358600000000001e-05,0.0,31.2
27194,8.3588e-05,-0.008,31.2
27195,8.359e-05,-0.008,31.2
27196,8.359200000000001e-05,-0.008,31.2
27197,8.3594e-05,-0.008,31.2
27198,8.3596e-05,-0.008,31.2
27199,8.359800000000001e-05,-0.008,31.2
27200,8.36e-05,-0.008,31.2
27201,8.3602e-05,0.0,31.2
27202,8.360400000000001e-05,-0.008,31.2
27203,8.3606e-05,-0.008,31.2
27204,8.3608e-05,-0.008,31.2
27205,8.361000000000001e-05,-0.008,31.2
27206,8.3612e-05,-0.008,31.2
27207,8.3614e-05,-0.008,31.2
27208,8.361600000000001e-05,-0.008,31.2
27209,8.361800000000001e-05,0.0,31.2
27210,8.362e-05,-0.008,31.2
27211,8.3622e-05,-0.008,31.2
27212,8.362400000000001e-05,-0.008,31.2
27213,8.3626e-05,-0.008,31.2
27214,8.3628e-05,-0.008,31.2
27215,8.363000000000001e-05,-0.008,31.2
27216,8.3632e-05,-0.008,31.2
27217,8.3634e-05,0.0,31.2
27218,8.363600000000001e-05,-0.008,31.2
27219,8.3638e-05,-0.008,31.2
27220,8.364e-05,-0.008,31.2
27221,8.364200000000001e-05,0.0,31.2
27222,8.3644e-05,-0.008,31.2
27223,8.3646e-05,-0.008,31.2
27224,8.364800000000001e-05,-0.008,31.2
27225,8.365e-05,0.0,31.2
27226,8.3652e-05,-0.008,31.2
27227,8.365400000000001e-05,-0.008,31.2
27228,8.3656e-05,-0.008,31.2
27229,8.3658e-05,-0.008,31.2
27230,8.366000000000001e-05,-0.008,31.2
27231,8.3662e-05,-0.008,31.2
27232,8.3664e-05,-0.008,31.2
27233,8.366600000000001e-05,0.0,31.2
27234,8.3668e-05,-0.008,31.2
27235,8.367e-05,-0.008,31.2
27236,8.367200000000001e-05,-0.008,31.2
27237,8.3674e-05,0.0,31.2
27238,8.3676e-05,-0.008,31.2
27239,8.367800000000001e-05,-0.008,31.2
27240,8.368e-05,-0.008,31.2
27241,8.3682e-05,0.0,31.2
27242,8.368400000000001e-05,-0.008,31.2
27243,8.368600000000001e-05,-0.008,31.2
27244,8.3688e-05,-0.008,31.2
27245,8.369000000000001e-05,-0.008,31.2
27246,8.369200000000001e-05,-0.008,31.2
27247,8.3694e-05,-0.008,31.2
27248,8.3696e-05,-0.008,31.2
27249,8.369800000000001e-05,0.0,31.2
27250,8.37e-05,-0.008,31.2
27251,8.3702e-05,-0.008,31.2
27252,8.370400000000001e-05,-0.008,31.2
27253,8.3706e-05,-0.008,31.2
27254,8.3708e-05,-0.008,31.2
27255,8.371000000000001e-05,-0.008,31.2
27256,8.3712e-05,-0.008,31.2
27257,8.3714e-05,0.0,31.2
27258,8.371600000000001e-05,-0.008,31.2
27259,8.3718e-05,-0.008,31.2
27260,8.372e-05,-0.008,31.2
27261,8.372200000000001e-05,0.0,31.2
27262,8.3724e-05,-0.008,31.2
27263,8.3726e-05,-0.008,31.2
27264,8.372800000000001e-05,-0.008,31.2
27265,8.373e-05,0.0,31.2
27266,8.3732e-05,-0.008,31.2
27267,8.373400000000001e-05,-0.008,31.2
27268,8.3736e-05,-0.008,31.2
27269,8.3738e-05,0.0,31.2
27270,8.374000000000001e-05,-0.008,31.2
27271,8.3742e-05,-0.008,31.2
27272,8.3744e-05,-0.008,31.2
27273,8.374600000000001e-05,0.0,31.2
27274,8.3748e-05,-0.008,31.2
27275,8.375e-05,-0.008,31.2
27276,8.375200000000001e-05,-0.008,31.2
27277,8.375400000000001e-05,-0.008,31.2
27278,8.3756e-05,-0.008,31.2
27279,8.375800000000001e-05,-0.008,31.2
27280,8.376000000000001e-05,-0.008,31.2
27281,8.3762e-05,0.0,31.2
27282,8.3764e-05,-0.008,31.2
27283,8.376600000000001e-05,-0.008,31.2
27284,8.3768e-05,-0.008,31.2
27285,8.377e-05,-0.008,31.2
27286,8.377200000000001e-05,-0.008,31.2
27287,8.3774e-05,-0.008,31.2
27288,8.3776e-05,-0.008,31.2
27289,8.377800000000001e-05,0.0,31.2
27290,8.378e-05,-0.008,31.2
27291,8.3782e-05,-0.008,31.2
27292,8.378400000000001e-05,-0.008,31.2
27293,8.3786e-05,0.0,31.2
27294,8.3788e-05,-0.008,31.2
27295,8.379000000000001e-05,-0.008,31.2
27296,8.3792e-05,-0.008,31.2
27297,8.3794e-05,0.0,31.2
27298,8.379600000000001e-05,-0.008,31.2
27299,8.3798e-05,-0.008,31.2
27300,8.38e-05,-0.008,31.2
27301,8.380200000000001e-05,-0.008,31.2
27302,8.3804e-05,-0.008,31.2
27303,8.3806e-05,-0.008,31.2
27304,8.380800000000001e-05,-0.008,31.2
27305,8.381e-05,-0.008,31.2
27306,8.3812e-05,-0.008,31.2
27307,8.381400000000001e-05,-0.008,31.2
27308,8.3816e-05,-0.008,31.2
27309,8.3818e-05,0.0,31.2
27310,8.382000000000001e-05,-0.008,31.2
27311,8.382200000000001e-05,-0.008,31.2
27312,8.3824e-05,-0.008,31.2
27313,8.382600000000001e-05,0.0,31.2
27314,8.382800000000001e-05,-0.008,31.2
27315,8.383e-05,-0.008,31.2
27316,8.3832e-05,-0.008,31.2
27317,8.383400000000001e-05,-0.008,31.2
27318,8.3836e-05,-0.008,31.2
27319,8.3838e-05,-0.008,31.2
27320,8.384000000000001e-05,-0.008,31.2
27321,8.3842e-05,0.0,31.2
27322,8.3844e-05,-0.008,31.2
27323,8.384600000000001e-05,-0.008,31.2
27324,8.3848e-05,-0.008,31.2
27325,8.385e-05,-0.008,31.2
27326,8.385200000000001e-05,-0.008,31.2
27327,8.3854e-05,-0.008,31.2
27328,8.3856e-05,-0.008,31.2
27329,8.385800000000001e-05,0.0,31.2
27330,8.386e-05,-0.008,31.2
27331,8.3862e-05,-0.008,31.2
27332,8.386400000000001e-05,-0.008,31.2
27333,8.3866e-05,0.0,31.2
27334,8.3868e-05,-0.008,31.2
27335,8.387000000000001e-05,-0.008,31.2
27336,8.3872e-05,-0.008,31.2
27337,8.3874e-05,0.0,31.2
27338,8.387600000000001e-05,-0.008,31.2
27339,8.3878e-05,-0.008,31.2
27340,8.388e-05,-0.008,31.2
27341,8.388200000000001e-05,0.0,31.2
27342,8.3884e-05,-0.008,31.2
27343,8.3886e-05,-0.008,31.2
27344,8.388800000000001e-05,-0.008,31.2
27345,8.389000000000001e-05,0.0,31.2
27346,8.3892e-05,-0.008,31.2
27347,8.389400000000001e-05,-0.008,31.2
27348,8.389600000000001e-05,-0.008,31.2
27349,8.3898e-05,0.0,31.2
27350,8.39e-05,-0.008,31.2
27351,8.390200000000001e-05,-0.008,31.2
27352,8.3904e-05,-0.008,31.2
27353,8.3906e-05,0.0,31.2
27354,8.390800000000001e-05,-0.008,31.2
27355,8.391e-05,-0.008,31.2
27356,8.3912e-05,-0.008,31.2
27357,8.391400000000001e-05,0.0,31.2
27358,8.3916e-05,-0.008,31.2
27359,8.3918e-05,-0.008,31.2
27360,8.392000000000001e-05,-0.008,31.2
27361,8.3922e-05,0.0,31.2
27362,8.3924e-05,-0.008,31.2
27363,8.392600000000001e-05,-0.008,31.2
27364,8.3928e-05,-0.008,31.2
27365,8.393e-05,-0.008,31.2
27366,8.393200000000001e-05,-0.008,31.2
27367,8.3934e-05,-0.008,31.2
27368,8.3936e-05,-0.008,31.2
27369,8.393800000000001e-05,0.0,31.2
27370,8.394e-05,-0.008,31.2
27371,8.3942e-05,-0.008,31.2
27372,8.394400000000001e-05,-0.008,31.2
27373,8.3946e-05,0.0,31.2
27374,8.3948e-05,-0.008,31.2
27375,8.395000000000001e-05,-0.008,31.2
27376,8.3952e-05,-0.008,31.2
27377,8.3954e-05,0.0,31.2
27378,8.395600000000001e-05,-0.008,31.2
27379,8.395800000000001e-05,-0.008,31.2
27380,8.396e-05,-0.008,31.2
27381,8.396200000000001e-05,0.0,31.2
27382,8.396400000000001e-05,-0.008,31.2
27383,8.3966e-05,-0.008,31.2
27384,8.3968e-05,-0.008,31.2
27385,8.397000000000001e-05,0.0,31.2
27386,8.3972e-05,-0.008,31.2
27387,8.3974e-05,-0.008,31.2
27388,8.397600000000001e-05,-0.008,31.2
27389,8.3978e-05,0.0,31.2
27390,8.398e-05,-0.008,31.2
27391,8.398200000000001e-05,-0.008,31.2
27392,8.3984e-05,-0.008,31.2
27393,8.3986e-05,0.0,31.2
27394,8.398800000000001e-05,-0.008,31.2
27395,8.399e-05,-0.008,31.2
27396,8.3992e-05,-0.008,31.2
27397,8.399400000000001e-05,0.0,31.2
27398,8.3996e-05,-0.008,31.2
27399,8.3998e-05,-0.008,31.2
27400,8.400000000000001e-05,-0.008,31.2
27401,8.4002e-05,0.0,31.2
27402,8.4004e-05,-0.008,31.2
27403,8.400600000000001e-05,-0.008,31.2
27404,8.4008e-05,-0.008,31.2
27405,8.401e-05,0.0,31.2
27406,8.401200000000001e-05,-0.008,31.2
27407,8.4014e-05,-0.008,31.2
27408,8.4016e-05,-0.008,31.2
27409,8.401800000000001e-05,0.0,31.2
27410,8.402e-05,-0.008,31.2
27411,8.4022e-05,-0.008,31.2
27412,8.402400000000001e-05,-0.008,31.2
27413,8.402600000000001e-05,-0.008,31.2
27414,8.4028e-05,-0.008,31.2
27415,8.403000000000001e-05,-0.008,31.2
27416,8.403200000000001e-05,-0.008,31.2
27417,8.4034e-05,0.0,31.2
27418,8.4036e-05,-0.008,31.2
27419,8.403800000000001e-05,-0.008,31.2
27420,8.404e-05,-0.008,31.2
27421,8.4042e-05,0.0,31.2
27422,8.404400000000001e-05,-0.008,31.2
27423,8.4046e-05,-0.008,31.2
27424,8.4048e-05,-0.008,31.2
27425,8.405000000000001e-05,0.0,31.2
27426,8.4052e-05,-0.008,31.2
27427,8.4054e-05,-0.008,31.2
27428,8.405600000000001e-05,-0.008,31.2
27429,8.4058e-05,0.0,31.2
27430,8.406e-05,-0.008,31.2
27431,8.406200000000001e-05,-0.008,31.2
27432,8.4064e-05,-0.008,31.2
27433,8.4066e-05,0.0,31.2
27434,8.406800000000001e-05,-0.008,31.2
27435,8.407e-05,-0.008,31.2
27436,8.4072e-05,-0.008,31.2
27437,8.407400000000001e-05,0.0,31.2
27438,8.4076e-05,-0.008,31.2
27439,8.4078e-05,-0.008,31.2
27440,8.408000000000001e-05,-0.008,31.2
27441,8.4082e-05,0.0,31.2
27442,8.4084e-05,-0.008,31.2
27443,8.408600000000001e-05,-0.008,31.2
27444,8.4088e-05,-0.008,31.2
27445,8.409e-05,-0.008,31.2
27446,8.409200000000001e-05,-0.008,31.2
27447,8.409400000000001e-05,-0.008,31.2
27448,8.4096e-05,-0.008,31.2
27449,8.409800000000001e-05,0.0,31.2
27450,8.410000000000001e-05,-0.008,31.2
27451,8.4102e-05,-0.008,31.2
27452,8.4104e-05,-0.008,31.2
27453,8.410600000000001e-05,0.0,31.2
27454,8.4108e-05,-0.008,31.2
27455,8.411e-05,-0.008,31.2
27456,8.411200000000001e-05,-0.008,31.2
27457,8.4114e-05,0.0,31.2
27458,8.4116e-05,-0.008,31.2
27459,8.411800000000001e-05,-0.008,31.2
27460,8.412e-05,-0.008,31.2
27461,8.4122e-05,0.0,31.2
27462,8.412400000000001e-05,-0.008,31.2
27463,8.4126e-05,-0.008,31.2
27464,8.4128e-05,-0.008,31.2
27465,8.413000000000001e-05,0.0,31.2
27466,8.4132e-05,-0.008,31.2
27467,8.4134e-05,-0.008,31.2
27468,8.413600000000001e-05,-0.008,31.2
27469,8.4138e-05,0.0,31.2
27470,8.414e-05,-0.008,31.2
27471,8.414200000000001e-05,-0.008,31.2
27472,8.4144e-05,-0.008,31.2
27473,8.4146e-05,0.0,31.2
27474,8.414800000000001e-05,-0.008,31.2
27475,8.415e-05,-0.008,31.2
27476,8.4152e-05,-0.008,31.2
27477,8.415400000000001e-05,0.0,31.2
27478,8.4156e-05,-0.008,31.2
27479,8.4158e-05,-0.008,31.2
27480,8.416000000000001e-05,-0.008,31.2
27481,8.416200000000001e-05,0.0,31.2
27482,8.4164e-05,-0.008,31.2
27483,8.416600000000001e-05,-0.008,31.2
27484,8.416800000000001e-05,-0.008,31.2
27485,8.417e-05,-0.008,31.2
27486,8.4172e-05,-0.008,31.2
27487,8.417400000000001e-05,-0.008,31.2
27488,8.4176e-05,-0.008,31.2
27489,8.4178e-05,0.0,31.2
27490,8.418000000000001e-05,-0.008,31.2
27491,8.4182e-05,-0.008,31.2
27492,8.4184e-05,-0.008,31.2
27493,8.418600000000001e-05,0.0,31.2
27494,8.4188e-05,-0.008,31.2
27495,8.419e-05,-0.008,31.2
27496,8.419200000000001e-05,-0.008,31.2
27497,8.4194e-05,-0.008,31.2
27498,8.4196e-05,-0.008,31.2
27499,8.419800000000001e-05,-0.008,31.2
27500,8.42e-05,-0.008,31.2
27501,8.4202e-05,0.0,31.2
27502,8.420400000000001e-05,-0.008,31.2
27503,8.4206e-05,-0.008,31.2
27504,8.4208e-05,-0.008,31.2
27505,8.421000000000001e-05,-0.008,31.2
27506,8.4212e-05,-0.008,31.2
27507,8.4214e-05,-0.008,31.2
27508,8.421600000000001e-05,-0.008,31.2
27509,8.4218e-05,0.0,31.2
27510,8.422e-05,-0.008,31.2
27511,8.422200000000001e-05,-0.008,31.2
27512,8.4224e-05,-0.008,31.2
27513,8.4226e-05,0.0,31.2
27514,8.422800000000001e-05,-0.008,31.2
27515,8.423000000000001e-05,-0.008,31.2
27516,8.4232e-05,-0.008,31.2
27517,8.423400000000001e-05,0.0,31.2
27518,8.423600000000001e-05,-0.008,31.2
27519,8.4238e-05,-0.008,31.2
27520,8.424e-05,-0.008,31.2
27521,8.424200000000001e-05,0.0,31.2
27522,8.4244e-05,-0.008,31.2
27523,8.4246e-05,-0.008,31.2
27524,8.424800000000001e-05,-0.008,31.2
27525,8.425e-05,-0.008,31.2
27526,8.4252e-05,-0.008,31.2
27527,8.425400000000001e-05,-0.008,31.2
27528,8.4256e-05,-0.008,31.2
27529,8.4258e-05,0.0,31.2
27530,8.426000000000001e-05,-0.008,31.2
27531,8.4262e-05,-0.008,31.2
27532,8.4264e-05,-0.008,31.2
27533,8.426600000000001e-05,0.0,31.2
27534,8.4268e-05,-0.008,31.2
27535,8.427e-05,-0.008,31.2
27536,8.427200000000001e-05,-0.008,31.2
27537,8.4274e-05,0.0,31.2
27538,8.4276e-05,-0.008,31.2
27539,8.427800000000001e-05,-0.008,31.2
27540,8.428e-05,-0.008,31.2
27541,8.4282e-05,0.0,31.2
27542,8.428400000000001e-05,-0.008,31.2
27543,8.4286e-05,-0.008,31.2
27544,8.4288e-05,-0.008,31.2
27545,8.429000000000001e-05,0.0,31.2
27546,8.4292e-05,-0.008,31.2
27547,8.4294e-05,-0.008,31.2
27548,8.429600000000001e-05,-0.008,31.2
27549,8.429800000000001e-05,0.0,31.2
27550,8.43e-05,-0.008,31.2
27551,8.430200000000001e-05,-0.008,31.2
27552,8.430400000000001e-05,-0.008,31.2
27553,8.4306e-05,0.0,31.2
27554,8.4308e-05,-0.008,31.2
27555,8.431000000000001e-05,-0.008,31.2
27556,8.4312e-05,-0.008,31.2
27557,8.4314e-05,0.0,31.2
27558,8.431600000000001e-05,-0.008,31.2
27559,8.4318e-05,-0.008,31.2
27560,8.432e-05,-0.008,31.2
27561,8.432200000000001e-05,0.0,31.2
27562,8.4324e-05,-0.008,31.2
27563,8.4326e-05,-0.008,31.2
27564,8.432800000000001e-05,-0.008,31.2
27565,8.433e-05,-0.008,31.2
27566,8.4332e-05,-0.008,31.2
27567,8.433400000000001e-05,-0.008,31.2
27568,8.4336e-05,-0.008,31.2
27569,8.4338e-05,0.0,31.2
27570,8.434000000000001e-05,-0.008,31.2
27571,8.4342e-05,-0.008,31.2
27572,8.4344e-05,-0.008,31.2
27573,8.434600000000001e-05,0.0,31.2
27574,8.4348e-05,-0.008,31.2
27575,8.435e-05,-0.008,31.2
27576,8.435200000000001e-05,-0.008,31.2
27577,8.4354e-05,0.0,31.2
27578,8.4356e-05,-0.008,31.2
27579,8.435800000000001e-05,-0.008,31.2
27580,8.436e-05,-0.008,31.2
27581,8.4362e-05,0.0,31.2
27582,8.436400000000001e-05,-0.008,31.2
27583,8.436600000000001e-05,-0.008,31.2
27584,8.4368e-05,-0.008,31.2
27585,8.437000000000001e-05,0.0,31.2
27586,8.437200000000001e-05,-0.008,31.2
27587,8.4374e-05,-0.008,31.2
27588,8.4376e-05,-0.008,31.2
27589,8.437800000000001e-05,0.0,31.2
27590,8.438e-05,-0.008,31.2
27591,8.4382e-05,-0.008,31.2
27592,8.438400000000001e-05,-0.008,31.2
27593,8.4386e-05,0.0,31.2
27594,8.4388e-05,-0.008,31.2
27595,8.439000000000001e-05,-0.008,31.2
27596,8.4392e-05,-0.008,31.2
27597,8.4394e-05,-0.008,31.2
27598,8.439600000000001e-05,-0.008,31.2
27599,8.4398e-05,-0.008,31.2
27600,8.44e-05,-0.008,31.2
27601,8.440200000000001e-05,-0.008,31.2
27602,8.4404e-05,-0.008,31.2
27603,8.4406e-05,-0.008,31.2
27604,8.440800000000001e-05,-0.008,31.2
27605,8.441e-05,0.0,31.2
27606,8.4412e-05,-0.008,31.2
27607,8.441400000000001e-05,-0.008,31.2
27608,8.4416e-05,-0.008,31.2
27609,8.4418e-05,0.0,31.2
27610,8.442000000000001e-05,-0.008,31.2
27611,8.4422e-05,-0.008,31.2
27612,8.4424e-05,-0.008,31.2
27613,8.442600000000001e-05,0.0,31.2
27614,8.4428e-05,-0.008,31.2
27615,8.443e-05,-0.008,31.2
27616,8.443200000000001e-05,-0.008,31.2
27617,8.4434e-05,-0.008,31.2
27618,8.4436e-05,-0.008,31.2
27619,8.443800000000001e-05,-0.008,31.2
27620,8.444000000000001e-05,-0.008,31.2
27621,8.4442e-05,0.0,31.2
27622,8.4444e-05,-0.008,31.2
27623,8.444600000000001e-05,-0.008,31.2
27624,8.4448e-05,-0.008,31.2
27625,8.445e-05,0.0,31.2
27626,8.445200000000001e-05,-0.008,31.2
27627,8.4454e-05,-0.008,31.2
27628,8.4456e-05,-0.008,31.2
27629,8.445800000000001e-05,-0.008,31.2
27630,8.446e-05,-0.008,31.2
27631,8.4462e-05,-0.008,31.2
27632,8.446400000000001e-05,-0.008,31.2
27633,8.4466e-05,0.0,31.2
27634,8.4468e-05,-0.008,31.2
27635,8.447000000000001e-05,-0.008,31.2
27636,8.4472e-05,-0.008,31.2
27637,8.4474e-05,0.0,31.2
27638,8.447600000000001e-05,-0.008,31.2
27639,8.4478e-05,-0.008,31.2
27640,8.448e-05,-0.008,31.2
27641,8.448200000000001e-05,0.0,31.2
27642,8.4484e-05,-0.008,31.2
27643,8.4486e-05,-0.008,31.2
27644,8.448800000000001e-05,-0.008,31.2
27645,8.449e-05,0.0,31.2
27646,8.4492e-05,-0.008,31.2
27647,8.449400000000001e-05,-0.008,31.2
27648,8.4496e-05,-0.008,31.2
27649,8.4498e-05,0.0,31.2
27650,8.450000000000001e-05,-0.008,31.2
27651,8.4502e-05,-0.008,31.2
27652,8.4504e-05,-0.008,31.2
27653,8.450600000000001e-05,0.0,31.2
27654,8.450800000000001e-05,-0.008,31.2
27655,8.451e-05,-0.008,31.2
27656,8.4512e-05,-0.008,31.2
27657,8.451400000000001e-05,-0.008,31.2
27658,8.4516e-05,-0.008,31.2
27659,8.4518e-05,-0.008,31.2
27660,8.452000000000001e-05,-0.008,31.2
27661,8.4522e-05,0.0,31.2
27662,8.4524e-05,-0.008,31.2
27663,8.452600000000001e-05,-0.008,31.2
27664,8.4528e-05,-0.008,31.2
27665,8.453e-05,0.0,31.2
27666,8.453200000000001e-05,-0.008,31.2
27667,8.4534e-05,-0.008,31.2
27668,8.4536e-05,-0.008,31.2
27669,8.453800000000001e-05,0.0,31.2
27670,8.454e-05,-0.008,31.2
27671,8.4542e-05,-0.008,31.2
27672,8.454400000000001e-05,-0.008,31.2
27673,8.4546e-05,0.0,31.2
27674,8.4548e-05,-0.008,31.2
27675,8.455000000000001e-05,-0.008,31.2
27676,8.4552e-05,-0.008,31.2
27677,8.4554e-05,0.0,31.2
27678,8.455600000000001e-05,-0.008,31.2
27679,8.4558e-05,-0.008,31.2
27680,8.456e-05,-0.008,31.2
27681,8.456200000000001e-05,0.0,31.2
27682,8.4564e-05,-0.008,31.2
27683,8.4566e-05,-0.008,31.2
27684,8.456800000000001e-05,-0.008,31.2
27685,8.457e-05,0.0,31.2
27686,8.4572e-05,-0.008,31.2
27687,8.457400000000001e-05,-0.008,31.2
27688,8.457600000000001e-05,-0.008,31.2
27689,8.4578e-05,0.0,31.2
27690,8.458e-05,-0.008,31.2
27691,8.458200000000001e-05,-0.008,31.2
27692,8.4584e-05,-0.008,31.2
27693,8.4586e-05,0.0,31.2
27694,8.458800000000001e-05,-0.008,31.2
27695,8.459e-05,-0.008,31.2
27696,8.4592e-05,-0.008,31.2
27697,8.459400000000001e-05,0.0,31.2
27698,8.4596e-05,-0.008,31.2
27699,8.4598e-05,-0.008,31.2
27700,8.460000000000001e-05,-0.008,31.2
27701,8.4602e-05,0.0,31.2
27702,8.4604e-05,-0.008,31.2
27703,8.460600000000001e-05,-0.008,31.2
27704,8.4608e-05,-0.008,31.2
27705,8.461e-05,0.0,31.2
27706,8.461200000000001e-05,-0.008,31.2
27707,8.4614e-05,-0.008,31.2
27708,8.4616e-05,-0.008,31.2
27709,8.461800000000001e-05,0.0,31.2
27710,8.462e-05,-0.008,31.2
27711,8.4622e-05,-0.008,31.2
27712,8.462400000000001e-05,-0.008,31.2
27713,8.4626e-05,0.0,31.2
27714,8.4628e-05,-0.008,31.2
27715,8.463000000000001e-05,-0.008,31.2
27716,8.4632e-05,-0.008,31.2
27717,8.4634e-05,-0.008,31.2
27718,8.463600000000001e-05,-0.008,31.2
27719,8.4638e-05,0.0,31.2
27720,8.464e-05,-0.008,31.2
27721,8.464200000000001e-05,0.0,31.2
27722,8.464400000000001e-05,-0.008,31.2
27723,8.4646e-05,-0.008,31.2
27724,8.4648e-05,-0.008,31.2
27725,8.465000000000001e-05,-0.008,31.2
27726,8.4652e-05,-0.008,31.2
27727,8.4654e-05,-0.008,31.2
27728,8.465600000000001e-05,-0.008,31.2
27729,8.4658e-05,0.0,31.2
27730,8.466e-05,-0.008,31.2
27731,8.466200000000001e-05,-0.008,31.2
27732,8.4664e-05,-0.008,31.2
27733,8.4666e-05,0.0,31.2
27734,8.466800000000001e-05,-0.008,31.2
27735,8.467e-05,-0.008,31.2
27736,8.4672e-05,-0.008,31.2
27737,8.467400000000001e-05,0.0,31.2
27738,8.4676e-05,-0.008,31.2
27739,8.4678e-05,-0.008,31.2
27740,8.468000000000001e-05,-0.008,31.2
27741,8.4682e-05,0.0,31.2
27742,8.4684e-05,-0.008,31.2
27743,8.468600000000001e-05,-0.008,31.2
27744,8.4688e-05,-0.008,31.2
27745,8.469e-05,0.0,31.2
27746,8.469200000000001e-05,-0.008,31.2
27747,8.4694e-05,-0.008,31.2
27748,8.4696e-05,-0.008,31.2
27749,8.469800000000001e-05,0.0,31.2
27750,8.47e-05,-0.008,31.2
27751,8.4702e-05,-0.008,31.2
27752,8.470400000000001e-05,-0.008,31.2
27753,8.4706e-05,0.0,31.2
27754,8.4708e-05,-0.008,31.2
27755,8.471000000000001e-05,-0.008,31.2
27756,8.471200000000001e-05,-0.008,31.2
27757,8.4714e-05,-0.008,31.2
27758,8.471600000000001e-05,-0.008,31.2
27759,8.471800000000001e-05,-0.008,31.2
27760,8.472e-05,-0.008,31.2
27761,8.4722e-05,0.0,31.2
27762,8.472400000000001e-05,-0.008,31.2
27763,8.4726e-05,-0.008,31.2
27764,8.4728e-05,-0.008,31.2
27765,8.473000000000001e-05,0.0,31.2
27766,8.4732e-05,-0.008,31.2
27767,8.4734e-05,-0.008,31.2
27768,8.473600000000001e-05,-0.008,31.2
27769,8.4738e-05,0.0,31.2
27770,8.474e-05,-0.008,31.2
27771,8.474200000000001e-05,-0.008,31.2
27772,8.4744e-05,-0.008,31.2
27773,8.4746e-05,0.0,31.2
27774,8.474800000000001e-05,-0.008,31.2
27775,8.475e-05,-0.008,31.2
27776,8.4752e-05,-0.008,31.2
27777,8.475400000000001e-05,0.0,31.2
27778,8.4756e-05,-0.008,31.2
27779,8.4758e-05,-0.008,31.2
27780,8.476000000000001e-05,-0.008,31.2
27781,8.4762e-05,0.0,31.2
27782,8.4764e-05,-0.008,31.2
27783,8.476600000000001e-05,-0.008,31.2
27784,8.4768e-05,-0.008,31.2
27785,8.477e-05,0.0,31.2
27786,8.477200000000001e-05,-0.008,31.2
27787,8.4774e-05,-0.008,31.2
27788,8.4776e-05,-0.008,31.2
27789,8.477800000000001e-05,0.0,31.2
27790,8.478000000000001e-05,-0.008,31.2
27791,8.4782e-05,-0.008,31.2
27792,8.478400000000001e-05,-0.008,31.2
27793,8.478600000000001e-05,0.0,31.2
27794,8.4788e-05,-0.008,31.2
27795,8.479e-05,-0.008,31.2
27796,8.479200000000001e-05,-0.008,31.2
27797,8.4794e-05,0.0,31.2
27798,8.4796e-05,-0.008,31.2
27799,8.479800000000001e-05,-0.008,31.2
27800,8.48e-05,-0.008,31.2
27801,8.4802e-05,0.0,31.2
27802,8.480400000000001e-05,-0.008,31.2
27803,8.4806e-05,-0.008,31.2
27804,8.4808e-05,-0.008,31.2
27805,8.481000000000001e-05,0.0,31.2
27806,8.4812e-05,-0.008,31.2
27807,8.4814e-05,-0.008,31.2
27808,8.481600000000001e-05,-0.008,31.2
27809,8.4818e-05,0.0,31.2
27810,8.482e-05,-0.008,31.2
27811,8.482200000000001e-05,-0.008,31.2
27812,8.4824e-05,-0.008,31.2
27813,8.4826e-05,0.0,31.2
27814,8.482800000000001e-05,-0.008,31.2
27815,8.483e-05,-0.008,31.2
27816,8.4832e-05,-0.008,31.2
27817,8.483400000000001e-05,0.0,31.2
27818,8.4836e-05,-0.008,31.2
27819,8.4838e-05,-0.008,31.2
27820,8.484000000000001e-05,-0.008,31.2
27821,8.4842e-05,0.0,31.2
27822,8.4844e-05,-0.008,31.2
27823,8.484600000000001e-05,-0.008,31.2
27824,8.484800000000001e-05,-0.008,31.2
27825,8.485e-05,0.0,31.2
27826,8.485200000000001e-05,-0.008,31.2
27827,8.485400000000001e-05,-0.008,31.2
27828,8.4856e-05,-0.008,31.2
27829,8.4858e-05,0.0,31.2
27830,8.486000000000001e-05,-0.008,31.2
27831,8.4862e-05,-0.008,31.2
27832,8.4864e-05,-0.008,31.2
27833,8.486600000000001e-05,0.0,31.2
27834,8.4868e-05,-0.008,31.2
27835,8.487e-05,-0.008,31.2
27836,8.487200000000001e-05,-0.008,31.2
27837,8.4874e-05,0.0,31.2
27838,8.4876e-05,-0.008,31.2
27839,8.487800000000001e-05,-0.008,31.2
27840,8.488e-05,-0.008,31.2
27841,8.4882e-05,0.0,31.2
27842,8.488400000000001e-05,-0.008,31.2
27843,8.4886e-05,-0.008,31.2
27844,8.4888e-05,-0.008,31.2
27845,8.489000000000001e-05,0.0,31.2
27846,8.4892e-05,-0.008,31.2
27847,8.4894e-05,-0.008,31.2
27848,8.489600000000001e-05,-0.008,31.2
27849,8.4898e-05,0.0,31.2
27850,8.49e-05,-0.008,31.2
27851,8.490200000000001e-05,-0.008,31.2
27852,8.4904e-05,-0.008,31.2
27853,8.4906e-05,0.0,31.2
27854,8.490800000000001e-05,-0.008,31.2
27855,8.491e-05,-0.008,31.2
27856,8.4912e-05,-0.008,31.2
27857,8.491400000000001e-05,-0.008,31.2
27858,8.491600000000001e-05,-0.008,31.2
27859,8.4918e-05,-0.008,31.2
27860,8.492000000000001e-05,-0.008,31.2
27861,8.492200000000001e-05,0.0,31.2
27862,8.4924e-05,-0.008,31.2
27863,8.4926e-05,-0.008,31.2
27864,8.492800000000001e-05,-0.008,31.2
27865,8.493e-05,0.0,31.2
27866,8.4932e-05,-0.008,31.2
27867,8.493400000000001e-05,-0.008,31.2
27868,8.4936e-05,-0.008,31.2
27869,8.4938e-05,0.0,31.2
27870,8.494000000000001e-05,-0.008,31.2
27871,8.4942e-05,-0.008,31.2
27872,8.4944e-05,-0.008,31.2
27873,8.494600000000001e-05,0.0,31.2
27874,8.4948e-05,-0.008,31.2
27875,8.495e-05,-0.008,31.2
27876,8.495200000000001e-05,-0.008,31.2
27877,8.4954e-05,0.0,31.2
27878,8.4956e-05,-0.008,31.2
27879,8.495800000000001e-05,-0.008,31.2
27880,8.496e-05,-0.008,31.2
27881,8.4962e-05,0.0,31.2
27882,8.496400000000001e-05,-0.008,31.2
27883,8.4966e-05,-0.008,31.2
27884,8.4968e-05,-0.008,31.2
27885,8.497000000000001e-05,-0.008,31.2
27886,8.4972e-05,-0.008,31.2
27887,8.4974e-05,-0.008,31.2
27888,8.497600000000001e-05,-0.008,31.2
27889,8.4978e-05,0.0,31.2
27890,8.498e-05,-0.008,31.2
27891,8.498200000000001e-05,-0.008,31.2
27892,8.498400000000001e-05,-0.008,31.2
27893,8.4986e-05,0.0,31.2
27894,8.498800000000001e-05,-0.008,31.2
27895,8.499000000000001e-05,-0.008,31.2
27896,8.4992e-05,-0.008,31.2
27897,8.4994e-05,0.0,31.2
27898,8.499600000000001e-05,-0.008,31.2
27899,8.4998e-05,-0.008,31.2
27900,8.5e-05,-0.008,31.2
27901,8.500200000000001e-05,0.0,31.2
27902,8.5004e-05,-0.008,31.2
27903,8.5006e-05,-0.008,31.2
27904,8.500800000000001e-05,-0.008,31.2
27905,8.501e-05,0.0,31.2
27906,8.5012e-05,-0.008,31.2
27907,8.501400000000001e-05,-0.008,31.2
27908,8.5016e-05,-0.008,31.2
27909,8.5018e-05,0.0,31.2
27910,8.502000000000001e-05,-0.008,31.2
27911,8.5022e-05,-0.008,31.2
27912,8.5024e-05,-0.008,31.2
27913,8.502600000000001e-05,0.0,31.2
27914,8.5028e-05,-0.008,31.2
27915,8.503e-05,-0.008,31.2
27916,8.503200000000001e-05,-0.008,31.2
27917,8.5034e-05,0.0,31.2
27918,8.5036e-05,-0.008,31.2
27919,8.503800000000001e-05,-0.008,31.2
27920,8.504e-05,-0.008,31.2
27921,8.5042e-05,0.0,31.2
27922,8.504400000000001e-05,-0.008,31.2
27923,8.5046e-05,0.0,31.2
27924,8.5048e-05,-0.008,31.2
27925,8.505000000000001e-05,0.0,31.2
27926,8.505200000000001e-05,-0.008,31.2
27927,8.5054e-05,-0.008,31.2
27928,8.505600000000001e-05,-0.008,31.2
27929,8.505800000000001e-05,0.0,31.2
27930,8.506e-05,-0.008,31.2
27931,8.5062e-05,-0.008,31.2
27932,8.506400000000001e-05,-0.008,31.2
27933,8.5066e-05,0.0,31.2
27934,8.5068e-05,-0.008,31.2
27935,8.507000000000001e-05,-0.008,31.2
27936,8.5072e-05,-0.008,31.2
27937,8.5074e-05,0.0,31.2
27938,8.507600000000001e-05,-0.008,31.2
27939,8.5078e-05,-0.008,31.2
27940,8.508e-05,-0.008,31.2
27941,8.508200000000001e-05,0.0,31.2
27942,8.5084e-05,-0.008,31.2
27943,8.5086e-05,-0.008,31.2
27944,8.508800000000001e-05,-0.008,31.2
27945,8.509e-05,0.0,31.2
27946,8.5092e-05,-0.008,31.2
27947,8.509400000000001e-05,-0.008,31.2
27948,8.5096e-05,-0.008,31.2
27949,8.5098e-05,0.0,31.2
27950,8.510000000000001e-05,-0.008,31.2
27951,8.5102e-05,0.0,31.2
27952,8.5104e-05,-0.008,31.2
27953,8.510600000000001e-05,0.0,31.2
27954,8.5108e-05,-0.008,31.2
27955,8.511e-05,-0.008,31.2
27956,8.511200000000001e-05,-0.008,31.2
27957,8.5114e-05,0.0,31.2
27958,8.5116e-05,-0.008,31.2
27959,8.511800000000001e-05,-0.008,31.2
27960,8.512000000000001e-05,-0.008,31.2
27961,8.5122e-05,0.0,31.2
27962,8.512400000000001e-05,-0.008,31.2
27963,8.512600000000001e-05,-0.008,31.2
27964,8.5128e-05,-0.008,31.2
27965,8.513e-05,0.0,31.2
27966,8.513200000000001e-05,-0.008,31.2
27967,8.5134e-05,-0.008,31.2
27968,8.5136e-05,-0.008,31.2
27969,8.513800000000001e-05,0.0,31.2
27970,8.514e-05,-0.008,31.2
27971,8.5142e-05,-0.008,31.2
27972,8.514400000000001e-05,-0.008,31.2
27973,8.5146e-05,0.0,31.2
27974,8.5148e-05,-0.008,31.2
27975,8.515000000000001e-05,-0.008,31.2
27976,8.5152e-05,-0.008,31.2
27977,8.5154e-05,0.0,31.2
27978,8.515600000000001e-05,-0.008,31.2
27979,8.5158e-05,-0.008,31.2
27980,8.516e-05,-0.008,31.2
27981,8.516200000000001e-05,0.0,31.2
27982,8.5164e-05,-0.008,31.2
27983,8.5166e-05,-0.008,31.2
27984,8.516800000000001e-05,-0.008,31.2
27985,8.517e-05,0.0,31.2
27986,8.5172e-05,-0.008,31.2
27987,8.517400000000001e-05,-0.008,31.2
27988,8.5176e-05,-0.008,31.2
27989,8.5178e-05,0.0,31.2
27990,8.518000000000001e-05,-0.008,31.2
27991,8.5182e-05,0.0,31.2
27992,8.5184e-05,-0.008,31.2
27993,8.518600000000001e-05,-0.008,31.2
27994,8.518800000000001e-05,-0.008,31.2
27995,8.519e-05,-0.008,31.2
27996,8.519200000000001e-05,-0.008,31.2
27997,8.519400000000001e-05,0.0,31.2
27998,8.5196e-05,-0.008,31.2
27999,8.5198e-05,-0.008,31.2
28000,8.520000000000001e-05,-0.008,31.2
28001,8.5202e-05,0.0,31.2
28002,8.5204e-05,-0.008,31.2
28003,8.520600000000001e-05,-0.008,31.2
28004,8.5208e-05,-0.008,31.2
28005,8.521e-05,0.0,31.2
28006,8.521200000000001e-05,-0.008,31.2
28007,8.5214e-05,-0.008,31.2
28008,8.5216e-05,-0.008,31.2
28009,8.521800000000001e-05,0.0,31.2
28010,8.522e-05,-0.008,31.2
28011,8.5222e-05,-0.008,31.2
28012,8.522400000000001e-05,-0.008,31.2
28013,8.5226e-05,0.0,31.2
28014,8.5228e-05,-0.008,31.2
28015,8.523000000000001e-05,-0.008,31.2
28016,8.5232e-05,-0.008,31.2
28017,8.5234e-05,0.0,31.2
28018,8.523600000000001e-05,-0.008,31.2
28019,8.5238e-05,-0.008,31.2
28020,8.524e-05,-0.008,31.2
28021,8.524200000000001e-05,0.0,31.2
28022,8.5244e-05,-0.008,31.2
28023,8.5246e-05,-0.008,31.2
28024,8.524800000000001e-05,-0.008,31.2
28025,8.525e-05,0.0,31.2
28026,8.5252e-05,-0.008,31.2
28027,8.525400000000001e-05,-0.008,31.2
28028,8.525600000000001e-05,-0.008,31.2
28029,8.5258e-05,0.0,31.2
28030,8.526000000000001e-05,-0.008,31.2
28031,8.526200000000001e-05,-0.008,31.2
28032,8.5264e-05,-0.008,31.2
28033,8.5266e-05,0.0,31.2
28034,8.526800000000001e-05,-0.008,31.2
28035,8.527e-05,-0.008,31.2
28036,8.5272e-05,-0.008,31.2
28037,8.527400000000001e-05,0.0,31.2
28038,8.5276e-05,-0.008,31.2
28039,8.5278e-05,-0.008,31.2
28040,8.528000000000001e-05,-0.008,31.2
28041,8.5282e-05,0.0,31.2
28042,8.5284e-05,-0.008,31.2
28043,8.528600000000001e-05,-0.008,31.2
28044,8.5288e-05,-0.008,31.2
28045,8.529e-05,0.0,31.2
28046,8.529200000000001e-05,-0.008,31.2
28047,8.5294e-05,-0.008,31.2
28048,8.5296e-05,-0.008,31.2
28049,8.529800000000001e-05,0.0,31.2
28050,8.53e-05,-0.008,31.2
28051,8.5302e-05,0.0,31.2
28052,8.530400000000001e-05,-0.008,31.2
28053,8.5306e-05,0.0,31.2
28054,8.5308e-05,-0.008,31.2
28055,8.531000000000001e-05,0.0,31.2
28056,8.5312e-05,-0.008,31.2
28057,8.5314e-05,0.0,31.2
28058,8.531600000000001e-05,-0.008,31.2
28059,8.5318e-05,0.0,31.2
28060,8.532e-05,-0.008,31.2
28061,8.532200000000001e-05,0.0,31.2
28062,8.532400000000001e-05,-0.008,31.2
28063,8.5326e-05,-0.008,31.2
28064,8.532800000000001e-05,-0.008,31.2
28065,8.533000000000001e-05,0.0,31.2
28066,8.5332e-05,-0.008,31.2
28067,8.5334e-05,-0.008,31.2
28068,8.533600000000001e-05,-0.008,31.2
28069,8.5338e-05,0.0,31.2
28070,8.534e-05,-0.008,31.2
28071,8.534200000000001e-05,-0.008,31.2
28072,8.5344e-05,-0.008,31.2
28073,8.5346e-05,0.0,31.2
28074,8.534800000000001e-05,-0.008,31.2
28075,8.535e-05,-0.008,31.2
28076,8.5352e-05,-0.008,31.2
28077,8.535400000000001e-05,0.0,31.2
28078,8.5356e-05,-0.008,31.2
28079,8.5358e-05,0.0,31.2
28080,8.536000000000001e-05,-0.008,31.2
28081,8.5362e-05,0.0,31.2
28082,8.5364e-05,-0.008,31.2
28083,8.536600000000001e-05,-0.008,31.2
28084,8.5368e-05,-0.008,31.2
28085,8.537e-05,0.0,31.2
28086,8.537200000000001e-05,-0.008,31.2
28087,8.5374e-05,-0.008,31.2
28088,8.5376e-05,-0.008,31.2
28089,8.537800000000001e-05,0.0,31.2
28090,8.538e-05,-0.008,31.2
28091,8.5382e-05,-0.008,31.2
28092,8.538400000000001e-05,-0.008,31.2
28093,8.5386e-05,0.0,31.2
28094,8.5388e-05,-0.008,31.2
28095,8.539000000000001e-05,-0.008,31.2
28096,8.539200000000001e-05,-0.008,31.2
28097,8.5394e-05,0.0,31.2
28098,8.539600000000001e-05,-0.008,31.2
28099,8.539800000000001e-05,-0.008,31.2
28100,8.54e-05,-0.008,31.2
28101,8.5402e-05,0.0,31.2
28102,8.540400000000001e-05,-0.008,31.2
28103,8.5406e-05,-0.008,31.2
28104,8.5408e-05,-0.008,31.2
28105,8.541000000000001e-05,0.0,31.2
28106,8.5412e-05,-0.008,31.2
28107,8.5414e-05,0.0,31.2
28108,8.541600000000001e-05,-0.008,31.2
28109,8.5418e-05,0.0,31.2
28110,8.542e-05,-0.008,31.2
28111,8.542200000000001e-05,-0.008,31.2
28112,8.5424e-05,-0.008,31.2
28113,8.5426e-05,0.0,31.2
28114,8.542800000000001e-05,-0.008,31.2
28115,8.543e-05,-0.008,31.2
28116,8.5432e-05,-0.008,31.2
28117,8.543400000000001e-05,0.0,31.2
28118,8.5436e-05,-0.008,31.2
28119,8.5438e-05,-0.008,31.2
28120,8.544000000000001e-05,-0.008,31.2
28121,8.5442e-05,0.0,31.2
28122,8.5444e-05,-0.008,31.2
28123,8.544600000000001e-05,-0.008,31.2
28124,8.5448e-05,-0.008,31.2
28125,8.545e-05,0.0,31.2
28126,8.545200000000001e-05,-0.008,31.2
28127,8.5454e-05,-0.008,31.2
28128,8.5456e-05,-0.008,31.2
28129,8.545800000000001e-05,0.0,31.2
28130,8.546000000000001e-05,-0.008,31.2
28131,8.5462e-05,-0.008,31.2
28132,8.546400000000001e-05,-0.008,31.2
28133,8.546600000000001e-05,0.0,31.2
28134,8.5468e-05,-0.008,31.2
28135,8.547e-05,-0.008,31.2
28136,8.547200000000001e-05,-0.008,31.2
28137,8.5474e-05,0.0,31.2
28138,8.5476e-05,-0.008,31.2
28139,8.547800000000001e-05,-0.008,31.2
28140,8.548e-05,-0.008,31.2
28141,8.5482e-05,0.0,31.2
28142,8.548400000000001e-05,-0.008,31.2
28143,8.5486e-05,0.0,31.2
28144,8.5488e-05,-0.008,31.2
28145,8.549000000000001e-05,0.0,31.2
28146,8.5492e-05,-0.008,31.2
28147,8.5494e-05,-0.008,31.2
28148,8.549600000000001e-05,-0.008,31.2
28149,8.5498e-05,0.0,31.2
28150,8.55e-05,-0.008,31.2
28151,8.550200000000001e-05,-0.008,31.2
28152,8.5504e-05,-0.008,31.2
28153,8.5506e-05,0.0,31.2
28154,8.550800000000001e-05,-0.008,31.2
28155,8.551e-05,-0.008,31.2
28156,8.5512e-05,-0.008,31.2
28157,8.551400000000001e-05,0.0,31.2
28158,8.5516e-05,-0.008,31.2
28159,8.5518e-05,-0.008,31.2
28160,8.552000000000001e-05,-0.008,31.2
28161,8.5522e-05,0.0,31.2
28162,8.5524e-05,-0.008,31.2
28163,8.552600000000001e-05,-0.008,31.2
28164,8.552800000000001e-05,-0.008,31.2
28165,8.553e-05,0.0,31.2
28166,8.553200000000001e-05,-0.008,31.2
28167,8.553400000000001e-05,-0.008,31.2
28168,8.5536e-05,-0.008,31.2
28169,8.5538e-05,0.0,31.2
28170,8.554000000000001e-05,-0.008,31.2
28171,8.5542e-05,-0.008,31.2
28172,8.5544e-05,-0.008,31.2
28173,8.554600000000001e-05,0.0,31.2
28174,8.5548e-05,-0.008,31.2
28175,8.555e-05,-0.008,31.2
28176,8.555200000000001e-05,-0.008,31.2
28177,8.5554e-05,0.0,31.2
28178,8.5556e-05,-0.008,31.2
28179,8.555800000000001e-05,-0.008,31.2
28180,8.556e-05,-0.008,31.2
28181,8.5562e-05,0.0,31.2
28182,8.556400000000001e-05,-0.008,31.2
28183,8.5566e-05,-0.008,31.2
28184,8.5568e-05,-0.008,31.2
28185,8.557000000000001e-05,0.0,31.2
28186,8.5572e-05,0.0,31.2
28187,8.5574e-05,-0.008,31.2
28188,8.557600000000001e-05,-0.008,31.2
28189,8.5578e-05,0.0,31.2
28190,8.558e-05,-0.008,31.2
28191,8.558200000000001e-05,-0.008,31.2
28192,8.5584e-05,-0.008,31.2
28193,8.5586e-05,0.0,31.2
28194,8.558800000000001e-05,-0.008,31.2
28195,8.559e-05,-0.008,31.2
28196,8.5592e-05,-0.008,31.2
28197,8.559400000000001e-05,0.0,31.2
28198,8.559600000000001e-05,-0.008,31.2
28199,8.5598e-05,-0.008,31.2
28200,8.560000000000001e-05,-0.008,31.2
28201,8.560200000000001e-05,0.0,31.2
28202,8.5604e-05,-0.008,31.2
28203,8.5606e-05,-0.008,31.2
28204,8.560800000000001e-05,-0.008,31.2
28205,8.561e-05,0.0,31.2
28206,8.5612e-05,-0.008,31.2
28207,8.561400000000001e-05,-0.008,31.2
28208,8.5616e-05,-0.008,31.2
28209,8.5618e-05,0.0,31.2
28210,8.562000000000001e-05,-0.008,31.2
28211,8.5622e-05,0.0,31.2
28212,8.5624e-05,-0.008,31.2
28213,8.562600000000001e-05,0.0,31.2
28214,8.5628e-05,-0.008,31.2
28215,8.563e-05,-0.008,31.2
28216,8.563200000000001e-05,-0.008,31.2
28217,8.5634e-05,0.0,31.2
28218,8.5636e-05,-0.008,31.2
28219,8.563800000000001e-05,-0.008,31.2
28220,8.564e-05,-0.008,31.2
28221,8.5642e-05,0.0,31.2
28222,8.564400000000001e-05,-0.008,31.2
28223,8.5646e-05,-0.008,31.2
28224,8.5648e-05,-0.008,31.2
28225,8.565000000000001e-05,0.0,31.2
28226,8.5652e-05,-0.008,31.2
28227,8.5654e-05,-0.008,31.2
28228,8.565600000000001e-05,-0.008,31.2
28229,8.5658e-05,0.0,31.2
28230,8.566e-05,-0.008,31.2
28231,8.566200000000001e-05,-0.008,31.2
28232,8.5664e-05,-0.008,31.2
28233,8.5666e-05,0.0,31.2
28234,8.566800000000001e-05,-0.008,31.2
28235,8.567000000000001e-05,-0.008,31.2
28236,8.5672e-05,-0.008,31.2
28237,8.5674e-05,0.0,31.2
28238,8.567600000000001e-05,-0.008,31.2
28239,8.5678e-05,-0.008,31.2
28240,8.568e-05,-0.008,31.2
28241,8.568200000000001e-05,0.0,31.2
28242,8.5684e-05,-0.008,31.2
28243,8.5686e-05,0.0,31.2
28244,8.568800000000001e-05,-0.008,31.2
28245,8.569e-05,0.0,31.2
28246,8.5692e-05,-0.008,31.2
28247,8.569400000000001e-05,-0.008,31.2
28248,8.5696e-05,-0.008,31.2
28249,8.5698e-05,0.0,31.2
28250,8.570000000000001e-05,-0.008,31.2
28251,8.5702e-05,-0.008,31.2
28252,8.5704e-05,-0.008,31.2
28253,8.570600000000001e-05,0.0,31.2
28254,8.5708e-05,-0.008,31.2
28255,8.571e-05,-0.008,31.2
28256,8.571200000000001e-05,-0.008,31.2
28257,8.5714e-05,0.0,31.2
28258,8.5716e-05,-0.008,31.2
28259,8.571800000000001e-05,-0.008,31.2
28260,8.572e-05,-0.008,31.2
28261,8.5722e-05,0.0,31.2
28262,8.572400000000001e-05,-0.008,31.2
28263,8.5726e-05,-0.008,31.2
28264,8.5728e-05,-0.008,31.2
28265,8.573000000000001e-05,0.0,31.2
28266,8.5732e-05,-0.008,31.2
28267,8.5734e-05,-0.008,31.2
28268,8.573600000000001e-05,-0.008,31.2
28269,8.573800000000001e-05,0.0,31.2
28270,8.574e-05,-0.008,31.2
28271,8.574200000000001e-05,0.0,31.2
28272,8.574400000000001e-05,-0.008,31.2
28273,8.5746e-05,0.0,31.2
28274,8.5748e-05,-0.008,31.2
28275,8.575000000000001e-05,-0.008,31.2
28276,8.5752e-05,-0.008,31.2
28277,8.5754e-05,0.0,31.2
28278,8.575600000000001e-05,-0.008,31.2
28279,8.5758e-05,-0.008,31.2
28280,8.576e-05,-0.008,31.2
28281,8.576200000000001e-05,0.0,31.2
28282,8.5764e-05,-0.008,31.2
28283,8.5766e-05,-0.008,31.2
28284,8.576800000000001e-05,-0.008,31.2
28285,8.577e-05,0.0,31.2
28286,8.5772e-05,-0.008,31.2
28287,8.577400000000001e-05,-0.008,31.2
28288,8.5776e-05,-0.008,31.2
28289,8.5778e-05,0.0,31.2
28290,8.578000000000001e-05,-0.008,31.2
28291,8.5782e-05,-0.008,31.2
28292,8.5784e-05,-0.008,31.2
28293,8.578600000000001e-05,0.0,31.2
28294,8.5788e-05,-0.008,31.2
28295,8.579e-05,-0.008,31.2
28296,8.579200000000001e-05,-0.008,31.2
28297,8.5794e-05,0.0,31.2
28298,8.5796e-05,-0.008,31.2
28299,8.579800000000001e-05,0.0,31.2
28300,8.58e-05,-0.008,31.2
28301,8.5802e-05,0.0,31.2
28302,8.580400000000001e-05,-0.008,31.2
28303,8.580600000000001e-05,-0.008,31.2
28304,8.5808e-05,-0.008,31.2
28305,8.581000000000001e-05,0.0,31.2
28306,8.581200000000001e-05,-0.008,31.2
28307,8.5814e-05,-0.008,31.2
28308,8.5816e-05,-0.008,31.2
28309,8.581800000000001e-05,0.0,31.2
28310,8.582e-05,-0.008,31.2
28311,8.5822e-05,-0.008,31.2
28312,8.582400000000001e-05,-0.008,31.2
28313,8.5826e-05,0.0,31.2
28314,8.5828e-05,-0.008,31.2
28315,8.583000000000001e-05,-0.008,31.2
28316,8.5832e-05,-0.008,31.2
28317,8.5834e-05,0.0,31.2
28318,8.583600000000001e-05,-0.008,31.2
28319,8.5838e-05,-0.008,31.2
28320,8.584e-05,-0.008,31.2
28321,8.584200000000001e-05,0.0,31.2
28322,8.5844e-05,-0.008,31.2
28323,8.5846e-05,-0.008,31.2
28324,8.584800000000001e-05,-0.008,31.2
28325,8.585e-05,0.0,31.2
28326,8.5852e-05,-0.008,31.2
28327,8.585400000000001e-05,-0.008,31.2
28328,8.5856e-05,-0.008,31.2
28329,8.5858e-05,0.0,31.2
28330,8.586000000000001e-05,-0.008,31.2
28331,8.5862e-05,0.0,31.2
28332,8.5864e-05,-0.008,31.2
28333,8.586600000000001e-05,0.0,31.2
28334,8.5868e-05,-0.008,31.2
28335,8.587e-05,-0.008,31.2
28336,8.587200000000001e-05,-0.008,31.2
28337,8.587400000000001e-05,0.0,31.2
28338,8.5876e-05,-0.008,31.2
28339,8.587800000000001e-05,-0.008,31.2
28340,8.588000000000001e-05,-0.008,31.2
28341,8.5882e-05,0.0,31.2
28342,8.5884e-05,-0.008,31.2
28343,8.588600000000001e-05,-0.008,31.2
28344,8.5888e-05,-0.008,31.2
28345,8.589e-05,0.0,31.2
28346,8.589200000000001e-05,-0.008,31.2
28347,8.5894e-05,-0.008,31.2
28348,8.5896e-05,-0.008,31.2
28349,8.589800000000001e-05,0.0,31.2
28350,8.59e-05,-0.008,31.2
28351,8.5902e-05,-0.008,31.2
28352,8.590400000000001e-05,-0.008,31.2
28353,8.5906e-05,0.0,31.2
28354,8.5908e-05,-0.008,31.2
28355,8.591000000000001e-05,-0.008,31.2
28356,8.5912e-05,-0.008,31.2
28357,8.5914e-05,0.0,31.2
28358,8.591600000000001e-05,-0.008,31.2
28359,8.5918e-05,-0.008,31.2
28360,8.592e-05,-0.008,31.2
28361,8.592200000000001e-05,0.0,31.2
28362,8.5924e-05,-0.008,31.2
28363,8.5926e-05,-0.008,31.2
28364,8.592800000000001e-05,-0.008,31.2
28365,8.593e-05,0.0,31.2
28366,8.5932e-05,-0.008,31.2
28367,8.593400000000001e-05,-0.008,31.2
28368,8.5936e-05,-0.008,31.2
28369,8.5938e-05,0.0,31.2
28370,8.594000000000001e-05,-0.008,31.2
28371,8.594200000000001e-05,-0.008,31.2
28372,8.5944e-05,-0.008,31.2
28373,8.594600000000001e-05,0.0,31.2
28374,8.594800000000001e-05,-0.008,31.2
28375,8.595e-05,-0.008,31.2
28376,8.5952e-05,-0.008,31.2
28377,8.595400000000001e-05,0.0,31.2
28378,8.5956e-05,-0.008,31.2
28379,8.5958e-05,-0.008,31.2
28380,8.596000000000001e-05,-0.008,31.2
28381,8.5962e-05,0.0,31.2
28382,8.5964e-05,-0.008,31.2
28383,8.596600000000001e-05,-0.008,31.2
28384,8.5968e-05,-0.008,31.2
28385,8.597e-05,0.0,31.2
28386,8.597200000000001e-05,0.0,31.2
28387,8.5974e-05,-0.008,31.2
28388,8.5976e-05,-0.008,31.2
28389,8.597800000000001e-05,0.0,31.2
28390,8.598e-05,-0.008,31.2
28391,8.5982e-05,0.0,31.2
28392,8.598400000000001e-05,-0.008,31.2
28393,8.5986e-05,0.0,31.2
28394,8.5988e-05,-0.008,31.2
28395,8.599000000000001e-05,-0.008,31.2
28396,8.5992e-05,-0.008,31.2
28397,8.5994e-05,0.0,31.2
28398,8.599600000000001e-05,-0.008,31.2
28399,8.5998e-05,-0.008,31.2
28400,8.6e-05,-0.008,31.2
28401,8.600200000000001e-05,0.0,31.2
28402,8.6004e-05,-0.008,31.2
28403,8.6006e-05,-0.008,31.2
28404,8.600800000000001e-05,-0.008,31.2
28405,8.601000000000001e-05,0.0,31.2
28406,8.6012e-05,-0.008,31.2
28407,8.601400000000001e-05,-0.008,31.2
28408,8.601600000000001e-05,-0.008,31.2
28409,8.6018e-05,0.0,31.2
28410,8.602e-05,-0.008,31.2
28411,8.602200000000001e-05,-0.008,31.2
28412,8.6024e-05,-0.008,31.2
28413,8.6026e-05,0.0,31.2
28414,8.602800000000001e-05,-0.008,31.2
28415,8.603e-05,-0.008,31.2
28416,8.6032e-05,-0.008,31.2
28417,8.603400000000001e-05,0.0,31.2
28418,8.6036e-05,-0.008,31.2
28419,8.6038e-05,-0.008,31.2
28420,8.604000000000001e-05,-0.008,31.2
28421,8.6042e-05,0.0,31.2
28422,8.6044e-05,-0.008,31.2
28423,8.604600000000001e-05,-0.008,31.2
28424,8.6048e-05,-0.008,31.2
28425,8.605e-05,0.0,31.2
28426,8.605200000000001e-05,0.0,31.2
28427,8.6054e-05,-0.008,31.2
28428,8.6056e-05,-0.008,31.2
28429,8.605800000000001e-05,0.0,31.2
28430,8.606e-05,-0.008,31.2
28431,8.6062e-05,0.0,31.2
28432,8.606400000000001e-05,-0.008,31.2
28433,8.6066e-05,0.0,31.2
28434,8.6068e-05,-0.008,31.2
28435,8.607000000000001e-05,-0.008,31.2
28436,8.6072e-05,-0.008,31.2
28437,8.6074e-05,0.0,31.2
28438,8.607600000000001e-05,-0.008,31.2
28439,8.607800000000001e-05,0.0,31.2
28440,8.608e-05,-0.008,31.2
28441,8.608200000000001e-05,0.0,31.2
28442,8.608400000000001e-05,-0.008,31.2
28443,8.6086e-05,-0.008,31.2
28444,8.6088e-05,-0.008,31.2
28445,8.609000000000001e-05,0.0,31.2
28446,8.6092e-05,-0.008,31.2
28447,8.6094e-05,-0.008,31.2
28448,8.609600000000001e-05,-0.008,31.2
28449,8.6098e-05,0.0,31.2
28450,8.61e-05,-0.008,31.2
28451,8.610200000000001e-05,-0.008,31.2
28452,8.6104e-05,-0.008,31.2
28453,8.6106e-05,0.0,31.2
28454,8.610800000000001e-05,-0.008,31.2
28455,8.611e-05,-0.008,31.2
28456,8.6112e-05,-0.008,31.2
28457,8.611400000000001e-05,0.0,31.2
28458,8.6116e-05,-0.008,31.2
28459,8.6118e-05,-0.008,31.2
28460,8.612000000000001e-05,-0.008,31.2
28461,8.6122e-05,0.0,31.2
28462,8.6124e-05,-0.008,31.2
28463,8.612600000000001e-05,0.0,31.2
28464,8.6128e-05,-0.008,31.2
28465,8.613e-05,0.0,31.2
28466,8.613200000000001e-05,-0.008,31.2
28467,8.6134e-05,-0.008,31.2
28468,8.6136e-05,-0.008,31.2
28469,8.613800000000001e-05,0.0,31.2
28470,8.614e-05,-0.008,31.2
28471,8.6142e-05,-0.008,31.2
28472,8.614400000000001e-05,-0.008,31.2
28473,8.614600000000001e-05,0.0,31.2
28474,8.6148e-05,-0.008,31.2
28475,8.615000000000001e-05,-0.008,31.2
28476,8.615200000000001e-05,-0.008,31.2
28477,8.6154e-05,0.0,31.2
28478,8.6156e-05,-0.008,31.2
28479,8.615800000000001e-05,-0.008,31.2
28480,8.616e-05,-0.008,31.2
28481,8.6162e-05,0.0,31.2
28482,8.616400000000001e-05,-0.008,31.2
28483,8.6166e-05,-0.008,31.2
28484,8.6168e-05,-0.008,31.2
28485,8.617000000000001e-05,0.0,31.2
28486,8.6172e-05,-0.008,31.2
28487,8.6174e-05,-0.008,31.2
28488,8.617600000000001e-05,-0.008,31.2
28489,8.6178e-05,0.0,31.2
28490,8.618e-05,-0.008,31.2
28491,8.618200000000001e-05,0.0,31.2
28492,8.6184e-05,-0.008,31.2
28493,8.6186e-05,0.0,31.2
28494,8.618800000000001e-05,-0.008,31.2
28495,8.619e-05,-0.008,31.2
28496,8.6192e-05,-0.008,31.2
28497,8.619400000000001e-05,0.0,31.2
28498,8.6196e-05,-0.008,31.2
28499,8.6198e-05,0.0,31.2
28500,8.620000000000001e-05,-0.008,31.2
28501,8.6202e-05,0.0,31.2
28502,8.6204e-05,-0.008,31.2
28503,8.620600000000001e-05,-0.008,31.2
28504,8.6208e-05,0.0,31.2
28505,8.621e-05,0.0,31.2
28506,8.621200000000001e-05,-0.008,31.2
28507,8.621400000000001e-05,0.0,31.2
28508,8.6216e-05,-0.008,31.2
28509,8.621800000000001e-05,0.0,31.2
28510,8.622000000000001e-05,-0.008,31.2
28511,8.6222e-05,-0.008,31.2
28512,8.6224e-05,-0.008,31.2
28513,8.622600000000001e-05,0.0,31.2
28514,8.6228e-05,-0.008,31.2
28515,8.623e-05,-0.008,31.2
28516,8.623200000000001e-05,-0.008,31.2
28517,8.6234e-05,0.0,31.2
28518,8.6236e-05,-0.008,31.2
28519,8.623800000000001e-05,-0.008,31.2
28520,8.624e-05,-0.008,31.2
28521,8.6242e-05,0.0,31.2
28522,8.624400000000001e-05,-0.008,31.2
28523,8.6246e-05,0.0,31.2
28524,8.6248e-05,-0.008,31.2
28525,8.625000000000001e-05,0.0,31.2
28526,8.6252e-05,-0.008,31.2
28527,8.6254e-05,-0.008,31.2
28528,8.625600000000001e-05,-0.008,31.2
28529,8.6258e-05,0.0,31.2
28530,8.626e-05,-0.008,31.2
28531,8.626200000000001e-05,-0.008,31.2
28532,8.6264e-05,-0.008,31.2
28533,8.6266e-05,0.0,31.2
28534,8.626800000000001e-05,-0.008,31.2
28535,8.627e-05,-0.008,31.2
28536,8.6272e-05,-0.008,31.2
28537,8.627400000000001e-05,0.0,31.2
28538,8.6276e-05,-0.008,31.2
28539,8.6278e-05,-0.008,31.2
28540,8.628000000000001e-05,-0.008,31.2
28541,8.628200000000001e-05,0.0,31.2
28542,8.6284e-05,-0.008,31.2
28543,8.628600000000001e-05,-0.008,31.2
28544,8.628800000000001e-05,-0.008,31.2
28545,8.629e-05,0.0,31.2
28546,8.6292e-05,-0.008,31.2
28547,8.629400000000001e-05,-0.008,31.2
28548,8.6296e-05,-0.008,31.2
28549,8.6298e-05,0.0,31.2
28550,8.630000000000001e-05,-0.008,31.2
28551,8.6302e-05,-0.008,31.2
28552,8.6304e-05,-0.008,31.2
28553,8.630600000000001e-05,0.0,31.2
28554,8.6308e-05,-0.008,31.2
28555,8.631e-05,-0.008,31.2
28556,8.631200000000001e-05,-0.008,31.2
28557,8.6314e-05,0.0,31.2
28558,8.6316e-05,-0.008,31.2
28559,8.631800000000001e-05,0.0,31.2
28560,8.632e-05,-0.008,31.2
28561,8.6322e-05,0.0,31.2
28562,8.632400000000001e-05,-0.008,31.2
28563,8.6326e-05,0.0,31.2
28564,8.6328e-05,-0.008,31.2
28565,8.633000000000001e-05,0.0,31.2
28566,8.6332e-05,-0.008,31.2
28567,8.6334e-05,0.0,31.2
28568,8.633600000000001e-05,-0.008,31.2
28569,8.6338e-05,0.0,31.2
28570,8.634e-05,-0.008,31.2
28571,8.634200000000001e-05,0.0,31.2
28572,8.6344e-05,-0.008,31.2
28573,8.6346e-05,0.0,31.2
28574,8.634800000000001e-05,-0.008,31.2
28575,8.635000000000001e-05,-0.008,31.2
28576,8.6352e-05,-0.008,31.2
28577,8.635400000000001e-05,0.0,31.2
28578,8.635600000000001e-05,-0.008,31.2
28579,8.6358e-05,-0.008,31.2
28580,8.636e-05,-0.008,31.2
28581,8.636200000000001e-05,0.0,31.2
28582,8.6364e-05,-0.008,31.2
28583,8.6366e-05,0.0,31.2
28584,8.636800000000001e-05,-0.008,31.2
28585,8.637e-05,0.0,31.2
28586,8.6372e-05,-0.008,31.2
28587,8.637400000000001e-05,-0.008,31.2
28588,8.6376e-05,-0.008,31.2
28589,8.6378e-05,0.0,31.2
28590,8.638000000000001e-05,-0.008,31.2
28591,8.6382e-05,-0.008,31.2
28592,8.6384e-05,-0.008,31.2
28593,8.638600000000001e-05,0.0,31.2
28594,8.6388e-05,0.0,31.2
28595,8.639e-05,-0.008,31.2
28596,8.639200000000001e-05,-0.008,31.2
28597,8.6394e-05,0.0,31.2
28598,8.6396e-05,-0.008,31.2
28599,8.639800000000001e-05,0.0,31.2
28600,8.64e-05,-0.008,31.2
28601,8.6402e-05,0.0,31.2
28602,8.640400000000001e-05,-0.008,31.2
28603,8.6406e-05,0.0,31.2
28604,8.6408e-05,-0.008,31.2
28605,8.641000000000001e-05,0.0,31.2
28606,8.6412e-05,-0.008,31.2
28607,8.6414e-05,0.0,31.2
28608,8.641600000000001e-05,-0.008,31.2
28609,8.641800000000001e-05,0.0,31.2
28610,8.642e-05,-0.008,31.2
28611,8.642200000000001e-05,0.0,31.2
28612,8.642400000000001e-05,-0.008,31.2
28613,8.6426e-05,0.0,31.2
28614,8.6428e-05,-0.008,31.2
28615,8.643000000000001e-05,0.0,31.2
28616,8.6432e-05,-0.008,31.2
28617,8.6434e-05,0.0,31.2
28618,8.643600000000001e-05,-0.008,31.2
28619,8.6438e-05,0.0,31.2
28620,8.644e-05,-0.008,31.2
28621,8.644200000000001e-05,0.0,31.2
28622,8.6444e-05,-0.008,31.2
28623,8.6446e-05,0.0,31.2
28624,8.644800000000001e-05,-0.008,31.2
28625,8.645e-05,0.0,31.2
28626,8.6452e-05,-0.008,31.2
28627,8.645400000000001e-05,-0.008,31.2
28628,8.6456e-05,-0.008,31.2
28629,8.6458e-05,0.0,31.2
28630,8.646000000000001e-05,-0.008,31.2
28631,8.6462e-05,0.0,31.2
28632,8.6464e-05,-0.008,31.2
28633,8.646600000000001e-05,0.0,31.2
28634,8.6468e-05,0.0,31.2
28635,8.647e-05,-0.008,31.2
28636,8.647200000000001e-05,-0.008,31.2
28637,8.6474e-05,0.0,31.2
28638,8.6476e-05,0.0,31.2
28639,8.647800000000001e-05,0.0,31.2
28640,8.648e-05,-0.008,31.2
28641,8.6482e-05,0.0,31.2
28642,8.648400000000001e-05,-0.008,31.2
28643,8.648600000000001e-05,-0.008,31.2
28644,8.6488e-05,-0.008,31.2
28645,8.649000000000001e-05,0.0,31.2
28646,8.649200000000001e-05,-0.008,31.2
28647,8.6494e-05,-0.008,31.2
28648,8.6496e-05,-0.008,31.2
28649,8.649800000000001e-05,0.0,31.2
28650,8.65e-05,-0.008,31.2
28651,8.6502e-05,-0.008,31.2
28652,8.650400000000001e-05,-0.008,31.2
28653,8.6506e-05,0.0,31.2
28654,8.6508e-05,-0.008,31.2
28655,8.651000000000001e-05,0.0,31.2
28656,8.6512e-05,-0.008,31.2
28657,8.6514e-05,0.0,31.2
28658,8.651600000000001e-05,-0.008,31.2
28659,8.6518e-05,0.0,31.2
28660,8.652e-05,-0.008,31.2
28661,8.652200000000001e-05,0.0,31.2
28662,8.6524e-05,-0.008,31.2
28663,8.6526e-05,0.0,31.2
28664,8.652800000000001e-05,-0.008,31.2
28665,8.653e-05,0.0,31.2
28666,8.6532e-05,-0.008,31.2
28667,8.653400000000001e-05,-0.008,31.2
28668,8.6536e-05,-0.008,31.2
28669,8.6538e-05,0.0,31.2
28670,8.654000000000001e-05,-0.008,31.2
28671,8.6542e-05,0.0,31.2
28672,8.6544e-05,-0.008,31.2
28673,8.654600000000001e-05,0.0,31.2
28674,8.6548e-05,0.0,31.2
28675,8.655e-05,-0.008,31.2
28676,8.655200000000001e-05,-0.008,31.2
28677,8.655400000000001e-05,0.0,31.2
28678,8.6556e-05,-0.008,31.2
28679,8.655800000000001e-05,0.0,31.2
28680,8.656000000000001e-05,-0.008,31.2
28681,8.6562e-05,0.0,31.2
28682,8.6564e-05,-0.008,31.2
28683,8.656600000000001e-05,0.0,31.2
28684,8.6568e-05,-0.008,31.2
28685,8.657e-05,0.0,31.2
28686,8.657200000000001e-05,-0.008,31.2
28687,8.6574e-05,0.0,31.2
28688,8.6576e-05,-0.008,31.2
28689,8.657800000000001e-05,0.0,31.2
28690,8.658e-05,-0.008,31.2
28691,8.6582e-05,-0.008,31.2
28692,8.658400000000001e-05,-0.008,31.2
28693,8.6586e-05,0.0,31.2
28694,8.6588e-05,-0.008,31.2
28695,8.659000000000001e-05,0.0,31.2
28696,8.6592e-05,-0.008,31.2
28697,8.6594e-05,0.0,31.2
28698,8.659600000000001e-05,-0.008,31.2
28699,8.6598e-05,0.0,31.2
28700,8.66e-05,-0.008,31.2
28701,8.660200000000001e-05,0.0,31.2
28702,8.6604e-05,-0.008,31.2
28703,8.6606e-05,-0.008,31.2
28704,8.660800000000001e-05,0.0,31.2
28705,8.661e-05,0.0,31.2
28706,8.6612e-05,-0.008,31.2
28707,8.661400000000001e-05,0.0,31.2
28708,8.6616e-05,-0.008,31.2
28709,8.6618e-05,0.0,31.2
28710,8.662000000000001e-05,-0.008,31.2
28711,8.662200000000001e-05,0.0,31.2
28712,8.6624e-05,-0.008,31.2
28713,8.662600000000001e-05,0.0,31.2
28714,8.662800000000001e-05,-0.008,31.2
28715,8.663e-05,-0.008,31.2
28716,8.6632e-05,-0.008,31.2
28717,8.663400000000001e-05,0.0,31.2
28718,8.6636e-05,-0.008,31.2
28719,8.6638e-05,0.0,31.2
28720,8.664000000000001e-05,-0.008,31.2
28721,8.6642e-05,0.0,31.2
28722,8.6644e-05,-0.008,31.2
28723,8.664600000000001e-05,-0.008,31.2
28724,8.6648e-05,-0.008,31.2
28725,8.665e-05,0.0,31.2
28726,8.665200000000001e-05,-0.008,31.2
28727,8.6654e-05,0.0,31.2
28728,8.6656e-05,-0.008,31.2
28729,8.665800000000001e-05,0.0,31.2
28730,8.666e-05,-0.008,31.2
28731,8.6662e-05,0.0,31.2
28732,8.666400000000001e-05,-0.008,31.2
28733,8.6666e-05,0.0,31.2
28734,8.6668e-05,-0.008,31.2
28735,8.667000000000001e-05,-0.008,31.2
28736,8.6672e-05,-0.008,31.2
28737,8.6674e-05,0.0,31.2
28738,8.667600000000001e-05,-0.008,31.2
28739,8.6678e-05,-0.008,31.2
28740,8.668e-05,-0.008,31.2
28741,8.668200000000001e-05,0.0,31.2
28742,8.6684e-05,-0.008,31.2
28743,8.6686e-05,0.0,31.2
28744,8.668800000000001e-05,-0.008,31.2
28745,8.669000000000001e-05,0.0,31.2
28746,8.6692e-05,0.0,31.2
28747,8.669400000000001e-05,-0.008,31.2
28748,8.669600000000001e-05,-0.008,31.2
28749,8.6698e-05,0.0,31.2
28750,8.67e-05,-0.008,31.2
28751,8.670200000000001e-05,0.0,31.2
28752,8.6704e-05,-0.008,31.2
28753,8.6706e-05,0.0,31.2
28754,8.670800000000001e-05,-0.008,31.2
28755,8.671e-05,-0.008,31.2
28756,8.6712e-05,0.0,31.2
28757,8.671400000000001e-05,0.0,31.2
28758,8.6716e-05,-0.008,31.2
28759,8.6718e-05,0.0,31.2
28760,8.672000000000001e-05,-0.008,31.2
28761,8.6722e-05,0.0,31.2
28762,8.6724e-05,-0.008,31.2
28763,8.672600000000001e-05,0.0,31.2
28764,8.6728e-05,-0.008,31.2
28765,8.673e-05,0.0,31.2
28766,8.673200000000001e-05,-0.008,31.2
28767,8.6734e-05,0.0,31.2
28768,8.6736e-05,-0.008,31.2
28769,8.673800000000001e-05,0.0,31.2
28770,8.674e-05,-0.008,31.2
28771,8.6742e-05,0.0,31.2
28772,8.674400000000001e-05,-0.008,31.2
28773,8.6746e-05,0.0,31.2
28774,8.6748e-05,-0.008,31.2
28775,8.675000000000001e-05,-0.008,31.2
28776,8.6752e-05,-0.008,31.2
28777,8.6754e-05,0.0,31.2
28778,8.675600000000001e-05,0.0,31.2
28779,8.675800000000001e-05,-0.008,31.2
28780,8.676e-05,-0.008,31.2
28781,8.676200000000001e-05,0.0,31.2
28782,8.676400000000001e-05,-0.008,31.2
28783,8.6766e-05,0.0,31.2
28784,8.676800000000001e-05,-0.008,31.2
28785,8.677000000000001e-05,0.0,31.2
28786,8.6772e-05,0.0,31.2
28787,8.6774e-05,-0.008,31.2
28788,8.677600000000001e-05,-0.008,31.2
28789,8.6778e-05,0.0,31.2
28790,8.678e-05,-0.008,31.2
28791,8.678200000000001e-05,-0.008,31.2
28792,8.6784e-05,-0.008,31.2
28793,8.6786e-05,0.0,31.2
28794,8.678800000000001e-05,-0.008,31.2
28795,8.679e-05,-0.008,31.2
28796,8.6792e-05,-0.008,31.2
28797,8.679400000000001e-05,0.0,31.2
28798,8.6796e-05,-0.008,31.2
28799,8.6798e-05,0.0,31.2
28800,8.680000000000001e-05,-0.008,31.2
28801,8.6802e-05,0.0,31.2
28802,8.6804e-05,-0.008,31.2
28803,8.680600000000001e-05,0.0,31.2
28804,8.6808e-05,0.0,31.2
28805,8.681e-05,0.0,31.2
28806,8.681200000000001e-05,-0.008,31.2
28807,8.6814e-05,-0.008,31.2
28808,8.6816e-05,-0.008,31.2
28809,8.681800000000001e-05,0.0,31.2
28810,8.682e-05,-0.008,31.2
28811,8.6822e-05,0.0,31.2
28812,8.682400000000001e-05,-0.008,31.2
28813,8.682600000000001e-05,0.0,31.2
28814,8.6828e-05,-0.008,31.2
28815,8.683000000000001e-05,-0.008,31.2
28816,8.683200000000001e-05,-0.008,31.2
28817,8.6834e-05,0.0,31.2
28818,8.683600000000001e-05,-0.008,31.2
28819,8.683800000000001e-05,0.0,31.2
28820,8.684e-05,-0.008,31.2
28821,8.6842e-05,0.0,31.2
28822,8.684400000000001e-05,-0.008,31.2
28823,8.6846e-05,0.0,31.2
28824,8.6848e-05,-0.008,31.2
28825,8.685000000000001e-05,0.0,31.2
28826,8.6852e-05,-0.008,31.2
28827,8.6854e-05,-0.008,31.2
28828,8.685600000000001e-05,-0.008,31.2
28829,8.6858e-05,0.0,31.2
28830,8.686e-05,-0.008,31.2
28831,8.686200000000001e-05,0.0,31.2
28832,8.6864e-05,-0.008,31.2
28833,8.6866e-05,0.0,31.2
28834,8.686800000000001e-05,-0.008,31.2
28835,8.687e-05,-0.008,31.2
28836,8.6872e-05,-0.008,31.2
28837,8.687400000000001e-05,0.0,31.2
28838,8.6876e-05,-0.008,31.2
28839,8.6878e-05,0.0,31.2
28840,8.688000000000001e-05,-0.008,31.2
28841,8.6882e-05,0.0,31.2
28842,8.6884e-05,-0.008,31.2
28843,8.688600000000001e-05,0.0,31.2
28844,8.6888e-05,-0.008,31.2
28845,8.689e-05,0.0,31.2
28846,8.689200000000001e-05,-0.008,31.2
28847,8.6894e-05,0.0,31.2
28848,8.6896e-05,-0.008,31.2
28849,8.689800000000001e-05,0.0,31.2
28850,8.690000000000001e-05,-0.008,31.2
28851,8.6902e-05,0.0,31.2
28852,8.690400000000001e-05,-0.008,31.2
28853,8.690600000000001e-05,0.0,31.2
28854,8.6908e-05,-0.008,31.2
28855,8.691e-05,0.0,31.2
28856,8.691200000000001e-05,-0.008,31.2
28857,8.6914e-05,0.0,31.2
28858,8.6916e-05,-0.008,31.2
28859,8.691800000000001e-05,0.0,31.2
28860,8.692e-05,-0.008,31.2
28861,8.6922e-05,0.0,31.2
28862,8.692400000000001e-05,-0.008,31.2
28863,8.6926e-05,0.0,31.2
28864,8.6928e-05,-0.008,31.2
28865,8.693000000000001e-05,0.0,31.2
28866,8.6932e-05,-0.008,31.2
28867,8.6934e-05,0.0,31.2
28868,8.693600000000001e-05,-0.008,31.2
28869,8.6938e-05,0.0,31.2
28870,8.694e-05,-0.008,31.2
28871,8.694200000000001e-05,0.0,31.2
28872,8.6944e-05,-0.008,31.2
28873,8.6946e-05,0.0,31.2
28874,8.694800000000001e-05,-0.008,31.2
28875,8.695e-05,-0.008,31.2
28876,8.6952e-05,-0.008,31.2
28877,8.695400000000001e-05,0.0,31.2
28878,8.6956e-05,-0.008,31.2
28879,8.6958e-05,0.0,31.2
28880,8.696000000000001e-05,-0.008,31.2
28881,8.6962e-05,0.0,31.2
28882,8.6964e-05,-0.008,31.2
28883,8.696600000000001e-05,0.0,31.2
28884,8.696800000000001e-05,0.0,31.2
28885,8.697e-05,0.0,31.2
28886,8.697200000000001e-05,-0.008,31.2
28887,8.697400000000001e-05,0.0,31.2
28888,8.6976e-05,-0.008,31.2
28889,8.6978e-05,0.0,31.2
28890,8.698000000000001e-05,-0.008,31.2
28891,8.6982e-05,0.0,31.2
28892,8.6984e-05,-0.008,31.2
28893,8.698600000000001e-05,0.0,31.2
28894,8.6988e-05,-0.008,31.2
28895,8.699e-05,0.0,31.2
28896,8.699200000000001e-05,-0.008,31.2
28897,8.6994e-05,0.0,31.2
28898,8.6996e-05,0.0,31.2
28899,8.699800000000001e-05,0.0,31.2
28900,8.7e-05,-0.008,31.2
28901,8.7002e-05,0.0,31.2
28902,8.700400000000001e-05,-0.008,31.2
28903,8.7006e-05,-0.008,31.2
28904,8.7008e-05,0.0,31.2
28905,8.701000000000001e-05,0.0,31.2
28906,8.7012e-05,-0.008,31.2
28907,8.7014e-05,0.0,31.2
28908,8.701600000000001e-05,-0.008,31.2
28909,8.7018e-05,0.0,31.2
28910,8.702e-05,-0.008,31.2
28911,8.702200000000001e-05,0.0,31.2
28912,8.7024e-05,-0.008,31.2
28913,8.7026e-05,0.0,31.2
28914,8.702800000000001e-05,0.0,31.2
28915,8.703e-05,-0.008,31.2
28916,8.7032e-05,-0.008,31.2
28917,8.703400000000001e-05,0.0,31.2
28918,8.703600000000001e-05,-0.008,31.2
28919,8.7038e-05,-0.008,31.2
28920,8.704000000000001e-05,-0.008,31.2
28921,8.704200000000001e-05,0.0,31.2
28922,8.7044e-05,0.0,31.2
28923,8.7046e-05,0.0,31.2
28924,8.704800000000001e-05,-0.008,31.2
28925,8.705e-05,0.0,31.2
28926,8.7052e-05,0.0,31.2
28927,8.705400000000001e-05,0.0,31.2
28928,8.7056e-05,-0.008,31.2
28929,8.7058e-05,0.0,31.2
28930,8.706000000000001e-05,-0.008,31.2
28931,8.7062e-05,0.0,31.2
28932,8.7064e-05,-0.008,31.2
28933,8.706600000000001e-05,0.0,31.2
28934,8.7068e-05,-0.008,31.2
28935,8.707e-05,-0.008,31.2
28936,8.707200000000001e-05,-0.008,31.2
28937,8.7074e-05,0.0,31.2
28938,8.7076e-05,0.0,31.2
28939,8.707800000000001e-05,0.0,31.2
28940,8.708e-05,-0.008,31.2
28941,8.7082e-05,0.0,31.2
28942,8.708400000000001e-05,-0.008,31.2
28943,8.7086e-05,0.0,31.2
28944,8.7088e-05,-0.008,31.2
28945,8.709000000000001e-05,0.0,31.2
28946,8.7092e-05,-0.008,31.2
28947,8.7094e-05,0.0,31.2
28948,8.709600000000001e-05,-0.008,31.2
28949,8.7098e-05,0.0,31.2
28950,8.71e-05,-0.008,31.2
28951,8.710200000000001e-05,0.0,31.2
28952,8.710400000000001e-05,-0.008,31.2
28953,8.7106e-05,0.0,31.2
28954,8.710800000000001e-05,0.0,31.2
28955,8.711000000000001e-05,-0.008,31.2
28956,8.7112e-05,-0.008,31.2
28957,8.7114e-05,0.0,31.2
28958,8.711600000000001e-05,-0.008,31.2
28959,8.7118e-05,-0.008,31.2
28960,8.712e-05,-0.008,31.2
28961,8.712200000000001e-05,0.0,31.2
28962,8.7124e-05,-0.008,31.2
28963,8.7126e-05,-0.008,31.2
28964,8.712800000000001e-05,-0.008,31.2
28965,8.713e-05,0.0,31.2
28966,8.7132e-05,-0.008,31.2
28967,8.713400000000001e-05,-0.008,31.2
28968,8.7136e-05,-0.008,31.2
28969,8.7138e-05,0.0,31.2
28970,8.714000000000001e-05,-0.008,31.2
28971,8.7142e-05,0.0,31.2
28972,8.7144e-05,-0.008,31.2
28973,8.714600000000001e-05,0.0,31.2
28974,8.7148e-05,-0.008,31.2
28975,8.715e-05,0.0,31.2
28976,8.715200000000001e-05,-0.008,31.2
28977,8.7154e-05,0.0,31.2
28978,8.7156e-05,-0.008,31.2
28979,8.715800000000001e-05,0.0,31.2
28980,8.716e-05,-0.008,31.2
28981,8.7162e-05,0.0,31.2
28982,8.716400000000001e-05,-0.008,31.2
28983,8.7166e-05,0.0,31.2
28984,8.7168e-05,-0.008,31.2
28985,8.717000000000001e-05,0.0,31.2
28986,8.717200000000001e-05,-0.008,31.2
28987,8.7174e-05,-0.008,31.2
28988,8.717600000000001e-05,-0.008,31.2
28989,8.717800000000001e-05,0.0,31.2
28990,8.718e-05,-0.008,31.2
28991,8.7182e-05,0.0,31.2
28992,8.718400000000001e-05,-0.008,31.2
28993,8.7186e-05,0.0,31.2
28994,8.7188e-05,-0.008,31.2
28995,8.719000000000001e-05,0.0,31.2
28996,8.7192e-05,0.0,31.2
28997,8.7194e-05,0.0,31.2
28998,8.719600000000001e-05,-0.008,31.2
28999,8.7198e-05,0.0,31.2
29000,8.72e-05,-0.008,31.2
29001,8.720200000000001e-05,0.0,31.2
29002,8.7204e-05,-0.008,31.2
29003,8.7206e-05,0.0,31.2
29004,8.720800000000001e-05,-0.008,31.2
29005,8.721e-05,0.0,31.2
29006,8.7212e-05,-0.008,31.2
29007,8.721400000000001e-05,0.0,31.2
29008,8.7216e-05,-0.008,31.2
29009,8.7218e-05,0.0,31.2
29010,8.722000000000001e-05,0.0,31.2
29011,8.7222e-05,0.0,31.2
29012,8.7224e-05,-0.008,31.2
29013,8.722600000000001e-05,0.0,31.2
29014,8.7228e-05,0.0,31.2
29015,8.723e-05,0.0,31.2
29016,8.723200000000001e-05,-0.008,31.2
29017,8.7234e-05,0.0,31.2
29018,8.7236e-05,0.0,31.2
29019,8.723800000000001e-05,-0.008,31.2
29020,8.724000000000001e-05,-0.008,31.2
29021,8.7242e-05,0.0,31.2
29022,8.724400000000001e-05,-0.008,31.2
29023,8.724600000000001e-05,0.0,31.2
29024,8.7248e-05,-0.008,31.2
29025,8.725e-05,0.0,31.2
29026,8.725200000000001e-05,0.0,31.2
29027,8.7254e-05,0.0,31.2
29028,8.7256e-05,-0.008,31.2
29029,8.725800000000001e-05,0.0,31.2
29030,8.726e-05,-0.008,31.2
29031,8.7262e-05,0.0,31.2
29032,8.726400000000001e-05,-0.008,31.2
29033,8.7266e-05,0.0,31.2
29034,8.7268e-05,0.0,31.2
29035,8.727000000000001e-05,-0.008,31.2
29036,8.7272e-05,0.0,31.2
29037,8.7274e-05,0.0,31.2
29038,8.727600000000001e-05,-0.008,31.2
29039,8.7278e-05,0.0,31.2
29040,8.728e-05,-0.008,31.2
29041,8.728200000000001e-05,0.0,31.2
29042,8.7284e-05,0.0,31.2
29043,8.7286e-05,0.0,31.2
29044,8.728800000000001e-05,-0.008,31.2
29045,8.729e-05,0.0,31.2
29046,8.7292e-05,-0.008,31.2
29047,8.729400000000001e-05,0.0,31.2
29048,8.7296e-05,-0.008,31.2
29049,8.7298e-05,0.0,31.2
29050,8.730000000000001e-05,0.0,31.2
29051,8.7302e-05,0.0,31.2
29052,8.7304e-05,-0.008,31.2
29053,8.730600000000001e-05,0.0,31.2
29054,8.730800000000001e-05,-0.008,31.2
29055,8.731e-05,0.0,31.2
29056,8.731200000000001e-05,-0.008,31.2
29057,8.731400000000001e-05,0.0,31.2
29058,8.7316e-05,0.0,31.2
29059,8.7318e-05,0.0,31.2
29060,8.732000000000001e-05,-0.008,31.2
29061,8.7322e-05,0.0,31.2
29062,8.7324e-05,-0.008,31.2
29063,8.732600000000001e-05,0.0,31.2
29064,8.7328e-05,-0.008,31.2
29065,8.733e-05,0.0,31.2
29066,8.733200000000001e-05,0.0,31.2
29067,8.7334e-05,-0.008,31.2
29068,8.7336e-05,-0.008,31.2
29069,8.733800000000001e-05,0.0,31.2
29070,8.734e-05,-0.008,31.2
29071,8.7342e-05,0.0,31.2
29072,8.734400000000001e-05,-0.008,31.2
29073,8.7346e-05,0.0,31.2
29074,8.7348e-05,0.0,31.2
29075,8.735000000000001e-05,0.0,31.2
29076,8.7352e-05,-0.008,31.2
29077,8.7354e-05,0.0,31.2
29078,8.735600000000001e-05,-0.008,31.2
29079,8.7358e-05,-0.008,31.2
29080,8.736e-05,-0.008,31.2
29081,8.736200000000001e-05,0.0,31.2
29082,8.7364e-05,0.0,31.2
29083,8.7366e-05,0.0,31.2
29084,8.736800000000001e-05,-0.008,31.2
29085,8.737e-05,0.0,31.2
29086,8.7372e-05,-0.008,31.2
29087,8.737400000000001e-05,0.0,31.2
29088,8.737600000000001e-05,-0.008,31.2
29089,8.7378e-05,0.0,31.2
29090,8.738000000000001e-05,0.0,31.2
29091,8.738200000000001e-05,0.0,31.2
29092,8.7384e-05,-0.008,31.2
29093,8.7386e-05,0.0,31.2
29094,8.738800000000001e-05,0.0,31.2
29095,8.739e-05,0.0,31.2
29096,8.7392e-05,-0.008,31.2
29097,8.739400000000001e-05,0.0,31.2
29098,8.7396e-05,0.0,31.2
29099,8.7398e-05,0.0,31.2
29100,8.740000000000001e-05,-0.008,31.2
29101,8.7402e-05,0.0,31.2
29102,8.7404e-05,-0.008,31.2
29103,8.740600000000001e-05,-0.008,31.2
29104,8.7408e-05,0.0,31.2
29105,8.741e-05,0.0,31.2
29106,8.741200000000001e-05,-0.008,31.2
29107,8.7414e-05,0.0,31.2
29108,8.7416e-05,-0.008,31.2
29109,8.741800000000001e-05,0.0,31.2
29110,8.742e-05,-0.008,31.2
29111,8.7422e-05,0.0,31.2
29112,8.742400000000001e-05,-0.008,31.2
29113,8.7426e-05,0.0,31.2
29114,8.7428e-05,0.0,31.2
29115,8.743000000000001e-05,0.0,31.2
29116,8.7432e-05,-0.008,31.2
29117,8.7434e-05,0.0,31.2
29118,8.743600000000001e-05,0.0,31.2
29119,8.7438e-05,0.0,31.2
29120,8.744e-05,-0.008,31.2
29121,8.744200000000001e-05,0.0,31.2
29122,8.744400000000001e-05,0.0,31.2
29123,8.7446e-05,0.0,31.2
29124,8.744800000000001e-05,0.0,31.2
29125,8.745000000000001e-05,0.0,31.2
29126,8.7452e-05,-0.008,31.2
29127,8.7454e-05,0.0,31.2
29128,8.745600000000001e-05,-0.008,31.2
29129,8.7458e-05,0.0,31.2
29130,8.746e-05,0.0,31.2
29131,8.746200000000001e-05,0.0,31.2
29132,8.7464e-05,-0.008,31.2
29133,8.7466e-05,0.0,31.2
29134,8.746800000000001e-05,-0.008,31.2
29135,8.747e-05,0.0,31.2
29136,8.7472e-05,-0.008,31.2
29137,8.747400000000001e-05,0.0,31.2
29138,8.7476e-05,0.0,31.2
29139,8.7478e-05,0.0,31.2
29140,8.748000000000001e-05,-0.008,31.2
29141,8.7482e-05,0.0,31.2
29142,8.7484e-05,-0.008,31.2
29143,8.748600000000001e-05,-0.008,31.2
29144,8.7488e-05,-0.008,31.2
29145,8.749e-05,0.0,31.2
29146,8.749200000000001e-05,0.0,31.2
29147,8.7494e-05,0.0,31.2
29148,8.7496e-05,-0.008,31.2
29149,8.749800000000001e-05,0.0,31.2
29150,8.75e-05,-0.008,31.2
29151,8.7502e-05,0.0,31.2
29152,8.750400000000001e-05,-0.008,31.2
29153,8.7506e-05,0.0,31.2
29154,8.7508e-05,0.0,31.2
29155,8.751000000000001e-05,0.0,31.2
29156,8.751200000000001e-05,0.0,31.2
29157,8.7514e-05,0.0,31.2
29158,8.751600000000001e-05,0.0,31.2
29159,8.751800000000001e-05,-0.008,31.2
29160,8.752e-05,-0.008,31.2
29161,8.7522e-05,0.0,31.2
29162,8.752400000000001e-05,0.0,31.2
29163,8.7526e-05,0.0,31.2
29164,8.7528e-05,-0.008,31.2
29165,8.753000000000001e-05,0.0,31.2
29166,8.7532e-05,-0.008,31.2
29167,8.7534e-05,-0.008,31.2
29168,8.753600000000001e-05,-0.008,31.2
29169,8.7538e-05,0.0,31.2
29170,8.754e-05,-0.008,31.2
29171,8.754200000000001e-05,0.0,31.2
29172,8.7544e-05,0.0,31.2
29173,8.7546e-05,0.0,31.2
29174,8.754800000000001e-05,0.0,31.2
29175,8.755e-05,0.0,31.2
29176,8.7552e-05,-0.008,31.2
29177,8.755400000000001e-05,0.0,31.2
29178,8.7556e-05,-0.008,31.2
29179,8.7558e-05,0.0,31.2
29180,8.756000000000001e-05,-0.008,31.2
29181,8.7562e-05,0.0,31.2
29182,8.7564e-05,-0.008,31.2
29183,8.756600000000001e-05,0.0,31.2
29184,8.7568e-05,-0.008,31.2
29185,8.757e-05,0.0,31.2
29186,8.757200000000001e-05,0.0,31.2
29187,8.7574e-05,0.0,31.2
29188,8.7576e-05,-0.008,31.2
29189,8.757800000000001e-05,0.0,31.2
29190,8.758000000000001e-05,-0.008,31.2
29191,8.7582e-05,0.0,31.2
29192,8.758400000000001e-05,-0.008,31.2
29193,8.758600000000001e-05,0.0,31.2
29194,8.7588e-05,0.0,31.2
29195,8.759e-05,0.0,31.2
29196,8.759200000000001e-05,-0.008,31.2
29197,8.7594e-05,0.0,31.2
29198,8.7596e-05,-0.008,31.2
29199,8.759800000000001e-05,-0.008,31.2
29200,8.76e-05,-0.008,31.2
29201,8.7602e-05,0.0,31.2
29202,8.760400000000001e-05,0.0,31.2
29203,8.7606e-05,0.0,31.2
29204,8.7608e-05,-0.008,31.2
29205,8.761000000000001e-05,0.0,31.2
29206,8.7612e-05,-0.008,31.2
29207,8.7614e-05,-0.008,31.2
29208,8.761600000000001e-05,-0.008,31.2
29209,8.7618e-05,0.0,31.2
29210,8.762e-05,-0.008,31.2
29211,8.762200000000001e-05,0.0,31.2
29212,8.7624e-05,-0.008,31.2
29213,8.7626e-05,0.0,31.2
29214,8.762800000000001e-05,0.0,31.2
29215,8.763e-05,0.0,31.2
29216,8.7632e-05,-0.008,31.2
29217,8.763400000000001e-05,0.0,31.2
29218,8.7636e-05,0.0,31.2
29219,8.7638e-05,0.0,31.2
29220,8.764000000000001e-05,-0.008,31.2
29221,8.7642e-05,0.0,31.2
29222,8.7644e-05,-0.008,31.2
29223,8.764600000000001e-05,0.0,31.2
29224,8.764800000000001e-05,-0.008,31.2
29225,8.765e-05,0.0,31.2
29226,8.765200000000001e-05,0.0,31.2
29227,8.765400000000001e-05,0.0,31.2
29228,8.7656e-05,0.0,31.2
29229,8.7658e-05,0.0,31.2
29230,8.766000000000001e-05,-0.008,31.2
29231,8.7662e-05,0.0,31.2
29232,8.7664e-05,-0.008,31.2
29233,8.766600000000001e-05,0.0,31.2
29234,8.7668e-05,0.0,31.2
29235,8.767e-05,0.0,31.2
29236,8.767200000000001e-05,-0.008,31.2
29237,8.7674e-05,0.0,31.2
29238,8.7676e-05,-0.008,31.2
29239,8.767800000000001e-05,0.0,31.2
29240,8.768e-05,-0.008,31.2
29241,8.7682e-05,0.0,31.2
29242,8.768400000000001e-05,-0.008,31.2
29243,8.7686e-05,0.0,31.2
29244,8.7688e-05,-0.008,31.2
29245,8.769000000000001e-05,0.0,31.2
29246,8.7692e-05,-0.008,31.2
29247,8.7694e-05,-0.008,31.2
29248,8.769600000000001e-05,-0.008,31.2
29249,8.7698e-05,0.0,31.2
29250,8.77e-05,-0.008,31.2
29251,8.770200000000001e-05,0.0,31.2
29252,8.7704e-05,-0.008,31.2
29253,8.7706e-05,0.0,31.2
29254,8.770800000000001e-05,-0.008,31.2
29255,8.771e-05,0.0,31.2
29256,8.7712e-05,-0.008,31.2
29257,8.771400000000001e-05,0.0,31.2
29258,8.771600000000001e-05,0.0,31.2
29259,8.7718e-05,0.0,31.2
29260,8.772000000000001e-05,-0.008,31.2
29261,8.772200000000001e-05,0.0,31.2
29262,8.7724e-05,0.0,31.2
29263,8.7726e-05,0.0,31.2
29264,8.772800000000001e-05,-0.008,31.2
29265,8.773e-05,0.0,31.2
29266,8.7732e-05,0.0,31.2
29267,8.773400000000001e-05,0.0,31.2
29268,8.7736e-05,-0.008,31.2
29269,8.7738e-05,0.0,31.2
29270,8.774000000000001e-05,-0.008,31.2
29271,8.7742e-05,0.0,31.2
29272,8.7744e-05,-0.008,31.2
29273,8.774600000000001e-05,0.0,31.2
29274,8.7748e-05,-0.008,31.2
29275,8.775e-05,0.0,31.2
29276,8.775200000000001e-05,-0.008,31.2
29277,8.7754e-05,0.0,31.2
29278,8.7756e-05,0.0,31.2
29279,8.775800000000001e-05,0.0,31.2
29280,8.776e-05,-0.008,31.2
29281,8.7762e-05,0.0,31.2
29282,8.776400000000001e-05,-0.008,31.2
29283,8.7766e-05,0.0,31.2
29284,8.7768e-05,0.0,31.2
29285,8.777000000000001e-05,0.0,31.2
29286,8.7772e-05,-0.008,31.2
29287,8.7774e-05,0.0,31.2
29288,8.777600000000001e-05,-0.008,31.2
29289,8.7778e-05,0.0,31.2
29290,8.778e-05,0.0,31.2
29291,8.778200000000001e-05,0.0,31.2
29292,8.778400000000001e-05,-0.008,31.2
29293,8.7786e-05,0.0,31.2
29294,8.778800000000001e-05,-0.008,31.2
29295,8.779000000000001e-05,-0.008,31.2
29296,8.7792e-05,-0.008,31.2
29297,8.779400000000001e-05,0.0,31.2
29298,8.779600000000001e-05,0.0,31.2
29299,8.7798e-05,0.0,31.2
29300,8.78e-05,0.0,31.2
29301,8.780200000000001e-05,0.0,31.2
29302,8.7804e-05,-0.008,31.2
29303,8.7806e-05,-0.008,31.2
29304,8.780800000000001e-05,0.0,31.2
29305,8.781e-05,0.0,31.2
29306,8.7812e-05,0.0,31.2
29307,8.781400000000001e-05,0.0,31.2
29308,8.7816e-05,-0.008,31.2
29309,8.7818e-05,0.0,31.2
29310,8.782000000000001e-05,-0.008,31.2
29311,8.7822e-05,0.0,31.2
29312,8.7824e-05,-0.008,31.2
29313,8.782600000000001e-05,0.0,31.2
29314,8.7828e-05,0.0,31.2
29315,8.783e-05,0.0,31.2
29316,8.783200000000001e-05,-0.008,31.2
29317,8.7834e-05,0.0,31.2
29318,8.7836e-05,-0.008,31.2
29319,8.783800000000001e-05,0.0,31.2
29320,8.784e-05,-0.008,31.2
29321,8.7842e-05,0.0,31.2
29322,8.784400000000001e-05,-0.008,31.2
29323,8.7846e-05,0.0,31.2
29324,8.7848e-05,0.0,31.2
29325,8.785000000000001e-05,0.0,31.2
29326,8.785200000000001e-05,-0.008,31.2
29327,8.7854e-05,0.0,31.2
29328,8.785600000000001e-05,-0.008,31.2
29329,8.785800000000001e-05,0.0,31.2
29330,8.786e-05,-0.008,31.2
29331,8.786200000000001e-05,0.0,31.2
29332,8.786400000000001e-05,0.0,31.2
29333,8.7866e-05,0.0,31.2
29334,8.7868e-05,-0.008,31.2
29335,8.787000000000001e-05,0.0,31.2
29336,8.7872e-05,-0.008,31.2
29337,8.7874e-05,0.0,31.2
29338,8.787600000000001e-05,0.0,31.2
29339,8.7878e-05,0.0,31.2
29340,8.788e-05,-0.008,31.2
29341,8.788200000000001e-05,0.0,31.2
29342,8.7884e-05,-0.008,31.2
29343,8.7886e-05,0.0,31.2
29344,8.788800000000001e-05,-0.008,31.2
29345,8.789e-05,0.0,31.2
29346,8.7892e-05,-0.008,31.2
29347,8.789400000000001e-05,0.0,31.2
29348,8.7896e-05,0.0,31.2
29349,8.7898e-05,0.0,31.2
29350,8.790000000000001e-05,-0.008,31.2
29351,8.7902e-05,0.0,31.2
29352,8.7904e-05,-0.008,31.2
29353,8.790600000000001e-05,0.0,31.2
29354,8.7908e-05,0.0,31.2
29355,8.791e-05,-0.008,31.2
29356,8.791200000000001e-05,0.0,31.2
29357,8.7914e-05,0.0,31.2
29358,8.7916e-05,-0.008,31.2
29359,8.791800000000001e-05,0.0,31.2
29360,8.792000000000001e-05,-0.008,31.2
29361,8.7922e-05,0.0,31.2
29362,8.792400000000001e-05,0.0,31.2
29363,8.792600000000001e-05,0.0,31.2
29364,8.7928e-05,0.0,31.2
29365,8.793000000000001e-05,0.0,31.2
29366,8.793200000000001e-05,-0.008,31.2
29367,8.7934e-05,0.0,31.2
29368,8.7936e-05,-0.008,31.2
29369,8.793800000000001e-05,0.0,31.2
29370,8.794e-05,0.0,31.2
29371,8.7942e-05,0.0,31.2
29372,8.794400000000001e-05,-0.008,31.2
29373,8.7946e-05,0.0,31.2
29374,8.7948e-05,-0.008,31.2
29375,8.795000000000001e-05,0.0,31.2
29376,8.7952e-05,-0.008,31.2
29377,8.7954e-05,0.0,31.2
29378,8.795600000000001e-05,0.0,30.4
29379,8.7958e-05,0.0,31.2
29380,8.796e-05,-0.008,31.2
29381,8.796200000000001e-05,0.0,31.2
29382,8.7964e-05,-0.008,31.2
29383,8.7966e-05,0.0,31.2
29384,8.796800000000001e-05,-0.008,31.2
29385,8.797e-05,0.0,31.2
29386,8.7972e-05,0.0,31.2
29387,8.797400000000001e-05,0.0,31.2
29388,8.7976e-05,-0.008,31.2
29389,8.7978e-05,0.0,31.2
29390,8.798000000000001e-05,-0.008,31.2
29391,8.7982e-05,0.0,31.2
29392,8.7984e-05,-0.008,31.2
29393,8.798600000000001e-05,0.0,31.2
29394,8.798800000000001e-05,0.0,31.2
29395,8.799e-05,0.0,31.2
29396,8.799200000000001e-05,-0.008,31.2
29397,8.799400000000001e-05,0.0,31.2
29398,8.7996e-05,-0.008,31.2
29399,8.799800000000001e-05,0.0,31.2
29400,8.800000000000001e-05,-0.008,31.2
29401,8.8002e-05,0.0,31.2
29402,8.8004e-05,0.0,31.2
29403,8.800600000000001e-05,0.0,31.2
29404,8.8008e-05,-0.008,31.2
29405,8.801e-05,0.0,31.2
29406,8.801200000000001e-05,0.0,30.4
29407,8.8014e-05,-0.008,31.2
29408,8.8016e-05,0.0,31.2
29409,8.801800000000001e-05,0.0,31.2
29410,8.802e-05,0.0,31.2
29411,8.8022e-05,0.0,31.2
29412,8.802400000000001e-05,-0.008,31.2
29413,8.8026e-05,0.0,31.2
29414,8.8028e-05,-0.008,31.2
29415,8.803000000000001e-05,0.0,31.2
29416,8.8032e-05,0.0,31.2
29417,8.8034e-05,0.0,31.2
29418,8.803600000000001e-05,0.0,31.2
29419,8.8038e-05,0.0,31.2
29420,8.804e-05,-0.008,31.2
29421,8.804200000000001e-05,0.0,31.2
29422,8.8044e-05,-0.008,31.2
29423,8.8046e-05,0.0,31.2
29424,8.804800000000001e-05,-0.008,31.2
29425,8.805e-05,0.0,31.2
29426,8.8052e-05,0.0,31.2
29427,8.805400000000001e-05,0.0,31.2
29428,8.805600000000001e-05,0.0,31.2
29429,8.8058e-05,0.0,31.2
29430,8.806000000000001e-05,-0.008,31.2
29431,8.806200000000001e-05,0.0,31.2
29432,8.8064e-05,-0.008,31.2
29433,8.806600000000001e-05,0.0,31.2
29434,8.806800000000001e-05,0.0,31.2
29435,8.807e-05,0.0,31.2
29436,8.8072e-05,0.0,31.2
29437,8.807400000000001e-05,0.0,31.2
29438,8.8076e-05,-0.008,31.2
29439,8.8078e-05,0.0,31.2
29440,8.808000000000001e-05,0.0,31.2
29441,8.8082e-05,0.0,31.2
29442,8.8084e-05,0.0,31.2
29443,8.808600000000001e-05,0.0,31.2
29444,8.8088e-05,-0.008,31.2
29445,8.809e-05,0.0,31.2
29446,8.809200000000001e-05,0.0,30.4
29447,8.8094e-05,0.0,31.2
29448,8.8096e-05,-0.008,31.2
29449,8.809800000000001e-05,0.0,31.2
29450,8.81e-05,0.0,31.2
29451,8.8102e-05,0.0,31.2
29452,8.810400000000001e-05,-0.008,31.2
29453,8.8106e-05,0.0,31.2
29454,8.8108e-05,-0.008,31.2
29455,8.811000000000001e-05,0.0,31.2
29456,8.8112e-05,-0.008,31.2
29457,8.8114e-05,0.0,31.2
29458,8.811600000000001e-05,0.0,31.2
29459,8.8118e-05,0.0,31.2
29460,8.812e-05,-0.008,31.2
29461,8.812200000000001e-05,0.0,31.2
29462,8.8124e-05,-0.008,31.2
29463,8.8126e-05,0.0,31.2
29464,8.812800000000001e-05,0.0,31.2
29465,8.813000000000001e-05,0.0,31.2
29466,8.8132e-05,0.0,31.2
29467,8.813400000000001e-05,0.0,31.2
29468,8.813600000000001e-05,-0.008,31.2
29469,8.8138e-05,0.0,31.2
29470,8.814e-05,-0.008,31.2
29471,8.814200000000001e-05,0.0,31.2
29472,8.8144e-05,-0.008,31.2
29473,8.8146e-05,0.0,31.2
29474,8.814800000000001e-05,0.0,31.2
29475,8.815e-05,0.0,31.2
29476,8.8152e-05,-0.008,31.2
29477,8.815400000000001e-05,0.0,31.2
29478,8.8156e-05,-0.008,30.4
29479,8.8158e-05,0.0,31.2
29480,8.816000000000001e-05,-0.008,31.2
29481,8.8162e-05,0.0,31.2
29482,8.8164e-05,0.0,31.2
29483,8.816600000000001e-05,0.0,31.2
29484,8.8168e-05,-0.008,31.2
29485,8.817e-05,0.0,31.2
29486,8.817200000000001e-05,0.0,31.2
29487,8.8174e-05,0.0,31.2
29488,8.8176e-05,0.0,31.2
29489,8.817800000000001e-05,0.0,31.2
29490,8.818e-05,-0.008,31.2
29491,8.8182e-05,0.0,31.2
29492,8.818400000000001e-05,0.0,31.2
29493,8.8186e-05,0.0,31.2
29494,8.8188e-05,0.0,30.4
29495,8.819000000000001e-05,0.0,31.2
29496,8.8192e-05,0.0,31.2
29497,8.8194e-05,0.0,31.2
29498,8.819600000000001e-05,0.0,31.2
29499,8.819800000000001e-05,0.0,31.2
29500,8.82e-05,-0.008,31.2
29501,8.820200000000001e-05,0.0,31.2
29502,8.820400000000001e-05,0.0,30.4
29503,8.8206e-05,-0.008,31.2
29504,8.8208e-05,0.0,31.2
29505,8.821000000000001e-05,0.0,31.2
29506,8.8212e-05,0.0,31.2
29507,8.8214e-05,0.0,30.4
29508,8.821600000000001e-05,-0.008,31.2
29509,8.8218e-05,0.0,31.2
29510,8.822e-05,-0.008,31.2
29511,8.822200000000001e-05,0.0,31.2
29512,8.8224e-05,0.0,31.2
29513,8.8226e-05,0.0,31.2
29514,8.822800000000001e-05,0.0,30.4
29515,8.823e-05,0.0,31.2
29516,8.8232e-05,-0.008,30.4
29517,8.823400000000001e-05,0.0,31.2
29518,8.8236e-05,-0.008,30.4
29519,8.8238e-05,0.0,31.2
29520,8.824000000000001e-05,-0.008,31.2
29521,8.8242e-05,0.0,31.2
29522,8.8244e-05,-0.008,31.2
29523,8.824600000000001e-05,0.0,31.2
29524,8.8248e-05,-0.008,31.2
29525,8.825e-05,0.0,31.2
29526,8.825200000000001e-05,0.0,31.2
29527,8.8254e-05,0.0,31.2
29528,8.8256e-05,-0.008,31.2
29529,8.825800000000001e-05,0.0,31.2
29530,8.826e-05,0.0,30.4
29531,8.8262e-05,0.0,31.2
29532,8.826400000000001e-05,-0.008,31.2
29533,8.826600000000001e-05,0.0,31.2
29534,8.8268e-05,-0.008,30.4
29535,8.827000000000001e-05,0.0,31.2
29536,8.827200000000001e-05,-0.008,31.2
29537,8.8274e-05,0.0,31.2
29538,8.8276e-05,0.0,31.2
29539,8.827800000000001e-05,0.0,30.4
29540,8.828e-05,-0.008,31.2
29541,8.8282e-05,0.0,31.2
29542,8.828400000000001e-05,-0.008,30.4
29543,8.8286e-05,0.0,31.2
29544,8.8288e-05,-0.008,31.2
29545,8.829000000000001e-05,0.0,31.2
29546,8.8292e-05,0.0,31.2
29547,8.8294e-05,0.0,31.2
29548,8.829600000000001e-05,-0.008,31.2
29549,8.8298e-05,0.0,31.2
29550,8.83e-05,0.0,30.4
29551,8.830200000000001e-05,0.0,31.2
29552,8.8304e-05,-0.008,31.2
29553,8.8306e-05,0.0,31.2
29554,8.830800000000001e-05,0.0,30.4
29555,8.831e-05,0.0,31.2
29556,8.8312e-05,-0.008,31.2
29557,8.831400000000001e-05,0.0,31.2
29558,8.8316e-05,-0.008,30.4
29559,8.8318e-05,0.0,31.2
29560,8.832000000000001e-05,-0.008,31.2
29561,8.8322e-05,0.0,31.2
29562,8.8324e-05,0.0,31.2
29563,8.832600000000001e-05,0.0,30.4
29564,8.8328e-05,0.0,30.4
29565,8.833e-05,0.0,31.2
29566,8.833200000000001e-05,-0.008,30.4
29567,8.833400000000001e-05,0.0,31.2
29568,8.8336e-05,-0.008,31.2
29569,8.833800000000001e-05,0.0,31.2
29570,8.834000000000001e-05,0.0,30.4
29571,8.8342e-05,0.0,30.4
29572,8.8344e-05,0.0,31.2
29573,8.834600000000001e-05,0.0,31.2
29574,8.8348e-05,0.0,30.4
29575,8.835e-05,0.0,31.2
29576,8.835200000000001e-05,0.0,31.2
29577,8.8354e-05,0.0,31.2
29578,8.8356e-05,0.0,31.2
29579,8.835800000000001e-05,0.0,30.4
29580,8.836e-05,-0.008,30.4
29581,8.8362e-05,0.0,31.2
29582,8.836400000000001e-05,-0.008,30.4
29583,8.8366e-05,0.0,31.2
29584,8.8368e-05,-0.008,30.4
29585,8.837000000000001e-05,0.0,31.2
29586,8.8372e-05,0.0,30.4
29587,8.8374e-05,0.0,30.4
29588,8.837600000000001e-05,-0.008,30.4
29589,8.8378e-05,0.0,31.2
29590,8.838e-05,-0.008,30.4
29591,8.838200000000001e-05,0.0,30.4
29592,8.8384e-05,-0.008,31.2
29593,8.8386e-05,0.0,31.2
29594,8.838800000000001e-05,0.0,30.4
29595,8.839e-05,0.0,30.4
29596,8.8392e-05,-0.008,31.2
29597,8.839400000000001e-05,0.0,30.4
29598,8.8396e-05,0.0,31.2
29599,8.8398e-05,0.0,31.2
29600,8.840000000000001e-05,-0.008,30.4
29601,8.840200000000001e-05,0.0,31.2
29602,8.8404e-05,-0.008,30.4
29603,8.840600000000001e-05,0.0,31.2
29604,8.840800000000001e-05,-0.008,31.2
29605,8.841e-05,0.0,31.2
29606,8.8412e-05,-0.008,30.4
29607,8.841400000000001e-05,0.0,31.2
29608,8.8416e-05,-0.008,31.2
29609,8.8418e-05,0.0,31.2
29610,8.842000000000001e-05,0.0,30.4
29611,8.8422e-05,0.0,30.4
29612,8.8424e-05,-0.008,30.4
29613,8.842600000000001e-05,0.0,31.2
29614,8.8428e-05,0.0,30.4
29615,8.843e-05,-0.008,31.2
29616,8.843200000000001e-05,-0.008,31.2
29617,8.8434e-05,0.0,30.4
29618,8.8436e-05,0.0,30.4
29619,8.843800000000001e-05,0.0,30.4
29620,8.844e-05,-0.008,30.4
29621,8.8442e-05,0.0,31.2
29622,8.844400000000001e-05,-0.008,30.4
29623,8.8446e-05,0.0,30.4
29624,8.8448e-05,0.0,30.4
29625,8.845000000000001e-05,0.0,31.2
29626,8.8452e-05,0.0,30.4
29627,8.8454e-05,0.0,30.4
29628,8.845600000000001e-05,-0.008,30.4
29629,8.8458e-05,0.0,30.4
29630,8.846e-05,-0.008,30.4
29631,8.846200000000001e-05,0.0,30.4
29632,8.8464e-05,-0.008,30.4
29633,8.8466e-05,0.0,30.4
29634,8.846800000000001e-05,0.0,30.4
29635,8.847000000000001e-05,0.0,31.2
29636,8.8472e-05,-0.008,31.2
29637,8.847400000000001e-05,0.0,31.2
29638,8.847600000000001e-05,0.0,30.4
29639,8.8478e-05,0.0,30.4
29640,8.848e-05,-0.008,31.2
29641,8.848200000000001e-05,0.0,30.4
29642,8.8484e-05,-0.008,30.4
29643,8.8486e-05,0.0,30.4
29644,8.848800000000001e-05,-0.008,30.4
29645,8.849e-05,0.0,30.4
29646,8.8492e-05,-0.008,30.4
29647,8.849400000000001e-05,0.0,31.2
29648,8.8496e-05,-0.008,30.4
29649,8.8498e-05,0.0,30.4
29650,8.850000000000001e-05,0.0,30.4
29651,8.8502e-05,0.0,30.4
29652,8.8504e-05,-0.008,30.4
29653,8.850600000000001e-05,0.0,31.2
29654,8.8508e-05,-0.008,30.4
29655,8.851e-05,0.0,30.4
29656,8.851200000000001e-05,-0.008,30.4
29657,8.8514e-05,0.0,30.4
29658,8.8516e-05,0.0,30.4
29659,8.851800000000001e-05,-0.008,30.4
29660,8.852e-05,-0.008,30.4
29661,8.8522e-05,0.0,30.4
29662,8.852400000000001e-05,-0.008,30.4
29663,8.8526e-05,-0.008,30.4
29664,8.8528e-05,-0.008,30.4
29665,8.853000000000001e-05,0.0,31.2
29666,8.8532e-05,-0.008,30.4
29667,8.8534e-05,0.0,30.4
29668,8.853600000000001e-05,0.0,30.4
29669,8.853800000000001e-05,0.0,30.4
29670,8.854e-05,-0.008,30.4
29671,8.854200000000001e-05,0.0,30.4
29672,8.854400000000001e-05,-0.008,30.4
29673,8.8546e-05,0.0,31.2
29674,8.8548e-05,0.0,30.4
29675,8.855000000000001e-05,0.0,30.4
29676,8.8552e-05,-0.008,30.4
29677,8.8554e-05,0.0,30.4
29678,8.855600000000001e-05,0.0,30.4
29679,8.8558e-05,0.0,30.4
29680,8.856e-05,-0.008,30.4
29681,8.856200000000001e-05,0.0,30.4
29682,8.8564e-05,-0.008,30.4
29683,8.8566e-05,0.0,30.4
29684,8.856800000000001e-05,-0.008,31.2
29685,8.857e-05,0.0,30.4
29686,8.8572e-05,0.0,30.4
29687,8.857400000000001e-05,0.0,30.4
29688,8.8576e-05,-0.008,30.4
29689,8.8578e-05,0.0,30.4
29690,8.858000000000001e-05,0.0,30.4
29691,8.8582e-05,0.0,30.4
29692,8.8584e-05,-0.008,30.4
29693,8.858600000000001e-05,0.0,30.4
29694,8.8588e-05,0.0,30.4
29695,8.859e-05,0.0,31.2
29696,8.859200000000001e-05,-0.008,30.4
29697,8.8594e-05,0.0,30.4
29698,8.8596e-05,0.0,30.4
29699,8.859800000000001e-05,0.0,30.4
29700,8.86e-05,0.0,30.4
29701,8.8602e-05,0.0,30.4
29702,8.860400000000001e-05,0.0,30.4
29703,8.860600000000001e-05,-0.008,30.4
29704,8.8608e-05,0.0,30.4
29705,8.861000000000001e-05,0.0,31.2
29706,8.861200000000001e-05,0.0,30.4
29707,8.8614e-05,0.0,30.4
29708,8.8616e-05,-0.008,30.4
29709,8.861800000000001e-05,0.0,30.4
29710,8.862e-05,-0.008,30.4
29711,8.8622e-05,0.0,30.4
29712,8.862400000000001e-05,-0.008,30.4
29713,8.8626e-05,0.0,30.4
29714,8.8628e-05,-0.008,30.4
29715,8.863000000000001e-05,0.0,30.4
29716,8.8632e-05,-0.008,30.4
29717,8.8634e-05,0.0,30.4
29718,8.863600000000001e-05,0.0,30.4
29719,8.8638e-05,0.0,30.4
29720,8.864e-05,-0.008,30.4
29721,8.864200000000001e-05,0.0,30.4
29722,8.8644e-05,0.0,30.4
29723,8.8646e-05,0.0,30.4
29724,8.864800000000001e-05,0.0,30.4
29725,8.865e-05,0.0,30.4
29726,8.8652e-05,0.0,30.4
29727,8.865400000000001e-05,0.0,30.4
29728,8.8656e-05,-0.008,30.4
29729,8.8658e-05,0.0,30.4
29730,8.866000000000001e-05,0.0,30.4
29731,8.8662e-05,0.0,30.4
29732,8.8664e-05,-0.008,30.4
29733,8.866600000000001e-05,0.0,30.4
29734,8.8668e-05,0.0,30.4
29735,8.867e-05,0.0,30.4
29736,8.867200000000001e-05,-0.008,30.4
29737,8.867400000000001e-05,0.0,30.4
29738,8.8676e-05,0.0,30.4
29739,8.867800000000001e-05,0.0,30.4
29740,8.868000000000001e-05,-0.008,30.4
29741,8.8682e-05,0.0,30.4
29742,8.8684e-05,0.0,30.4
29743,8.868600000000001e-05,0.0,30.4
29744,8.8688e-05,-0.008,30.4
29745,8.869e-05,0.0,30.4
29746,8.869200000000001e-05,0.0,30.4
29747,8.8694e-05,0.0,30.4
29748,8.8696e-05,0.0,30.4
29749,8.869800000000001e-05,0.0,30.4
29750,8.87e-05,0.0,30.4
29751,8.8702e-05,0.0,30.4
29752,8.870400000000001e-05,0.0,30.4
29753,8.8706e-05,0.0,30.4
29754,8.8708e-05,0.0,30.4
29755,8.871000000000001e-05,-0.008,30.4
29756,8.8712e-05,-0.008,30.4
29757,8.8714e-05,0.0,30.4
29758,8.871600000000001e-05,-0.008,30.4
29759,8.8718e-05,0.0,30.4
29760,8.872e-05,-0.008,30.4
29761,8.872200000000001e-05,0.0,30.4
29762,8.8724e-05,0.0,30.4
29763,8.8726e-05,0.0,30.4
29764,8.872800000000001e-05,-0.008,30.4
29765,8.873e-05,0.0,30.4
29766,8.8732e-05,-0.008,30.4
29767,8.873400000000001e-05,0.0,30.4
29768,8.8736e-05,-0.008,30.4
29769,8.8738e-05,0.0,30.4
29770,8.874000000000001e-05,0.0,30.4
29771,8.874200000000001e-05,0.0,30.4
29772,8.8744e-05,-0.008,30.4
29773,8.874600000000001e-05,0.0,30.4
29774,8.874800000000001e-05,0.0,30.4
29775,8.875e-05,0.0,30.4
29776,8.8752e-05,-0.008,30.4
29777,8.875400000000001e-05,0.0,30.4
29778,8.8756e-05,0.0,30.4
29779,8.8758e-05,0.0,30.4
29780,8.876000000000001e-05,-0.008,30.4
29781,8.8762e-05,0.0,30.4
29782,8.8764e-05,0.0,30.4
29783,8.876600000000001e-05,-0.008,30.4
29784,8.8768e-05,-0.008,30.4
29785,8.877e-05,0.0,30.4
29786,8.877200000000001e-05,0.0,30.4
29787,8.8774e-05,0.0,30.4
29788,8.8776e-05,-0.008,30.4
29789,8.877800000000001e-05,0.0,30.4
29790,8.878e-05,-0.008,30.4
29791,8.8782e-05,0.0,30.4
29792,8.878400000000001e-05,-0.008,30.4
29793,8.8786e-05,0.0,30.4
29794,8.8788e-05,0.0,30.4
29795,8.879000000000001e-05,0.0,30.4
29796,8.8792e-05,0.0,30.4
29797,8.8794e-05,0.0,30.4
29798,8.879600000000001e-05,-0.008,30.4
29799,8.8798e-05,0.0,30.4
29800,8.88e-05,-0.008,30.4
29801,8.880200000000001e-05,0.0,30.4
29802,8.8804e-05,0.0,30.4
29803,8.8806e-05,0.0,30.4
29804,8.880800000000001e-05,-0.008,30.4
29805,8.881000000000001e-05,0.0,30.4
29806,8.8812e-05,-0.008,30.4
29807,8.881400000000001e-05,0.0,30.4
29808,8.881600000000001e-05,-0.008,30.4
29809,8.8818e-05,0.0,30.4
29810,8.882000000000001e-05,0.0,30.4
29811,8.882200000000001e-05,0.0,30.4
29812,8.8824e-05,0.0,30.4
29813,8.8826e-05,0.0,30.4
29814,8.882800000000001e-05,-0.008,30.4
29815,8.883e-05,0.0,30.4
29816,8.8832e-05,0.0,30.4
29817,8.883400000000001e-05,0.0,30.4
29818,8.8836e-05,0.0,30.4
29819,8.8838e-05,0.0,30.4
29820,8.884000000000001e-05,0.0,30.4
29821,8.8842e-05,0.0,30.4
29822,8.8844e-05,0.0,30.4
29823,8.884600000000001e-05,0.0,30.4
29824,8.8848e-05,-0.008,30.4
29825,8.885e-05,0.0,30.4
29826,8.885200000000001e-05,0.0,30.4
29827,8.8854e-05,0.0,30.4
29828,8.8856e-05,0.0,30.4
29829,8.885800000000001e-05,0.0,30.4
29830,8.886e-05,-0.008,30.4
29831,8.8862e-05,0.0,30.4
29832,8.886400000000001e-05,-0.008,30.4
29833,8.8866e-05,0.0,30.4
29834,8.8868e-05,-0.008,30.4
29835,8.887000000000001e-05,0.0,30.4
29836,8.8872e-05,0.0,30.4
29837,8.8874e-05,0.0,30.4
29838,8.887600000000001e-05,-0.008,30.4
29839,8.887800000000001e-05,0.0,30.4
29840,8.888e-05,-0.008,30.4
29841,8.888200000000001e-05,0.0,30.4
29842,8.888400000000001e-05,-0.008,30.4
29843,8.8886e-05,0.0,30.4
29844,8.888800000000001e-05,-0.008,30.4
29845,8.889000000000001e-05,0.0,30.4
29846,8.8892e-05,0.0,30.4
29847,8.8894e-05,0.0,30.4
29848,8.889600000000001e-05,-0.008,30.4
29849,8.8898e-05,0.0,30.4
29850,8.89e-05,-0.008,30.4
29851,8.890200000000001e-05,0.0,30.4
29852,8.8904e-05,0.0,30.4
29853,8.8906e-05,0.0,30.4
29854,8.890800000000001e-05,-0.008,30.4
29855,8.891e-05,0.0,30.4
29856,8.8912e-05,0.0,30.4
29857,8.891400000000001e-05,0.0,30.4
29858,8.8916e-05,0.0,30.4
29859,8.8918e-05,0.0,30.4
29860,8.892000000000001e-05,-0.008,30.4
29861,8.8922e-05,0.0,30.4
29862,8.8924e-05,0.0,30.4
29863,8.892600000000001e-05,0.0,30.4
29864,8.8928e-05,0.0,30.4
29865,8.893e-05,0.0,30.4
29866,8.893200000000001e-05,-0.008,30.4
29867,8.8934e-05,-0.008,30.4
29868,8.8936e-05,-0.008,30.4
29869,8.893800000000001e-05,0.0,30.4
29870,8.894e-05,0.0,30.4
29871,8.8942e-05,0.0,30.4
29872,8.894400000000001e-05,-0.008,30.4
29873,8.894600000000001e-05,0.0,30.4
29874,8.8948e-05,0.0,30.4
29875,8.895000000000001e-05,0.0,30.4
29876,8.895200000000001e-05,-0.008,30.4
29877,8.8954e-05,0.0,30.4
29878,8.895600000000001e-05,-0.008,30.4
29879,8.895800000000001e-05,0.0,30.4
29880,8.896e-05,-0.008,30.4
29881,8.8962e-05,0.0,30.4
29882,8.896400000000001e-05,0.0,30.4
29883,8.8966e-05,0.0,30.4
29884,8.8968e-05,-0.008,30.4
29885,8.897000000000001e-05,0.0,30.4
29886,8.8972e-05,-0.008,30.4
29887,8.8974e-05,0.0,30.4
29888,8.897600000000001e-05,-0.008,30.4
29889,8.8978e-05,0.0,30.4
29890,8.898e-05,0.0,30.4
29891,8.898200000000001e-05,0.0,30.4
29892,8.8984e-05,-0.008,30.4
29893,8.8986e-05,0.0,30.4
29894,8.898800000000001e-05,0.0,30.4
29895,8.899e-05,-0.008,30.4
29896,8.8992e-05,-0.008,30.4
29897,8.899400000000001e-05,0.0,30.4
29898,8.8996e-05,-0.008,30.4
29899,8.8998e-05,-0.008,30.4
29900,8.900000000000001e-05,-0.008,30.4
29901,8.9002e-05,0.0,30.4
29902,8.9004e-05,0.0,30.4
29903,8.900600000000001e-05,-0.008,30.4
29904,8.9008e-05,0.0,30.4
29905,8.901e-05,0.0,30.4
29906,8.901200000000001e-05,-0.008,30.4
29907,8.901400000000001e-05,0.0,30.4
29908,8.9016e-05,-0.008,30.4
29909,8.901800000000001e-05,0.0,30.4
29910,8.902000000000001e-05,-0.008,30.4
29911,8.9022e-05,0.0,30.4
29912,8.902400000000001e-05,-0.008,30.4
29913,8.902600000000001e-05,0.0,30.4
29914,8.9028e-05,0.0,30.4
29915,8.903e-05,0.0,30.4
29916,8.903200000000001e-05,-0.008,30.4
29917,8.9034e-05,0.0,30.4
29918,8.9036e-05,0.0,30.4
29919,8.903800000000001e-05,0.0,30.4
29920,8.904e-05,-0.008,30.4
29921,8.9042e-05,0.0,30.4
29922,8.904400000000001e-05,0.0,30.4
29923,8.9046e-05,0.0,30.4
29924,8.9048e-05,-0.008,30.4
29925,8.905000000000001e-05,0.0,30.4
29926,8.9052e-05,0.0,30.4
29927,8.9054e-05,0.0,30.4
29928,8.905600000000001e-05,-0.008,30.4
29929,8.9058e-05,0.0,30.4
29930,8.906e-05,-0.008,30.4
29931,8.906200000000001e-05,0.0,30.4
29932,8.9064e-05,-0.008,30.4
29933,8.9066e-05,0.0,30.4
29934,8.906800000000001e-05,0.0,30.4
29935,8.907e-05,0.0,30.4
29936,8.9072e-05,-0.008,30.4
29937,8.907400000000001e-05,0.0,30.4
29938,8.9076e-05,0.0,30.4
29939,8.9078e-05,0.0,30.4
29940,8.908000000000001e-05,-0.008,30.4
29941,8.908200000000001e-05,0.0,30.4
29942,8.9084e-05,-0.008,30.4
29943,8.908600000000001e-05,-0.008,30.4
29944,8.908800000000001e-05,-0.008,30.4
29945,8.909e-05,0.0,30.4
29946,8.909200000000001e-05,-0.008,29.6
29947,8.909400000000001e-05,-0.008,29.6
29948,8.9096e-05,-0.008,29.6
29949,8.9098e-05,0.0,29.6
29950,8.910000000000001e-05,-0.008,29.6
29951,8.9102e-05,-0.008,29.6
29952,8.9104e-05,-0.008,29.6
29953,8.910600000000001e-05,0.0,29.6
29954,8.9108e-05,-0.008,29.6
29955,8.911e-05,-0.008,29.6
29956,8.911200000000001e-05,-0.008,29.6
29957,8.9114e-05,0.0,29.6
29958,8.9116e-05,-0.008,28.8
29959,8.911800000000001e-05,-0.008,28.8
29960,8.912e-05,-0.008,28.8
29961,8.9122e-05,0.0,28.8
29962,8.912400000000001e-05,-0.008,28.8
29963,8.9126e-05,-0.008,28.8
29964,8.9128e-05,-0.008,28.8
29965,8.913000000000001e-05,0.0,28.8
29966,8.9132e-05,-0.008,28.0
29967,8.9134e-05,-0.008,28.0
29968,8.913600000000001e-05,-0.008,28.0
29969,8.9138e-05,0.0,28.0
29970,8.914e-05,-0.008,28.0
29971,8.914200000000001e-05,0.0,28.0
29972,8.9144e-05,-0.008,28.0
29973,8.9146e-05,0.0,27.2
29974,8.914800000000001e-05,-0.008,27.2
29975,8.915000000000001e-05,-0.008,27.2
29976,8.9152e-05,-0.008,27.2
29977,8.915400000000001e-05,-0.008,27.2
29978,8.915600000000001e-05,-0.008,27.2
29979,8.9158e-05,-0.008,26.4
29980,8.916000000000001e-05,-0.008,26.4
29981,8.916200000000001e-05,0.0,26.4
29982,8.9164e-05,-0.008,26.4
29983,8.9166e-05,-0.008,26.4
29984,8.916800000000001e-05,-0.008,26.4
29985,8.917e-05,0.0,25.6
29986,8.9172e-05,-0.008,25.6
29987,8.917400000000001e-05,-0.008,25.6
29988,8.9176e-05,-0.008,25.6
29989,8.9178e-05,0.0,25.6
29990,8.918000000000001e-05,-0.008,24.0
29991,8.9182e-05,-0.008,24.0
29992,8.9184e-05,-0.008,24.0
29993,8.918600000000001e-05,0.0,24.0
29994,8.9188e-05,-0.008,23.2
29995,8.919e-05,-0.008,23.2
29996,8.919200000000001e-05,-0.008,23.2
29997,8.9194e-05,-0.008,23.2
29998,8.9196e-05,-0.008,23.2
29999,8.919800000000001e-05,-0.008,23.2
